method,family,backbone,architecture,target,channel,roi,dilation_mm,phase,n_subjects,ssim_mean,ssim_sd,ssim_ci95,ssim_median,ssim_min,ssim_max,ssim_n,psnr_mean,psnr_sd,psnr_ci95,psnr_median,psnr_min,psnr_max,psnr_n,mae_mean,mae_sd,mae_ci95,mae_median,mae_min,mae_max,mae_n,lpips_mean,lpips_sd,lpips_ci95,lpips_median,lpips_min,lpips_max,lpips_n
SwinPix2Pix-2D+3D-post-T2+FLAIR,SwinPix2Pix,GAN,2D+3D-post,t2_flair,t2,cavity,0.0,all,20,0.7020696497173636,0.060735719447749095,0.03764438892163874,0.6912912436805496,0.6337290208058838,0.8270623087074171,10,10.359683813164025,2.3581009676465627,1.461566122040392,10.868259074325328,6.688225637118431,13.527886256011568,10,0.275910085439682,0.0922462222817037,0.05717480091944621,0.24335800856351852,0.15173441171646118,0.4395255148410797,10,0.13760823746909906,0.03752808083951466,0.023260145486886877,0.13621193791429204,0.08866703815080902,0.20592504792979785,10
CycleGAN-2D+3D-post-T2+FLAIR,CycleGAN,GAN,2D+3D-post,t2_flair,t2,cavity,0.0,all,20,0.6966586727185138,0.05990757373970562,0.03713109889394434,0.692532013391511,0.5972844134896785,0.7796114138600014,10,9.760584740343749,2.351191657148004,1.457283687025987,9.156812977838408,6.736465005841005,13.266102294736115,10,0.2988312438130379,0.08882420212451254,0.05505381085188283,0.3122774660587311,0.1437930464744568,0.43560418486595154,10,0.13936015093839502,0.04004851821896982,0.024822328759392137,0.1324917101820964,0.08773981550565133,0.21192942133971623,10
ResViT-2D+3D-refine-T2+FLAIR,ResViT,ResViT,2D+3D-refine,t2_flair,t2,cavity,0.0,all,20,0.6949094424644742,0.08414273022322459,0.052152204505893654,0.6760741903631065,0.5993881787203802,0.8857688774198854,10,10.11641524718573,2.1856795799077844,1.3546982387344044,10.058959160569021,6.962794138565372,14.270508875926463,10,0.2779997706413269,0.08440974925248956,0.052317704614866206,0.2671055644750595,0.15453118085861206,0.4141397774219513,10,0.13306574720725828,0.03320084945214627,0.0205780996861426,0.12655009273439646,0.07256785072386265,0.1766659899841289,10
CUT-2D+3D-post-T2+FLAIR,CUT,GAN,2D+3D-post,t2_flair,t2,cavity,0.0,all,20,0.6920244328819026,0.06210011964384098,0.03849005292452636,0.707872668006367,0.5784854114346548,0.7808855429388589,10,9.671948684174966,2.5092867217473946,1.555272023255231,9.00876773759396,7.046877923625919,14.860209239247492,10,0.30509652867913245,0.09049736978806928,0.056090850913822425,0.3191281855106354,0.11821680516004562,0.41939690709114075,10,0.13833615243817038,0.044037816053679,0.027294921174194086,0.11662855888293548,0.08963965796507321,0.221064635685512,10
pix2pix-2D+3D-post-T2+FLAIR,pix2pix,GAN,2D+3D-post,t2_flair,t2,cavity,0.0,all,20,0.6919160550196132,0.05474314994226702,0.033930155861497065,0.6901325514282026,0.6024038820359431,0.7687144427561037,10,9.518175332824196,2.1277599077096716,1.3187992539810363,9.033151044796924,6.944944482920331,12.95883826705819,10,0.30732106417417526,0.0839536079253099,0.05203498529121753,0.3182408809661865,0.152204230427742,0.4229635000228882,10,0.1440566376609888,0.03825049727735702,0.023707903833981435,0.13935265457257628,0.10570176752905051,0.22165568758334434,10
pix2pix-2D+3D-post-T2,pix2pix,GAN,2D+3D-post,t2,t2,cavity,0.0,all,30,0.6895226910920755,0.08362902390528087,0.039754714464729626,0.6828851357448904,0.5462117312981595,0.883519672952368,17,9.667016893728997,1.9426593043508082,0.9234816136822073,9.882477583105679,6.856745816793863,13.482217241437311,17,0.29670948579030876,0.07502864605779741,0.03566635435182508,0.2786259055137634,0.13796332478523254,0.41578108072280884,17,0.14753444419075762,0.05145022579235312,0.024457884834785296,0.1410299022682011,0.0666745966621514,0.2670494243502617,17
CUT-2D+3D-post-T2,CUT,GAN,2D+3D-post,t2,t2,cavity,0.0,all,30,0.686776278561309,0.08376492874526353,0.039819319524738515,0.6960451502136273,0.528186073684823,0.883081386954059,17,9.443742839175021,1.8330470620735009,0.8713752612451804,9.13238136744381,6.533452676014867,13.05470114584718,17,0.30524634175440846,0.070698105446308,0.033607746018877574,0.30178484320640564,0.150889053940773,0.4195805490016937,17,0.15185468685648543,0.05455980768452068,0.025936086234909596,0.1386722220107913,0.06666934979148209,0.28110750019550323,17
SynDiff-3D-T2+FLAIR,SynDiff,SynDiff,3D,t2_flair,t2,cavity,0.0,all,20,0.6859280117355502,0.10223802184678905,0.06336778245115791,0.6732948211953738,0.5054111940680165,0.8955188879771594,10,10.36756923231084,2.4193583472497613,1.4995338392761632,10.527455763953956,7.518079619356907,14.980168772964266,10,0.26369123011827467,0.08200848671365404,0.05082938667384549,0.2333412691950798,0.13643908500671387,0.3815951347351074,10,0.14821549412302754,0.051636140867898896,0.03200441168587737,0.13206402586203897,0.07389648072421551,0.24805220578973358,10
ResViT-3D-T2+FLAIR,ResViT,ResViT,3D,t2_flair,t2,cavity,0.0,all,20,0.6847800063184456,0.07409659871622919,0.04592554768769934,0.682808459574864,0.5961499530888805,0.8656550483389515,10,10.035653303789896,2.013366295635158,1.247897358650913,9.471236776882353,7.9241866610366305,14.046177409242775,10,0.27253107726573944,0.07090847322933319,0.043949527038714506,0.2611516863107681,0.15248923003673553,0.36974385380744934,10,0.13655343213753499,0.040834322779814185,0.025309375472163383,0.13312321978931624,0.07018274031579494,0.20016406210405485,10
SwinPix2Pix-2D+3D-post-T2,SwinPix2Pix,GAN,2D+3D-post,t2,t2,cavity,0.0,all,30,0.683952184963818,0.09384056496797913,0.044608972953412,0.690760222074344,0.49869882640202023,0.8824451786041266,17,9.635475396672714,2.1706788982719023,1.0318752481572868,10.056605141625447,6.150361827523612,13.243121735678836,17,0.2991692090735716,0.08581197035915585,0.040792421338648,0.26927030086517334,0.13887852430343628,0.4356344938278198,17,0.14944138650849034,0.05425628556174208,0.02579180097649909,0.14361887332051992,0.06625888062287764,0.2793924907843272,17
ResViT-2D+3D-refine-T2,ResViT,ResViT,2D+3D-refine,t2,t2,cavity,0.0,all,30,0.6832491795649754,0.0829905378209185,0.03945119744649588,0.6560235080923382,0.5950165173937303,0.8688541757815591,17,9.698027171603705,1.6606702396272892,0.7894325213125932,9.49535997301722,6.820298493364,12.421530982987765,17,0.289405659717672,0.06947051909645716,0.033024188510489175,0.2902803421020508,0.16576002538204193,0.4290870428085327,17,0.14411183655822737,0.05855576574674563,0.027835644119941376,0.13491572519498213,0.07050973042211633,0.3338281959295273,17
pix2pix-3D-T2+FLAIR,pix2pix,GAN,3D,t2_flair,t2,cavity,0.0,all,20,0.6829919150122158,0.05747831391257852,0.03562542805385891,0.6867933205820402,0.6017835670577979,0.7810344399621016,10,9.850224656575929,1.7215188674861626,1.0670084486171325,10.065599832487942,7.146064121042809,12.494954321047715,10,0.28901409059762956,0.07331828242447641,0.045443142252196186,0.27594177424907684,0.18730951845645905,0.4160953462123871,10,0.1371872353781125,0.036864670301597305,0.022848959375465917,0.12691839380810657,0.09454697707238105,0.21240026226899186,10
ResViT-2.5D-T2,ResViT,ResViT,2.5D,t2,t2,cavity,0.0,all,30,0.6824827506890633,0.08853941290148325,0.04208896522288596,0.67552748096775,0.5670600213799182,0.8830946218127794,17,10.03613730154109,1.7732233692578365,0.842936882856284,9.422158311419883,7.278312588157903,14.355040985758196,17,0.2748238032355028,0.06190137298603209,0.02942604484803796,0.2883473336696625,0.15003930032253265,0.3742760419845581,17,0.1476511099465172,0.05954800552042345,0.028307324967583296,0.1344085360566775,0.06750742048025131,0.32818398376305896,17
SynDiff-3D-T2,SynDiff,SynDiff,3D,t2,t2,cavity,0.0,all,30,0.6820314451339358,0.09983005287071621,0.04745619477000227,0.6861840273081415,0.4850353153609872,0.8527073589721267,17,9.982990795170243,1.764163833296565,0.838630252831148,10.10570878764211,4.950686610585568,12.178461719779616,17,0.2709386655512978,0.06597701728175728,0.03136348316394933,0.2579271197319031,0.19472980499267578,0.465640664100647,17,0.15208522584880746,0.06723981389241666,0.031963778567859,0.12499414703675679,0.09052471369504929,0.36567047486702603,17
pix2pix-2.5D-T2+FLAIR,pix2pix,GAN,2.5D,t2_flair,t2,cavity,0.0,all,20,0.6818643545287736,0.06606006792249014,0.04094445429601728,0.6871640552420105,0.5735982936572425,0.7692908346227775,10,9.366820348970814,2.3979453468150123,1.4862619241054145,8.664685528173115,6.787607448200679,13.722225567892831,10,0.3182093858718872,0.09314144788890705,0.05772966749938628,0.3356962651014328,0.14030377566814423,0.43561214208602905,10,0.14395631678086843,0.04153766699691334,0.02574531273437107,0.1334651828704712,0.09086615305680495,0.21407479367085866,10
CycleGAN-2D+3D-post-T2,CycleGAN,GAN,2D+3D-post,t2,t2,cavity,0.0,all,30,0.6818112783368144,0.08535343711244928,0.040574448469371756,0.6759455422527919,0.5072533919181933,0.877808611471297,17,9.387697129507607,2.1407327828910403,1.017639768527124,9.052294166571057,5.521706064423938,14.400657896698494,17,0.3101678644033039,0.08484762388461559,0.04033400012373775,0.30747002363204956,0.12044530361890793,0.48943156003952026,17,0.14857342385217448,0.053385677787714934,0.02537794031125417,0.13328731767833232,0.06810723072528069,0.2888408799966176,17
CUT-2.5D-T2+FLAIR,CUT,GAN,2.5D,t2_flair,t2,cavity,0.0,all,20,0.6810386179292973,0.06283246679026203,0.03894396638856697,0.6921195416611109,0.5611992243345322,0.7685558570814404,10,9.220036962031214,2.4511044882560338,1.5192103013262985,8.296065140312276,6.7144160240624595,14.133424786766383,10,0.32574439644813535,0.09215179584044952,0.05711627480480757,0.3537498861551285,0.14136962592601776,0.4391636550426483,10,0.1439391337764602,0.043457875414021505,0.026935470241707605,0.12763714574446733,0.09411499520333913,0.2132659490619387,10
ResViT-2D-T2,ResViT,ResViT,2D,t2,t2,cavity,0.0,all,30,0.6810092321670629,0.09410754928072339,0.044735889239458,0.6903765540559119,0.5274612338294681,0.8671188871965696,17,9.95003727302118,1.8674812709548236,0.8877442450975602,10.08592012581347,6.818368261203486,14.065311714014854,17,0.27733316053362456,0.07111343436647957,0.033805180855006556,0.2619287073612213,0.15639987587928772,0.4150441586971283,17,0.1471609254177932,0.06526804776911387,0.031026460450743205,0.13248535313389517,0.07180757864200055,0.3627531627813975,17
SwinPix2Pix-3D-T2+FLAIR,SwinPix2Pix,GAN,3D,t2_flair,t2,cavity,0.0,all,20,0.6786191191738074,0.06274569879460397,0.03889018702768671,0.680213505830501,0.5816296784092733,0.7770813659603971,10,9.485841867632518,1.6806535174775654,1.0416798422693314,9.40450348424189,6.9931172998255615,12.260143105432892,10,0.30304867029190063,0.0724085901429251,0.044879309134599026,0.30150996148586273,0.18413901329040527,0.422811359167099,10,0.14251741874501248,0.04021042562458808,0.024922680009065414,0.13957996262858313,0.09771900065243244,0.20832023929272378,10
SynDiff-3D+3D-refine-T2,SynDiff,SynDiff,3D+3D-refine,t2,t2,cavity,0.0,all,30,0.6775399203510797,0.07809684422247215,0.03712488317665033,0.6624217563157008,0.5871203734130178,0.8525775284989998,17,9.653665789115035,1.6719395997518904,0.7947896350636894,9.494963883526848,7.080987623052783,12.842120957343443,17,0.2887214842964621,0.06800968156280797,0.032329750427660904,0.28925052285194397,0.17637598514556885,0.4063107371330261,17,0.1482721796821736,0.04281641139195099,0.020353629993568816,0.15308885677502707,0.08819038274281836,0.23992824057737985,17
pix2pix-2D-T2+FLAIR,pix2pix,GAN,2D,t2_flair,t2,cavity,0.0,all,20,0.6762574759570676,0.06009819291097886,0.03724924588034011,0.6828061051121943,0.5657699383085826,0.7653154047158348,10,9.068401168020731,2.4094009801488525,1.4933621992068524,8.174479415669808,6.431124972795938,13.59489924555946,10,0.33128837049007415,0.0966295388793313,0.059891608693654313,0.3597826659679413,0.14296947419643402,0.45426005125045776,10,0.14820850454801035,0.04224548415656447,0.026184022355095,0.1330903586848373,0.10102756113673632,0.2200643973691123,10
SwinPix2Pix-2D-T2+FLAIR,SwinPix2Pix,GAN,2D,t2_flair,t2,cavity,0.0,all,20,0.6743338193707604,0.06501227470824852,0.040295025333538306,0.6762581998872219,0.5730967527494755,0.757949468104224,10,9.390960968287128,2.65956510175481,1.648415528180365,8.556252553837401,6.437051924350003,14.10672424840943,10,0.3198930352926254,0.10110299091868671,0.06266428299344041,0.340411514043808,0.13787125051021576,0.45390215516090393,10,0.14427128754356916,0.042415134333387415,0.02628917262408032,0.13322695188842426,0.09463145540883908,0.21347871954951966,10
CycleGAN-2D-T2+FLAIR,CycleGAN,GAN,2D,t2_flair,t2,cavity,0.0,all,20,0.6734034573207757,0.06851085467502527,0.04246346766270345,0.6826948369072512,0.5483328914384936,0.755959166361976,10,9.233601251745148,2.633602443724965,1.6323237060170364,8.200659495375556,6.38227533238978,13.739941902961517,10,0.32502063661813735,0.10071589167506284,0.06242435639652597,0.3542048931121826,0.14288455247879028,0.4560811519622803,10,0.14363414208415418,0.04073031285277505,0.02524490945149591,0.13301337117307066,0.08853096557924381,0.20760125453983033,10
pix2pix-2.5D-T2,pix2pix,GAN,2.5D,t2,t2,cavity,0.0,all,30,0.6731232967012244,0.08080818163061677,0.03841377116606907,0.6741900639860653,0.5492755453559136,0.8699723177079943,17,9.041468976891258,2.199873522013761,1.0457534913384738,8.52821662289439,6.482141612475752,14.659893442058973,17,0.3283657229998532,0.08546236180413208,0.04062622798100295,0.34705814719200134,0.12695401906967163,0.45159435272216797,17,0.15377168145045927,0.050378166785801926,0.023948260332375033,0.1450878668576479,0.07114472596681323,0.23992022375265756,17
SynDiff-2D-T2,SynDiff,SynDiff,2D,t2,t2,cavity,0.0,all,30,0.672811533969124,0.08545178623931814,0.040621200676607315,0.6601537768182856,0.5274353285470917,0.835997318332586,17,9.671586997906962,1.677827829804773,0.7975887219539072,9.605308682333263,7.058349572902566,13.183086841574166,17,0.28121843408135805,0.06456212509589555,0.030690886113061616,0.25604528188705444,0.1711740642786026,0.3961033821105957,17,0.1574765472885018,0.05079176358773964,0.02414487177176218,0.15985804280409446,0.09049129581197779,0.26342877745628357,17
pix2pix-2D-T2,pix2pix,GAN,2D,t2,t2,cavity,0.0,all,30,0.6721568232094212,0.08220917508799008,0.03907976118082653,0.6710542690200951,0.5410811526071463,0.8738125405587003,17,9.001836518064238,2.138695161864855,1.0166711449763448,8.608778573151193,6.272627049764779,14.204857489846368,17,0.3292536323561388,0.08611830073870831,0.04093804155758985,0.3388027548789978,0.13224780559539795,0.45669564604759216,17,0.15517981569357694,0.050215078079990094,0.023870732882822175,0.13959806313117346,0.06953079017393034,0.2513258134325345,17
CUT-3D-T2+FLAIR,CUT,GAN,3D,t2_flair,t2,cavity,0.0,all,20,0.6710019287953907,0.06308979290210533,0.03910345876507954,0.6767030583806969,0.5708114436617601,0.7971640220545327,10,10.048146980811305,1.8673454534171632,1.157392702986985,10.599249118384217,7.179734304493255,12.17034728258347,10,0.2773937851190567,0.07476892351017865,0.046342258912250946,0.25489863753318787,0.18899232149124146,0.40672722458839417,10,0.1371550062937706,0.037106297057640875,0.022998721190442082,0.13957675724911192,0.09190342697099997,0.1863176537389379,10
ResViT-3D-T2,ResViT,ResViT,3D,t2,t2,cavity,0.0,all,30,0.6706805249590095,0.10576475144739292,0.050277371394247455,0.6771197200243061,0.4784202674809797,0.900610561018482,17,9.785336689209826,2.1959274164447287,1.0438776318244105,9.860819992686848,4.450862531674579,14.782216785303433,17,0.27676308155059814,0.07974827502362687,0.03790992354771246,0.26105257868766785,0.1351771205663681,0.5064858198165894,17,0.15082212766040198,0.06287646876359068,0.029889575957243668,0.1435534002689215,0.05767208449542523,0.347243311504523,17
SwinPix2Pix-2D-T2,SwinPix2Pix,GAN,2D,t2,t2,cavity,0.0,all,30,0.6699297021895398,0.09190559891538877,0.04368914847947339,0.6799437069008493,0.48267147910683966,0.8760074343794079,17,9.149719569167951,2.3176899228260814,1.1017598531831465,8.98850691274079,5.58254895050993,14.343093712212852,17,0.32353510313174305,0.09281274776509488,0.044120379669471736,0.3275821805000305,0.12869292497634888,0.49062058329582214,17,0.15320189187259853,0.05440640708687954,0.02586316421964311,0.14216373643527427,0.06825929371126253,0.2845442295074463,17
SwinPix2Pix-3D-T2,SwinPix2Pix,GAN,3D,t2,t2,cavity,0.0,all,30,0.6685354217680134,0.09787804483756005,0.046528269052743224,0.670909871588134,0.43781178946998905,0.8686234661180713,17,9.559856576323975,2.055286201519737,0.9770210420877145,9.631448637785475,4.394440307071183,12.327151429407696,17,0.29835330125163584,0.09177345681855106,0.04362633211401511,0.27768903970718384,0.17499101161956787,0.5490517616271973,17,0.14511001853517946,0.061809486041493514,0.02938236456728633,0.12463234066963196,0.06862935565957992,0.33041104674339294,17
CUT-2.5D-T2,CUT,GAN,2.5D,t2,t2,cavity,0.0,all,30,0.668483207657609,0.08311665746958982,0.039511150921822814,0.677665593361111,0.5232439404350325,0.8714084808474877,17,8.877993279990255,2.0813497171216224,0.9894108509401236,8.298352747661953,5.902620233513361,13.562106446559632,17,0.33365020506522236,0.08575980339001957,0.040767622735655186,0.34898772835731506,0.14840199053287506,0.47935807704925537,17,0.15508514487449335,0.051685733357017836,0.02456983802460291,0.14063825824608406,0.07112770273093262,0.25314705818891525,17
SynDiff-2D-T2+FLAIR,SynDiff,SynDiff,2D,t2_flair,t2,cavity,0.0,all,20,0.6680683166806686,0.06203754197833878,0.03845126688561232,0.667868988046084,0.575018799247258,0.7944153054538671,10,9.755225226612561,1.529233686169513,0.9478288584983554,9.723276597639636,6.773801949330274,11.918644124306649,10,0.2777777031064034,0.06421035222332949,0.03979798862792606,0.27071496844291687,0.1843632310628891,0.42133939266204834,10,0.15284955371135384,0.0402915491025814,0.02497296086165141,0.1459162192574392,0.10558812841773033,0.23486358164386315,10
SwinPix2Pix-2.5D-T2,SwinPix2Pix,GAN,2.5D,t2,t2,cavity,0.0,all,30,0.6675759850101107,0.09500376594518946,0.04516192359847114,0.6760067511826726,0.456398111848993,0.8752033618313019,17,9.212423161989799,2.3657058586566477,1.1245851801995534,8.97572846748713,5.734777030153284,14.683249127714594,17,0.3214618287542287,0.0937432706059013,0.04456272214953065,0.31095343828201294,0.12475544959306717,0.48322659730911255,17,0.1540798054709934,0.05574364254794536,0.026498845606848988,0.13951336406171322,0.06833000057216349,0.30175760636727017,17
SwinPix2Pix-2.5D-T2+FLAIR,SwinPix2Pix,GAN,2.5D,t2_flair,t2,cavity,0.0,all,20,0.6664363669562614,0.07491151234033454,0.04643063638480048,0.6803225343394194,0.5539308071934806,0.7534678878423573,10,9.252722302254522,2.6560047830300606,1.6462088197725595,8.61783975979422,6.02110782567741,13.907337438092593,10,0.324722646176815,0.10214822746465159,0.0633121273165041,0.336617112159729,0.14433211088180542,0.4518788754940033,10,0.14759932327166778,0.04007119068009865,0.02483638129638857,0.13958729438794154,0.09172052986776599,0.20455213902252062,10
CycleGAN-2.5D-T2,CycleGAN,GAN,2.5D,t2,t2,cavity,0.0,all,30,0.6664136188682537,0.09262783756697016,0.0440324789409353,0.681587287770674,0.48370589383098417,0.875543828705033,17,8.916419745008728,2.17063384468893,1.0318538310434302,8.480635231685614,5.149418447927316,13.640715920055086,17,0.33172577268937053,0.09058886076998121,0.0430632108976264,0.3344387412071228,0.14495056867599487,0.5173224806785583,17,0.1544099004152769,0.05400904802901992,0.02567427171381792,0.1439057281240821,0.06904747683137398,0.29179049531618756,17
pix2pix-3D-T2,pix2pix,GAN,3D,t2,t2,cavity,0.0,all,30,0.666368105575651,0.092825646785229,0.04412651147441648,0.6645817445988684,0.46997243035971764,0.8683305413336943,17,9.397003420931421,2.0443141575176034,0.9718052634497465,9.158165022037771,4.8453170943273305,12.441977841584288,17,0.303664447630153,0.0857275955218164,0.04075231208698153,0.29455140233039856,0.18419884145259857,0.5059700012207031,17,0.14566724347961565,0.06219798632933713,0.029567045881158664,0.1276375058417519,0.0683718269674814,0.3337051570415497,17
SynDiff-2.5D-T2,SynDiff,SynDiff,2.5D,t2,t2,cavity,0.0,all,30,0.6663104072224392,0.08256481463478788,0.03924882148997621,0.6688385949280973,0.5502278426283217,0.8381294923424212,17,9.588467066072123,1.9891519832635216,0.9455828303240359,9.225254363958706,6.699746564425942,14.138224116594852,17,0.28879350686774535,0.07609363031053412,0.036172615729752125,0.2724654972553253,0.1509016752243042,0.41453424096107483,17,0.15624479074186018,0.03961480275628405,0.01883168185648534,0.1567817438732494,0.09239177163690329,0.22291856134931246,17
CycleGAN-2.5D-T2+FLAIR,CycleGAN,GAN,2.5D,t2_flair,t2,cavity,0.0,all,20,0.6662227315453528,0.07398149476507282,0.04585420551964492,0.6872951946865482,0.5232932510610834,0.7484078908385104,10,8.983028582793654,2.5613723241428286,1.5875550140820436,7.9696745261039865,6.537507511166364,13.672188791982204,10,0.3344660148024559,0.09950371076542892,0.06167303888484486,0.3634633868932724,0.1409093290567398,0.4474104940891266,10,0.14513814813578513,0.03814101761524959,0.02364004763639531,0.13461754920440616,0.0947126536988295,0.20180841428892954,10
CUT-2D-T2,CUT,GAN,2D,t2,t2,cavity,0.0,all,30,0.6657107506100007,0.08658616024242403,0.0411604478480291,0.6750295017313065,0.5119149473266452,0.8747266507851619,17,8.884232685892323,2.13772667587593,1.0162107559612057,8.133852682292982,5.858954630623576,13.656158765205163,17,0.3336261703687556,0.08719395763402184,0.04144937638775168,0.34406694769859314,0.14870719611644745,0.47668397426605225,17,0.1560829419435434,0.05287416550788458,0.02513478280826944,0.1392111430565516,0.0694985222392555,0.2684424966573715,17
ResViT-2.5D-T2+FLAIR,ResViT,ResViT,2.5D,t2_flair,t2,cavity,0.0,all,20,0.66455367879345,0.0795980510111175,0.04933538314705838,0.6535223014726481,0.5642477752587584,0.8468421309018334,10,9.519094262525075,1.9388676001707674,1.2017225888166818,9.817796150777667,6.874723684680944,12.34913133476594,10,0.30071969479322436,0.08275432684415479,0.05129166317606245,0.28227637708187103,0.1790425181388855,0.41299548745155334,10,0.1375930213022957,0.03490724692868042,0.02163573579954728,0.13776675544001837,0.08186879307031632,0.18455356963582942,10
CycleGAN-3D-T2+FLAIR,CycleGAN,GAN,3D,t2_flair,t2,cavity,0.0,all,20,0.6620233979000478,0.06621962938565158,0.0410433515154916,0.6763307065698443,0.5238538594630483,0.7609742726694947,10,9.361918193465355,1.8015626293030176,1.1166200861836713,9.228337386752797,7.285623943924918,12.239555050064457,10,0.3044318452477455,0.07087613997345271,0.04392948667909525,0.29569125175476074,0.19673629105091095,0.4021047353744507,10,0.14381782300924958,0.042194837804883825,0.02615263142110321,0.14146090411425877,0.08735622358150207,0.20698326464099365,10
ResViT-2D-T2+FLAIR,ResViT,ResViT,2D,t2_flair,t2,cavity,0.0,all,20,0.6620029083209845,0.07452968239720381,0.04619397573416793,0.6585337469930055,0.5816026402730142,0.8016820752728757,10,9.36672208688299,1.8905652767074013,1.1717844985658856,9.585098028159825,6.736156107203934,12.493779428282757,10,0.30515356957912443,0.08367930864984169,0.05186497283889888,0.27959291636943817,0.15830287337303162,0.4227164685726166,10,0.1449470661173393,0.03315231508171063,0.020548017771688326,0.1483919539234855,0.10059479624032974,0.2030820826237852,10
SynDiff-3D+3D-refine-T2+FLAIR,SynDiff,SynDiff,3D+3D-refine,t2_flair,t2,cavity,0.0,all,20,0.6607308494670141,0.06808747357793739,0.04220105334003197,0.6671833329352339,0.5688577055374927,0.7952495727249642,10,9.685448269277243,1.5352598398838357,0.9515639072667939,9.788243041859225,6.5588702567407156,11.82442792752796,10,0.278154656291008,0.06718838119085845,0.04164379010509488,0.26359881460666656,0.18611863255500793,0.43265390396118164,10,0.1583553410032351,0.03915455714418517,0.02426824594476522,0.1545920663047582,0.10069810412824154,0.21500526944344694,10
CUT-3D-T2,CUT,GAN,3D,t2,t2,cavity,0.0,all,30,0.6602375540944336,0.0923281972233185,0.04389003896318933,0.6585330199695304,0.46361549390417006,0.8783012397730569,17,9.688254114432377,1.8838260570060326,0.8955140631835499,9.819448922029455,5.534396040943537,12.423770215255361,17,0.28916629535310406,0.0763253171242082,0.036282752649839684,0.2711166441440582,0.1902797371149063,0.4658096730709076,17,0.14660037747573867,0.06215875165555279,0.029548394901145077,0.1555136121236361,0.06803458338956637,0.3432244857152303,17
CycleGAN-3D-T2,CycleGAN,GAN,3D,t2,t2,cavity,0.0,all,30,0.6558926581925147,0.09167735056546214,0.04358064610129597,0.6512341753906873,0.4422144081678228,0.8757415534250519,17,9.05762468346152,2.045569549569878,0.9724020389500322,8.893416399201906,4.418023479098555,12.323465615341691,17,0.3195241637089673,0.0899355777015295,0.04275265983965453,0.30708086490631104,0.17918401956558228,0.5550251603126526,17,0.14925394169951312,0.06259881370018106,0.029757587118320498,0.14562394438932338,0.06875343232993679,0.3459534967939059,17
CUT-2D-T2+FLAIR,CUT,GAN,2D,t2_flair,t2,cavity,0.0,all,20,0.6551426232269486,0.06854608297407913,0.04248530238867179,0.6654213078053974,0.5106865147005452,0.7325701334692464,10,9.042198043429497,2.8645029287735486,1.7754373093529072,7.999346971055484,6.305634261115428,15.292473038251398,10,0.3351335942745209,0.10372069323252114,0.06428675169685033,0.358693391084671,0.1245073527097702,0.4584245979785919,10,0.14125174538313914,0.041528107161115574,0.02573938748675616,0.13092783512547612,0.09198182871421942,0.2049322628549167,10
SynDiff-2.5D-T2+FLAIR,SynDiff,SynDiff,2.5D,t2_flair,t2,cavity,0.0,all,20,0.6441897933187146,0.07365424469781696,0.04565137382655845,0.6466953637268351,0.543305129750901,0.7860433911765914,10,9.069867381951532,1.8811589055483464,1.1659543693194974,9.45552971721618,6.481507448783345,11.99084184340418,10,0.31413053870201113,0.08497773393557749,0.05266974516869698,0.28146177530288696,0.2156108170747757,0.44369781017303467,10,0.15361626497372458,0.03908368054319597,0.024224316172345606,0.15566282219194866,0.09971867520362139,0.19569498198953542,10
CycleGAN-2D-T2,CycleGAN,GAN,2D,t2,t2,cavity,0.0,all,30,0.6010554339527561,0.11849081732963006,0.05632695910653125,0.6026741206549394,0.3751494623630644,0.8453129889097402,17,8.197854289220677,2.7200476511616443,1.2930285761180735,7.93067221002887,3.324455436686076,13.578531456269376,17,0.3538985436453539,0.11797035027315171,0.056079544772937806,0.34480640292167664,0.14672613143920898,0.6383543610572815,17,0.18331151675039978,0.07623231061588638,0.036238540162248256,0.1631689021984736,0.08070907140439697,0.3940185606479645,17
pix2pix-2D-T2+FLAIR,pix2pix,GAN,2D,t2_flair,flair,cavity,0.0,all,20,0.6826207031383331,0.08221494918602766,0.05095735343999933,0.6996148023992443,0.4596784544186552,0.75762657162214,10,12.528952950701013,2.8086982501041997,1.740849211169872,13.046732192257391,7.998800580780516,16.53034460480234,10,0.20851507261395455,0.0937815288469839,0.05812639378741371,0.17418663948774338,0.11981808394193649,0.3719853460788727,10,0.16722648576779292,0.06082581340638011,0.03770022973572696,0.15975241802100623,0.10808265690381329,0.30649198762451607,10
CUT-2.5D-T2+FLAIR,CUT,GAN,2.5D,t2_flair,flair,cavity,0.0,all,20,0.6824917458473647,0.08946333278570975,0.055449948139802016,0.6976130146078057,0.4457609917957431,0.7528713746438981,10,12.547148756915881,2.996121358178272,1.8570152570716163,12.981767719264498,7.521766980754575,16.600158547648583,10,0.21180237010121344,0.10130517868690968,0.06278960027051213,0.17214272171258926,0.11061178892850876,0.394914448261261,10,0.16668213331262077,0.0656214353401239,0.04067258700483448,0.16344435662696405,0.08655709815571927,0.313711052450041,10
CUT-2D+3D-post-T2+FLAIR,CUT,GAN,2D+3D-post,t2_flair,flair,cavity,0.0,all,20,0.6824429899640335,0.08585488428277073,0.05321340858641444,0.6937692838247402,0.45866027187013275,0.7587754234414718,10,12.373854794198762,2.7988724057864194,1.7347590897661036,12.233701962287157,8.027321828883471,16.677589507040363,10,0.21148115694522857,0.0910858379326245,0.05645558724860297,0.19237636774778366,0.11243530362844467,0.3671131730079651,10,0.1636491505141404,0.06676584614634673,0.04138190017124294,0.1556170887114214,0.09534212844820493,0.31486693567906815,10
CycleGAN-2.5D-T2+FLAIR,CycleGAN,GAN,2.5D,t2_flair,flair,cavity,0.0,all,20,0.6809733233318205,0.09062381405876974,0.056169221884750924,0.7013107537397391,0.45189713068033166,0.7629550942473025,10,12.570146995633669,2.9542820120512947,1.8310829616752313,13.229606181399673,7.236343644911826,16.687138872567804,10,0.21089792475104333,0.10152295804107493,0.06292458131267058,0.17127767950296402,0.12217777222394943,0.40482625365257263,10,0.16339933633291195,0.0636065110975151,0.03942372402064512,0.14180116406974516,0.11125555141881618,0.31787907890975475,10
pix2pix-2.5D-T2+FLAIR,pix2pix,GAN,2.5D,t2_flair,flair,cavity,0.0,all,20,0.6786426367108314,0.08320323607128602,0.051569899997660956,0.6939889411462514,0.45663613404582365,0.7482707982628467,10,12.401691923642998,2.981844759600473,1.8481665295974463,12.97647388485172,7.718169338757895,16.553033710704657,10,0.21518066450953482,0.10011461989633504,0.06205168428706808,0.1758628860116005,0.1217084527015686,0.38419225811958313,10,0.16451147036438024,0.06066486186424479,0.03760047093637838,0.15431333027247873,0.10573045257478952,0.30744428653270006,10
CycleGAN-2D-T2+FLAIR,CycleGAN,GAN,2D,t2_flair,flair,cavity,0.0,all,20,0.6778580481110671,0.08715384267413459,0.05401851133850409,0.7033043611349865,0.4463620684428509,0.7517416186710083,10,12.393108237461972,3.1056782019896403,1.9249192923734528,13.300361199269386,7.301403675903933,16.61832663169219,10,0.2170240633189678,0.10720304810938507,0.06644513761109981,0.17191927134990692,0.12022936344146729,0.4052654802799225,10,0.16742934848857974,0.06102362553905768,0.03782283496578996,0.1547934980397778,0.11050179262279666,0.31286717144151527,10
CycleGAN-2D+3D-post-T2+FLAIR,CycleGAN,GAN,2D+3D-post,t2_flair,flair,cavity,0.0,all,20,0.6776299063119275,0.0889764578860681,0.05514817995058905,0.6954282235608427,0.43549348818034966,0.7554066103214303,10,11.784189462140592,2.745766394881565,1.701843643192708,12.236782720176574,7.239631011414898,15.379303437534517,10,0.22690404802560807,0.10075873223499002,0.062450909250664904,0.1993490532040596,0.12309832870960236,0.4089306890964508,10,0.16878999901583328,0.06300874661505891,0.039053225755938115,0.15513049804472498,0.09820614894852042,0.3163316627033055,10
pix2pix-2D+3D-post-T2+FLAIR,pix2pix,GAN,2D+3D-post,t2_flair,flair,cavity,0.0,all,20,0.6736568282224359,0.08091657024450549,0.050152609834642446,0.6938648135135945,0.45172063800481027,0.7477540492321857,10,11.993707186683071,2.521662376221375,1.562942533367145,12.189921776696307,7.6595604426112915,15.601481052654737,10,0.2180521160364151,0.08800087652629662,0.05454350835921137,0.1879774108529091,0.12730097770690918,0.3882753551006317,10,0.17012601548956816,0.05823518218916304,0.036094539871834655,0.1592176041033651,0.10043718960757057,0.30669805966317654,10
SwinPix2Pix-2D-T2+FLAIR,SwinPix2Pix,GAN,2D,t2_flair,flair,cavity,0.0,all,20,0.6704547157590397,0.08640029026482238,0.053551454716356216,0.6922140170879663,0.44643312829435505,0.7500341933340322,10,12.315000485358691,3.165792981693001,1.9621788188542215,12.805450713870508,7.112515165966087,16.37003951147349,10,0.21839082688093187,0.10742933630072722,0.0665853924851791,0.17972148954868317,0.11751061677932739,0.40395188331604004,10,0.1629467787020849,0.06013880804984756,0.03727441940421669,0.15601535108206527,0.09450280436431058,0.3077321667224169,10
CUT-2D-T2+FLAIR,CUT,GAN,2D,t2_flair,flair,cavity,0.0,all,20,0.669882603157929,0.08604209095331393,0.05332944048294473,0.6887871143694135,0.4699551254303145,0.7503172642699668,10,12.788223846179353,3.032753567838512,1.8797201358488478,14.160468902352019,6.6363954147760476,15.786860105183722,10,0.20676968917250632,0.10534450001139949,0.0652931975655006,0.16078485548496246,0.11993924528360367,0.4390821158885956,10,0.16146103167245957,0.06208806071462086,0.03848257872276061,0.15112226330009954,0.08761316199282494,0.3055082069089015,10
SwinPix2Pix-2D+3D-post-T2+FLAIR,SwinPix2Pix,GAN,2D+3D-post,t2_flair,flair,cavity,0.0,all,20,0.6641665235014351,0.08557054737411819,0.05303717474459257,0.6787485233381281,0.43687122815218954,0.7529662092256538,10,11.35317985371113,2.6297298954510406,1.6299234757297034,11.455639437516052,7.0818422457787715,14.572386628973371,10,0.2359076052904129,0.09700443560214522,0.06012397208981358,0.22042959183454514,0.12992246448993683,0.4169422388076782,10,0.16914655329995143,0.05996326177483777,0.037165614695714,0.15342852576369687,0.10815047814200322,0.31210308025280636,10
SwinPix2Pix-2.5D-T2+FLAIR,SwinPix2Pix,GAN,2.5D,t2_flair,flair,cavity,0.0,all,20,0.6577200550194158,0.08653082782573215,0.05363236273484107,0.6788975126153693,0.44884455820782865,0.7499606090249037,10,12.190617902412061,3.270981758962169,2.02737549846413,13.159782272441111,6.329091941972612,16.178377752146197,10,0.2238918736577034,0.11373256225257708,0.07049217240562666,0.17930543422698975,0.12167538702487946,0.4420490562915802,10,0.16530640201003347,0.05577362170620496,0.03456884887784997,0.15542203009439012,0.09649311679892153,0.30309869535267353,10
SwinPix2Pix-3D-T2+FLAIR,SwinPix2Pix,GAN,3D,t2_flair,flair,cavity,0.0,all,20,0.6540595095695659,0.07977358978414215,0.04944418320578251,0.6693356466496831,0.4576356887297033,0.7328580864548832,10,11.699378340399488,2.456549927520151,1.522585419549504,12.013066480036233,7.570585610962262,14.92904826815341,10,0.22755914628505708,0.08955590687228684,0.055507326153117084,0.1980220079421997,0.1365872472524643,0.39119595289230347,10,0.16444665161283048,0.06025790078685385,0.037348233847354466,0.14539545336516485,0.10787676243732373,0.3061567371090253,10
CycleGAN-3D-T2+FLAIR,CycleGAN,GAN,3D,t2_flair,flair,cavity,0.0,all,20,0.6471501673062593,0.07829248033591621,0.048526182058986234,0.6573209912253024,0.4567991448769611,0.7319399690204915,10,11.715218235791916,2.3928538591047452,1.4831061873281475,12.06410619301333,7.336449310903102,15.014904094184157,10,0.22936058938503265,0.08699065752389748,0.053917368134511146,0.1933874487876892,0.14168681204319,0.3933415412902832,10,0.15399724434704137,0.05764488122017784,0.03572866754070311,0.1317355139181018,0.10284217194254909,0.2916786416123311,10
pix2pix-3D-T2+FLAIR,pix2pix,GAN,3D,t2_flair,flair,cavity,0.0,all,20,0.645794355655855,0.08374226045897724,0.051903990774439406,0.6592474222063258,0.45577704174401407,0.7368733186718525,10,11.426119353229472,2.083077803235742,1.291104998706742,12.0352935455515,7.631028697479831,13.483843656480035,10,0.2339429423213005,0.08112629166343874,0.05028259651680092,0.19752804189920425,0.16173155605793,0.38804250955581665,10,0.16398044122691713,0.06024147090460737,0.037338050500835364,0.1348597408893208,0.1114532317345341,0.30558406965186197,10
ResViT-2D+3D-refine-T2+FLAIR,ResViT,ResViT,2D+3D-refine,t2_flair,flair,cavity,0.0,all,20,0.6373359408321079,0.12586940374118344,0.07801466469569389,0.6570782622508986,0.2966670083600158,0.7256323369504191,10,11.609199992083983,2.201782727949124,1.3646790732950689,12.496440550490753,7.2091342063888275,13.837190698533984,10,0.22901840806007384,0.08162243636492077,0.050590110188719596,0.1980554535984993,0.15480834245681763,0.4084269106388092,10,0.16157346674045914,0.06638031056106056,0.04114294273980706,0.15227094574859648,0.09249579567800868,0.329231396317482,10
CUT-3D-T2+FLAIR,CUT,GAN,3D,t2_flair,flair,cavity,0.0,all,20,0.6307557512876188,0.07073521284710449,0.04384213914123615,0.6437119814748599,0.451195487723097,0.6921943136878685,10,11.10552529073849,2.1786240840652336,1.3503251971050798,11.039077207532571,7.597870400433137,14.715971304808857,10,0.2439391165971756,0.0793612744734118,0.04918862752855319,0.22822671383619308,0.14362986385822296,0.37546348571777344,10,0.15093516905462853,0.05738059433323567,0.035564860831086384,0.13439770180377222,0.08063248584845237,0.28446736947322887,10
ResViT-3D-T2+FLAIR,ResViT,ResViT,3D,t2_flair,flair,cavity,0.0,all,20,0.6279657825059799,0.13550387790221596,0.0839861736474468,0.6555031203537259,0.26452839781366116,0.741063979931291,10,10.872421009790262,3.017834491995257,1.8704731968399493,10.180097696487495,6.298754117162203,15.034286637259942,10,0.25595958828926085,0.10431428300771584,0.06465466245118923,0.25357116758823395,0.14603079855442047,0.45508795976638794,10,0.16625911532290422,0.07025770389821427,0.04354617602844137,0.14105375924544944,0.10096496849187783,0.3402430161833763,10
ResViT-2D-T2+FLAIR,ResViT,ResViT,2D,t2_flair,flair,cavity,0.0,all,20,0.6237053818210041,0.12693098801455482,0.0786726414451793,0.6307670315819487,0.29340017066818275,0.7393479327349759,10,10.780514786101163,2.007017521209244,1.2439623474937558,11.303073708479417,7.140111848846047,13.384004900110414,10,0.25105296075344086,0.07928800998978898,0.049143217731143725,0.22936605662107468,0.15985824167728424,0.4117087423801422,10,0.16066805808890644,0.06558369632625513,0.040649196121701585,0.14753591624850576,0.08899546634744514,0.3229792818427086,10
ResViT-2.5D-T2+FLAIR,ResViT,ResViT,2.5D,t2_flair,flair,cavity,0.0,all,20,0.623208926121207,0.1286873397949317,0.0797612395568819,0.6470779283594713,0.28462807685947966,0.7319439535952444,10,11.556162173464354,2.7316321582687104,1.6930831525785728,12.061886784144107,7.262261498780925,15.712411869531199,10,0.23392623364925386,0.09031574130096333,0.05597827641120626,0.19955173134803772,0.13358773291110992,0.40293121337890625,10,0.16533680004477358,0.06094163547230983,0.037772016995929206,0.1488962740613482,0.1086774617433548,0.30572735965251924,10
SynDiff-3D-T2+FLAIR,SynDiff,SynDiff,3D,t2_flair,flair,cavity,0.0,all,20,0.5948177347869871,0.13098784122210266,0.08118710511386625,0.6250222205464764,0.25787666874495235,0.725346172788454,10,10.27589156544272,2.2909437587609776,1.419941652730275,10.007055922013581,6.615301881501639,13.781898069165859,10,0.26900562942028045,0.08589344081549144,0.053237306172981384,0.2600788101553917,0.15699438750743866,0.4257720112800598,10,0.17032050266788878,0.06683399150629772,0.0414241371029287,0.1552827376590082,0.0968242906300085,0.3215519182384014,10
SynDiff-3D+3D-refine-T2+FLAIR,SynDiff,SynDiff,3D+3D-refine,t2_flair,flair,cavity,0.0,all,20,0.5911564307728943,0.11344149234947401,0.07031176541060914,0.6096874036742741,0.2816524221320428,0.6947685370344774,10,9.94925283533058,1.7487135651523027,1.0838638968584475,10.299542746342933,7.305599776664307,11.831363112225112,10,0.27021666020154955,0.0656234784695036,0.040673853349543765,0.25221486389636993,0.18392151594161987,0.39007076621055603,10,0.17192501765512655,0.051812622255149994,0.03211379598295195,0.16118181364215683,0.10677040774713863,0.2976877838373184,10
SynDiff-2.5D-T2+FLAIR,SynDiff,SynDiff,2.5D,t2_flair,flair,cavity,0.0,all,20,0.5789523252139248,0.10710730144607639,0.06638579321435414,0.6058351327500004,0.2959736239930676,0.6604841701263416,10,10.577259026516685,1.6648212528233766,1.0318669029714718,10.74452070393097,7.870960340275604,12.653406549234623,10,0.25064968317747116,0.0633611438008735,0.039271643794586815,0.22979287803173065,0.17866730690002441,0.3602414131164551,10,0.17102214340541638,0.05731559082344089,0.0355245712383025,0.15416950369818191,0.10739641805941408,0.30481827408075335,10
SynDiff-2D-T2+FLAIR,SynDiff,SynDiff,2D,t2_flair,flair,cavity,0.0,all,20,0.5774687816865792,0.10361845563140476,0.06422338417517058,0.5947022165766311,0.29810157186989683,0.6595206424299422,10,10.00383638264356,1.8958499672267515,1.1750599836848536,10.66944993348337,7.4834550954658265,12.336800140543984,10,0.2702332571148872,0.06958190009260812,0.043127308490124854,0.24113903939723969,0.18253391981124878,0.379658967256546,10,0.1778047624551474,0.051861854719383677,0.03214431058042498,0.17429034049054243,0.11532993987202644,0.30015342980623244,10
SynDiff-3D-T2,SynDiff,SynDiff,3D,t2,t2,cavity,0.0,post,14,0.70631321867217,0.08478136536448101,0.046087675203842056,0.6861840273081415,0.5814841457345887,0.8527073589721267,13,10.067749965595548,1.255012506567001,0.6822325699846755,10.081630735997235,8.119563301340927,12.178461719779616,13,0.2654621750116348,0.046515780370316014,0.025286266249004277,0.26465994119644165,0.19472980499267578,0.3409336805343628,13,0.1334135476112444,0.030698090767172493,0.016687672232844668,0.12499414703675679,0.09052471369504929,0.19171942197359526,13
ResViT-2D+3D-refine-T2+FLAIR,ResViT,ResViT,2D+3D-refine,t2_flair,t2,cavity,0.0,post,8,0.7032892931502703,0.09963675375568373,0.0738119401262096,0.6567580457165536,0.5993881787203802,0.8857688774198854,7,9.550463576594682,2.4060038642203185,1.782392605892466,9.340970470677533,6.962794138565372,14.270508875926463,7,0.29968492899622234,0.09010996603429541,0.06675439701706239,0.2942787706851959,0.15453118085861206,0.4141397774219513,7,0.13007917872383298,0.0358230236077616,0.026538067269429248,0.13136721961200237,0.07256785072386265,0.1750271085363168,7
SwinPix2Pix-2D+3D-post-T2+FLAIR,SwinPix2Pix,GAN,2D+3D-post,t2_flair,t2,cavity,0.0,post,8,0.6999600958023464,0.07199372957601172,0.05333370123596553,0.6811464054760727,0.6337290208058838,0.8270623087074171,7,9.31471002454821,1.9802541541717733,1.4669928068994997,8.89913021993705,6.688225637118431,11.978178113913195,7,0.31359692556517466,0.08239892846373574,0.06104198044370894,0.3215903639793396,0.21899230778217316,0.4395255148410797,7,0.14381508435775614,0.04036460160897837,0.02990251533571523,0.14101086929440498,0.08866703815080902,0.20592504792979785,7
SynDiff-3D-T2+FLAIR,SynDiff,SynDiff,3D,t2_flair,t2,cavity,0.0,post,8,0.6989203477278204,0.09682937876703138,0.07173220763028407,0.6678393026493671,0.6055380177339524,0.8955188879771594,7,9.751157259255395,2.6184559135863408,1.9397792865740495,8.318720647417337,7.518079619356907,14.980168772964266,7,0.2857613222939627,0.09004394417663712,0.06670548734045405,0.3402197062969208,0.13643908500671387,0.3815951347351074,7,0.14273743674983716,0.04456835717189055,0.033016701037466824,0.14435263911986518,0.07389648072421551,0.20054630083697184,7
ResViT-2.5D-T2,ResViT,ResViT,2.5D,t2,t2,cavity,0.0,post,14,0.6970985642600482,0.08955457082467477,0.04868241924912701,0.67552748096775,0.6061068356245356,0.8830946218127794,13,9.903775794803863,1.725736438000083,0.9381210139758406,9.335759387998463,8.172323270817767,14.355040985758196,13,0.2787420589190263,0.05974449450153924,0.03247747716691332,0.290190726518631,0.15003930032253265,0.3546357750892639,13,0.13478359306368703,0.03639884350430599,0.019786636721525742,0.1344085360566775,0.06750742048025131,0.19184444099664688,13
ResViT-3D-T2+FLAIR,ResViT,ResViT,3D,t2_flair,t2,cavity,0.0,post,8,0.6959387143757213,0.0822456548126933,0.060928433734013736,0.680291050094842,0.6128012694510091,0.8656550483389515,7,9.44026985824743,2.16243875050393,1.6019570445879414,8.779625019323268,7.9241866610366305,14.046177409242775,7,0.293286708848817,0.07492441743801143,0.05550478518686343,0.3193887770175934,0.15248923003673553,0.36974385380744934,7,0.14016610243829603,0.04652240282148611,0.03446427831247013,0.1345280675838391,0.07018274031579494,0.20016406210405485,7
pix2pix-2D+3D-post-T2,pix2pix,GAN,2D+3D-post,t2,t2,cavity,0.0,post,14,0.6958606008401872,0.0856528453471113,0.046561417118866,0.6828851357448904,0.583793949743669,0.883519672952368,13,9.20543288132089,1.3251149005345633,0.7203406654405473,9.123229080663785,7.147981230564219,11.157982646757436,13,0.3115216585306021,0.05722473935466372,0.031107722665990167,0.3019323945045471,0.2394687831401825,0.41578108072280884,13,0.14474381581013882,0.04513725913875427,0.024536893571309292,0.1410299022682011,0.0666745966621514,0.2108199085508074,13
ResViT-2D-T2,ResViT,ResViT,2D,t2,t2,cavity,0.0,post,14,0.6951063999602636,0.09608962325083824,0.052234914214999345,0.6903765540559119,0.5730141233129535,0.8671188871965696,13,9.779226816941751,1.7251081074650296,0.9377794496061739,9.653577981669198,7.091429767690007,14.065311714014854,13,0.2827098805170793,0.06629012490363616,0.03603572238600509,0.2795853316783905,0.15639987587928772,0.4150441586971283,13,0.13220249811844434,0.03490552166891972,0.01897485772471188,0.13248535313389517,0.07180757864200055,0.18395990275201343,13
CUT-2D+3D-post-T2,CUT,GAN,2D+3D-post,t2,t2,cavity,0.0,post,14,0.6929557602062956,0.08292280853332086,0.04507735220168058,0.6960451502136273,0.5927431302728375,0.883081386954059,13,8.995287070631306,1.149318099866285,0.6247764360106152,9.122678324877846,7.313421585045964,11.239520325302635,13,0.3196268528699875,0.04918169065688346,0.026735471588900536,0.3113562762737274,0.24032177031040192,0.4078100323677063,13,0.14962626330706122,0.0456558518639169,0.024818803787989806,0.1386722220107913,0.06666934979148209,0.23286665470472404,13
ResViT-3D-T2,ResViT,ResViT,3D,t2,t2,cavity,0.0,post,14,0.6925742669766114,0.09934788049821948,0.054006123030784496,0.6771197200243061,0.5453434615044704,0.900610561018482,13,9.886678917449549,1.893291833058527,1.029205164283005,9.429264682646279,7.3078017075397605,14.782216785303433,13,0.26915937203627366,0.05942932816146318,0.03230615079284322,0.29316115379333496,0.1351771205663681,0.3530532121658325,13,0.13788969239991952,0.03896485195845989,0.02118153480669981,0.1435534002689215,0.05767208449542523,0.1917182735743977,13
SwinPix2Pix-2D+3D-post-T2,SwinPix2Pix,GAN,2D+3D-post,t2,t2,cavity,0.0,post,14,0.6915756027153495,0.09125075977301295,0.049604478064755694,0.690760222074344,0.5831858571177416,0.8824451786041266,13,9.169248116318805,1.5580705452144161,0.8469767964199226,9.295464506260618,6.806628021484798,11.83931052944913,13,0.3143605715953387,0.06773775400594143,0.036822662530172974,0.2929484248161316,0.21959130465984344,0.4344050884246826,13,0.14607884503431154,0.046014539072529864,0.025013788375690873,0.14361887332051992,0.06625888062287764,0.21069673555237906,13
ResViT-2D+3D-refine-T2,ResViT,ResViT,2D+3D-refine,t2,t2,cavity,0.0,post,14,0.690366412301818,0.08967237435544455,0.04874645797792835,0.6560235080923382,0.5950165173937303,0.8688541757815591,13,9.37898872967337,1.4085703902119526,0.7657075864106654,9.37932722583686,6.820298493364,11.845487517091144,13,0.30111340834544253,0.062028292301331625,0.03371896379284323,0.2986394762992859,0.2087375521659851,0.4290870428085327,13,0.13271936202341852,0.0334925477287467,0.018206756341274274,0.13491572519498213,0.07050973042211633,0.1826515861532905,13
pix2pix-2D+3D-post-T2+FLAIR,pix2pix,GAN,2D+3D-post,t2_flair,t2,cavity,0.0,post,8,0.6866629630024875,0.06435236192375106,0.04767289686036287,0.6799202938404928,0.6024038820359431,0.7687144427561037,7,8.33325647772017,1.021464823367884,0.756711730776943,8.359810483456995,6.944944482920331,9.744654999685956,7,0.3510064993585859,0.04818010184090951,0.035692318931587315,0.35212138295173645,0.287609338760376,0.4229635000228882,7,0.1526801910722128,0.041238676138692296,0.03055003880894369,0.14993555067727962,0.10706729757496053,0.22165568758334434,7
CycleGAN-2D+3D-post-T2+FLAIR,CycleGAN,GAN,2D+3D-post,t2_flair,t2,cavity,0.0,post,8,0.6851363378885924,0.06854676459643627,0.050780153844071994,0.6778081502305059,0.5972844134896785,0.7796114138600014,7,8.400808570391959,1.0016631862851015,0.7420424727405039,8.630567840597156,6.736465005841005,9.529191080312359,7,0.34678323354039875,0.048881938455775195,0.036212246771888834,0.339572548866272,0.2917616665363312,0.43560418486595154,7,0.15162184040173096,0.039561337524207846,0.02930744897419967,0.16314760129898787,0.10314236211383508,0.21192942133971623,7
SwinPix2Pix-3D-T2,SwinPix2Pix,GAN,3D,t2,t2,cavity,0.0,post,14,0.685093362086379,0.08694498173775875,0.047263830462119065,0.670909871588134,0.5691074476069645,0.8686234661180713,13,9.514488915290137,1.5317731747024748,0.8326813829684049,9.387634669831085,7.208883380250915,12.327151429407696,13,0.2952052652835846,0.06518791843311274,0.03543655612343463,0.27768903970718384,0.19132040441036224,0.4116112291812897,13,0.13243611144332446,0.03777377868620553,0.020534060000418457,0.12463234066963196,0.06862935565957992,0.18907229373739523,13
pix2pix-3D-T2+FLAIR,pix2pix,GAN,3D,t2_flair,t2,cavity,0.0,post,8,0.6843652188585316,0.0623603865896928,0.04619722088188884,0.6824611435014015,0.6017835670577979,0.7810344399621016,7,9.13581510388879,1.4653877583649266,1.0855744432153616,9.671852499495571,7.146064121042809,11.112741793273651,7,0.31529614329338074,0.06786550962218336,0.050275473096508295,0.2918701171875,0.2360164225101471,0.4160953462123871,7,0.13652096240408026,0.025735294914299458,0.01906497327283967,0.12886336414764324,0.10688198442486199,0.18003159388899803,7
CycleGAN-2D+3D-post-T2,CycleGAN,GAN,2D+3D-post,t2,t2,cavity,0.0,post,14,0.6841021936973071,0.08112946654417248,0.04410248039146662,0.6685980127125526,0.5746230641388852,0.877808611471297,13,8.958710392047962,1.2586400450400963,0.6842045223614592,9.040019746458873,7.185182991753479,11.188227654170156,13,0.3205502640742522,0.05457478818787261,0.02966719280242799,0.31316888332366943,0.2269892692565918,0.41111069917678833,13,0.14674658926259065,0.04195184745677012,0.02280528405595564,0.1355183140507766,0.06810723072528069,0.21492400925074304,13
pix2pix-3D-T2,pix2pix,GAN,3D,t2,t2,cavity,0.0,post,14,0.6814756157238926,0.08646757416839683,0.047004308751162696,0.6645817445988684,0.573871354130133,0.8683305413336943,13,9.27826073873244,1.6088746827498055,0.874594240178658,8.730680720102376,7.158465133414587,12.441977841584288,13,0.30498873499723583,0.06739965914941197,0.03663887207257853,0.3188589811325073,0.1865839809179306,0.41521039605140686,13,0.13379798623421374,0.037943714059309935,0.020626437921528944,0.1276375058417519,0.0683718269674814,0.18810523369095541,13
SynDiff-3D+3D-refine-T2,SynDiff,SynDiff,3D+3D-refine,t2,t2,cavity,0.0,post,14,0.680524791623058,0.08670185369392834,0.047131664551970896,0.6407067014701918,0.5871203734130178,0.8525775284989998,13,9.125088532931512,1.407606016590204,0.7651833469381913,8.981994478708872,7.080987623052783,11.82308013008864,13,0.30800528021959156,0.061267060966538736,0.033305153725476475,0.3032381534576416,0.21040084958076477,0.4063107371330261,13,0.14368230438313048,0.037160666297029646,0.02020076830908615,0.15308885677502707,0.08819038274281836,0.19574513995931261,13
SwinPix2Pix-3D-T2+FLAIR,SwinPix2Pix,GAN,3D,t2_flair,t2,cavity,0.0,post,8,0.6788605156107183,0.06968636038866345,0.05162437822125524,0.6681699952531077,0.5816296784092733,0.7770813659603971,7,8.691710747474731,1.1957284500693377,0.8858080320454907,8.800509704733388,6.9931172998255615,10.314187621354867,7,0.33304344756262644,0.05787646532570369,0.04287548552427416,0.32093846797943115,0.25330114364624023,0.422811359167099,7,0.14527001823248714,0.03561867387965459,0.026386682872333898,0.1427757799004515,0.10384216024117036,0.20832023929272378,7
CUT-2D+3D-post-T2+FLAIR,CUT,GAN,2D+3D-post,t2_flair,t2,cavity,0.0,post,8,0.6783563831923788,0.0711188262855203,0.05268556380816125,0.6693939435681292,0.5784854114346548,0.7808855429388589,7,8.299234516390062,0.973930004355139,0.7214974440541704,8.471286870774641,7.046877923625919,9.57605568623488,7,0.3516977982861655,0.046214226266945026,0.034235977925969524,0.3485153019428253,0.28949597477912903,0.41939690709114075,7,0.15426948072770436,0.04342708429037478,0.03217123425515203,0.16131080873310566,0.10467591628225313,0.221064635685512,7
SynDiff-2D-T2,SynDiff,SynDiff,2D,t2,t2,cavity,0.0,post,14,0.6781564739517886,0.09500224802711398,0.051643810310028446,0.6601537768182856,0.5274353285470917,0.835997318332586,13,9.207335607767174,1.6442612470114815,0.8938305956355526,9.277197646090531,7.058349572902566,13.183086841574166,13,0.2970346544797604,0.06575199856466643,0.03574319357590103,0.29233208298683167,0.1711740642786026,0.3961033821105957,13,0.15349001267998635,0.04638892332612004,0.025217305974242377,0.15985804280409446,0.09049129581197779,0.24893413271222795,13
CUT-3D-T2+FLAIR,CUT,GAN,3D,t2_flair,t2,cavity,0.0,post,8,0.6751483578355577,0.0708867958130751,0.05251367322869118,0.6691630464234392,0.5708114436617601,0.7971640220545327,7,9.35191580553222,1.7956491307364923,1.3302354917202586,9.13707457261641,7.179734304493255,12.050646564238699,7,0.30059019582612173,0.07665353209131694,0.05678573124793336,0.30342188477516174,0.19964264333248138,0.40672722458839417,7,0.14204938042633602,0.03241003501394103,0.024009689936339455,0.15716737834736705,0.09864144907756285,0.18587611509220942,7
pix2pix-2D-T2,pix2pix,GAN,2D,t2,t2,cavity,0.0,post,14,0.6740876370241166,0.08491577704971752,0.0461607422282542,0.6680789491192641,0.5650690198148162,0.8738125405587003,13,8.38669289077615,1.2004875632065009,0.6525924731390613,8.48414412141031,6.527889088868751,10.525678741056172,13,0.3485969648911403,0.05860548752586302,0.03185830592186201,0.3439241945743561,0.25363197922706604,0.44927978515625,13,0.1574922910512982,0.045918236356004644,0.024961437622652384,0.1503793528303504,0.06953079017393034,0.2171562420470374,13
CUT-3D-T2,CUT,GAN,3D,t2,t2,cavity,0.0,post,14,0.6740318345180871,0.08640279398299164,0.046969093841238034,0.6585330199695304,0.5702672463500721,0.8783012397730569,13,9.536169061546431,1.4640284030572341,0.7958549056060534,9.136853081003098,7.2701267206838525,11.971294030977944,13,0.29142870008945465,0.061529014507256195,0.03344755329230558,0.2987282872200012,0.1943141520023346,0.40106201171875,13,0.1348651103651757,0.03506550698491465,0.019061826733163915,0.1555136121236361,0.06803458338956637,0.1748452191906316,13
SwinPix2Pix-2D-T2,SwinPix2Pix,GAN,2D,t2,t2,cavity,0.0,post,14,0.6737881098850826,0.08753333802185446,0.047583664581432546,0.677051427045254,0.5732277975742133,0.8760074343794079,13,8.519688398582701,1.2606998069712354,0.6853242217018918,8.670970244008792,6.613668038806274,10.394120201527535,13,0.34199304305590117,0.061057805341224076,0.033191401071781666,0.33131933212280273,0.2568309009075165,0.444848895072937,13,0.15391792027113646,0.04387388787531088,0.02385011712932667,0.14760507307946683,0.06825929371126253,0.21347342316920942,13
SynDiff-2D-T2+FLAIR,SynDiff,SynDiff,2D,t2_flair,t2,cavity,0.0,post,8,0.673532996169634,0.06959768161426234,0.05155868406583734,0.6726890609214119,0.575018799247258,0.7944153054538671,7,9.02832087633979,1.1480660899731718,0.8504992615658888,9.65463992843419,6.773801949330274,9.923856998817822,7,0.3014369862420218,0.05943952315604358,0.04403341496936379,0.285152405500412,0.24526211619377136,0.42133939266204834,7,0.15379515279697262,0.04322830231239879,0.03202397450507516,0.1508754938840866,0.10558812841773033,0.23486358164386315,7
pix2pix-2.5D-T2,pix2pix,GAN,2.5D,t2,t2,cavity,0.0,post,14,0.6734212402827034,0.08361651465341165,0.045454455144198845,0.6677999006050258,0.5639623537831818,0.8699723177079943,13,8.383671225911998,1.2359622985357142,0.6718767589342509,8.231780170247884,6.482141612475752,10.580755001282538,13,0.3489170097387754,0.0593148194037594,0.032243903123082784,0.34721294045448303,0.2552589178085327,0.45159435272216797,13,0.1583227486963345,0.0463358479780203,0.025188453886356845,0.14814239423722028,0.07114472596681323,0.2228372400360448,13
SwinPix2Pix-2.5D-T2,SwinPix2Pix,GAN,2.5D,t2,t2,cavity,0.0,post,14,0.6733345047045195,0.08731341491567671,0.047464113019084306,0.6714223232093106,0.5752871143327077,0.8752033618313019,13,8.58253727592444,1.3790260013182847,0.7496470736603267,8.787523331743701,6.404740403121068,10.69345403852201,13,0.33966929522844463,0.06511260053431092,0.035395612847254884,0.32651785016059875,0.2489250749349594,0.4489927589893341,13,0.15371284761760254,0.04165009945482577,0.022641251973584322,0.16487655276432633,0.06833000057216349,0.20809523069432803,13
ResViT-2.5D-T2+FLAIR,ResViT,ResViT,2.5D,t2_flair,t2,cavity,0.0,post,8,0.6725103869160579,0.0941596779101495,0.06975446555845533,0.6453195504937486,0.5642477752587584,0.8468421309018334,7,8.906514005638684,1.978485234052399,1.4656823725364991,9.051727102691036,6.874723684680944,12.34913133476594,7,0.32469399699143003,0.08331748348249735,0.06172245552435752,0.3161419630050659,0.20311810076236725,0.41299548745155334,7,0.13772604204822844,0.03561785593681328,0.02638607693179736,0.13843573223460803,0.08186879307031632,0.17553003648152718,7
CUT-2.5D-T2,CUT,GAN,2.5D,t2,t2,cavity,0.0,post,14,0.6708569152392747,0.08395205170149614,0.04563685516128388,0.6666343275923232,0.5614991582978927,0.8714084808474877,13,8.321216164139045,1.2404243461015332,0.6743023556213705,8.029771897381815,6.726659351277593,10.771031560389051,13,0.3507164567708969,0.05844999265787789,0.03177377794875431,0.35279399156570435,0.2496381253004074,0.43777889013290405,13,0.15769630275396468,0.04673312850222262,0.025404418039393705,0.14705468378961087,0.07112770273093262,0.2308440458561693,13
CycleGAN-2.5D-T2,CycleGAN,GAN,2.5D,t2,t2,cavity,0.0,post,14,0.6692627254852517,0.08969343233278643,0.048757905224808724,0.6653264112904603,0.5404919101247684,0.875543828705033,13,8.437743829094106,1.297380387344266,0.7052640123298555,8.285505493341736,6.728695191114521,10.804355871220785,13,0.3446453752426001,0.060479452147002816,0.032877004694066084,0.3450019061565399,0.2455206662416458,0.4369945824146271,13,0.15390907604620452,0.04235096474561808,0.02302224668562767,0.14469189923256637,0.06904747683137398,0.21331754326820374,13
pix2pix-2.5D-T2+FLAIR,pix2pix,GAN,2.5D,t2_flair,t2,cavity,0.0,post,8,0.6685110932349104,0.07589814641547751,0.05622613370811413,0.6534527310868337,0.5735982936572425,0.7692908346227775,7,7.997105793794067,0.9787978644202812,0.7251036052560104,8.456865094794473,6.787607448200679,9.218885234679883,7,0.36835350734846933,0.04776718965005606,0.03538642929990189,0.35410112142562866,0.3052786588668823,0.43561214208602905,7,0.15792079451955643,0.04113462584807921,0.03047295727495795,0.17082437655578056,0.10349960247468618,0.21407479367085866,7
CUT-2.5D-T2+FLAIR,CUT,GAN,2.5D,t2_flair,t2,cavity,0.0,post,8,0.6676693250049225,0.071940381238939,0.05329418023479461,0.6477911046847277,0.5611992243345322,0.7685558570814404,7,7.859536611955042,0.9320571271174183,0.6904775824962414,8.093197710860746,6.7144160240624595,9.372558268775729,7,0.37429279940468924,0.04582522089754318,0.03394779871545981,0.3625267744064331,0.3010978698730469,0.4391636550426483,7,0.16039181317662937,0.04177097401761818,0.030944370596036306,0.17132840026170015,0.10316600417718291,0.2132659490619387,7
CUT-2D-T2,CUT,GAN,2D,t2,t2,cavity,0.0,post,14,0.6676518342042512,0.08642191307506503,0.0469794870980803,0.6654413162022196,0.5561104379582741,0.8747266507851619,13,8.304610043635934,1.2815983822687433,0.6966848166438799,8.117953130185905,6.553358899691117,10.833328802701267,13,0.35153875098778653,0.06071488584220083,0.033004987908651966,0.3491615951061249,0.24668104946613312,0.4477373957633972,13,0.15764671899973554,0.04572758174840587,0.024857796597371022,0.1443920535966754,0.0694985222392555,0.23002517649105617,13
CycleGAN-3D-T2,CycleGAN,GAN,3D,t2,t2,cavity,0.0,post,14,0.6670079356412628,0.08261622470234767,0.044910691332704276,0.6512341753906873,0.5340088502083181,0.8757415534250519,13,8.798405949013059,1.346542250181413,0.7319887053931675,8.857996720875555,7.063728295768002,11.324043987271882,13,0.32375512558680314,0.05873173010591465,0.03192693217011009,0.3093799352645874,0.22123302519321442,0.41576898097991943,13,0.1404809478657229,0.03577099830235874,0.019445336181940918,0.14562394438932338,0.06875343232993679,0.1948658430150577,13
SynDiff-2.5D-T2,SynDiff,SynDiff,2.5D,t2,t2,cavity,0.0,post,14,0.6644603559725079,0.09233228046182344,0.050192399408294425,0.6509260491878706,0.5502278426283217,0.8381294923424212,13,9.032466545617584,1.930678852999161,1.049528979834404,8.781239703897683,6.699746564425942,14.138224116594852,13,0.3096496554521414,0.07454238139563497,0.0405217001155095,0.3101125955581665,0.1509016752243042,0.41453424096107483,13,0.15489939247303738,0.038227883443255756,0.020780914158304173,0.1567817438732494,0.09239177163690329,0.22242953521864756,13
pix2pix-2D-T2+FLAIR,pix2pix,GAN,2D,t2_flair,t2,cavity,0.0,post,8,0.664065466312015,0.06916861154585649,0.051240824510950814,0.6493768191395345,0.5657699383085826,0.7653154047158348,7,7.708808030537788,0.9426674276200422,0.6983378031066112,7.986959846261797,6.431124972795938,9.17689155283568,7,0.38299446020807537,0.04818522846595218,0.03569611678856715,0.3728013336658478,0.3086807429790497,0.45426005125045776,7,0.16311269367320672,0.04178570209520006,0.030955281308596386,0.177301621530205,0.10713456514187986,0.2200643973691123,7
SynDiff-3D+3D-refine-T2+FLAIR,SynDiff,SynDiff,3D+3D-refine,t2_flair,t2,cavity,0.0,post,8,0.6634904598174659,0.07857112641762073,0.05820630500474768,0.6780687952152903,0.5688577055374927,0.7952495727249642,7,9.011379447048963,1.2534758230060514,0.9285878845896876,9.588091864106904,6.5588702567407156,10.214283052548545,7,0.2998295043195997,0.06562260617289156,0.048613906968872876,0.2844521701335907,0.2481309026479721,0.43265390396118164,7,0.15893233601845402,0.041194290228531605,0.030517157266543565,0.15922805775577822,0.10069810412824154,0.21500526944344694,7
ResViT-2D-T2+FLAIR,ResViT,ResViT,2D,t2_flair,t2,cavity,0.0,post,8,0.6603409189380552,0.09084859514421195,0.06730158111912898,0.5989241579062088,0.5816026402730142,0.8016820752728757,7,8.491664902650228,1.445169230773847,1.0705963483684313,8.85959403006994,6.736156107203934,10.259519474759305,7,0.33899044139044626,0.06997849632634312,0.051840795552490264,0.32086536288261414,0.2627667188644409,0.4227164685726166,7,0.14986270136319915,0.0375844436694626,0.0278429455119519,0.15074623037468304,0.10059479624032974,0.2030820826237852,7
CycleGAN-3D-T2+FLAIR,CycleGAN,GAN,3D,t2_flair,t2,cavity,0.0,post,8,0.6593155369655525,0.07348040697374351,0.05443504726473564,0.6756367782857513,0.5238538594630483,0.7609742726694947,7,8.41106290072884,1.0976948084647447,0.81318369402043,8.180959728655477,7.285623943924918,10.026171691825382,7,0.33763747981616427,0.053270600736857424,0.03946341328740688,0.3546038269996643,0.26300084590911865,0.4021047353744507,7,0.15034568004541088,0.031096422091912993,0.023036551865347074,0.14859469211660326,0.11210565133528276,0.2043227223413331,7
SwinPix2Pix-2D-T2+FLAIR,SwinPix2Pix,GAN,2D,t2_flair,t2,cavity,0.0,post,8,0.6589281666773102,0.07288655508626642,0.05399511562997184,0.6437029545960955,0.5730967527494755,0.757949468104224,7,7.887699147927053,1.1283138883248112,0.8358666258117713,8.195379856928067,6.437051924350003,9.544437838830905,7,0.3740569140229906,0.054842523138585814,0.04062790969888099,0.3661215603351593,0.2941104769706726,0.45390215516090393,7,0.1603761744224513,0.040242146263451774,0.029811799146242553,0.16870813878873983,0.10965025807834333,0.21347871954951966,7
CycleGAN-2D-T2+FLAIR,CycleGAN,GAN,2D,t2_flair,t2,cavity,0.0,post,8,0.6541999642974888,0.07423801658020951,0.05499629231541875,0.6451689054002426,0.5483328914384936,0.755959166361976,7,7.689352778208781,0.9205097093236262,0.6819231356813874,8.061975767990795,6.38227533238978,9.002655578472426,7,0.38114793385778156,0.04749864237465297,0.03518748669422733,0.3683742582798004,0.31515026092529297,0.4560811519622803,7,0.15913808896784,0.03754110776126126,0.027810841821888733,0.1684338916093111,0.10969442098091046,0.20760125453983033,7
SwinPix2Pix-2.5D-T2+FLAIR,SwinPix2Pix,GAN,2.5D,t2_flair,t2,cavity,0.0,post,8,0.6442739482660054,0.08012617265957278,0.059358299382102686,0.6574825573584323,0.5539308071934806,0.7534678878423573,7,7.761481720556637,1.2554337509260252,0.9300383378908349,8.195973584060528,6.02110782567741,9.364192099636643,7,0.37870914169720243,0.059744015303666784,0.04425898590902302,0.3658871054649353,0.2999635338783264,0.4518788754940033,7,0.1644620849522281,0.03490981968182507,0.025861556333820795,0.17727776182194552,0.11346907812086018,0.20455213902252062,7
CycleGAN-2.5D-T2+FLAIR,CycleGAN,GAN,2.5D,t2_flair,t2,cavity,0.0,post,8,0.6440301114855956,0.07896656054864075,0.05849924670851174,0.6315041191647011,0.5232932510610834,0.7484078908385104,7,7.525250583433605,0.8967639490395679,0.664332030288331,7.912792667966681,6.537507511166364,8.895989799972723,7,0.38821350250925335,0.04572875572866445,0.03387633631829058,0.3752005994319916,0.31983816623687744,0.4474104940891266,7,0.159728962696234,0.03528870856042428,0.026142241143065258,0.1676058693168064,0.11445906401301424,0.20180841428892954,7
SynDiff-2.5D-T2+FLAIR,SynDiff,SynDiff,2.5D,t2_flair,t2,cavity,0.0,post,8,0.6411536259337663,0.0818465774193938,0.06063279306378299,0.6241588212257125,0.543305129750901,0.7860433911765914,7,8.201934048166917,1.464274747794575,1.0847499134461553,8.95502891609141,6.481507448783345,9.585914917435739,7,0.3467226667063577,0.07955892939852953,0.05893807969365532,0.317595899105072,0.25942376255989075,0.44369781017303467,7,0.16080057260236277,0.03677870511706163,0.027246046039162655,0.17539900082808274,0.10400168485939502,0.19569498198953542,7
CUT-2D-T2+FLAIR,CUT,GAN,2D,t2_flair,t2,cavity,0.0,post,8,0.6347615153935872,0.0734894668812771,0.05444175893816147,0.637565086109372,0.5106865147005452,0.7325701334692464,7,7.473012008420776,0.951464525247403,0.7048547842293341,7.6611524338291055,6.305634261115428,8.931131483555967,7,0.39019379019737244,0.049830821667384485,0.03691518929221432,0.39266493916511536,0.3177661597728729,0.4584245979785919,7,0.16034148466452522,0.03411269950871814,0.02527104144576016,0.15994386499126753,0.12089666690338742,0.2049322628549167,7
CycleGAN-2D-T2,CycleGAN,GAN,2D,t2,t2,cavity,0.0,post,14,0.5931317737622579,0.10870369727666,0.059092002965575784,0.5836340671849504,0.3751494623630644,0.8453129889097402,13,7.648864264952261,1.7851276122347282,0.970406424057805,7.220252824142567,5.308230427544602,11.529532404160754,13,0.36415014473291546,0.07832921675796425,0.042580247267695055,0.3838992118835449,0.2102058380842209,0.4827428162097931,13,0.18304714956217263,0.05247839460542315,0.02852758026950896,0.1976041772535869,0.08070907140439697,0.28761561853545053,13
pix2pix-2D-T2+FLAIR,pix2pix,GAN,2D,t2_flair,flair,cavity,0.0,post,8,0.7014832450674245,0.02740921957394178,0.020305034014443838,0.6974987224966279,0.6706099731286325,0.75762657162214,7,13.224020454762854,2.627278621350453,1.9463152399515804,13.079775992122526,8.144597807381814,16.53034460480234,7,0.1894817746111325,0.08100723254423471,0.06001099767869448,0.17316104471683502,0.11981808394193649,0.36290428042411804,7,0.1627706865304363,0.03629637820509127,0.026888733262444602,0.16538910261754478,0.10808265690381329,0.21926290169358253,7
CycleGAN-2D+3D-post-T2+FLAIR,CycleGAN,GAN,2D+3D-post,t2_flair,flair,cavity,0.0,post,8,0.6991689683607891,0.02881612444648325,0.02134728372954337,0.6934152015064698,0.6708026375148789,0.7554066103214303,7,12.554229298940886,2.316508658152774,1.7160936294320492,12.648631180502656,8.369343122358673,15.379303437534517,7,0.20118930084364756,0.07356765342902195,0.05449968034329847,0.18738684058189392,0.12538789212703705,0.34894928336143494,7,0.16050105311312096,0.03971461083886394,0.029420995434696395,0.1618177913395422,0.09820614894852042,0.2228564362634312,7
pix2pix-2D+3D-post-T2+FLAIR,pix2pix,GAN,2D+3D-post,t2_flair,flair,cavity,0.0,post,8,0.696517547780115,0.02611721293655392,0.01934790210310737,0.6925323106210719,0.6638900320280096,0.7477540492321857,7,12.713113702308366,2.196333714941658,1.6270667856358312,12.244247303011669,8.78886918834228,15.601481052654737,7,0.19572472359452928,0.06594393746098315,0.048851952518364106,0.18009638786315918,0.12730097770690918,0.3249332904815674,7,0.16055383303019724,0.03826817392316121,0.028349459972190433,0.16888850182294846,0.10043718960757057,0.22286765514449638,7
CUT-2.5D-T2+FLAIR,CUT,GAN,2.5D,t2_flair,flair,cavity,0.0,post,8,0.696394772455795,0.028636391866608,0.021214135971066497,0.6925051255170805,0.6669143805914325,0.7525583139828718,7,13.136156196758792,2.7336236308550763,2.02509672548175,13.319860842997084,7.872983089511906,16.600158547648583,7,0.19353306080613816,0.08577689447522553,0.06354441268472555,0.1696772575378418,0.12280133366584778,0.3764752745628357,7,0.16524519978175692,0.03528971399823939,0.02614298598182216,0.16375703657312052,0.11260077496990561,0.21852765774185007,7
CycleGAN-2D-T2+FLAIR,CycleGAN,GAN,2D,t2_flair,flair,cavity,0.0,post,8,0.6957195259022331,0.033704187139805726,0.024968411247782048,0.7031120190891613,0.6435423794144057,0.7517416186710083,7,13.179884429218102,2.8978811941403135,2.1467804312377234,13.460596049839735,7.301403675903933,16.61832663169219,7,0.19407779829842703,0.0958282610572634,0.07099056925220246,0.17070487141609192,0.12022936344146729,0.4052654802799225,7,0.1615420159791836,0.033272171642526514,0.024648369688650574,0.15524407981761865,0.11585712277640899,0.2157547285949642,7
pix2pix-2.5D-T2+FLAIR,pix2pix,GAN,2.5D,t2_flair,flair,cavity,0.0,post,8,0.6942496742481212,0.028034953771191622,0.020768584394814316,0.6900169688440619,0.6641398611311866,0.7482707982628467,7,13.143426147427405,2.773517657733917,2.0546506341788846,13.076846780552081,7.718169338757895,16.553033710704657,7,0.19414886300052916,0.08797960302203373,0.06517620201189663,0.17552822828292847,0.12202269583940506,0.38419225811958313,7,0.15893034549208077,0.03428410482531927,0.025398020281274004,0.15804313921502658,0.10573045257478952,0.21457161415706982,7
CUT-2D+3D-post-T2+FLAIR,CUT,GAN,2D+3D-post,t2_flair,flair,cavity,0.0,post,8,0.694044491337351,0.02916714317945319,0.021607322045973133,0.6921300749709076,0.6645362245632384,0.7502114448468513,7,12.762472545378742,2.683196330426314,1.9877396585393532,12.437757673300158,8.027321828883471,16.677589507040363,7,0.1978666835597583,0.07994453280784944,0.05922373869686787,0.1784806251525879,0.11243530362844467,0.3596087396144867,7,0.16001657841131406,0.039136086330432314,0.02899241848122992,0.16695087289969837,0.10241865599527955,0.22015310857783665,7
CycleGAN-2.5D-T2+FLAIR,CycleGAN,GAN,2.5D,t2_flair,flair,cavity,0.0,post,8,0.6930065184758883,0.04031531082390385,0.02986600021112962,0.6994549290533593,0.6289118132230648,0.7597783648133768,7,13.158508267453161,2.930976301052308,2.171297629538349,13.245788504449909,7.236343644911826,16.687138872567804,7,0.19420601959739411,0.09581482401421404,0.07098061495140834,0.17026588320732117,0.12217777222394943,0.40482625365257263,7,0.15588069784292677,0.03406558400238675,0.025236137790218792,0.14378028798715345,0.1130654892573754,0.21405002237720924,7
SwinPix2Pix-2D-T2+FLAIR,SwinPix2Pix,GAN,2D,t2_flair,flair,cavity,0.0,post,8,0.6865422957216805,0.037830483051475496,0.028025214036861458,0.6914553597711758,0.623862329846497,0.7500341933340322,7,12.97115494264278,2.9811493753450025,2.208466363123559,12.83575364775086,7.112515165966087,16.37003951147349,7,0.1974797397851944,0.09531637476398556,0.07061135857936682,0.17750857770442963,0.12285804748535156,0.40395188331604004,7,0.15884556234761912,0.027434974576671926,0.02032411358747097,0.16014322265982628,0.12541744144012532,0.20758370784195987,7
ResViT-2D+3D-refine-T2+FLAIR,ResViT,ResViT,2D+3D-refine,t2_flair,flair,cavity,0.0,post,8,0.6847566230729759,0.04197595893197454,0.031096225545690213,0.6982090640298186,0.6160444479633055,0.7256323369504191,7,12.43437505179114,1.5605970562790286,1.1561064781542585,12.808712689912449,9.404613347548752,13.837190698533984,7,0.20089179064546311,0.048467572229757144,0.035905279975879355,0.19131027162075043,0.15480834245681763,0.2999676465988159,7,0.13690796737631458,0.034111584000653256,0.02527021506582111,0.12730190209630463,0.09249579567800868,0.190870551019907,7
SwinPix2Pix-2D+3D-post-T2+FLAIR,SwinPix2Pix,GAN,2D+3D-post,t2_flair,flair,cavity,0.0,post,8,0.683698307943278,0.03418928178520609,0.025327774390118407,0.6779475946646197,0.6577461744271675,0.7529662092256538,7,11.980089085834782,2.382165425372525,1.7647328432585867,12.196500095782707,7.94719904636964,14.572386628973371,7,0.2145674420254571,0.07299468467605619,0.05407521915107817,0.2186000794172287,0.13887330889701843,0.3549661636352539,7,0.15992846794241558,0.0370308180146031,0.027432813887340514,0.1552472372007157,0.10815047814200322,0.22269151562994177,7
ResViT-2.5D-T2+FLAIR,ResViT,ResViT,2.5D,t2_flair,flair,cavity,0.0,post,8,0.679535788887068,0.04065226840146658,0.03011562187786035,0.6831414197878858,0.6275813523560146,0.7319439535952444,7,12.497182257409927,2.512002194602849,1.8609172679349322,13.124484392221165,7.619878070179822,15.712411869531199,7,0.20532866248062678,0.07421670752641686,0.054980506347456104,0.17207397520542145,0.13358773291110992,0.35485583543777466,7,0.13676593744384452,0.02557351226610216,0.01894512300983853,0.13037229464812713,0.1086774617433548,0.17873857095837592,7
CUT-2D-T2+FLAIR,CUT,GAN,2D,t2_flair,flair,cavity,0.0,post,8,0.6760763968729295,0.048516612168723494,0.03594160927106749,0.6706341414547824,0.5945050528406174,0.7333628424003192,7,13.209257744479048,3.0481698743611156,2.258115843602783,14.384084463512952,6.6363954147760476,15.786860105183722,7,0.19459451309272222,0.10889253415332997,0.08066871820036917,0.15814153850078583,0.13196715712547302,0.4390821158885956,7,0.15925941522581352,0.030154035936801615,0.022338422431830863,0.16013819178832428,0.12560816574841738,0.21517553790049118,7
ResViT-3D-T2+FLAIR,ResViT,ResViT,3D,t2_flair,flair,cavity,0.0,post,8,0.6742538717937191,0.05199581353889763,0.03851903771531435,0.6569384530766244,0.6073027010022408,0.741063979931291,7,11.547380206161423,2.921756983665017,2.1644678636402754,10.240146085684005,7.733574497152382,15.034286637259942,7,0.23282983899116516,0.08189347237869583,0.060667533335798565,0.2357058823108673,0.14603079855442047,0.3640615940093994,7,0.14743884137334812,0.0411379003196531,0.03047538303744666,0.13632590595919353,0.10096496849187783,0.21740051805973054,7
SwinPix2Pix-3D-T2+FLAIR,SwinPix2Pix,GAN,3D,t2_flair,flair,cavity,0.0,post,8,0.6739800257150014,0.042345046643675,0.03136964954888642,0.6795488942042217,0.6006092408302746,0.7328580864548832,7,12.435198164749467,2.3317194722068044,1.7273619581752766,12.716422230906508,7.81875010512295,14.92904826815341,7,0.20514661286558425,0.07902275461217957,0.05854087585335066,0.19369567930698395,0.1365872472524643,0.3676498532295227,7,0.14711163958530374,0.034989434724820356,0.025920535983048665,0.13800000765227846,0.10787676243732373,0.21301091462373734,7
ResViT-2D-T2+FLAIR,ResViT,ResViT,2D,t2_flair,flair,cavity,0.0,post,8,0.6716271997486111,0.05635783107835022,0.041750465530004506,0.6894793177474454,0.6120227771912645,0.7393479327349759,7,11.491056883092188,1.4005574824505906,1.0375475027161922,11.397601159032572,9.511194793374694,13.384004900110414,7,0.2238724465881075,0.04342144427672766,0.032167056074571675,0.2225257009267807,0.15985824167728424,0.29373374581336975,7,0.13764459960095712,0.03797305100056943,0.02813082985156615,0.14125862132225717,0.08899546634744514,0.2079908713698387,7
SwinPix2Pix-2.5D-T2+FLAIR,SwinPix2Pix,GAN,2.5D,t2_flair,flair,cavity,0.0,post,8,0.6701450009370672,0.0470648043914282,0.0348660950186135,0.6704146488287837,0.5809415239202781,0.728680147873111,7,12.89149901643371,3.1675908864731896,2.346584167424753,13.16269695734001,6.329091941972612,16.178377752146197,7,0.20289680787495204,0.10811776164379594,0.08009475869316376,0.1736765056848526,0.1296701282262802,0.4420490562915802,7,0.16170283371306743,0.01944638998510645,0.01440608730359924,0.15654157226284346,0.1414166142543157,0.20271341925994915,7
CycleGAN-3D-T2+FLAIR,CycleGAN,GAN,3D,t2_flair,flair,cavity,0.0,post,8,0.6646789699546172,0.043066587903161764,0.031904174794203224,0.6608206361877763,0.6133832103530893,0.7319399690204915,7,12.32144591963265,2.4165579183044086,1.7902111585728737,12.979129473921168,7.336449310903102,15.014904094184157,7,0.21187398902007512,0.08422136629199382,0.06239206128027426,0.18674980103969574,0.14168681204319,0.3933415412902832,7,0.1352295093651603,0.028087398644961337,0.020807436101004072,0.13163968734443188,0.10284217194254909,0.18604743920943953,7
pix2pix-3D-T2+FLAIR,pix2pix,GAN,3D,t2_flair,flair,cavity,0.0,post,8,0.6626454854296439,0.05462982557641221,0.0404703411397663,0.666869932290893,0.5667011943470651,0.7368733186718525,7,12.039795536884114,1.8940625649874674,1.403141184075107,12.104647558513069,8.014050320157693,13.483843656480035,7,0.21418651725564683,0.06869254546484613,0.05088814982271458,0.19023457169532776,0.16173155605793,0.3623593747615814,7,0.1449693736090223,0.03186320791543771,0.02360459475275803,0.1299166213721037,0.1114532317345341,0.20541524243625728,7
SynDiff-3D-T2+FLAIR,SynDiff,SynDiff,3D,t2_flair,flair,cavity,0.0,post,8,0.6549684505956653,0.0434260263695086,0.0321704505364068,0.6527521024453802,0.6018221754627533,0.725346172788454,7,11.005479134569386,2.0654432404081127,1.5301017651469928,10.18411333883979,8.311603100008561,13.781898069165859,7,0.24179108015128545,0.06511794807048904,0.048240051014773036,0.24818260967731476,0.15699438750743866,0.3409935534000397,7,0.13803891234685922,0.030071855734773507,0.022277542486198225,0.14179475063627417,0.0968242906300085,0.17896623760461808,7
CUT-3D-T2+FLAIR,CUT,GAN,3D,t2_flair,flair,cavity,0.0,post,8,0.6489142894774558,0.0332308464377987,0.024617755548565757,0.6517640053288928,0.5957909194364074,0.6903892303354465,7,11.534022350214242,2.284225083894739,1.6921776229347163,11.128611830117476,7.597870400433137,14.715971304808857,7,0.23013356115136827,0.07626932150653067,0.05650110406357488,0.22563548386096954,0.14362986385822296,0.37546348571777344,7,0.13227247554954571,0.034815084614287194,0.025791375613660995,0.13205252986933505,0.08063248584845237,0.19260355457663536,7
SynDiff-3D+3D-refine-T2+FLAIR,SynDiff,SynDiff,3D+3D-refine,t2_flair,flair,cavity,0.0,post,8,0.6313667188610834,0.036770199127347074,0.027239744713799682,0.6310341062299735,0.5910556390939457,0.6947685370344774,7,10.211322792872783,1.5999360338090658,1.1852492005395487,11.018772833176211,7.85057342562448,11.829780895445438,7,0.25849901139736176,0.04767279295786449,0.03531649925170661,0.2365867793560028,0.21033170819282532,0.3253973722457886,7,0.14936280658144385,0.025186094467151487,0.018658119887977546,0.14708141343934195,0.10677040774713863,0.18695666790008544,7
SynDiff-2.5D-T2+FLAIR,SynDiff,SynDiff,2.5D,t2_flair,flair,cavity,0.0,post,8,0.6190146156485953,0.03460807110343809,0.025638017858694608,0.611601154773408,0.5753110655109303,0.6604841701263416,7,10.930162875923445,1.6978331275686855,1.2577723825054483,11.589027005102126,7.870960340275604,12.653406549234623,7,0.23603305859225138,0.059775790339011474,0.04428252518462127,0.2209014743566513,0.17866730690002441,0.36012130975723267,7,0.14637681326137142,0.025343176490954644,0.018774487879695673,0.14773339608853514,0.10739641805941408,0.18250246793031694,7
SynDiff-2D-T2+FLAIR,SynDiff,SynDiff,2D,t2_flair,flair,cavity,0.0,post,8,0.6124545445489475,0.039456492110236656,0.029229778404587122,0.6154680987022285,0.555024826409369,0.6595206424299422,7,10.221209823661704,1.8806717966680924,1.393221164080705,11.197468226276655,7.4834550954658265,12.336800140543984,7,0.2608671209641865,0.05968513253051383,0.04421536494022782,0.23213443160057068,0.2092023342847824,0.34920597076416016,7,0.1564273618013879,0.030720482738361473,0.022758052094835956,0.14530779861591078,0.11532993987202644,0.20444584488868714,7
CUT-2D+3D-post-T2+FLAIR,CUT,GAN,2D+3D-post,t2_flair,t2,cavity,0.0,pre,12,0.7239165488241253,0.0008569628377623867,0.0009697447411325344,0.7238575977394174,0.7230905836131161,0.7248014651198424,3,12.874948409006413,1.8720856991959673,2.1184643974586077,12.623100986446392,11.141535001325348,14.860209239247492,3,0.19636023292938867,0.07148756132109188,0.08089579103398688,0.2123955637216568,0.11821680516004562,0.2584683299064636,3,0.10115838642925779,0.010364308377897268,0.01172831901460883,0.10410562351656456,0.08963965796507321,0.10972987780613559,3
CycleGAN-2D+3D-post-T2+FLAIR,CycleGAN,GAN,2D+3D-post,t2_flair,t2,cavity,0.0,pre,12,0.7235441206549974,0.02247745059835588,0.025435629821168274,0.7306812206654126,0.6983646442933715,0.7415864970062077,3,12.933395803564586,0.5430544585755384,0.6145239701726987,13.227355427696821,12.306729688260825,13.266102294736115,3,0.1869432677825292,0.03884891074431594,0.043961680988870926,0.1978985071182251,0.1437930464744568,0.2191382497549057,3,0.11074954219061117,0.027714741071921956,0.031362181908054045,0.10299249412491918,0.08773981550565133,0.141516316941263,3
CycleGAN-2D-T2+FLAIR,CycleGAN,GAN,2D,t2_flair,t2,cavity,0.0,pre,12,0.7182116077084452,0.01689979595410928,0.019123919416975294,0.7237112085052746,0.6992470332876408,0.7316765813324202,3,12.836847689996667,0.9207740260617677,1.041953898346771,12.87124341858031,11.899357748448177,13.739941902961517,3,0.1940569430589676,0.04609831774882842,0.05216515727649099,0.2069508284330368,0.14288455247879028,0.23233544826507568,3,0.10745826602222053,0.02080778970431976,0.02354623065457907,0.1041046588992079,0.08853096557924381,0.1297391735882099,3
SwinPix2Pix-2.5D-T2+FLAIR,SwinPix2Pix,GAN,2.5D,t2_flair,t2,cavity,0.0,pre,12,0.7181486772335255,0.016181658468205126,0.01831127035020352,0.723832109035957,0.6998920327566734,0.730721889907946,3,12.73228365954958,1.0353594121029501,1.1716194691598758,12.33555922146518,11.953954319090968,13.907337438092593,3,0.19875415662924448,0.04736183174880584,0.05359495796659416,0.2212935835123062,0.14433211088180542,0.23063677549362183,3,0.10825287935036032,0.01587817327586489,0.017967844525517827,0.10965411039069295,0.09172052986776599,0.12338399779262199,3
CycleGAN-2.5D-T2+FLAIR,CycleGAN,GAN,2.5D,t2_flair,t2,cavity,0.0,pre,12,0.7180055116847862,0.013287067905557746,0.01503573277474862,0.7211314117180072,0.7034341899305738,0.7294509334057772,3,12.384510581300432,1.5222489838651538,1.7225868867920344,12.776845007845028,10.704497944074063,13.672188791982204,3,0.2090552101532618,0.06766470531244,0.07656982222047691,0.2100280523300171,0.1409093290567398,0.27622824907302856,3,0.11109291416140454,0.018074849314625618,0.020453617470027607,0.10808190703392029,0.0947126536988295,0.13048418175146384,3
pix2pix-2.5D-T2+FLAIR,pix2pix,GAN,2.5D,t2_flair,t2,cavity,0.0,pre,12,0.7130219642144539,0.016608196097615,0.018793943115915743,0.7183215217307982,0.6944107257731871,0.7263336451393761,3,12.56282097771655,1.0552060521464595,1.1940780565842701,12.307611455575891,11.65862590968093,13.722225567892831,3,0.20120643575986227,0.05346791540649767,0.060504642091781156,0.2228846549987793,0.14030377566814423,0.24043087661266327,3,0.11137253539059629,0.020321176827167834,0.022995576346374055,0.11174815396467845,0.09086615305680495,0.13150329915030548,3
CUT-2.5D-T2+FLAIR,CUT,GAN,2.5D,t2_flair,t2,cavity,0.0,pre,12,0.7122336347528387,0.01241382400338041,0.014047564274847662,0.7101728754379427,0.7009791464960008,0.7255488823245729,3,12.394537778875621,1.6837074056287873,1.9052942907976398,12.278137838152688,10.772050711707795,14.133424786766383,3,0.21246478954950967,0.06645463130204796,0.07520049457142405,0.22300584614276886,0.14136962592601776,0.27301889657974243,3,0.10554954850939881,0.010302461118056749,0.011658332251658406,0.10842447611503303,0.09411499520333913,0.11410917420982428,3
SwinPix2Pix-2D-T2+FLAIR,SwinPix2Pix,GAN,2D,t2_flair,t2,cavity,0.0,pre,12,0.7102803423221443,0.01770405051598744,0.02003401912905808,0.718192131103527,0.6900000458480159,0.7226488500148901,3,12.898571882460635,1.2830529434079172,1.4519110860317614,13.037126665092282,11.551864733880192,14.10672424840943,3,0.19351065158843994,0.052423839248087474,0.05932315869560047,0.20067964494228363,0.13787125051021576,0.24198105931282043,3,0.10669321815951065,0.014541406461703427,0.016455150472718064,0.1026078793220222,0.09463145540883908,0.12284031974767069,3
SwinPix2Pix-2D+3D-post-T2+FLAIR,SwinPix2Pix,GAN,2D+3D-post,t2_flair,t2,cavity,0.0,pre,12,0.7069919421857369,0.031599268571144104,0.035757938582860846,0.7201143485586948,0.6709457324286549,0.7299157455698612,3,12.79795598660093,0.7204225719411675,0.8152348850474106,12.778548420921256,12.087433282869968,13.527886256011568,3,0.18797412514686584,0.036786576947359775,0.04162793060212117,0.18690375983715057,0.15173441171646118,0.22528420388698578,3,0.12312559472889924,0.031626648770061584,0.03578892219468317,0.10866576218261169,0.10131364734843373,0.15939737465565226,3
pix2pix-2D-T2+FLAIR,pix2pix,GAN,2D,t2_flair,t2,cavity,0.0,pre,12,0.70470549846219,0.01288348814852298,0.01457903928727615,0.7032217649730357,0.6926281153038673,0.7182666151096674,3,12.240785155480937,1.3754401996431493,1.5564571082556815,12.282488860679539,10.844967360203812,13.59489924555946,3,0.21064082781473795,0.06213849830869988,0.07031633030211128,0.22382138669490814,0.14296947419643402,0.2651316225528717,3,0.1134320632558855,0.014190003627181492,0.0160575007313518,0.11036325998914738,0.10102756113673632,0.1289053686417728,3
pix2pix-2D+3D-post-T2+FLAIR,pix2pix,GAN,2D+3D-post,t2_flair,t2,cavity,0.0,pre,12,0.7041732697262398,0.027203589029256205,0.03078375891997144,0.7052782462718135,0.6764340286830693,0.7308075342238368,3,12.282985994733592,0.9287504698656305,1.05098009422235,12.666166795697045,11.223952921445537,12.95883826705819,3,0.2053883820772171,0.04988088563512795,0.05644553578776179,0.21283137798309326,0.152204230427742,0.25112953782081604,3,0.12393501303479944,0.024788458733942465,0.028050781712761718,0.11394328015068403,0.10570176752905051,0.1521599914246638,3
CUT-2D-T2+FLAIR,CUT,GAN,2D,t2_flair,t2,cavity,0.0,pre,12,0.7026985415047923,0.009758482963184722,0.01104276302072707,0.7050436269277802,0.691981187610675,0.7110708099759219,3,12.703632125116508,2.341150626600323,2.649261331183069,12.083313516410554,10.735109820687576,15.292473038251398,3,0.20665980378786722,0.07478386979144439,0.08462591521605939,0.22469566762447357,0.1245073527097702,0.2707763910293579,3,0.09670902039323818,0.004248851811747871,0.004808028445028546,0.09793552088030126,0.09198182871421942,0.10020971158519387,3
pix2pix-3D-T2+FLAIR,pix2pix,GAN,3D,t2_flair,t2,cavity,0.0,pre,12,0.6797875393708123,0.05637772798041277,0.06379740499454999,0.7102111139885077,0.6147334728921218,0.7144180312318077,3,11.517180279512587,0.9694294704845599,1.0970127168594492,11.500269890601961,10.556316626888083,12.494954321047715,3,0.2276893009742101,0.04810590887313087,0.05443696049752688,0.21484461426734924,0.18730951845645905,0.280913770198822,3,0.138741872317521,0.06421387971568852,0.07266484544954353,0.10927837761119008,0.09454697707238105,0.21240026226899186,3
SwinPix2Pix-3D-T2+FLAIR,SwinPix2Pix,GAN,3D,t2_flair,t2,cavity,0.0,pre,12,0.678055860821015,0.05610130044884055,0.06348459779541128,0.7030793155122415,0.6137973852825136,0.71729088166829,3,11.338814481334026,1.0314394992075997,1.1671836701398282,11.531780504671264,10.224519833897922,12.260143105432892,3,0.23306085666020712,0.05520975951457113,0.06247572425455901,0.22212252020835876,0.18413901329040527,0.2929210364818573,3,0.13609468660757154,0.058150551564996204,0.06580354373516852,0.1075649574243774,0.09771900065243244,0.20300010174590474,3
ResViT-2D+3D-refine-T2+FLAIR,ResViT,ResViT,2D+3D-refine,t2_flair,t2,cavity,0.0,pre,12,0.6753564575309495,0.035472413992390206,0.040140815223932175,0.6953903350096593,0.6343996582663183,0.696279379316871,3,11.436969145231506,0.6276673559015606,0.7102724771069611,11.23020969843374,10.93876412145476,12.141933615806021,3,0.22740106781323752,0.047084005850225166,0.05328056836622069,0.2477782964706421,0.17356064915657043,0.2608642578125,3,0.14003440700191724,0.03172388468913327,0.03589895499542302,0.12173296585679054,0.12170426516483228,0.1766659899841289,3
CycleGAN-2D+3D-post-T2,CycleGAN,GAN,2D+3D-post,t2,t2,cavity,0.0,pre,16,0.674365803415213,0.11148915542321934,0.10925937231475495,0.7274065391522264,0.5072533919181933,0.7353967434382058,4,10.781904026251453,3.8360594300464252,3.7593382414454966,11.602626071941692,5.521706064423938,14.400657896698494,4,0.27642506547272205,0.15651345796884408,0.1533831888094672,0.24791169911623,0.12044530361890793,0.48943156003952026,4,0.15451063626832176,0.0899937261518792,0.08819385162884161,0.11580272886480782,0.09759620734705375,0.2888408799966176,4
SynDiff-2.5D-T2,SynDiff,SynDiff,2.5D,t2,t2,cavity,0.0,pre,16,0.6723230737847162,0.046829741495292974,0.045893146665387116,0.68660096934491,0.6052010784985377,0.7108892779505072,4,11.395468757549372,0.7065323355705866,0.6924016888591749,11.294327365931338,10.689971896780538,12.303248401554272,4,0.22101102396845818,0.02538019963643718,0.024872595643708435,0.21947108209133148,0.19590190052986145,0.2492000311613083,4,0.16061733511553425,0.049909454202495915,0.048911265118446,0.14976849277747106,0.1200137935578823,0.22291856134931246,4
pix2pix-2.5D-T2,pix2pix,GAN,2.5D,t2,t2,cavity,0.0,pre,16,0.6721549800614173,0.08281270566438301,0.08115645155109534,0.7060649583012822,0.5492755453559136,0.7272144582871913,4,11.179311667573856,3.42506956761278,3.356568176260524,11.73832399780462,6.580705232627203,14.659893442058973,4,0.26157404109835625,0.13077580795695823,0.12816029179781907,0.24065984040498734,0.12695401906967163,0.4380224645137787,4,0.13898071290136463,0.06757434314044365,0.06622285627763477,0.10967453186804917,0.09665356411670263,0.23992022375265756,4
pix2pix-2D+3D-post-T2,pix2pix,GAN,2D+3D-post,t2,t2,cavity,0.0,pre,16,0.668924484410713,0.08494067824722619,0.08324186468228166,0.6973398232472946,0.5462117312981595,0.7348065598501033,4,11.167164934055346,3.0298566957777404,2.9692595618621858,12.164848338995107,6.856745816793863,13.482217241437311,4,0.24856992438435555,0.11350600373485616,0.11123588366015903,0.22612068802118301,0.13796332478523254,0.4040749967098236,4,0.15660398642776874,0.07632230019511164,0.0747958541912094,0.1273469059792477,0.1046727094023178,0.2670494243502617,4
CycleGAN-3D-T2+FLAIR,CycleGAN,GAN,3D,t2_flair,t2,cavity,0.0,pre,12,0.6683417400805366,0.05872836056788238,0.06645739617454731,0.7009017740951033,0.6005456724315466,0.7035777737149601,3,11.58058054318389,0.6651238344387853,0.7526584727210308,11.592713202218984,10.909473377268224,12.239555050064457,3,0.22695203125476837,0.03504739392476645,0.03965985974104318,0.2187451720237732,0.19673629105091095,0.26537463068962097,3,0.1285861565915399,0.06792426969405159,0.07686354696904407,0.09141898155212402,0.08735622358150207,0.20698326464099365,3
SynDiff-3D+3D-refine-T2,SynDiff,SynDiff,3D+3D-refine,t2,t2,cavity,0.0,pre,16,0.6678390887171503,0.04791342386844559,0.046955155391076676,0.6648681943867916,0.6123300138724488,0.7292899522225693,4,11.371541871711486,1.3556477151493078,1.3285347608463216,11.283963546425376,10.07611943665175,12.842120957343443,4,0.22604914754629135,0.052964472633677796,0.05190518318100424,0.22536635398864746,0.17637598514556885,0.27708789706230164,4,0.1631892744040637,0.06217446056039674,0.0609309713491888,0.1533861517704822,0.1060565534979105,0.23992824057737985,4
CUT-2D+3D-post-T2,CUT,GAN,2D+3D-post,t2,t2,cavity,0.0,pre,16,0.6666929632151026,0.09598772554715808,0.09406797103621492,0.7022210989173177,0.528186073684823,0.7341435813409524,4,10.901224086942097,2.9887750851848596,2.928999583481162,12.008371262953172,6.533452676014867,13.05470114584718,4,0.25850968062877655,0.11477490898384052,0.11247941080416371,0.23178455978631973,0.150889053940773,0.4195805490016937,4,0.159097063392114,0.08629506690974588,0.08456916557155096,0.1330184424677143,0.08924386843752402,0.28110750019550323,4
pix2pix-2D-T2,pix2pix,GAN,2D,t2,t2,cavity,0.0,pre,16,0.6658816783116615,0.08445774263913328,0.08276858778635061,0.6992935914013573,0.5410811526071463,0.7238583778367853,4,11.001053306750524,3.414846717497633,3.3465497831476805,11.763364343695475,6.272627049764779,14.204857489846368,4,0.26638780161738396,0.1375669051311182,0.13481556702849581,0.23830387741327286,0.13224780559539795,0.45669564604759216,4,0.14766427078098293,0.07011324219610111,0.06871097735217908,0.11908758513926018,0.10115609941287683,0.2513258134325345,4
ResViT-2D-T2+FLAIR,ResViT,ResViT,2D,t2_flair,t2,cavity,0.0,pre,12,0.6658808835478195,0.014261960760155462,0.016138927892733367,0.6649728679003157,0.6520946260856952,0.6805751566574476,3,11.408522183426095,0.9407790717009119,1.064591738577196,10.907460327952013,10.824326794043522,12.493779428282757,3,0.22620086868604025,0.05883441332967432,0.0665774061720623,0.25817885994911194,0.15830287337303162,0.2621208727359772,3,0.13347725054366633,0.02064373058413298,0.023360580283261483,0.1267122756689787,0.11706479042768478,0.15665468553433548,3
CUT-3D-T2+FLAIR,CUT,GAN,3D,t2_flair,t2,cavity,0.0,pre,12,0.6613269277016673,0.051342495737062836,0.058099503319934465,0.686555345723762,0.6022509380361171,0.6951744993451232,3,11.672686389795837,0.6025474077807101,0.6818465798401402,11.844942164342122,11.00276972246192,12.17034728258347,3,0.22326882680257162,0.03538287571178706,0.040039493121130525,0.221151202917099,0.18899232149124146,0.2596629559993744,3,0.12573479998445136,0.05258557640099977,0.05950618151359334,0.09898331924341619,0.09190342697099997,0.1863176537389379,3
CUT-2.5D-T2,CUT,GAN,2.5D,t2,t2,cavity,0.0,pre,16,0.6607686580171953,0.0924615068005524,0.09061227666454136,0.6996017587835344,0.5232439404350325,0.72062717406668,4,10.68751890650669,3.352655356029388,3.2856022489088,11.642674472976882,5.902620233513361,13.562106446559632,4,0.27818488702178,0.1421116181060339,0.13926938574391323,0.2424897402524948,0.14840199053287506,0.47935807704925537,4,0.14659888176621136,0.0733896323056582,0.07192183965954504,0.12149859017795063,0.09025128852002896,0.25314705818891525,4
ResViT-2D+3D-refine-T2,ResViT,ResViT,2D+3D-refine,t2,t2,cavity,0.0,pre,16,0.6601181731702369,0.060295285507354766,0.05908937979720767,0.6560414757093933,0.59792998072309,0.7304597605390711,4,10.734902107877295,2.213045668747567,2.1687847553726156,11.472551981978631,7.572973484564151,12.421530982987765,4,0.25135547667741776,0.08845930551384446,0.08669011940356756,0.23427734524011612,0.16576002538204193,0.37110719084739685,4,0.18113737879635616,0.10681544971617192,0.10467914072184847,0.1445417250569507,0.1016378691419959,0.3338281959295273,4
CUT-2D-T2,CUT,GAN,2D,t2,t2,cavity,0.0,pre,16,0.6594022289286867,0.10020225273383473,0.09819820767915804,0.7000580014927923,0.5119149473266452,0.7255779654025173,4,10.768006273225593,3.4081348506707227,3.339972153657308,11.778455848536819,5.858954630623576,13.656158765205163,4,0.275410283356905,0.1410454613853525,0.13822455215764545,0.23812498152256012,0.14870719611644745,0.47668397426605225,4,0.15100066651091884,0.08062999645013359,0.07901739652113092,0.12311835713834235,0.08932345510961917,0.2684424966573715,4
SwinPix2Pix-2D+3D-post-T2,SwinPix2Pix,GAN,2D+3D-post,t2,t2,cavity,0.0,pre,16,0.6591760772713411,0.11219844874147951,0.10995447976664992,0.697942191243709,0.49869882640202023,0.7421211001959263,4,11.15071405782292,3.378804965407741,3.311228866099586,12.604686334044615,6.150361827523612,13.243121735678836,4,0.2497972808778286,0.12910952932033315,0.1265273387339265,0.21233805269002914,0.13887852430343628,0.4356344938278198,4,0.16036964629957157,0.08379969041158089,0.08212369660334927,0.13145261795465552,0.09918085850464801,0.2793924907843272,4
ResViT-3D-T2+FLAIR,ResViT,ResViT,3D,t2_flair,t2,cavity,0.0,pre,12,0.6587430208514693,0.054411744427272764,0.061572685172639585,0.6853258690548859,0.5961499530888805,0.6947532404106413,3,11.424881343388984,0.27813009267574534,0.31473382839711117,11.284737749252972,11.244700911258532,11.745205369655453,3,0.22410127023855844,0.02755160510683643,0.03117757618507503,0.23736387491226196,0.1924266368150711,0.24251329898834229,3,0.12812386810242593,0.029295401600649966,0.03315086768030077,0.13171837199479342,0.09719707425683737,0.155456158055647,3
SwinPix2Pix-2D-T2,SwinPix2Pix,GAN,2D,t2,t2,cavity,0.0,pre,16,0.6573898771790253,0.11885380197887309,0.11647672593929563,0.7065791348298374,0.48267147910683966,0.7337297599495868,4,11.197320873570009,3.8705607785079432,3.7931495629377845,12.431820415778624,5.58254895050993,14.343093712212852,4,0.26354679837822914,0.15733955035347452,0.15419275934640503,0.21743684262037277,0.12869292497634888,0.49062058329582214,4,0.15087479957735042,0.08987689947038266,0.088079361480975,0.11219537948324745,0.09456420983546056,0.2845442295074463,4
CycleGAN-2.5D-T2,CycleGAN,GAN,2.5D,t2,t2,cavity,0.0,pre,16,0.6571540223630101,0.11588964896722448,0.11357185598787999,0.710669241439627,0.48370589383098417,0.7235717127418022,4,10.472116471731251,3.765129600488329,3.689827008478562,11.549165759471302,5.149418447927316,13.640715920055086,4,0.2897370643913746,0.16143748155840207,0.15820873192723403,0.24833760410547256,0.14495056867599487,0.5173224806785583,4,0.15603757961476206,0.09153237613264206,0.08970172860998922,0.11849949073456671,0.09536084167372721,0.29179049531618756,4
SynDiff-3D-T2+FLAIR,SynDiff,SynDiff,3D,t2_flair,t2,cavity,0.0,pre,12,0.6556125610869193,0.1301523362064705,0.14728123323515024,0.7263209070362846,0.5054111940680165,0.7351055821564572,3,11.80586383610688,1.1567119212844312,1.3089427606916946,12.355810037804364,10.47677885776581,12.585002612750468,3,0.21219434837500253,0.016056875037111958,0.01817006460504071,0.21157537400722504,0.1964559108018875,0.22855176031589508,3,0.1609976279938051,0.07542670614775328,0.08535335303304463,0.11977541260421276,0.11516526558746894,0.24805220578973358,3
SynDiff-2D-T2,SynDiff,SynDiff,2D,t2,t2,cavity,0.0,pre,16,0.6554404790254642,0.04812690030020712,0.04716436229420298,0.6640395491686544,0.5924012394003577,0.7012815783641903,4,11.180404015861274,0.4797785167872262,0.4701829464514817,11.30254581078929,10.508853296076012,11.607671145790508,4,0.22981571778655052,0.01817911289984113,0.017815530641844306,0.23342245817184448,0.2054048478603363,0.24701310694217682,4,0.17043278476617693,0.06970319736963382,0.06830913342224114,0.1520808161874008,0.11414072923362255,0.26342877745628357,4
SynDiff-2D-T2+FLAIR,SynDiff,SynDiff,2D,t2_flair,t2,cavity,0.0,pre,12,0.6553173978730826,0.04938668328210121,0.05588629317911569,0.663048915170756,0.602520951350342,0.7003823270981498,3,11.451335377249018,0.636226394520138,0.7199579410778235,11.708599455478403,10.726762551962008,11.918644124306649,3,0.22257270912329355,0.03773113226649956,0.04269679556695007,0.22354832291603088,0.1843632310628891,0.2598065733909607,3,0.1506431558449101,0.04109561995425117,0.046504071796478884,0.14095694463079175,0.11525588780641556,0.195716635097523,3
SynDiff-3D+3D-refine-T2+FLAIR,SynDiff,SynDiff,3D+3D-refine,t2_flair,t2,cavity,0.0,pre,12,0.6542917586492932,0.04746004249973687,0.05370609389342936,0.6562978706551774,0.6058604698093403,0.700716935483362,3,11.258275521143235,0.7694338886930259,0.8706964110106565,11.568185067044274,10.382213568857473,11.82442792752796,3,0.2275800108909607,0.043752548076877514,0.04951066900343786,0.2233106791973114,0.18611863255500793,0.27331072092056274,3,0.1570090193010576,0.04247427817344288,0.048064170436661696,0.14995607485373816,0.11850269138813019,0.20256829166130438,3
SynDiff-2.5D-T2+FLAIR,SynDiff,SynDiff,2.5D,t2_flair,t2,cavity,0.0,pre,12,0.6512741838835937,0.06487011056984153,0.07340744056772323,0.6692319062279576,0.5793169819783033,0.7052736634445204,3,11.095045160782291,0.8387589696302804,0.9491451251264609,10.966016442809735,10.32827719613296,11.99084184340418,3,0.23808224002520242,0.03337243661554885,0.03776446711646168,0.22220714390277863,0.2156108170747757,0.276428759098053,3,0.1368528805069021,0.04705015809553049,0.0532422660260632,0.12107605393975973,0.09971867520362139,0.18976391237732526,3
SwinPix2Pix-2.5D-T2,SwinPix2Pix,GAN,2.5D,t2,t2,cavity,0.0,pre,16,0.6488607960032817,0.13050637184097066,0.12789624440415126,0.7020820897004239,0.456398111848993,0.7348808927632864,4,11.25955229170222,3.8645264103669255,3.787235882159587,12.310091504470503,5.734777030153284,14.683249127714594,4,0.262287562713027,0.1542865026023395,0.1512007725502927,0.22058410197496414,0.12475544959306717,0.48322659730911255,4,0.1552724184945137,0.09813842210349538,0.09617565366142547,0.11075883299954944,0.09781440161168575,0.30175760636727017,4
ResViT-2.5D-T2+FLAIR,ResViT,ResViT,2.5D,t2_flair,t2,cavity,0.0,pre,12,0.6459880265073652,0.03427216869849021,0.03878260981461975,0.6617250524515477,0.6066736702786228,0.669565356791925,3,10.948448195259985,0.8917693697879732,1.0091320399762125,10.616256389594902,10.27045342637605,11.958634769808999,3,0.24477965633074442,0.0573256282518476,0.06487005512923052,0.2709251940250397,0.1790425181388855,0.2843712568283081,3,0.13728263956178594,0.04095387742289393,0.04634367502275483,0.11479367067416509,0.11250067837536334,0.18455356963582942,3
ResViT-2D-T2,ResViT,ResViT,2D,t2,t2,cavity,0.0,pre,16,0.6351934368391611,0.0814887818961316,0.07985900625820896,0.6550935828809503,0.5274612338294681,0.7031253477652755,4,10.505171255279325,2.4816539686778665,2.432020889304309,11.550341273876537,6.818368261203486,12.101634212160741,4,0.2598588205873966,0.09413488918228242,0.09225219139863677,0.23020939528942108,0.18306271731853485,0.3959537744522095,4,0.19577581414067696,0.11715446342478221,0.11481137415628656,0.15337632261929815,0.11359744854271411,0.3627531627813975,4
ResViT-2.5D-T2,ResViT,ResViT,2.5D,t2,t2,cavity,0.0,pre,16,0.6349813565833621,0.07612439922816096,0.07460191124359773,0.6272430048592583,0.5670600213799182,0.7183793952350135,4,10.466312198437082,2.1294120219352104,2.086823781496506,11.449228305547727,7.278312588157903,11.688479594494973,4,0.26208947226405144,0.0766537365081431,0.07512066177798023,0.2365546002984047,0.20097264647483826,0.3742760419845581,4,0.18947053981571552,0.1027764920334841,0.10072096219281441,0.16267918196070502,0.10433981157839298,0.32818398376305896,4
CycleGAN-2D-T2,CycleGAN,GAN,2D,t2,t2,cavity,0.0,pre,16,0.6268073295718752,0.16265958056752655,0.159406388956176,0.7012073743582357,0.3836156783529441,0.7211988912180853,4,9.982071868093042,4.600238414370701,4.508233646083287,11.512650289708358,3.324455436686076,13.578531456269376,4,0.3205808401107788,0.21851006507992268,0.21413986377832422,0.24862143397331238,0.14672613143920898,0.6383543610572815,4,0.18417071011213793,0.14133907065632098,0.13851228924319456,0.12471910070217704,0.09322607839623323,0.3940185606479645,4
CycleGAN-3D-T2,CycleGAN,GAN,3D,t2,t2,cavity,0.0,pre,16,0.6197680064840836,0.12348332512027736,0.12101365861787182,0.6636250249125948,0.4422144081678228,0.7096075679433218,4,9.900085570419012,3.718381196694161,3.6440135727602776,11.429426593617904,4.418023479098555,12.323465615341691,4,0.3057735376060009,0.17032567271462745,0.1669191592603349,0.24444248527288437,0.17918401956558228,0.5550251603126526,4,0.17776617165933145,0.11984805977086818,0.11745109857545082,0.13826286664836862,0.08858545654668258,0.3459534967939059,4
pix2pix-3D-T2,pix2pix,GAN,3D,t2,t2,cavity,0.0,pre,16,0.6172686975938659,0.1088360049993475,0.10665928489936054,0.6481686917779584,0.46997243035971764,0.702764976459829,4,9.782917138078114,3.4169566258440027,3.3486174933271227,10.942029977110248,4.8453170943273305,12.402291503764626,4,0.2993605136871338,0.14488854053008016,0.14199076971947855,0.25363660603761673,0.18419884145259857,0.5059700012207031,4,0.18424232952717193,0.11081087083083066,0.10859465341421405,0.15278909309390223,0.0976859748793336,0.3337051570415497,4
CUT-3D-T2,CUT,GAN,3D,t2,t2,cavity,0.0,pre,16,0.6154061427175599,0.1099902000450759,0.10779039604417438,0.6436636755851277,0.46361549390417006,0.7106817257958143,4,10.182530536311695,3.1507848165934838,3.087769120261614,11.38597794452394,5.534396040943537,12.423770215255361,4,0.28181347995996475,0.12582558467532123,0.1233090729818148,0.23558225482702255,0.1902797371149063,0.4658096730709076,4,0.18473999558506837,0.1146813743299006,0.11238774684330258,0.15079980190737163,0.09413589281029999,0.3432244857152303,4
SwinPix2Pix-3D-T2,SwinPix2Pix,GAN,3D,t2,t2,cavity,0.0,pre,16,0.6147221157333248,0.1257258800232564,0.12321136242279128,0.6557688152403691,0.43781178946998905,0.7095390429825721,4,9.707301474683938,3.6202005609621644,3.547796549742921,11.16266504347671,4.394440307071183,12.109435504711145,4,0.30858441814780235,0.16655005934094352,0.16321905815412466,0.25514744967222214,0.17499101161956787,0.5490517616271973,4,0.1863002165837082,0.10821214985211126,0.10604790685506904,0.16039652262891954,0.09399677433360082,0.33041104674339294,4
SynDiff-3D-T2,SynDiff,SynDiff,3D,t2,t2,cavity,0.0,pre,16,0.6031156811346738,0.11637070403309753,0.11404328995243558,0.6068370328687186,0.4850353153609872,0.7137533434402711,4,9.707523491288015,3.1884575857851742,3.1246884340694705,11.083877003475237,4.950686610585568,11.71165334761602,4,0.2887372598052025,0.11835793158463483,0.11599077295294213,0.2335544377565384,0.22219949960708618,0.465640664100647,4,0.21276818012088738,0.11799535823095336,0.1156354510663343,0.18493717814887967,0.1155278893187642,0.36567047486702603,4
ResViT-3D-T2,ResViT,ResViT,3D,t2,t2,cavity,0.0,pre,16,0.5995258634018031,0.1065451319184873,0.10441422928011755,0.610696440488622,0.4784202674809797,0.6982903051489888,4,9.45597444743073,3.3452193127918055,3.2783149265359692,11.02133293746626,4.450862531674579,11.330369383115821,4,0.3014751374721527,0.1368455350006383,0.13410862430062553,0.2378995418548584,0.2236156463623047,0.5064858198165894,4,0.19285254225697,0.10923315043447411,0.10704848742578463,0.16161944646270826,0.10092796459794044,0.347243311504523,4
CUT-2D-T2+FLAIR,CUT,GAN,2D,t2_flair,flair,cavity,0.0,pre,12,0.6554304178229279,0.1606406926274031,0.18178205637722866,0.7460188637685021,0.4699551254303145,0.7503172642699668,3,11.805811416813398,3.383343093939694,3.828613130252009,11.45508793168606,8.611491383742385,15.350854935011753,3,0.23517843335866928,0.11241186447866645,0.127205999625057,0.24106433987617493,0.11993924528360367,0.34453171491622925,3,0.16659813671463375,0.12067653230965102,0.13655835169114128,0.1066730412421748,0.08761316199282494,0.3055082069089015,3
CUT-2D+3D-post-T2+FLAIR,CUT,GAN,2D+3D-post,t2_flair,flair,cavity,0.0,pre,12,0.6553728200929593,0.17043278854142938,0.19286285603254033,0.7486827649672733,0.45866027187013275,0.7587754234414718,3,11.46708004144548,3.448335667880732,3.9021591511699723,11.318111737140741,8.095642660594974,14.987485726600724,3,0.24324826151132584,0.12648710387884865,0.1431336324080001,0.24833893775939941,0.114292673766613,0.3671131730079651,3,0.17212515208740184,0.12373642858223899,0.14002095028701642,0.10616639213493237,0.09534212844820493,0.31486693567906815,3
CycleGAN-2.5D-T2+FLAIR,CycleGAN,GAN,2.5D,t2_flair,flair,cavity,0.0,pre,12,0.6528958679956619,0.1743323268329341,0.19727559901787872,0.7438353790593517,0.45189713068033166,0.7629550942473025,3,11.197304028054853,3.076445274375589,3.4813255543234813,11.735250559654233,7.88736452221187,13.969297002298456,3,0.24984570344289145,0.12485629699927717,0.14128820069780296,0.24324053525924683,0.12842309474945068,0.3778734803199768,3,0.1809428261428773,0.11859654005936283,0.1342046188833335,0.11369384810006103,0.11125555141881618,0.31787907890975475,3
CUT-2.5D-T2+FLAIR,CUT,GAN,2.5D,t2_flair,flair,cavity,0.0,pre,12,0.650051350427694,0.17692192738074528,0.2002060079016886,0.7515216848434408,0.4457609917957431,0.7528713746438981,3,11.172798063949086,3.7322561524006708,4.223445424775402,11.015332261888942,7.521766980754575,14.981294949203738,3,0.25443075845638913,0.14218067236457202,0.16089257694796538,0.2577660381793976,0.11061178892850876,0.394914448261261,3,0.17003497821796984,0.12497038318684658,0.14141730137236685,0.10983678404814921,0.08655709815571927,0.313711052450041,3
pix2pix-2.5D-T2+FLAIR,pix2pix,GAN,2.5D,t2_flair,flair,cavity,0.0,pre,12,0.6422262157904888,0.16109892947210253,0.18230060018188268,0.7240619571613085,0.45663613404582365,0.7459805561643341,3,10.67097873481272,3.242752712552687,3.6695201369550583,9.80215232274677,7.951140737463146,14.259643144228246,3,0.2642548680305481,0.12931121700907452,0.1463294172608775,0.2970341742038727,0.1217084527015686,0.374021977186203,3,0.17753409506641218,0.1125673602265748,0.12738195962840593,0.11630957613502127,0.10884842253151528,0.30744428653270006,3
pix2pix-2D-T2+FLAIR,pix2pix,GAN,2D,t2_flair,flair,cavity,0.0,pre,12,0.6386081053037863,0.15495837215267025,0.17535190543603954,0.7275911363926388,0.4596784544186552,0.7285547251000649,3,10.907128774556718,3.0257843772001554,3.423997352385097,10.684512791865693,7.998800580780516,14.038072951023944,3,0.252926101287206,0.12515762580751133,0.1416291863441582,0.2643408477306366,0.12245211005210876,0.3719853460788727,3,0.1776233506549584,0.11164719059997986,0.1263406896724411,0.11631168698211415,0.110066377358245,0.30649198762451607,3
CycleGAN-2D-T2+FLAIR,CycleGAN,GAN,2D,t2_flair,flair,cavity,0.0,pre,12,0.6361812665983462,0.16447219852806816,0.18611781346500386,0.7258365248649287,0.4463620684428509,0.7363452064872591,3,10.557297123364338,3.3148994393025544,3.751161843891024,9.810429738709681,7.67954639690015,14.181915234483181,3,0.27056534836689633,0.134254204495489,0.1519229341664069,0.3009395897388458,0.1237262412905693,0.3870302140712738,3,0.18116645767717077,0.11415772452053029,0.12918162624472648,0.12013040896720038,0.11050179262279666,0.31286717144151527,3
SwinPix2Pix-2D-T2+FLAIR,SwinPix2Pix,GAN,2D,t2_flair,flair,cavity,0.0,pre,12,0.6329170291795445,0.1621100141702548,0.1834447502262801,0.712106480653545,0.44643312829435505,0.7402114785907334,3,10.783973418362487,3.662703570819588,4.1447392694460055,10.092777164456528,7.516112917956588,14.743030172674352,3,0.2671833634376526,0.13992005409812788,0.15833444656121903,0.2893303334712982,0.11751061677932739,0.39470914006233215,3,0.1725162835291718,0.11756179869702997,0.13303369880332783,0.11531387950078799,0.09450280436431058,0.3077321667224169,3
SwinPix2Pix-2.5D-T2+FLAIR,SwinPix2Pix,GAN,2.5D,t2_flair,flair,cavity,0.0,pre,12,0.6287285145448958,0.15889540487186057,0.17980707736049603,0.6873803764019549,0.44884455820782865,0.7499606090249037,3,10.555228636361543,3.509271174779442,3.9711141685398785,9.246011096150735,7.888776393410853,14.530898419523037,3,0.27288036048412323,0.13415288687996532,0.15180828249131825,0.31933170557022095,0.12167538702487946,0.3776339888572693,3,0.1737147280362876,0.1127481699016374,0.1275865650369621,0.1215523719572677,0.09649311679892153,0.30309869535267353,3
CycleGAN-2D+3D-post-T2+FLAIR,CycleGAN,GAN,2D+3D-post,t2_flair,flair,cavity,0.0,pre,12,0.6273720948645841,0.16649927201166212,0.1884116630509873,0.7128731127583593,0.43549348818034966,0.7337496836550437,3,9.987429842939905,3.303033366330182,3.737734118258371,9.070645822434347,7.239631011414898,13.652012694970468,3,0.28690512478351593,0.1474255339372314,0.16682769654000631,0.32868635654449463,0.12309832870960236,0.4089306890964508,3,0.18813087278882867,0.11105013034966764,0.12566505239581033,0.12638622604740354,0.12167472961577698,0.3163316627033055,3
pix2pix-2D+3D-post-T2+FLAIR,pix2pix,GAN,2D+3D-post,t2_flair,flair,cavity,0.0,pre,12,0.6203151492545181,0.14601451564065981,0.16523097902502643,0.7031437796274482,0.45172063800481027,0.7060810301312959,3,10.315091983557375,2.8468994001329126,3.2215699446441417,9.964778384406467,7.6595604426112915,13.320937123654371,3,0.270149365067482,0.1264393409007405,0.1430795835101947,0.2853938043117523,0.13677893579006195,0.3882753551006317,3,0.1924611078947669,0.09898826544462357,0.1120157673340924,0.13867667366174005,0.13200859035938406,0.30669805966317654,3
SwinPix2Pix-2D+3D-post-T2+FLAIR,SwinPix2Pix,GAN,2D+3D-post,t2_flair,flair,cavity,0.0,pre,12,0.6185923598038019,0.15809171049209408,0.17889761155414743,0.6944175786180116,0.43687122815218954,0.7244882726412045,3,9.890391645422605,3.0838844741690594,3.4897438013699795,9.398781023728166,7.0818422457787715,13.190551666760877,3,0.28570131957530975,0.1450747063905229,0.16416748474286166,0.3102392554283142,0.12992246448993683,0.4169422388076782,3,0.19065541913420173,0.10523768420835883,0.11908765040091404,0.1335120053318817,0.12635117181791708,0.31210308025280636,3
SwinPix2Pix-3D-T2+FLAIR,SwinPix2Pix,GAN,3D,t2_flair,flair,cavity,0.0,pre,12,0.6075783052302166,0.13648537829543186,0.15444774500265837,0.6405238201365977,0.4576356887297033,0.7245754068243488,3,9.982465416916204,2.128010582371039,2.408070665837772,10.781519721835426,7.570585610962262,11.595290917950923,3,0.27985505759716034,0.10722390363775215,0.12133526927248466,0.2710820436477661,0.17728717625141144,0.39119595289230347,3,0.20489501301039284,0.09571269481569618,0.1083091102287451,0.1926108245236156,0.11591747739853767,0.3061567371090253,3
pix2pix-3D-T2+FLAIR,pix2pix,GAN,3D,t2_flair,flair,cavity,0.0,pre,12,0.6064750528503472,0.13889319976883704,0.1571724514992872,0.6342961399926188,0.45577704174401407,0.7293519768144088,3,9.99420825803531,2.0905481154669316,2.365677893748648,10.749267621446979,7.631028697479831,11.602328455179123,3,0.2800412674744924,0.1044363464304945,0.11818085134066095,0.27250298857688904,0.17957830429077148,0.38804250955581665,3,0.20833959900200513,0.09522756890583417,0.10776013858243172,0.2041687368362632,0.11526599051789023,0.30558406965186197,3
CycleGAN-3D-T2+FLAIR,CycleGAN,GAN,3D,t2_flair,flair,cavity,0.0,pre,12,0.6062496277934241,0.13577490835810813,0.153643772583911,0.6399475538790932,0.4567991448769611,0.7220021846242177,3,10.300686973496873,1.9897177156018235,2.251577555079597,11.03644307213032,8.047875553932673,11.817742294427624,3,0.2701626569032669,0.09594801910374502,0.10857540472920675,0.2614489197731018,0.17886872589588165,0.37017032504081726,3,0.19778862597143063,0.09207151772937246,0.10418873046967116,0.19403694054233797,0.10765029575962287,0.2916786416123311,3
CUT-3D-T2+FLAIR,CUT,GAN,3D,t2_flair,flair,cavity,0.0,pre,12,0.5883858288446663,0.12391880315570246,0.1402273265448181,0.6217676851230335,0.451195487723097,0.6921943136878685,3,10.105698818628404,1.8877623871671816,2.136204239898165,10.307717545741417,8.125051682567614,11.88432722757618,3,0.27615207930405933,0.09309852879815698,0.10535090289903716,0.2803334891796112,0.18103329837322235,0.3670894503593445,3,0.19448145389982177,0.08436036711812489,0.09546274210258672,0.18179287335702352,0.11718411886921296,0.28446736947322887,3
ResViT-2D+3D-refine-T2+FLAIR,ResViT,ResViT,2D+3D-refine,t2_flair,flair,cavity,0.0,pre,12,0.5266876822700827,0.19943158641015798,0.2256780849936849,0.632167812588252,0.2966670083600158,0.6512282258619801,3,9.683791519433953,2.562211455330984,2.89941520797393,9.51684779173986,7.2091342063888275,12.32539256017317,3,0.2946471820274989,0.11706026556546041,0.1324661606378302,0.30095332860946655,0.1745613068342209,0.4084269106388092,3,0.21912629859012975,0.09612444101142074,0.1087750449115463,0.17622112601089315,0.15192637344201407,0.329231396317482,3
ResViT-3D-T2+FLAIR,ResViT,ResViT,3D,t2_flair,flair,cavity,0.0,pre,12,0.5199602408345885,0.22252709837327353,0.2518131170896798,0.6235051117136086,0.26452839781366116,0.6718472129764957,3,9.297516218257554,3.1714332119386173,3.588814524514173,8.976579161011172,6.298754117162203,12.617215376599288,3,0.3099290033181508,0.15035124118452128,0.17013844595892033,0.3198246955871582,0.15487435460090637,0.45508795976638794,3,0.2101730878718684,0.11403204291192932,0.1290394041160329,0.16287698282394558,0.1273992646082833,0.3402430161833763,3
ResViT-2D-T2+FLAIR,ResViT,ResViT,2D,t2_flair,flair,cavity,0.0,pre,12,0.5118878066565876,0.1902117713768889,0.21524488211866546,0.6016924204365596,0.29340017066818275,0.6405708288650206,3,9.122583226455435,2.5202583928533295,2.8519408486209157,8.268810027892021,7.140111848846047,11.958827802628235,3,0.314474160472552,0.11838191931483616,0.13396175264786622,0.34906357526779175,0.18265016376972198,0.4117087423801422,3,0.21438946122745492,0.09404985499678174,0.10642742983528893,0.1613448984618928,0.15884420337776342,0.3229792818427086,3
SynDiff-3D+3D-refine-T2+FLAIR,SynDiff,SynDiff,3D+3D-refine,t2_flair,flair,cavity,0.0,pre,12,0.49733242523378657,0.187058228223112,0.2116763121007464,0.5950539811286456,0.2816524221320428,0.6152908724406714,3,9.337756267732102,2.2978981186910374,2.600316510897346,8.876305914306887,7.305599776664307,11.831363112225112,3,0.29755784074465436,0.1046853707366894,0.11846264887108507,0.3186812400817871,0.18392151594161987,0.39007076621055603,3,0.2245701768270529,0.06510369561360502,0.07367176692799846,0.20313925623289636,0.17288349041094384,0.2976877838373184,3
SynDiff-2D-T2+FLAIR,SynDiff,SynDiff,2D,t2_flair,flair,cavity,0.0,pre,12,0.49583533500771965,0.17136231563214516,0.1939147149559862,0.5882942211547013,0.29810157186989683,0.6011102119985609,3,9.496631686934556,2.238764965705206,2.53340104898032,8.90228045157565,7.615016693187675,11.972597916040343,3,0.29208757479985553,0.10038419189341637,0.1135954068156121,0.31406983733177185,0.18253391981124878,0.379658967256546,3,0.22768536398058628,0.06277421198129049,0.0710357080437068,0.19282474524031082,0.19007791689521558,0.30015342980623244,3
ResViT-2.5D-T2+FLAIR,ResViT,ResViT,2.5D,t2_flair,flair,cavity,0.0,pre,12,0.491779579667532,0.18041371018208024,0.20415733211268142,0.5762425608658095,0.28462807685947966,0.6144681012773069,3,9.360448644258025,2.0776540596200195,2.351086895984893,9.402142386556076,7.262261498780925,11.416942047437072,3,0.30065389970938367,0.10315325562870807,0.11672889741384095,0.30238401889801025,0.19664646685123444,0.40293121337890625,3,0.232002146113608,0.07229818393587642,0.08181309687630668,0.2290581487924666,0.1612209298958381,0.30572735965251924,3
SynDiff-2.5D-T2+FLAIR,SynDiff,SynDiff,2.5D,t2_flair,flair,cavity,0.0,pre,12,0.48547364753302724,0.1711895956936807,0.19371926394617112,0.5315083282199495,0.2959736239930676,0.6289389903860646,3,9.753816711234245,1.5399488030414707,1.742616117709501,10.385178770495093,7.998525047236569,10.877746315971075,3,0.284755140542984,0.06966984126465625,0.07883884715275366,0.2711004614830017,0.22292354702949524,0.3602414131164551,3,0.2285279137415213,0.07595902199160261,0.08595572511669564,0.22786084333485043,0.1529046238089601,0.30481827408075335,3
SynDiff-3D-T2+FLAIR,SynDiff,SynDiff,3D,t2_flair,flair,cavity,0.0,pre,12,0.4544660645667376,0.1712934295994069,0.1938367630716783,0.5338955534476189,0.25787666874495235,0.5716259715076418,3,8.573520570813828,2.1469964973116626,2.4295552511172613,8.23595659490408,6.615301881501639,10.869303236035767,3,0.3325062443812688,0.10880179103760317,0.12312081695399225,0.3587702214717865,0.21297650039196014,0.4257720112800598,3,0.24564421341695764,0.07231684113456913,0.08183420948413431,0.2378273942583316,0.1775533277541399,0.3215519182384014,3
ResViT-2D+3D-refine-T2+FLAIR,ResViT,ResViT,2D+3D-refine,t2_flair,t2,cavity,5.0,all,20,0.6505048978300131,0.07442982509709989,0.04613208353834056,0.6558219164589255,0.492288102871006,0.7631349537639699,10,13.377679008417994,1.6204046605399252,1.0043372138577937,13.251350082641197,11.452207812524806,16.00363855122965,10,0.15233412832021714,0.03826691832127678,0.02371808170244888,0.14820055663585663,0.10616174340248108,0.19766433537006378,10,0.1678810989750268,0.03362082896244046,0.020838405683476426,0.15812849676255575,0.12374483311877531,0.24399676984723875,10
ResViT-2.5D-T2+FLAIR,ResViT,ResViT,2.5D,t2_flair,t2,cavity,5.0,all,20,0.6370414222273295,0.07213259690475002,0.04470824675331706,0.6344876274563973,0.47481923367695,0.7384989416927127,10,13.048315412141951,1.7017291307861493,1.0547426427327875,12.466593390185484,11.272111431760397,15.33531004392506,10,0.16015212759375572,0.042314580672335275,0.026226848819265628,0.16719882190227509,0.10379147529602051,0.21081730723381042,10,0.15637840832960934,0.029457139418219574,0.01825772416728142,0.15237837073139168,0.12994241977439208,0.23364444646765203,10
ResViT-2D+3D-refine-T2,ResViT,ResViT,2D+3D-refine,t2,t2,cavity,5.0,all,30,0.6365078649767474,0.06945911819251013,0.03301876886477422,0.6514896279702899,0.4806489964604401,0.7328543552265161,17,13.024618337671859,1.6205739646349813,0.7703719620834926,13.072766861147517,10.653619302482477,15.556333303890908,17,0.15949017335386836,0.03933227043061135,0.018697374514253344,0.15456697344779968,0.10481405258178711,0.2212064117193222,17,0.1543585508240164,0.04072475911064992,0.019359321614496924,0.14803333733888233,0.09926614294258448,0.2656969130039215,17
ResViT-2.5D-T2,ResViT,ResViT,2.5D,t2,t2,cavity,5.0,all,30,0.636005744842582,0.07480083713629933,0.03555806086466287,0.646240021668032,0.47326332621717926,0.7351179843834119,17,13.093236630056804,1.4955409450900652,0.7109350374543003,13.026394184747929,10.55533619548398,15.268845282174158,17,0.1576282592380748,0.035975430351325915,0.017101634032971394,0.15571865439414978,0.10562076419591904,0.2087593376636505,17,0.1471279221801027,0.04464430683575539,0.021222556330938582,0.13472457641833707,0.1028849664502419,0.26992831379175186,17
ResViT-2D-T2,ResViT,ResViT,2D,t2,t2,cavity,5.0,all,30,0.6333106128911818,0.07333837575884732,0.03486285085549011,0.645052620433198,0.4759815841053502,0.7226018519063164,17,12.92616276186076,1.5284617783273502,0.726584608191507,13.488887683233486,10.168871392519351,15.130411031783835,17,0.16165734958999298,0.03787715701090782,0.018005657502470105,0.14601892232894897,0.11606942862272263,0.21901234984397888,17,0.1497887729283194,0.05035845521821912,0.02393889004794132,0.14205663775404295,0.10076605934988368,0.30601045737663907,17
SynDiff-2D-T2+FLAIR,SynDiff,SynDiff,2D,t2_flair,t2,cavity,5.0,all,20,0.6254820355020835,0.07532581785420037,0.046687425602713044,0.6412719509858024,0.46070051507577414,0.7254449489915603,10,12.748410632321187,1.252368857157116,0.7762262596185963,13.207839369515188,10.662889852295008,14.56390145930766,10,0.16150325536727905,0.03596848759319202,0.022293499578054946,0.1460726335644722,0.1281033605337143,0.21832677721977234,10,0.1598929645096921,0.03642475373308983,0.022576296261427806,0.14942732982361534,0.10899455166038345,0.21769312089856932,10
SynDiff-2D-T2,SynDiff,SynDiff,2D,t2,t2,cavity,5.0,all,30,0.6249707399685418,0.06986673870428811,0.03321253935615356,0.6439141895498917,0.47178016971092623,0.748143028883375,17,12.62971310714088,1.3944172826394827,0.6628638997246066,12.206939751265624,10.849840637931278,16.23877838923049,17,0.16549542108002832,0.03366702380109594,0.01600428721499533,0.1658230870962143,0.1002207025885582,0.2131737917661667,17,0.1532485531357545,0.03194564236304755,0.01518599442190943,0.14982062659578202,0.10096737298254783,0.21775941054026285,17
SwinPix2Pix-2D+3D-post-T2+FLAIR,SwinPix2Pix,GAN,2D+3D-post,t2_flair,t2,cavity,5.0,all,20,0.6244617805724196,0.0506743567407294,0.03140829170786385,0.6416557715666946,0.4983248772805831,0.6779115880791461,10,13.512909614552779,2.0495717821196124,1.2703377516636352,13.848315916610794,10.522858777071377,16.4771227967525,10,0.15218600928783416,0.043261520548598074,0.026813768235246407,0.1365705206990242,0.10361383110284805,0.22190581262111664,10,0.2055284582676789,0.030751500409008294,0.019059977420972877,0.1990416813006794,0.17347323324750452,0.26786896902033025,10
pix2pix-2D+3D-post-T2+FLAIR,pix2pix,GAN,2D+3D-post,t2_flair,t2,cavity,5.0,all,20,0.624061863607569,0.05160246925639946,0.03198354180485137,0.6438292734692604,0.49861546163160575,0.6777860957348686,10,12.981381010762107,1.792111326835469,1.110762108223757,12.604898142123991,10.32837875087672,16.206293784608793,10,0.16076404824852944,0.03928445687683311,0.02434875863319765,0.1691286787390709,0.10669393092393875,0.22318969666957855,10,0.22147899442918742,0.025828242575867626,0.016008510601818893,0.21679176602720032,0.18788474604331318,0.2760292025179499,10
SynDiff-3D+3D-refine-T2,SynDiff,SynDiff,3D+3D-refine,t2,t2,cavity,5.0,all,30,0.6221379727426931,0.06173765522853573,0.029348218366295864,0.641020047651332,0.47299687027477594,0.7225394289749266,17,12.82907988065449,1.3796716791890336,0.6558542847917971,12.423146630079064,11.02995991315796,15.204014282289066,17,0.16251619642271714,0.03357648463072937,0.015961247625416078,0.16405269503593445,0.10871320217847824,0.21022580564022064,17,0.162446272594689,0.028397590127426875,0.013499357451318908,0.15132730103590908,0.1361526884138584,0.23582432170708975,17
CycleGAN-2D+3D-post-T2+FLAIR,CycleGAN,GAN,2D+3D-post,t2_flair,t2,cavity,5.0,all,20,0.6190785082204353,0.042558795369431655,0.026378214656724512,0.6323162842922225,0.5174501688903091,0.6566169313219659,10,13.211560770924489,1.7814582862733133,1.104159285275973,13.116930428142357,10.530370201438721,16.19751713542313,10,0.15644224733114243,0.036819694795939155,0.022821083268253595,0.1560482606291771,0.10411229729652405,0.22023627161979675,10,0.22088632961946603,0.028907213293315037,0.017916876423773816,0.21325706385855134,0.19500638588386424,0.28829364432021976,10
SynDiff-2.5D-T2+FLAIR,SynDiff,SynDiff,2.5D,t2_flair,t2,cavity,5.0,all,20,0.6186934660985581,0.06975232968217296,0.04323294184413251,0.6199008767652809,0.4654767990611455,0.7204302212797797,10,12.446348378468024,1.4987777688561015,0.9289520853780886,12.35706403599198,10.278989679980768,14.797396771961811,10,0.1698979392647743,0.039472007945882924,0.024465003990133845,0.1647697389125824,0.12521269917488098,0.22872178256511688,10,0.1489351698074814,0.037022482240360005,0.022946772228483518,0.1368901021828473,0.09431731487240862,0.21547229894820383,10
pix2pix-2D+3D-post-T2,pix2pix,GAN,2D+3D-post,t2,t2,cavity,5.0,all,30,0.6180193369141325,0.05706755899798167,0.02712819553811165,0.6391950573676752,0.5068466200709594,0.6855097623309075,17,12.85300274799637,1.8042356251630234,0.8576791735209964,12.632486710415947,9.974705812343355,16.398432126809027,17,0.16589650774703307,0.040222656580138606,0.01912063722239995,0.16794690489768982,0.1011066809296608,0.22690273821353912,17,0.22228977051498836,0.03179736317187174,0.015115506968738488,0.21778001610621595,0.18157939454529418,0.28311937550703686,17
SwinPix2Pix-2D+3D-post-T2,SwinPix2Pix,GAN,2D+3D-post,t2,t2,cavity,5.0,all,30,0.6169795101302844,0.059361360000841565,0.02821859931958933,0.6139654669012313,0.5026642815167734,0.6970088530963424,17,12.780627333069571,1.9636481161029058,0.9334590614532545,12.63378963890434,9.549555248102228,16.423778341166667,17,0.16597404900719137,0.04357930015183804,0.02071628428990512,0.1627432256937027,0.09870849549770355,0.23052917420864105,17,0.21566784983401988,0.03285062845821127,0.015616197503659288,0.21234131739898163,0.17104536777033524,0.2790120442708333,17
CUT-2D+3D-post-T2+FLAIR,CUT,GAN,2D+3D-post,t2_flair,t2,cavity,5.0,all,20,0.6165362999634986,0.04572893937891775,0.02834309027054455,0.6294058217090779,0.5081899113142632,0.6693772430512301,10,13.17901961562966,1.9351797725369104,1.1994368495682266,12.646774254123184,10.45846609273511,16.465132979560558,10,0.15839543640613557,0.04097609918897553,0.025397249400963627,0.16788914054632187,0.09258268773555756,0.2216571867465973,10,0.21146198492772408,0.02510151654064656,0.015558081138595399,0.20466789393010887,0.17564604079570229,0.259933575677375,10
SynDiff-2.5D-T2,SynDiff,SynDiff,2.5D,t2,t2,cavity,5.0,all,30,0.6163081854349737,0.07623461353815071,0.0362396349020022,0.632951371889136,0.46301075437431544,0.7610302953914329,17,12.54356158940998,1.6836090730530178,0.8003369505455195,12.279536648032089,10.356463904665116,16.789680410162486,17,0.1691289162811111,0.03904268343030703,0.018559713592575782,0.16506046056747437,0.09436140954494476,0.22661879658699036,17,0.15184889927561396,0.032784731568837516,0.015584872110884954,0.14581104548198648,0.10599135406888448,0.22353403021891913,17
ResViT-3D-T2+FLAIR,ResViT,ResViT,3D,t2_flair,t2,cavity,5.0,all,20,0.615431954587158,0.07555489349634337,0.046829408156698005,0.629468642417719,0.44331282072891837,0.6898276557183235,10,12.688454573729462,1.558774498769446,0.9661384438409613,12.476341480825848,10.649353091221545,14.853341344879908,10,0.16412440016865731,0.04096900744303775,0.025392853891292498,0.15944098681211472,0.11283820122480392,0.22168989479541779,10,0.14194470743966472,0.035080021890202547,0.021742822830154624,0.12855629824141768,0.10811819859287318,0.22382131514742093,10
CUT-2D+3D-post-T2,CUT,GAN,2D+3D-post,t2,t2,cavity,5.0,all,30,0.613772185313661,0.05284870031946564,0.02512267742610532,0.6147171293711602,0.5115882445310204,0.6845449062847755,17,12.784827091564905,1.6954564317852006,0.8059688273935931,12.660508260949758,9.777619974946528,16.092773543275595,17,0.1658085023655611,0.03801715971094253,0.018072210561495102,0.16387994587421417,0.10080639272928238,0.22955089807510376,17,0.22909164585614022,0.02768935588880218,0.013162684265194444,0.2243415741249919,0.19192151480487415,0.2899245396256447,17
ResViT-2D-T2+FLAIR,ResViT,ResViT,2D,t2_flair,t2,cavity,5.0,all,20,0.6136998274650513,0.07670842949309378,0.047544377174791895,0.6334225759815237,0.48220582484508095,0.706193367402772,10,12.807592580999948,1.5727261913853914,0.9747857925136255,12.69187482974662,10.975307181372084,15.047009336816258,10,0.16450544372200965,0.03999159428128223,0.024787046937282398,0.17147428542375565,0.1077781692147255,0.20724554359912872,10,0.1633825859209185,0.03380801075564751,0.020954422160874016,0.15782758828878027,0.13042959855759845,0.2258275258628761,10
SynDiff-3D+3D-refine-T2+FLAIR,SynDiff,SynDiff,3D+3D-refine,t2_flair,t2,cavity,5.0,all,20,0.610235424204062,0.06338078995307944,0.039283820605879725,0.622325078059424,0.46745091469942884,0.6994899996251197,10,12.60062314448289,1.3124884261514533,0.813488754532666,12.796447659391042,10.398789360226282,14.59650398924818,10,0.16475479006767274,0.03833080997089614,0.02375768215715635,0.15462538599967957,0.12106987088918686,0.22558905184268951,10,0.173998109593989,0.03189089105256849,0.019766179058326592,0.1654531881941691,0.12899415497668087,0.2308315636918825,10
ResViT-3D-T2,ResViT,ResViT,3D,t2,t2,cavity,5.0,all,30,0.6095156431754518,0.07793435178568597,0.03704763917539988,0.6257083313950432,0.44277384624985683,0.727102099077429,17,12.429654309802386,1.7338473198098436,0.8242186971181962,12.772595522695948,7.9986503618070675,14.58530388634715,17,0.16765079515821793,0.04243811967847689,0.020173801527908743,0.15442094206809998,0.11521228402853012,0.2624087333679199,17,0.14436031763390128,0.050340683449015926,0.023930441885123988,0.13106073474045843,0.10207957201279126,0.3059992839892705,17
SynDiff-3D-T2+FLAIR,SynDiff,SynDiff,3D,t2_flair,t2,cavity,5.0,all,20,0.6082723161278963,0.06552473980896642,0.040612654493703076,0.6263068399087799,0.46261526736974373,0.707182769378123,10,12.513731956149517,1.4178949741171112,0.8788204098186503,12.570875055621826,10.48423915290973,14.478881436558169,10,0.16720437481999398,0.038788318790242395,0.024041249061231087,0.1591702401638031,0.12426454573869705,0.2245829701423645,10,0.16826484132058195,0.036393926069595496,0.022557189077637478,0.16082065535896248,0.11926551404244759,0.24341616998700535,10
SynDiff-3D-T2,SynDiff,SynDiff,3D,t2,t2,cavity,5.0,all,30,0.608030628972693,0.06656856459088271,0.031644686904809635,0.5987709700075636,0.46477660164798124,0.730035193366565,17,12.584840031883402,1.5181418783736758,0.7216788391557764,12.77969002634607,8.351912827160968,14.480324654287099,17,0.1679000635357464,0.03556993299715262,0.016908872826651197,0.1672476828098297,0.12400756776332855,0.25017493963241577,17,0.16769017134482034,0.045190875522516355,0.02148237859195354,0.1554836854338646,0.1219880748540163,0.31092365086078644,17
SwinPix2Pix-2D-T2+FLAIR,SwinPix2Pix,GAN,2D,t2_flair,t2,cavity,5.0,all,20,0.6038972867764986,0.045695682246837586,0.02832247728652415,0.6002412724118751,0.5056043806280086,0.6696565980898613,10,12.950092960884641,2.1387078731306794,1.3255848732501656,12.384126505176763,10.372744076234202,16.383063860180883,10,0.16546360701322554,0.04555792766288893,0.02823709611081645,0.18320702761411667,0.09483928233385086,0.22589252889156342,10,0.21178598669797394,0.02913511281015096,0.018058130007741088,0.20730986180630484,0.17010955149397397,0.26302857055432266,10
CycleGAN-2D+3D-post-T2,CycleGAN,GAN,2D+3D-post,t2,t2,cavity,5.0,all,30,0.6037038294468168,0.048493007870319876,0.023052112668490898,0.6155609101809029,0.5216319848658868,0.6746999950932924,17,12.676687027739934,1.874320914139555,0.8909956050818355,12.53888864173181,8.85186175048251,16.407790334007274,17,0.16698784600285924,0.04219364492685401,0.02005758560799545,0.1656399816274643,0.0915708839893341,0.25743964314460754,17,0.21653849469611858,0.03392478146965949,0.016126817432811146,0.21123606982556256,0.1742236754473518,0.30637790718012387,17
CycleGAN-2D-T2+FLAIR,CycleGAN,GAN,2D,t2_flair,t2,cavity,5.0,all,20,0.601350779131375,0.04833312475248723,0.02995718108758065,0.6058199982981988,0.5166439492101507,0.6588258205481337,10,12.822596387036437,1.9961222774997258,1.2372094054799545,12.588791256380652,10.305361182632796,16.150018584284695,10,0.16730876713991166,0.04208624625954792,0.026085325683995023,0.17834718525409698,0.10184835642576218,0.2275572270154953,10,0.22061039391753243,0.02609937812318151,0.016176562155111946,0.22001386810602114,0.192066686895067,0.2789543853658769,10
CycleGAN-2.5D-T2+FLAIR,CycleGAN,GAN,2.5D,t2_flair,t2,cavity,5.0,all,20,0.5994649100805562,0.04634584766286748,0.028725453986347134,0.6058619292757359,0.5187351857001493,0.6540690827850283,10,12.693084064372474,2.0644622816668687,1.2795669789007742,12.2082953426684,10.215859982209494,16.263543194889284,10,0.17038779631257056,0.044889971781233204,0.02782309276615901,0.18864575773477554,0.09882335364818573,0.2311093509197235,10,0.22383319341398672,0.02739866446140791,0.01698186817077287,0.22284880500501225,0.19548013981650858,0.2875467840478652,10
SwinPix2Pix-2.5D-T2+FLAIR,SwinPix2Pix,GAN,2.5D,t2_flair,t2,cavity,5.0,all,20,0.597891037223571,0.04812245890279782,0.029826609041174942,0.5957364698680774,0.5091488134086514,0.6673051361588688,10,12.76410108414215,2.1451102401148208,1.3295531014190507,12.584947083862334,10.352805734229966,16.22391437539203,10,0.16860200986266136,0.04540988076721443,0.0281453356942101,0.17833591252565384,0.09724666178226471,0.22549286484718323,10,0.21337408036780875,0.026904449415876316,0.01667555051200335,0.215102578440442,0.1813081029583426,0.2602897327289813,10
SwinPix2Pix-3D-T2+FLAIR,SwinPix2Pix,GAN,3D,t2_flair,t2,cavity,5.0,all,20,0.5946046264688188,0.042378530481540604,0.02626648532165795,0.6008636668629151,0.509193656190932,0.6395411948653169,10,12.93455748419785,1.5480240766158757,0.9594752631574928,12.883116088300106,10.620754853416056,15.62373954159586,10,0.160587839782238,0.03783787058464162,0.02345215516019827,0.15738766640424728,0.11315985769033432,0.21769073605537415,10,0.2007116568666035,0.026199725370746718,0.01623875802352197,0.19810841261159803,0.16702234284842715,0.2550133636945652,10
SwinPix2Pix-2D-T2,SwinPix2Pix,GAN,2D,t2,t2,cavity,5.0,all,30,0.5941889698235959,0.06244522030783022,0.02968457345426659,0.6005693743370359,0.4889571762013623,0.6784098919720853,17,12.464863215173322,2.039188508105263,0.9693686843852259,12.349825812851085,8.88518363853101,16.450964034867795,17,0.17610801844035878,0.04669104838485165,0.02219551550309845,0.1836768388748169,0.09402547031641006,0.2641417682170868,17,0.2212991446799478,0.035076494137968775,0.01667430688247763,0.21883582412020156,0.1717166243515049,0.3069956650336583,17
CycleGAN-2.5D-T2,CycleGAN,GAN,2.5D,t2,t2,cavity,5.0,all,30,0.5927082122250986,0.06099215892325363,0.02899383191806268,0.6036873154657876,0.4718867337892845,0.6751934437365512,17,12.36347013889893,1.9491367446916794,0.9265607933639565,12.089626296978713,8.423851777413823,16.094058466190184,17,0.1778651576708345,0.04680536255909293,0.02224985701211069,0.18945840001106262,0.10126335173845291,0.2838878333568573,17,0.23567359132471233,0.03253440536520013,0.015465874587251106,0.23042018142969986,0.19520112127289535,0.3260747740666072,17
SwinPix2Pix-2.5D-T2,SwinPix2Pix,GAN,2.5D,t2,t2,cavity,5.0,all,30,0.5923975215454483,0.06445401389164608,0.030639493308809305,0.5948241538003401,0.4340550363130369,0.6758557922134428,17,12.47906058013044,2.0608142020419185,0.9796488867289375,12.474539123252192,8.826671151247698,16.491786808336286,17,0.17673136863638372,0.048516044984163106,0.0230630638172687,0.18112260103225708,0.09575407952070236,0.2773536443710327,17,0.21783680030852642,0.04063103712379804,0.01931476901000182,0.2057979227211568,0.16889137398818724,0.33016503850619,17
pix2pix-2.5D-T2+FLAIR,pix2pix,GAN,2.5D,t2_flair,t2,cavity,5.0,all,20,0.5921270793126397,0.05646997650144039,0.0350004540515047,0.5924755077385494,0.5035138571573927,0.6653360502712264,10,12.938054641299825,1.9261090740909845,1.1938147724249222,12.42694972492767,10.604081290299188,16.056768748701426,10,0.16659482270479203,0.04295337051901591,0.02662277486815894,0.1831555739045143,0.09916262328624725,0.2210228592157364,10,0.22850357451010103,0.02556355736874079,0.01584445701079394,0.23164897983332283,0.18974294233843325,0.26643197543712127,10
pix2pix-2.5D-T2,pix2pix,GAN,2.5D,t2,t2,cavity,5.0,all,30,0.5914159121098419,0.060828129542927684,0.028915857300230594,0.5991573316086959,0.4934731018223876,0.6746300835485491,17,12.404079805628859,1.9194136491087221,0.9124313306161111,12.054575751457461,9.534016740310118,16.33760534554171,17,0.17972961594076717,0.04492545682666263,0.021356206552934926,0.19355683028697968,0.0966901183128357,0.25546228885650635,17,0.23727788691951446,0.03121452547883146,0.01483844351655302,0.24048311805183237,0.17275695581338368,0.29655012240012485,17
CUT-2.5D-T2+FLAIR,CUT,GAN,2.5D,t2_flair,t2,cavity,5.0,all,20,0.5905490611569189,0.05370947369613773,0.03328947668650471,0.5994049616155885,0.5014621681635659,0.6615990732876051,10,12.86379301533837,1.8998770766327902,1.1775560119543684,12.261598290322024,10.583942236738022,16.075787794145185,10,0.16905352622270584,0.0416892594852032,0.025839270732048076,0.18912819027900696,0.10135404765605927,0.22180046141147614,10,0.22982439934505097,0.024316620700894916,0.015071597656992676,0.23315261657746356,0.18338764957577672,0.26258540205243563,10
pix2pix-2D-T2+FLAIR,pix2pix,GAN,2D,t2_flair,t2,cavity,5.0,all,20,0.5892074132341166,0.05988452084098463,0.037116810559285354,0.5996293879590738,0.5021477508767418,0.6622268131970437,10,12.712779315508262,1.9978108693008332,1.2382560055213925,12.078830285262047,10.303459246168776,16.074022437191125,10,0.17263342440128326,0.045301347658119995,0.02807806617625962,0.19531821459531784,0.10051266103982925,0.22902058064937592,10,0.23597417123696865,0.027376878869468508,0.01696836532099498,0.23842502544905864,0.18208850332806692,0.27381462251974475,10
CUT-2D-T2,CUT,GAN,2D,t2,t2,cavity,5.0,all,30,0.5886057237159895,0.06091255711728346,0.028955991621483285,0.6013659183071801,0.4975775836587655,0.6744753359383798,17,12.294915772911887,1.8938734131659352,0.900290273123711,12.176763373640846,9.009244939543958,16.08147142741117,17,0.1813289496828528,0.04442547347326815,0.021118529553693276,0.19177772104740143,0.10042864084243774,0.26469340920448303,17,0.23256937002480632,0.030537394057575874,0.01451655567128053,0.23038235159688875,0.18333971419857475,0.3080989420413971,17
pix2pix-2D-T2,pix2pix,GAN,2D,t2,t2,cavity,5.0,all,30,0.5867734173722186,0.06518956220594979,0.030989150782311282,0.6025476239564579,0.48792407663936826,0.6725356358422412,17,12.353294690722649,1.9359675223218011,0.9203005424296635,12.077295445221532,9.3395578176597,16.29380362532769,17,0.1815768085858401,0.04579776391307229,0.021770875020009867,0.19554013013839722,0.0957087054848671,0.25940966606140137,17,0.2372196806510002,0.035611783777130916,0.01692876742460857,0.2358826320422323,0.17327491709371456,0.3121660575270653,17
pix2pix-3D-T2+FLAIR,pix2pix,GAN,3D,t2_flair,t2,cavity,5.0,all,20,0.5827327386526904,0.0461757728982665,0.02862004055513054,0.5992882488521227,0.4926270841718163,0.6276185210372963,10,12.958923841048485,1.590077535538891,0.9855402670397645,12.847253229120057,10.253488717532553,15.72818152906522,10,0.1623996041715145,0.03866477837153024,0.023964677916411714,0.1658940687775612,0.11216051131486893,0.2279050499200821,10,0.20531033116006023,0.029031278545700243,0.01799377286387391,0.2061895694825932,0.1557018831372261,0.2590733278646237,10
CUT-2.5D-T2,CUT,GAN,2.5D,t2,t2,cavity,5.0,all,30,0.5820003089640364,0.06608759381228244,0.03141604790992205,0.6063980665154964,0.44397900159895576,0.6706444764588154,17,12.300775944002519,1.8450556254869444,0.8770837699343855,12.162700235200765,8.932393535187458,16.033797781231392,17,0.1819760698605986,0.045220099917322676,0.021496270987400437,0.1938658058643341,0.0999189242720604,0.27819588780403137,17,0.24121762123478466,0.03333865748994865,0.01584819177910596,0.24072005692869425,0.1921167928062809,0.3312272181113561,17
SwinPix2Pix-3D-T2,SwinPix2Pix,GAN,3D,t2,t2,cavity,5.0,all,30,0.5768673900839267,0.05302389904187737,0.025205961612130883,0.5941408583332104,0.4952114635006379,0.6640557301365958,17,12.533924757734901,1.8565426785556731,0.8825443683422509,12.347985785893234,7.903104088279681,15.386994532284398,17,0.1713226945961223,0.0442534724102776,0.021036765438467397,0.16751547157764435,0.11358844488859177,0.2818514108657837,17,0.19882116600199773,0.040290318863083846,0.019152801830007546,0.1987980529665947,0.15059208081049077,0.31980504592259723,17
CUT-2D-T2+FLAIR,CUT,GAN,2D,t2_flair,t2,cavity,5.0,all,20,0.5743303174352996,0.05485862738624842,0.03400172952280279,0.5734307220019337,0.49243508250392287,0.633130584003525,10,12.59817644986494,2.1169892572775084,1.3121235356806025,12.17766886565066,9.952152816674994,16.556498646247128,10,0.17590396702289582,0.04691493133671113,0.029078175701705348,0.19108130782842636,0.09647203981876373,0.24169091880321503,10,0.18948898869088424,0.025133309236927696,0.015577786455903846,0.1986013346702441,0.15592844265092237,0.22043579478155484,10
CycleGAN-3D-T2+FLAIR,CycleGAN,GAN,3D,t2_flair,t2,cavity,5.0,all,20,0.572471529293757,0.037004806102504145,0.022935816444735028,0.5841627332338595,0.49927922434983774,0.6088489556247088,10,12.69787669662377,1.471556395013284,0.9120801030711708,12.515449014146295,10.128282721353031,15.374726876932703,10,0.16765605956315993,0.03374669554001554,0.020916418596496223,0.16686027497053146,0.12182257324457169,0.231564000248909,10,0.17773442211705925,0.029885029632723093,0.01852293326988193,0.17841935406632528,0.1361554799711003,0.2347490055994554,10
CycleGAN-3D-T2,CycleGAN,GAN,3D,t2,t2,cavity,5.0,all,30,0.5707449725933141,0.05554623574817907,0.02640500437097622,0.5762616534926078,0.45076842444537607,0.6555489120740585,17,12.303104585812932,1.792307328296449,0.8520088211261354,12.412497325891438,7.821607225221667,15.642857558618369,17,0.17685443864149206,0.04442296802661596,0.0211173385399565,0.17023810744285583,0.11650515347719193,0.2949524223804474,17,0.18036526878575,0.04229692529822069,0.02010668198006532,0.1762802906726536,0.1353039636331446,0.30546948065360385,17
pix2pix-3D-T2,pix2pix,GAN,3D,t2,t2,cavity,5.0,all,30,0.5673952203406607,0.05464261528845947,0.025975450471108545,0.5883320609105726,0.467547019862913,0.6607972465300226,17,12.341055276821674,1.6761356990461702,0.7967843340511926,12.146853047253465,8.261513969748727,15.394746336445447,17,0.17563261749113307,0.04062223184694418,0.0193105832470841,0.17333559691905975,0.11760776489973068,0.27314311265945435,17,0.19972911295000037,0.04003674712919826,0.01903226147922735,0.18508457979903772,0.14288605924914866,0.318677360812823,17
CUT-3D-T2,CUT,GAN,3D,t2,t2,cavity,5.0,all,30,0.5664243538496859,0.05291445968614524,0.025153937444740596,0.57781784406839,0.4911427172570844,0.6504040787270093,17,12.496214587543177,1.6996017418273028,0.8079393827031732,12.641026638460868,8.75381114919246,15.541099055447315,17,0.17342616792987375,0.040769371435187475,0.019380528967408363,0.16263407468795776,0.11617600917816162,0.25747090578079224,17,0.16966767550661682,0.0467841183263624,0.02223975814491381,0.16179394800412028,0.12043717087191694,0.3165205369393031,17
CUT-3D-T2+FLAIR,CUT,GAN,3D,t2_flair,t2,cavity,5.0,all,20,0.5636942609178381,0.042723230082500986,0.026480132347784797,0.5747098065219188,0.49092502382863046,0.6112802294420334,10,12.899121909868,1.5942794000472833,0.9881446096438894,12.71204584272651,9.843838537069601,15.267568841676473,10,0.1664649501442909,0.03920029702777943,0.02429659581833071,0.16209163516759872,0.12147093564271927,0.24782219529151917,10,0.16871406550269324,0.03481440384027943,0.021578191057174394,0.17008435358432394,0.11849784237496994,0.2395549670539119,10
CycleGAN-2D-T2,CycleGAN,GAN,2D,t2,t2,cavity,5.0,all,30,0.5278513000895275,0.06122744810083499,0.02910568129325068,0.5195427299046184,0.45120659328604107,0.6422732746858035,17,11.131841971092445,2.3424139455110358,1.1135129075219499,10.870652140580672,6.74569417027474,16.021895310878612,17,0.21076509356498718,0.05637429300510599,0.02679863780435052,0.21822616457939148,0.1018407940864563,0.32868486642837524,17,0.21124017382790714,0.04964117790258221,0.023597918055879453,0.20764935575425625,0.14948112079325845,0.34118105967839557,17
ResViT-2D+3D-refine-T2+FLAIR,ResViT,ResViT,2D+3D-refine,t2_flair,flair,cavity,5.0,all,20,0.6242723029651049,0.0628600206801654,0.03896104446646343,0.6387855568861588,0.5051622506332014,0.6978119161656164,10,13.908146203226769,1.848674981841797,1.1458206248141376,14.442198051597586,11.63191176961696,16.467893557901366,10,0.14747351184487342,0.041960621077963306,0.02600746238976022,0.13952706009149551,0.08896442502737045,0.208839550614357,10,0.16360994472020413,0.038331946282735736,0.023758386450531237,0.16326219168509923,0.11518216682107825,0.23817573592532426,10
ResViT-3D-T2+FLAIR,ResViT,ResViT,3D,t2_flair,flair,cavity,5.0,all,20,0.609657523952519,0.06502137685072693,0.04030066689989486,0.6213044119891646,0.5062969279229028,0.708492913851491,10,13.267750682614112,2.488237167716828,1.5422253744996268,12.469277192238398,10.65895194122498,17.626013778203852,10,0.16054482832551004,0.05082468455459708,0.031501465852213015,0.1653202846646309,0.0843673124909401,0.2153637409210205,10,0.18422562573659126,0.04530117985543493,0.028077962171077886,0.173762909574982,0.12040514566681602,0.2653767849551514,10
ResViT-2.5D-T2+FLAIR,ResViT,ResViT,2.5D,t2_flair,flair,cavity,5.0,all,20,0.6084678431520552,0.06605826375346299,0.040943336060468974,0.6235285797878234,0.49268949065083106,0.6745154208820336,10,13.676583178504439,2.159804310732224,1.3386605807441196,13.663164748400067,10.925777636667382,16.536453947947205,10,0.15421597361564637,0.04605435767224251,0.02854478661838599,0.14473389089107513,0.09853041917085648,0.21347001194953918,10,0.1579497412481134,0.031058863024545066,0.01925048274377872,0.16090258866345056,0.11556003511779839,0.20842607348572975,10
CycleGAN-2D+3D-post-T2+FLAIR,CycleGAN,GAN,2D+3D-post,t2_flair,flair,cavity,5.0,all,20,0.6050687371159793,0.03660274674561757,0.02268661747355559,0.61090519599397,0.532473585829383,0.6574721019558165,10,13.807540168076567,2.0189575822030994,1.2513628739695715,13.561781953784902,10.82872619323239,16.851672839610288,10,0.15046428963541986,0.048856824200128726,0.030281773368108816,0.1552952527999878,0.09344259649515152,0.2247253805398941,10,0.2250347221890233,0.03623810106041872,0.02246060773633609,0.224963986947474,0.1829348046046037,0.28413617637926253,10
pix2pix-2D+3D-post-T2+FLAIR,pix2pix,GAN,2D+3D-post,t2_flair,flair,cavity,5.0,all,20,0.6044995972765345,0.037002293836019884,0.022934259325835833,0.6102496375385594,0.5339683547390968,0.656399881630901,10,14.085528861024297,1.810957357569091,1.122442999090226,13.84341547294963,11.27376976873431,17.007945145510554,10,0.14396441206336022,0.04130486130390883,0.02560101827091003,0.15000048279762268,0.09315183758735657,0.2067059874534607,10,0.21637972215336734,0.03517363378739347,0.021800844085152343,0.2062393989075314,0.16973897949076042,0.27032771467098166,10
SwinPix2Pix-2D+3D-post-T2+FLAIR,SwinPix2Pix,GAN,2D+3D-post,t2_flair,flair,cavity,5.0,all,20,0.6031892609253392,0.04192052987019589,0.025982613601744576,0.6054143003497623,0.5235089946093517,0.6594117637894357,10,13.612276281475436,1.918036551349387,1.1888113709928392,13.508116876965047,10.80684493096335,17.0070102404194,10,0.1537703663110733,0.04432360592484741,0.02747205557151335,0.1574523150920868,0.09128697961568832,0.2141198217868805,10,0.21074878602437722,0.042638215392938265,0.02642743969728109,0.19971863940273496,0.1646572474318628,0.2801984091815741,10
CUT-2D+3D-post-T2+FLAIR,CUT,GAN,2D+3D-post,t2_flair,flair,cavity,5.0,all,20,0.600870761190695,0.04029790111826031,0.024976897881757987,0.6000035874633349,0.5336391108900517,0.6674825837228497,10,14.172793401054331,2.0006616340799517,1.2400229278373711,13.766108734703359,10.55757319715758,17.471183329248433,10,0.14629584923386574,0.047022774526572574,0.029145017603284973,0.15232887119054794,0.08925732225179672,0.23252122104167938,10,0.214789667922579,0.03512489774056082,0.021770637170372153,0.20619905328923704,0.15931515902495727,0.2704273319222789,10
ResViT-2D-T2+FLAIR,ResViT,ResViT,2D,t2_flair,flair,cavity,5.0,all,20,0.5964638544859456,0.06775723181143045,0.0419963673725388,0.6113498617795396,0.4883547046308364,0.6838215371349101,10,12.99205749696472,1.5194014194655128,0.9417347564583675,12.822774275376231,10.70409989556209,15.712503498708884,10,0.1645597606897354,0.03948984132711947,0.024476057234339405,0.16239989548921585,0.10004259645938873,0.2320924550294876,10,0.16509525046815193,0.03615563089374616,0.022409492197459087,0.1611037187575668,0.1062061916001969,0.22367196805680578,10
CycleGAN-2.5D-T2+FLAIR,CycleGAN,GAN,2.5D,t2_flair,flair,cavity,5.0,all,20,0.5894515861499083,0.04340773936323197,0.02690439559548497,0.592597255159653,0.5109931484562301,0.6620376671532402,10,14.126755446010193,2.034070616179994,1.260730029475181,14.286685409222489,9.975927783815669,16.417907616376546,10,0.14977830201387404,0.05203355305286316,0.03225073031005805,0.14242269843816757,0.09539856761693954,0.26108071208000183,10,0.2268195109496672,0.038559089790021005,0.023899171454924373,0.23818044393338303,0.17285322319520147,0.2876785359535762,10
CycleGAN-2D-T2+FLAIR,CycleGAN,GAN,2D,t2_flair,flair,cavity,5.0,all,20,0.5870592272963175,0.04711542225212606,0.029202441258510483,0.5894474769165402,0.49338265571360784,0.6547342775821842,10,14.032796231807652,2.234313305391938,1.3848417340857475,14.24898123566858,9.84622961203472,16.780754566146122,10,0.15138518065214157,0.0551562417795636,0.03418619283487852,0.14391470700502396,0.09711819142103195,0.2652016580104828,10,0.22455732078953178,0.0362891715542176,0.022492261556336348,0.2253472558222711,0.16814120393246412,0.2795035130512569,10
SwinPix2Pix-2D-T2+FLAIR,SwinPix2Pix,GAN,2D,t2_flair,flair,cavity,5.0,all,20,0.5854569571011071,0.034055147094947794,0.02110759885093189,0.5913609214137061,0.5230616920598842,0.6487085261436097,10,14.108654557258612,2.2170170998201595,1.3741214348066255,14.466052492276923,9.967152539835322,16.820162813943924,10,0.14930092841386794,0.05200993425454654,0.03223609122719581,0.14055237919092178,0.09568072855472565,0.2512097656726837,10,0.20609911870302686,0.04011913361097935,0.02486609663280883,0.2025030334419236,0.13965267623559788,0.2631809916670248,10
SynDiff-3D-T2+FLAIR,SynDiff,SynDiff,3D,t2_flair,flair,cavity,5.0,all,20,0.5830749500967123,0.056674802185630244,0.035127406325831785,0.6146028650464042,0.48346184797869496,0.65060406517839,10,12.447851358183705,1.7728610122597204,1.098830639635873,12.141340284433749,10.494236162690369,15.469679269859856,10,0.1791016772389412,0.04413340855155618,0.027354170018215364,0.19196970015764236,0.11663948744535446,0.23350782692432404,10,0.16993091323236015,0.029936320786781514,0.018554723856527996,0.16033851549626338,0.13055166602134707,0.22383477996937806,10
SynDiff-3D+3D-refine-T2+FLAIR,SynDiff,SynDiff,3D+3D-refine,t2_flair,flair,cavity,5.0,all,20,0.581867800147023,0.048069842645805154,0.029793997147221224,0.5899215527826157,0.47986957020854293,0.6329859799765344,10,12.308299906039307,1.382173638677175,0.8566800967322444,11.557890371729734,10.854541326266578,15.047101913799853,10,0.17594216465950013,0.03785590137749541,0.023463330761391857,0.1870133876800537,0.11843079328536987,0.23289605975151062,10,0.16240435328889188,0.03352585493598036,0.020779540172010908,0.16294011183013857,0.10211314057761972,0.20994373521944132,10
SwinPix2Pix-2.5D-T2+FLAIR,SwinPix2Pix,GAN,2.5D,t2_flair,flair,cavity,5.0,all,20,0.5788332079407978,0.037857408839778624,0.023464265096195,0.578968318825883,0.5118807783413123,0.6604095293577845,10,13.832397156946891,2.2848773400310094,1.4161816474465818,14.608097880104285,9.088228832016643,15.897907437654787,10,0.1548924572765827,0.05744221349002286,0.03560305278014391,0.13895096629858017,0.10050656646490097,0.2786614000797272,10,0.19963851404621896,0.03214295219684413,0.019922408174132298,0.1940701405245706,0.15684566525026009,0.2562149230620669,10
SynDiff-2.5D-T2+FLAIR,SynDiff,SynDiff,2.5D,t2_flair,flair,cavity,5.0,all,20,0.5782488801148179,0.05433524733927183,0.033677335208857725,0.5861749054306366,0.48067301982817756,0.6691969257938037,10,12.751549157725439,1.172896845191525,0.7269689962813013,12.98739186127077,11.005247920451769,15.042918267454331,10,0.16623991578817368,0.03376537441422204,0.020927995882673803,0.16265667229890823,0.10260973870754242,0.20751096308231354,10,0.14821076377834996,0.02985500889483466,0.018504326223763724,0.14371395588984454,0.10204182223727305,0.20174548289600125,10
pix2pix-2.5D-T2+FLAIR,pix2pix,GAN,2.5D,t2_flair,flair,cavity,5.0,all,20,0.5763865600522557,0.051362718396161536,0.03183494268214141,0.583906444417267,0.47717254932474623,0.6691206809046216,10,14.130239172677543,2.152917044611313,1.3343918089765365,14.274625556821613,10.167569030277859,16.79600310510009,10,0.15078882798552512,0.052801771953311795,0.03272687731759158,0.14586710929870605,0.09970422834157944,0.2598898112773895,10,0.2171056487150632,0.03334444776430593,0.020667102842120356,0.21503326638706305,0.16190413534283066,0.26643834316304754,10
SynDiff-2D-T2+FLAIR,SynDiff,SynDiff,2D,t2_flair,flair,cavity,5.0,all,20,0.5761031874465021,0.048073311159330404,0.02979614695417686,0.5913635640496628,0.47500397564698627,0.6253628647535114,10,12.194530680756047,1.245231223223253,0.7718023082728352,11.815670635756405,10.902230443791582,13.978628526903194,10,0.17892154306173325,0.03479117102958309,0.021563791211917788,0.18670325726270676,0.13291846215724945,0.22855998575687408,10,0.1624599576552933,0.018329357149625483,0.011360653261343613,0.16196751356906536,0.13984811368087927,0.19787177627063102,10
CUT-2.5D-T2+FLAIR,CUT,GAN,2.5D,t2_flair,flair,cavity,5.0,all,20,0.5742927266525488,0.05257378069769606,0.032585566873339494,0.5891834275416894,0.4601239662382226,0.6531098687037308,10,14.12876275449336,2.113749217146982,1.310115338002131,14.261569203825069,10.160789738296483,16.788180812045056,10,0.15132347121834755,0.05145909530082844,0.03189467770652794,0.1453370451927185,0.10229180753231049,0.2601529061794281,10,0.2336017928938316,0.03466647948833567,0.02148650659395925,0.24457268866107745,0.1686221665989321,0.2765165865421295,10
pix2pix-2D-T2+FLAIR,pix2pix,GAN,2D,t2_flair,flair,cavity,5.0,all,20,0.5732947862016562,0.04644243485269145,0.028785319346824337,0.5816082136058167,0.47554620280956206,0.6527061163174218,10,14.251534572635032,2.0135715700609063,1.2480245890581392,14.335775235240234,10.520369282424923,17.337496375021438,10,0.14757469967007636,0.04815801166974331,0.029848644874426043,0.14376690238714218,0.09941589832305908,0.2470966875553131,10,0.2294425863862942,0.0379290867816884,0.023508691544862913,0.24066278938746122,0.15474938601255417,0.28175470658711027,10
SwinPix2Pix-3D-T2+FLAIR,SwinPix2Pix,GAN,3D,t2_flair,flair,cavity,5.0,all,20,0.5698320747904877,0.03152194121347192,0.01953750157888262,0.5663088470531642,0.5251304801423763,0.6232269794193391,10,13.610126148936626,1.6928404203668803,1.0492333629370219,13.724003506561482,10.225519346903367,15.904858509175948,10,0.15425353571772576,0.04356462659846123,0.027001635311314654,0.15372339636087418,0.10699563473463058,0.23534910380840302,10,0.20087318382945085,0.030200659261704576,0.018718562540706543,0.19432992338708122,0.16902365626120544,0.2576673957568355,10
CycleGAN-3D-T2+FLAIR,CycleGAN,GAN,3D,t2_flair,flair,cavity,5.0,all,20,0.5679109190677147,0.020694761623053847,0.012826746143166246,0.566756171788096,0.5399352247893401,0.6151508031352535,10,13.568294538093772,1.449186755267146,0.8982152567122663,13.903233107104558,10.324712768410437,15.21907392529247,10,0.15610405951738357,0.039131256154796415,0.02425380384191726,0.14841922372579575,0.11719948798418045,0.23753546178340912,10,0.1714525133423886,0.03753593480087992,0.023265013422574435,0.1609311400313946,0.11557520949281752,0.2366038273007839,10
CUT-2D-T2+FLAIR,CUT,GAN,2D,t2_flair,flair,cavity,5.0,all,20,0.5650147077379477,0.05580611773301903,0.03458899012393909,0.5766454038489881,0.4392579648259753,0.6558033381378526,10,13.86352424107788,2.1306687617238675,1.3206021803779298,14.04811226075284,9.111212674935027,16.086122373911003,10,0.158869668841362,0.0564576290753384,0.03499280103751901,0.15025081485509872,0.10632847994565964,0.2961481511592865,10,0.2061622596865357,0.03491339520633996,0.021639546541521174,0.21130194010979989,0.15198919814653122,0.2585281192375199,10
pix2pix-3D-T2+FLAIR,pix2pix,GAN,3D,t2_flair,flair,cavity,5.0,all,20,0.5618143049598683,0.031804421888891564,0.019712584915427152,0.5598376508459516,0.5062346257602427,0.6229892726863182,10,13.244757851799935,1.362333435110725,0.8443830111600144,13.490929424037652,10.4471444374621,15.364202056761654,10,0.16206131353974343,0.0378037786384592,0.023431024753036624,0.16658078879117966,0.11382266879081726,0.23166202008724213,10,0.2055452193303841,0.03279830618633618,0.020328600785104997,0.1969119457407676,0.17486128605463924,0.2671940125187597,10
CUT-3D-T2+FLAIR,CUT,GAN,3D,t2_flair,flair,cavity,5.0,all,20,0.5373585065637771,0.03008044634915758,0.018644053805575562,0.5318962868867685,0.48594730904110955,0.5987670706274175,10,13.031073275398246,1.225495914004711,0.7595702368910064,12.941918124603088,10.514988707819164,14.842778069019413,10,0.16809815913438797,0.03446869851501873,0.02136392067666805,0.17464672774076462,0.12228906154632568,0.2301204800605774,10,0.16670849825593959,0.023906612506145522,0.01481747194506325,0.1599168647605842,0.13811829787763683,0.217824390974968,10
ResViT-2D+3D-refine-T2+FLAIR,ResViT,ResViT,2D+3D-refine,t2_flair,t2,cavity,5.0,post,8,0.6715881489301819,0.06004801989375562,0.044484195661006226,0.6722566019602126,0.5840284249034099,0.7631349537639699,7,13.062606803977143,1.661917565064755,1.2311657614623774,12.65971035019023,11.452207812524806,16.00363855122965,7,0.15773520405803407,0.03682251893665352,0.02727850377093849,0.16405028104782104,0.11028625816106796,0.19766433537006378,7,0.15140155970997574,0.016845479158214133,0.012479305599139756,0.15334746139970692,0.12374483311877531,0.17724890394934587,7
ResViT-2.5D-T2+FLAIR,ResViT,ResViT,2.5D,t2_flair,t2,cavity,5.0,post,8,0.6588378773576569,0.05342723215501348,0.03957944746579016,0.6296618044478998,0.593762149141258,0.7384989416927127,7,12.662465383884394,1.5919303161271166,1.1793184818847002,11.94952677690299,11.272111431760397,15.220515428287628,7,0.1662626937031746,0.038155476946182855,0.02826597288330425,0.17962343990802765,0.1113658919930458,0.20495742559432983,7,0.1440803409146357,0.010968600449040659,0.008125652925206034,0.14691028979263807,0.12994241977439208,0.15672477787094458,7
SynDiff-2D-T2+FLAIR,SynDiff,SynDiff,2D,t2_flair,t2,cavity,5.0,post,8,0.6521379870153305,0.0546193101192545,0.040462551180089096,0.6586256688654253,0.5613312002376059,0.7254449489915603,7,12.560761643549617,1.0953738491634404,0.811464303308411,13.131955564943276,10.662889852295008,13.61281003964204,7,0.16286254780633108,0.03214869957079181,0.02381608993076434,0.15010061860084534,0.1339903622865677,0.2168208807706833,7,0.14853403531420706,0.034156867906724966,0.02530376185290173,0.1432366520166397,0.10899455166038345,0.2127951756547604,7
ResViT-2.5D-T2,ResViT,ResViT,2.5D,t2,t2,cavity,5.0,post,14,0.6477962982023957,0.07132350192534037,0.038771897303187676,0.6701769374423182,0.5191539865315292,0.7351179843834119,13,13.045031388899199,1.287296986496775,0.699782613189709,13.026394184747929,11.076042365397154,14.839972860172576,13,0.15816902942382371,0.03359728280301704,0.018263690976198708,0.15571865439414978,0.10562076419591904,0.2087593376636505,13,0.1296651895923469,0.022596335131417514,0.012283507700740968,0.1254554440577825,0.1028849664502419,0.1859570291231979,13
ResViT-2D-T2,ResViT,ResViT,2D,t2,t2,cavity,5.0,post,14,0.6461719499557593,0.06975509874800144,0.037919303623962106,0.6757038890565963,0.5141498835922999,0.7226018519063164,13,12.913853670860682,1.3405277974326555,0.7287192116356429,13.488887683233486,10.87808138645773,14.696285719695698,13,0.16204298173005766,0.03554319155862293,0.019321499025398266,0.14601892232894897,0.1167931854724884,0.21901234984397888,13,0.13092641743400144,0.023489052750080713,0.01276879452622224,0.12584139856820306,0.10076605934988368,0.16641146609058174,13
ResViT-2D+3D-refine-T2,ResViT,ResViT,2D+3D-refine,t2,t2,cavity,5.0,post,14,0.6453186580978545,0.06538858007686386,0.03554563703553498,0.6574824391322405,0.5359622252710077,0.7328543552265161,13,12.914620015461157,1.4438456696416007,0.7848834467437604,13.072766861147517,10.653619302482477,15.399387522595598,13,0.16119824177943742,0.03684254468595708,0.02002783543140242,0.15456697344779968,0.10966826230287552,0.2212064117193222,13,0.13907334065690125,0.019379643992792555,0.010534894479065571,0.13368627438811878,0.09926614294258448,0.16832351820035416,13
SynDiff-2.5D-T2+FLAIR,SynDiff,SynDiff,2.5D,t2_flair,t2,cavity,5.0,post,8,0.6397363119397417,0.05349188358166692,0.039627341912902715,0.6210277521568727,0.5612005340665082,0.7204302212797797,7,12.048548213646763,1.3298771539441436,0.985186782608718,11.404670465177471,10.278989679980768,13.633856157866159,7,0.175192015511649,0.036917044282550916,0.027348529127132815,0.1834051012992859,0.1256258338689804,0.22872178256511688,7,0.13824369248341695,0.033094640007748574,0.0245168524131192,0.132044047562387,0.09431731487240862,0.19906684619590206,7
SwinPix2Pix-2D+3D-post-T2+FLAIR,SwinPix2Pix,GAN,2D+3D-post,t2_flair,t2,cavity,5.0,post,8,0.6361734174813962,0.02961726748795635,0.02194077880019513,0.6381109916172243,0.596264865569389,0.6779115880791461,7,13.009065512936468,1.9038245552636024,1.4103729676751784,13.489675686950752,10.522858777071377,15.547617248195918,7,0.15999817422458104,0.041660324325314364,0.030862400156861425,0.14195381104946136,0.12117154151201248,0.22190581262111664,7,0.1967551764718758,0.0249605476720453,0.01849103248389714,0.1974402106028389,0.17347323324750452,0.2464583405027432,7
ResViT-3D-T2+FLAIR,ResViT,ResViT,3D,t2_flair,t2,cavity,5.0,post,8,0.636009920043889,0.05513259008585513,0.0408427943005706,0.6662310815799425,0.5444189366127254,0.6898276557183235,7,12.367774303711043,1.206905848122481,0.8940883644004411,12.407277920272737,10.649353091221545,14.42948235545364,7,0.16939020582607814,0.03521179482646117,0.026085262651573158,0.1666361391544342,0.11626917123794556,0.22168989479541779,7,0.1335974672689635,0.024233467950619928,0.017952404288558432,0.12724417579524658,0.10811819859287318,0.18047706816684117,7
pix2pix-2D+3D-post-T2+FLAIR,pix2pix,GAN,2D+3D-post,t2_flair,t2,cavity,5.0,post,8,0.633703067823388,0.031353194822345734,0.023226771766039732,0.6409124475877156,0.5930686459628426,0.6777860957348686,7,12.33389135221175,1.2233143252533951,0.9062439343673141,12.287203374890783,10.32837875087672,13.933562271942684,7,0.170283209000315,0.03208878445320853,0.023771704190512742,0.17281705141067505,0.13086174428462982,0.22318969666957855,7,0.2171327892213244,0.02004019546640044,0.014845984560181493,0.21428804060346202,0.18788474604331318,0.24650852977564292,7
SynDiff-3D+3D-refine-T2+FLAIR,SynDiff,SynDiff,3D+3D-refine,t2_flair,t2,cavity,5.0,post,8,0.6309767235273605,0.044881462776365795,0.033248652915258595,0.6394288662954166,0.5574935202545214,0.6994899996251197,7,12.293623252993669,1.0324584310666995,0.764855909332035,12.795105430484895,10.398789360226282,13.20145566643518,7,0.16858473207269395,0.03235230972295526,0.02396692644233344,0.1610507369041443,0.133965402841568,0.22558905184268951,7,0.16298384374848904,0.026295501281949688,0.01947997995770932,0.15673489342717564,0.12899415497668087,0.19797456535426053,7
SynDiff-3D+3D-refine-T2,SynDiff,SynDiff,3D+3D-refine,t2,t2,cavity,5.0,post,14,0.6305867821058135,0.05566897730467442,0.030262000781869514,0.6449363360321735,0.5252748180608868,0.7225394289749266,13,12.662119132490954,1.1924135935669211,0.6482034132465377,12.423146630079064,11.02995991315796,15.204014282289066,13,0.1646881292645748,0.029215327242715618,0.015881632799232263,0.16405269503593445,0.11395774036645889,0.21022580564022064,13,0.1535857554876783,0.01675747066136155,0.009109464818813856,0.1482221821651739,0.1361526884138584,0.19192741818439502,13
SynDiff-2D-T2,SynDiff,SynDiff,2D,t2,t2,cavity,5.0,post,14,0.6300686656459796,0.0647805931163669,0.03521513155897074,0.6439141895498917,0.5173601191724968,0.748143028883375,13,12.389943733498288,1.369001056711663,0.7441974516946954,12.178778597085849,10.849840637931278,16.23877838923049,13,0.17007549508259848,0.032264000088625455,0.017538910236567923,0.168648824095726,0.1002207025885582,0.2131737917661667,13,0.1440188532776722,0.024613336013030875,0.013379961869862012,0.14807770060641426,0.10096737298254783,0.1857563952084795,13
SynDiff-3D-T2+FLAIR,SynDiff,SynDiff,3D,t2_flair,t2,cavity,5.0,post,8,0.6298171260520586,0.04769606502356681,0.03533373943924267,0.6334366092439256,0.5547819445107333,0.707182769378123,7,12.285416097288302,1.3388866115986024,0.9918610822410723,12.466858524987614,10.48423915290973,14.159437118973514,7,0.17190890120608465,0.038523611916843975,0.02853869108606136,0.1628829687833786,0.12426454573869705,0.2245829701423645,7,0.15040913527357294,0.02159529666630715,0.015998019650959056,0.15041677467525005,0.11926551404244759,0.18384745286343993,7
ResViT-2D-T2+FLAIR,ResViT,ResViT,2D,t2_flair,t2,cavity,5.0,post,8,0.6269421507466546,0.07491450228086032,0.05549743993565448,0.6536403355760069,0.4887479034598509,0.706193367402772,7,12.355691774564535,1.4330494797214215,1.0616179111421464,11.676701134773639,10.975307181372084,14.652819104920772,7,0.17240285660539353,0.03689382034668445,0.02733132459467812,0.19545820355415344,0.12663955986499786,0.20724554359912872,7,0.15489048955695126,0.03121518393771442,0.023124531871932478,0.1458401511374273,0.13042959855759845,0.22049936787648636,7
pix2pix-2D+3D-post-T2,pix2pix,GAN,2D+3D-post,t2,t2,cavity,5.0,post,14,0.6258775031586509,0.05151408277305762,0.028003374386126205,0.6391950573676752,0.5238910981390081,0.6855097623309075,13,12.630513191603793,1.3610110670650346,0.7398540438463695,12.632486710415947,10.362900125463863,15.2142088548093,13,0.16859137897308057,0.033599401257971416,0.018264842581430015,0.16794690489768982,0.12038007378578186,0.22368484735488892,13,0.21734165181861956,0.025993104355810967,0.014130012484937778,0.21027317888250477,0.1864522305481574,0.2629431599679475,13
CycleGAN-2D+3D-post-T2+FLAIR,CycleGAN,GAN,2D+3D-post,t2_flair,t2,cavity,5.0,post,8,0.6258746884779977,0.02639167568664924,0.019551226953760235,0.6238754328323498,0.589457775494553,0.6566169313219659,7,12.448102274192085,1.2700942923096243,0.9408990189350758,12.73897496356577,10.530370201438721,14.088373270903194,7,0.16739267323698317,0.03264765870673695,0.0241857240314308,0.15773546695709229,0.1346443146467209,0.22023627161979675,7,0.21202975720414424,0.018360881853814397,0.013601931626368817,0.20190890311178836,0.19500638588386424,0.24309320714590804,7
SwinPix2Pix-2D+3D-post-T2,SwinPix2Pix,GAN,2D+3D-post,t2,t2,cavity,5.0,post,14,0.6238697382582173,0.055986515780953545,0.030434616663868583,0.6139654669012313,0.5204499543230032,0.6970088530963424,13,12.55709395173609,1.5424947939576112,0.8385097215869877,12.63378963890434,10.502429746350291,15.420840608990146,13,0.16925327422527167,0.03816910457877613,0.02074896160359664,0.1627432256937027,0.11429350823163986,0.22128640115261078,13,0.20863859792659883,0.02731079803952604,0.014846318930960842,0.20904610217793992,0.17104536777033524,0.25417664647102356,13
ResViT-3D-T2,ResViT,ResViT,3D,t2,t2,cavity,5.0,post,14,0.6238656133322233,0.072367205676435,0.039339261125210204,0.6305367281454258,0.485856125881984,0.727102099077429,13,12.582020827795143,1.199624784060499,0.6521234610527067,12.772595522695948,10.64101136016909,14.230498505775643,13,0.16345879492851403,0.03201347403677619,0.01740272272345001,0.15442094206809998,0.11825466901063919,0.22105474770069122,13,0.12763880422760734,0.02335511392426778,0.01269598455112084,0.12354501602905137,0.10207957201279126,0.18296596170826393,13
SynDiff-3D-T2,SynDiff,SynDiff,3D,t2,t2,cavity,5.0,post,14,0.623696202460578,0.060182800235072956,0.03271574287778316,0.6415469859878833,0.5292393456004901,0.730035193366565,13,12.763395758827023,0.9606179777461776,0.5221978811382217,12.77969002634607,10.705143423411096,14.271948072376205,13,0.16445098588099846,0.025450224707078094,0.013834899746212546,0.1672476828098297,0.12713010609149933,0.21736401319503784,13,0.15045445132646773,0.019481481063823466,0.010590253741483743,0.14424352374460017,0.1219880748540163,0.1846214369659058,13
CUT-2D+3D-post-T2+FLAIR,CUT,GAN,2D+3D-post,t2_flair,t2,cavity,5.0,post,8,0.6230090146657535,0.028268027317767654,0.020941247694414158,0.6208052624098782,0.5908521838053021,0.6693772430512301,7,12.389660171057162,1.283276014848848,0.9506641756483432,12.266005212129468,10.45846609273511,14.37078532579163,7,0.17007402437073843,0.032214148497687264,0.023864575174323936,0.17191250622272491,0.1284627616405487,0.2216571867465973,7,0.211282239249644,0.01783428687972762,0.013211824610303582,0.20927122980356216,0.18966852551834149,0.2313808796829299,7
CUT-2D+3D-post-T2,CUT,GAN,2D+3D-post,t2,t2,cavity,5.0,post,14,0.6201770744948466,0.04876212561392606,0.026507393433475978,0.6147171293711602,0.5256158966841679,0.6845449062847755,13,12.554263221399053,1.176974527867458,0.6398106415289718,12.660508260949758,10.447595661340639,14.51228381462641,13,0.1683452519086691,0.030182831188616997,0.016407573935299638,0.16387994587421417,0.12798474729061127,0.22240234911441803,13,0.22319537067634146,0.018957654461058644,0.010305498356528935,0.21844163837914282,0.19192151480487415,0.25553444115554586,13
SynDiff-2.5D-T2,SynDiff,SynDiff,2.5D,t2,t2,cavity,5.0,post,14,0.6198572865496152,0.07345748335394953,0.03993194282203436,0.632951371889136,0.5165167945516952,0.7610302953914329,13,12.316556648548849,1.666178833731182,0.9057451314966699,12.0080055528126,10.356463904665116,16.789680410162486,13,0.1737201580634484,0.03725238664482011,0.020250628058105027,0.1711515337228775,0.09436140954494476,0.22661879658699036,13,0.14139525902390584,0.021541265371413515,0.011709965245893555,0.14572594577775283,0.10599135406888448,0.18544995898757446,13
SwinPix2Pix-2D-T2+FLAIR,SwinPix2Pix,GAN,2D,t2_flair,t2,cavity,5.0,post,8,0.6065232184520132,0.031275460167396595,0.023169185127770615,0.5925679780519871,0.5797925277547741,0.6696565980898613,7,12.034874364139167,1.3906034997880723,1.030173489165884,11.86822155376044,10.372744076234202,14.079879298355877,7,0.18054963648319244,0.03648192422622222,0.027026187678472216,0.1896194964647293,0.12923306226730347,0.22589252889156342,7,0.21118941251680398,0.023257331225875214,0.01722927208316238,0.20822386629879475,0.18774805152240923,0.2512248067318329,7
CycleGAN-2D+3D-post-T2,CycleGAN,GAN,2D+3D-post,t2,t2,cavity,5.0,post,14,0.6059425071087481,0.0450107533406656,0.024468124236106344,0.6155609101809029,0.5242360783546393,0.6746999950932924,13,12.431707113483089,1.1250492314489682,0.6115837288588302,12.40192132545894,10.625690351273471,14.291527701631244,13,0.16814675010167635,0.02944616595567159,0.01600711815301786,0.1656399816274643,0.13347545266151428,0.21779616177082062,13,0.20394768860477205,0.01728571918510805,0.00939662398739617,0.20777932554483414,0.1742236754473518,0.23425519466400146,13
SwinPix2Pix-2.5D-T2,SwinPix2Pix,GAN,2.5D,t2,t2,cavity,5.0,post,14,0.6031839054558095,0.04902396646485829,0.02664973174144003,0.5948241538003401,0.5179396814635597,0.6758557922134428,13,12.140967065636609,1.381626245065643,0.7510605822628819,11.949275865869438,10.286905277968955,14.475141741089201,13,0.18011377981075874,0.0367261275262264,0.019964550342482762,0.18757116794586182,0.1250721961259842,0.22753414511680603,13,0.20976844837598715,0.025070849467919286,0.01362866901700025,0.19986631427156298,0.18013515483055795,0.25122812164149116,13
CycleGAN-2D-T2+FLAIR,CycleGAN,GAN,2D,t2_flair,t2,cavity,5.0,post,8,0.6013961505664787,0.04140973268323584,0.030676759270501525,0.6033130815577937,0.5338392470308857,0.6588258205481337,7,11.863402335781533,1.1878000600925356,0.8799345985562791,11.746504055742925,10.305361182632796,13.559043665849572,7,0.18282563984394073,0.03378994971143973,0.02503194504995751,0.18941178917884827,0.13568201661109924,0.2275572270154953,7,0.21577396295327295,0.016988500971339877,0.012585257641024474,0.21950460225343704,0.19516308912459543,0.24628686236350664,7
SwinPix2Pix-3D-T2+FLAIR,SwinPix2Pix,GAN,3D,t2_flair,t2,cavity,5.0,post,8,0.6005435166208033,0.034546556399408096,0.02559244712822022,0.6010119899047297,0.5386082202671207,0.6395411948653169,7,12.413872042392425,1.2429155618531227,0.9207647336483349,12.865296753193311,10.620754853416056,14.053390982192282,7,0.16790107956954411,0.03192321829657503,0.023649051065238066,0.16002850234508514,0.13185417652130127,0.21769073605537415,7,0.1959629304039863,0.021330125067328353,0.01580157778137559,0.19829978277754148,0.16702234284842715,0.23226263134607247,7
CycleGAN-2.5D-T2,CycleGAN,GAN,2.5D,t2,t2,cavity,5.0,post,14,0.6004598876560137,0.05327715319490989,0.028961790384907343,0.6036873154657876,0.5216868732006441,0.6751934437365512,13,12.0900023077526,1.2102759611460303,0.6579135068716931,12.086420892266702,10.342236173357923,13.996954346886879,13,0.17944463055867416,0.0329089108572877,0.017889487723894138,0.18945840001106262,0.1345021277666092,0.22682255506515503,13,0.2285052522788657,0.01760355797083463,0.009569403119470483,0.23042018142969986,0.20128931722470692,0.26827645652434406,13
SwinPix2Pix-2D-T2,SwinPix2Pix,GAN,2D,t2,t2,cavity,5.0,post,14,0.6001806129957048,0.05533136320524951,0.0300784716668141,0.6005693743370359,0.5190813407219127,0.6784098919720853,13,12.119692540355892,1.322933397881929,0.7191547870900549,11.988664377546028,10.264688097831094,14.254243724006216,13,0.1804123199903048,0.03567017128720463,0.019390525992151943,0.1877214014530182,0.12655328214168549,0.22650249302387238,13,0.21617641344270577,0.025296574292880576,0.013751374429605204,0.21883582412020156,0.18258092126676015,0.25795047949342165,13
CycleGAN-2.5D-T2+FLAIR,CycleGAN,GAN,2.5D,t2_flair,t2,cavity,5.0,post,8,0.5985819348748213,0.03879305295127374,0.028738295797688565,0.6021911985931334,0.5393076603852042,0.6540690827850283,7,11.721517673056095,1.1530857783768533,0.8542178987749383,11.419911042363788,10.215859982209494,13.387817317948077,7,0.1860961594751903,0.03385731398247943,0.025081849200315722,0.1933681219816208,0.13953755795955658,0.2311093509197235,7,0.2176486037711983,0.01699043442297863,0.012586689962042742,0.2201235180622653,0.19548013981650858,0.2446502139126616,7
SwinPix2Pix-2.5D-T2+FLAIR,SwinPix2Pix,GAN,2.5D,t2_flair,t2,cavity,5.0,post,8,0.5968303959450393,0.03713307156743417,0.027508564379350384,0.5866013390007273,0.5480418936852438,0.6673051361588688,7,11.790370175301476,1.4481105306193862,1.0727752937867507,11.451401865948274,10.352805734229966,14.124139739516544,7,0.18515072762966156,0.0368061526520858,0.027266379457659848,0.19834832847118378,0.1291799545288086,0.22549286484718323,7,0.21094917016303624,0.024209045649445555,0.017934311994660068,0.21939814243126998,0.1813081029583426,0.2450825813492494,7
pix2pix-2.5D-T2,pix2pix,GAN,2.5D,t2,t2,cavity,5.0,post,14,0.5961668691338089,0.055240266947163406,0.030028951176823068,0.5991573316086959,0.5153225663393298,0.6746300835485491,13,12.025242649378722,1.2567378871341945,0.6831704975450772,11.906161276193224,10.212242530052503,13.930406469832919,13,0.1846890369286904,0.03429143030684357,0.0186410338576489,0.19429776072502136,0.13212719559669495,0.2308216392993927,13,0.2360067321964397,0.02263675153573211,0.012305478308396912,0.24048311805183237,0.19569815844297409,0.2686222914387198,13
CUT-2D-T2,CUT,GAN,2D,t2,t2,cavity,5.0,post,14,0.5929082397824846,0.05647257027267662,0.030698838895364827,0.6013659183071801,0.500854346290725,0.6744753359383798,13,11.95432949237379,1.2003416841271017,0.6525131723681729,11.90165432069173,10.287325636193305,13.845293199641253,13,0.185679357785445,0.03279026775652493,0.01782499259964574,0.1919105350971222,0.1354336440563202,0.2297784984111786,13,0.22851690870064628,0.019917032518337534,0.010827022209223177,0.23038235159688875,0.19090138588632857,0.26254208385944366,13
pix2pix-2D-T2,pix2pix,GAN,2D,t2,t2,cavity,5.0,post,14,0.5903201663136974,0.05994315912674728,0.03258547248736752,0.6025476239564579,0.5017832262112306,0.6725356358422412,13,11.986607556706293,1.2490444871864022,0.6789883176936112,11.871384343116073,10.213557680394572,14.008712817955667,13,0.1867660410129107,0.03439576658336156,0.018697751703645682,0.20042076706886292,0.1305089294910431,0.23134812712669373,13,0.2352737493895048,0.02765320592470611,0.015032453977637325,0.2358826320422323,0.19057633035949298,0.2768772113351868,13
CUT-2.5D-T2,CUT,GAN,2.5D,t2,t2,cavity,5.0,post,14,0.5897798159301976,0.056176848777270506,0.030538082859265635,0.6063980665154964,0.49850939337441696,0.6706444764588154,13,11.983023377059428,1.1370994481173766,0.6181343012583425,11.806062117690812,10.308534550055787,13.693916946435314,13,0.18503974721981928,0.03178377797469818,0.017277858521757315,0.193869948387146,0.13829733431339264,0.22790957987308502,13,0.23839519310111504,0.021642408939866298,0.011764947516015879,0.24072005692869425,0.19480748139321805,0.27081494710662146,13
CUT-2.5D-T2+FLAIR,CUT,GAN,2.5D,t2_flair,t2,cavity,5.0,post,8,0.5886428355780166,0.05140353012990955,0.03808026802567578,0.5955349236728865,0.5014621681635659,0.6615990732876051,7,12.008879469605956,1.1410949725401698,0.8453349855012628,11.912785981206975,10.583942236738022,13.623223840156761,7,0.18333211966923305,0.031158815210853303,0.023082773334693638,0.19133949279785156,0.13714499771595,0.22180046141147614,7,0.23361058791202569,0.01745056904295551,0.012927562458782354,0.23445595085228743,0.20613720793934429,0.2535367907073937,7
pix2pix-2.5D-T2+FLAIR,pix2pix,GAN,2.5D,t2_flair,t2,cavity,5.0,post,8,0.5876425825826751,0.05113194068127042,0.037879071746529464,0.589025044961456,0.5035138571573927,0.6653360502712264,7,12.097081194715164,1.2671334728264247,0.9387056131668156,11.924422989952756,10.604081290299188,14.250281752842076,7,0.18177307077816554,0.033458565328264245,0.024786452063406707,0.19115932285785675,0.12819421291351318,0.2210228592157364,7,0.2298277844092491,0.02182142401393232,0.016165537134364177,0.2336116513531459,0.19822215398444848,0.2530700517153101,7
pix2pix-2D-T2+FLAIR,pix2pix,GAN,2D,t2_flair,t2,cavity,5.0,post,8,0.5841267855931453,0.05508798589342941,0.040809751052405585,0.5983398876458778,0.5021477508767418,0.6622268131970437,7,11.815498993669609,1.1714982171690023,0.8678580243157211,11.669194268128358,10.303459246168776,13.49784306595669,7,0.188914384160723,0.033402033621567816,0.024744572789016244,0.19962827861309052,0.13832545280456543,0.22902058064937592,7,0.24084815585544472,0.017874398921959606,0.013241540027034517,0.24154252539339818,0.21456926688551903,0.2642578700158213,7
SwinPix2Pix-3D-T2,SwinPix2Pix,GAN,3D,t2,t2,cavity,5.0,post,14,0.5834607844413624,0.04980386419546294,0.027073688977157995,0.5952951487123835,0.5074402285832487,0.6640557301365958,13,12.522359811109823,1.3247028521041782,0.7201166733622621,12.27503149986022,10.366364375633822,14.647927321405138,13,0.16933716031221244,0.031376555536751526,0.017056489882845714,0.16751547157764435,0.13029228150844574,0.22470107674598694,13,0.18804765048033856,0.024500053481275305,0.01331838078412018,0.1987980529665947,0.15059208081049077,0.21901101625657507,13
pix2pix-3D-T2+FLAIR,pix2pix,GAN,3D,t2_flair,t2,cavity,5.0,post,8,0.5832285896032998,0.043944454995428074,0.03255450783708836,0.5989357807508603,0.4926270841718163,0.6276185210372963,7,12.39403336783801,1.2748100201715695,0.944392479023618,12.386854928181457,10.253488717532553,14.054433641137221,7,0.17151908363614762,0.033171649447398886,0.024573901804376568,0.1745021939277649,0.13279177248477936,0.2279050499200821,7,0.20091187311006792,0.026452345887099486,0.019596172067227698,0.21158454025333578,0.1557018831372261,0.2350629991851747,7
CycleGAN-3D-T2,CycleGAN,GAN,3D,t2,t2,cavity,5.0,post,14,0.5807452114767213,0.04585930382027328,0.024929401531300827,0.5762616534926078,0.5118738504956886,0.6555489120740585,13,12.191010041569104,1.0718657431612053,0.5826728552974493,12.219681477991656,10.119625539837578,14.002669180026462,13,0.1753068440235578,0.028662450658974714,0.015581085664732638,0.17023810744285583,0.13890214264392853,0.23505327105522156,13,0.16883502371743406,0.028025787738233547,0.015234991758609474,0.1696376059400408,0.1353039636331446,0.23505280370062048,13
CycleGAN-3D-T2+FLAIR,CycleGAN,GAN,3D,t2_flair,t2,cavity,5.0,post,8,0.5771764437636749,0.030204190595690062,0.02237557752309369,0.5919734598504188,0.5181490338515392,0.6050193357332435,7,12.096339524935647,1.0521447298725433,0.7794397235771947,12.295429537083418,10.128282721353031,13.435503709325275,7,0.17650335814271653,0.02831390022226784,0.020975230817636796,0.16907936334609985,0.14526332914829254,0.231564000248909,7,0.17446726789272526,0.03191118359063695,0.023640135630314158,0.17835890974051186,0.1361554799711003,0.2347490055994554,7
pix2pix-3D-T2,pix2pix,GAN,3D,t2,t2,cavity,5.0,post,14,0.5750357331062728,0.04970351407887023,0.027019138032380097,0.5883320609105726,0.5164221816775622,0.6607972465300226,13,12.279331766236584,1.1168721452345824,0.6071386141577132,12.059498283664759,10.642888457174616,14.52245030214849,13,0.17475469295795149,0.02785016742167066,0.015139523467032075,0.17333559691905975,0.13226336240768433,0.219706192612648,13,0.19108049244503533,0.02650545368892597,0.01440852875504024,0.18508457979903772,0.14288605924914866,0.22459115388874823,13
CUT-3D-T2,CUT,GAN,3D,t2,t2,cavity,5.0,post,14,0.5713066677854842,0.05115578877773966,0.02780860355160719,0.57781784406839,0.504512923721217,0.6504040787270093,13,12.400237584981365,1.2328827591761484,0.6702027022689573,12.641026638460868,9.897652481330926,14.268222369446871,13,0.1736490290898543,0.03263689637567205,0.0177416189672924,0.16263407468795776,0.13023851811885834,0.24351587891578674,13,0.15596687508428622,0.0280588603616298,0.015252970241483308,0.15824644573565042,0.12043717087191694,0.23123807392337106,13
CUT-2D-T2+FLAIR,CUT,GAN,2D,t2_flair,t2,cavity,5.0,post,8,0.5690269287120023,0.047805856862956214,0.03541507437208511,0.5620067473037558,0.49243508250392287,0.6323177464483483,7,11.633531091411523,1.2131441019595592,0.8987097275155381,11.349384259607746,9.952152816674994,13.345194689477989,7,0.19274178785937174,0.03479312664196168,0.025775108920121803,0.19922469556331635,0.143019437789917,0.24169091880321503,7,0.19373271976609735,0.022784258633345877,0.01687881500222668,0.20366096852177923,0.16075200171155088,0.22043579478155484,7
CUT-3D-T2+FLAIR,CUT,GAN,3D,t2_flair,t2,cavity,5.0,post,8,0.5663968343165527,0.03824766331206502,0.02833426549885486,0.5794600973519902,0.5169132733013457,0.6109371115811716,7,12.397242304404505,1.4525160927889436,1.0760389799148538,12.638628905910164,9.843838537069601,14.337280828356304,7,0.17499785125255585,0.037356111208614436,0.027673794457810562,0.16967782378196716,0.13151627779006958,0.24782219529151917,7,0.1657323733997281,0.03990243266556175,0.029560135791081434,0.1701659444523485,0.11849784237496994,0.2395549670539119,7
CycleGAN-2D-T2,CycleGAN,GAN,2D,t2,t2,cavity,5.0,post,14,0.5146358014895216,0.051051330196024765,0.027751819219748022,0.5195427299046184,0.45120659328604107,0.6159719413904545,13,10.618048380795157,1.1733685134826923,0.6378503897798877,10.677593591723603,9.059009616363207,12.940545152714423,13,0.2189046133023042,0.03414230126086941,0.018559966384805445,0.22102141380310059,0.16254869103431702,0.2681068480014801,13,0.19696803169665353,0.03516580447988675,0.019116349072502998,0.18846183138735154,0.14948112079325845,0.2682483536614613,13
ResViT-2D+3D-refine-T2+FLAIR,ResViT,ResViT,2D+3D-refine,t2_flair,flair,cavity,5.0,post,8,0.641291989047842,0.055882031563575484,0.041397988316799146,0.6447814386772031,0.5272709656104613,0.6978119161656164,7,14.458865082598612,1.7326620375253823,1.283574000076095,14.911577279501028,12.148422722422351,16.467893557901366,7,0.1381675579718181,0.03977012963081027,0.029462124331338997,0.13457073271274567,0.08896442502737045,0.19867606461048126,7,0.14758374200647237,0.028441894746030302,0.021070050487771812,0.15323708274147727,0.11518216682107825,0.1830545419028827,7
ResViT-2.5D-T2+FLAIR,ResViT,ResViT,2.5D,t2_flair,flair,cavity,5.0,post,8,0.628435484537972,0.06160664794518346,0.04563884347995387,0.6533016862518352,0.4975689751142243,0.6745154208820336,7,14.298742610221748,2.2514215813837146,1.6678764481974213,15.147157489236784,10.925777636667382,16.536453947947205,7,0.144197872706822,0.04727113043709076,0.03501894349224268,0.13287484645843506,0.09853041917085648,0.209650918841362,7,0.14399885334728668,0.022369923617739717,0.016571871327213886,0.15502302111549812,0.11556003511779839,0.1691024805254796,7
ResViT-3D-T2+FLAIR,ResViT,ResViT,3D,t2_flair,flair,cavity,5.0,post,8,0.6197085106312352,0.06102526804686792,0.04520815122405928,0.6287167534816538,0.5064867443203936,0.708492913851491,7,13.640985621798523,2.633627027110224,1.951018204752964,13.421752588076421,10.820179237816562,17.626013778203852,7,0.1552956263933863,0.051208462926557195,0.03793576021915153,0.14152006804943085,0.0843673124909401,0.2153637409210205,7,0.17150982305402024,0.03848826516503375,0.0285125058458771,0.17336291633546352,0.12040514566681602,0.22797120669308832,7
ResViT-2D-T2+FLAIR,ResViT,ResViT,2D,t2_flair,flair,cavity,5.0,post,8,0.6077251973982083,0.06868979690084387,0.05088611365800707,0.6276219008280349,0.5087149182879556,0.6838215371349101,7,13.470980422445772,1.384240474031895,1.0254596937195959,13.119732620274574,11.728861140175514,15.712503498708884,7,0.15664170043809073,0.035818641016022376,0.02653482060003407,0.15202048420906067,0.10004259645938873,0.20891547203063965,7,0.15449936222157476,0.03438595312839421,0.025473470560063268,0.15657610994051485,0.1062061916001969,0.20360308546911587,7
SwinPix2Pix-2D+3D-post-T2+FLAIR,SwinPix2Pix,GAN,2D+3D-post,t2_flair,flair,cavity,5.0,post,8,0.6030587964092993,0.04067724152344886,0.030134122225523627,0.610824556525046,0.5235089946093517,0.6520618531841919,7,13.924698887220817,1.9988463154422542,1.4807660727154315,13.900755452702843,10.80684493096335,17.0070102404194,7,0.14929611768041337,0.04379318437406799,0.03244244499254744,0.15182814002037048,0.09128697961568832,0.2141198217868805,7,0.21049686201544415,0.038617148390170185,0.028607983875203212,0.2094543071209707,0.16535175297605365,0.2699382770806551,7
CycleGAN-2D+3D-post-T2+FLAIR,CycleGAN,GAN,2D+3D-post,t2_flair,flair,cavity,5.0,post,8,0.6026733994307835,0.03710382678622324,0.02748689954224581,0.6208401907409234,0.532473585829383,0.6429375043174029,7,14.2068329547963,2.0663324490227875,1.5307605001072568,13.694956700107285,10.82872619323239,16.851672839610288,7,0.1442594634635108,0.049268605702297893,0.036498693876730125,0.15466155111789703,0.09344259649515152,0.2247253805398941,7,0.22234709792164334,0.032912937575186506,0.024382245367350282,0.22308141844008456,0.1860003302756109,0.2772662051554237,7
pix2pix-2D+3D-post-T2+FLAIR,pix2pix,GAN,2D+3D-post,t2_flair,flair,cavity,5.0,post,8,0.6020406259495665,0.03729086205763075,0.027625457210317495,0.6154366998341216,0.5339683547390968,0.6479277038481834,7,14.453928066433422,1.9603411879219617,1.452241075061965,14.079729870318275,11.27376976873431,17.007945145510554,7,0.1384434700012207,0.044602046735192837,0.03304165861522416,0.14171281456947327,0.09315183758735657,0.2067059874534607,7,0.22030872520697709,0.029077408158987808,0.02154084541252062,0.20934726704250683,0.186288120029004,0.27032771467098166,7
SynDiff-3D-T2+FLAIR,SynDiff,SynDiff,3D,t2_flair,flair,cavity,5.0,post,8,0.5963714398195757,0.05143848092886246,0.03810615993987846,0.6152416511156167,0.5011347095756672,0.65060406517839,7,12.77114473523142,1.7816689277714628,1.3198788124296295,12.222236474453565,10.684430968871549,15.469679269859856,7,0.17419039564473288,0.04181596873876447,0.030977703151926165,0.1849903017282486,0.11663948744535446,0.2235722690820694,7,0.1541974886752648,0.01732678055511779,0.012835858663664776,0.15137912627161454,0.13055166602134707,0.18402092246448293,7
CUT-2D+3D-post-T2+FLAIR,CUT,GAN,2D+3D-post,t2_flair,flair,cavity,5.0,post,8,0.5952331287928746,0.039844260573227895,0.029517041302004724,0.6071534533064156,0.5336391108900517,0.6386733771494011,7,14.320385153497853,2.2157464539746066,1.6414479439652092,13.816298291398274,10.55757319715758,17.471183329248433,7,0.14322554532970702,0.05121043669009673,0.03793722240364381,0.1477195918560028,0.08925732225179672,0.23252122104167938,7,0.2166550589979506,0.028082335461442193,0.02080368524216257,0.2108293312855742,0.1829722692307673,0.2656140064022371,7
SynDiff-3D+3D-refine-T2+FLAIR,SynDiff,SynDiff,3D+3D-refine,t2_flair,flair,cavity,5.0,post,8,0.5948937355445552,0.03897094688821499,0.02887008147041853,0.5899679383180488,0.5172939964716109,0.6329859799765344,7,12.459332591716946,1.4033218441418085,1.0395953705154553,11.679571183221055,11.417598559234962,15.047101913799853,7,0.17256480029651097,0.03484794551948939,0.02581571931290701,0.18652303516864777,0.11843079328536987,0.20500421524047852,7,0.14676086697323204,0.026260252482399993,0.019453867281575145,0.14918679481043534,0.10211314057761972,0.18250749768181282,7
SynDiff-2.5D-T2+FLAIR,SynDiff,SynDiff,2.5D,t2_flair,flair,cavity,5.0,post,8,0.5899237100655326,0.05154783678346355,0.038187171890669815,0.6033913368118398,0.5093048849759307,0.6691969257938037,7,12.896721595212869,1.2981498808026282,0.9616828897457306,13.175337359910149,11.005247920451769,15.042918267454331,7,0.16215472774846212,0.03555884507108176,0.02634236107069202,0.16018792986869812,0.10260973870754242,0.2056453824043274,7,0.13374821979991589,0.01943266964253663,0.01439592313158338,0.13711468609316008,0.10204182223727305,0.16167925967354016,7
SynDiff-2D-T2+FLAIR,SynDiff,SynDiff,2D,t2_flair,flair,cavity,5.0,post,8,0.5862532036878318,0.03950156922737992,0.02926317200028575,0.5935290516149504,0.5034254708468524,0.6253628647535114,7,12.243617744702851,1.2466198718269634,0.9235089248799009,12.079185119868335,10.936917312777656,13.978628526903194,7,0.1771539854151862,0.0321852899442512,0.023843196458759045,0.185747429728508,0.13374973833560944,0.21679484844207764,7,0.15284197815064673,0.009969534833418631,0.0073855347597420054,0.1494785029002849,0.13984811368087927,0.1649601018019382,7
CycleGAN-2.5D-T2+FLAIR,CycleGAN,GAN,2.5D,t2_flair,flair,cavity,5.0,post,8,0.5788724054317226,0.04231220889814573,0.03134532300656621,0.592078050268976,0.5109931484562301,0.6301044931725548,7,14.337309918497482,2.2906905000991973,1.696967270286583,14.530615540435283,9.975927783815669,16.417907616376546,7,0.1466205854501043,0.058268513482930266,0.043165918863549306,0.13391323387622833,0.09539856761693954,0.26108071208000183,7,0.22304615030662425,0.03402245109544124,0.02520418448559048,0.23727339089793317,0.17285322319520147,0.2729771988732474,7
SwinPix2Pix-2D-T2+FLAIR,SwinPix2Pix,GAN,2D,t2_flair,flair,cavity,5.0,post,8,0.5777815533985998,0.030604002363701636,0.02267176222572448,0.5911406897085236,0.5230616920598842,0.6165981234185164,7,14.429931035176661,2.4052326458942366,1.7818212793612087,14.860488659854374,9.967152539835322,16.820162813943924,7,0.14509404131344386,0.05625662032866545,0.04167548755737626,0.13021120429039001,0.09568072855472565,0.2512097656726837,7,0.20990068383584215,0.032695139472168934,0.02422089827470057,0.2161533346070963,0.17372363609702965,0.26242679224482607,7
CycleGAN-2D-T2+FLAIR,CycleGAN,GAN,2D,t2_flair,flair,cavity,5.0,post,8,0.5774041528843882,0.0493614763788551,0.036567493436723116,0.5839125758294809,0.49338265571360784,0.6242605076602571,7,14.351422267658197,2.453504753843607,1.8175817573717798,14.64991301473457,9.84622961203472,16.780754566146122,7,0.14766630423920496,0.060572563139356814,0.04487278273533887,0.13276667892932892,0.09711819142103195,0.2652016580104828,7,0.22546729847961577,0.030606284319953696,0.02267345272257327,0.23103711009025574,0.18245447152539304,0.27490193556462017,7
SwinPix2Pix-2.5D-T2+FLAIR,SwinPix2Pix,GAN,2.5D,t2_flair,flair,cavity,5.0,post,8,0.5692525564207953,0.027597765345923307,0.020444710677000263,0.5783023039251721,0.5118807783413123,0.5966123550994238,7,14.048458183555782,2.500107712012074,1.8521057119204187,15.219047290109016,9.088228832016643,15.897907437654787,7,0.1527236955506461,0.06293453190416187,0.04662255368306832,0.12645632028579712,0.10050656646490097,0.2786614000797272,7,0.20098141696842756,0.024887380929489063,0.018436829802484678,0.19532259027747548,0.1754881432764449,0.25005707969622953,7
SwinPix2Pix-3D-T2+FLAIR,SwinPix2Pix,GAN,3D,t2_flair,flair,cavity,5.0,post,8,0.5616524310469577,0.029211740086205567,0.0216403598968358,0.5601383888514944,0.5251304801423763,0.6001299466655136,7,13.88719285963158,1.8722881342687014,1.3870104600609858,13.831057667320026,10.225519346903367,15.904858509175948,7,0.14962459249155863,0.046382203980692455,0.034360417557755055,0.1479489952325821,0.10699563473463058,0.23534910380840302,7,0.19723539573056575,0.02583045425047086,0.019135468295601615,0.1893722305403036,0.16902365626120544,0.24468212627938815,7
CycleGAN-3D-T2+FLAIR,CycleGAN,GAN,3D,t2_flair,flair,cavity,5.0,post,8,0.5608770178582376,0.014115990977413532,0.01045727245793098,0.5587639754697528,0.5399352247893401,0.5796788280729935,7,13.715401274828732,1.6264484983332381,1.2048899091163756,14.23267390563102,10.324712768410437,15.21907392529247,7,0.1533868908882141,0.04203268066591164,0.031138245594230597,0.13941578567028046,0.11719948798418045,0.23753546178340912,7,0.1623878776171877,0.036037020439649334,0.026696598341017824,0.1561732020448236,0.11557520949281752,0.21241965118263448,7
pix2pix-2.5D-T2+FLAIR,pix2pix,GAN,2.5D,t2_flair,flair,cavity,5.0,post,8,0.5597308523567864,0.046097512219539054,0.0341495149496652,0.5790037936543845,0.47717254932474623,0.6070659362303205,7,14.381942679799193,2.3522492185521995,1.7425706071018394,14.75335089612841,10.167569030277859,16.79600310510009,7,0.149126763854708,0.05806485485434223,0.043015046440142306,0.13369865715503693,0.09970422834157944,0.2598898112773895,7,0.22116803455250236,0.026745741314560062,0.019813522441549665,0.2190841256695635,0.18125825728240766,0.26643834316304754,7
CUT-2.5D-T2+FLAIR,CUT,GAN,2.5D,t2_flair,flair,cavity,5.0,post,8,0.5581128572195849,0.05191753419430772,0.038461047565312496,0.5882510879039482,0.4601239662382226,0.5987240485000881,7,14.328482729702172,2.3392017609251052,1.732904915227415,14.75815825177554,10.160789738296483,16.788180812045056,7,0.1502824244754655,0.05746285382970962,0.042569077840090806,0.1322023868560791,0.10259173065423965,0.2601529061794281,7,0.24035400564425538,0.02747388130797497,0.020352936097370163,0.2460661504198523,0.18689510823031397,0.2765165865421295,7
pix2pix-2D-T2+FLAIR,pix2pix,GAN,2D,t2_flair,flair,cavity,5.0,post,8,0.5579593307996545,0.042828686798753415,0.03172793518971344,0.5713556614934651,0.47554620280956206,0.6000830604653923,7,14.539951633115262,2.269215185580839,1.6810581346546913,14.766774983234567,10.520369282424923,17.337496375021438,7,0.14488423189946584,0.054062769133854216,0.04005025984838958,0.132017582654953,0.09941589832305908,0.2470966875553131,7,0.2394653100864684,0.025173840873475774,0.018649042298748374,0.24169643635028287,0.19750257581472397,0.28175470658711027,7
pix2pix-3D-T2+FLAIR,pix2pix,GAN,3D,t2_flair,flair,cavity,5.0,post,8,0.550293544902541,0.02634397799740303,0.019515892011080022,0.5512087567972276,0.5062346257602427,0.5853241775312275,7,13.369409608105906,1.5118720654338778,1.1200104997994114,13.568853722412992,10.4471444374621,15.364202056761654,7,0.1604865129504885,0.03948187709654886,0.029248583865615848,0.15999382734298706,0.11382266879081726,0.23166202008724213,7,0.19941396359278538,0.02949201722876704,0.021847992109705967,0.18706635760013582,0.17486128605463924,0.2560652866959572,7
CUT-2D-T2+FLAIR,CUT,GAN,2D,t2_flair,flair,cavity,5.0,post,8,0.5471953130965356,0.05315309195358888,0.03937636156253646,0.5742315185353122,0.4392579648259753,0.5928082497528732,7,13.828927627791987,2.4424710439075557,1.8094078706635999,14.704161484235138,9.111212674935027,16.086122373911003,7,0.1610445465360369,0.06496267256996113,0.04812502131422562,0.1373032182455063,0.10632847994565964,0.2961481511592865,7,0.20924350405934708,0.02839197935220724,0.021033072646549904,0.21537413886364767,0.16552628611067408,0.2532483216907297,7
CUT-3D-T2+FLAIR,CUT,GAN,3D,t2_flair,flair,cavity,5.0,post,8,0.5252475349912936,0.020756320923445728,0.0153764977229035,0.5288431234153816,0.48594730904110955,0.5481731037623787,7,13.039810627504563,1.326444652960634,0.9826439502950597,12.99575532774999,10.514988707819164,14.842778069019413,7,0.16842197520392282,0.034535477164225066,0.02558423951593711,0.17506776750087738,0.1297767609357834,0.2301204800605774,7,0.16134191244878648,0.016305066654933344,0.012078962414199921,0.15929998311081103,0.13811829787763683,0.19266045025803827,7
SynDiff-2D-T2,SynDiff,SynDiff,2D,t2,t2,cavity,5.0,pre,16,0.6084024815168685,0.09364399277302361,0.09177111291756314,0.6413822326193181,0.47178016971092623,0.6790652911179115,4,13.408963571479298,1.347112898384296,1.32017064041661,13.46674517879096,11.806441730257887,14.895922198077386,4,0.1506101805716753,0.03866490179774497,0.03789160376179007,0.13850443810224533,0.12033193558454514,0.2050999104976654,4,0.183245077674522,0.03808756458822327,0.03732581329645881,0.18851879134993343,0.1381833174579583,0.21775941054026285,4
ResViT-2D+3D-refine-T2,ResViT,ResViT,2D+3D-refine,t2,t2,cavity,5.0,pre,16,0.6078727873331495,0.08484504912006434,0.08314814813766305,0.6493247587417559,0.4806489964604401,0.6521926353886466,4,13.382112884856635,2.3334788891341067,2.2868093113514245,13.536021595492116,10.900075044551404,15.556333303890908,4,0.15393895097076893,0.052607892367010654,0.05155573451967044,0.15433580055832863,0.10481405258178711,0.20227015018463135,4,0.2040354838671406,0.05513851861178728,0.05403574823955153,0.1998740877123269,0.15069684703998706,0.2656969130039215,4
SynDiff-2.5D-T2,SynDiff,SynDiff,2.5D,t2,t2,cavity,5.0,pre,16,0.6047736068123889,0.09581145187857608,0.09389522284100456,0.642986828019328,0.46301075437431544,0.670110016836584,4,13.281327647208663,1.7504007271420685,1.7153927125992272,13.473040328120675,11.160182465222249,15.019047467371054,4,0.1542073804885149,0.046803745954838966,0.045867671035742186,0.1400209255516529,0.11880038678646088,0.2179872840642929,4,0.1858232300936653,0.04317199042680527,0.042308550618269165,0.19305225297370376,0.13365438420833442,0.22353403021891913,4
CycleGAN-2D+3D-post-T2+FLAIR,CycleGAN,GAN,2D+3D-post,t2_flair,t2,cavity,5.0,pre,12,0.6032207542861232,0.07431155614775617,0.08409144201378176,0.643923757418999,0.5174501688903091,0.6482883365490615,3,14.992963929966777,1.6253048613527679,1.8392055904657667,15.637043846760827,13.144330807716374,16.19751713542313,3,0.13089125355084738,0.038781754521219985,0.0438856865684458,0.11319713294506073,0.10411229729652405,0.17536433041095734,3,0.2415516652552169,0.042823302729465655,0.048459128902553834,0.232152998417049,0.20420835302838197,0.28829364432021976,3
pix2pix-2.5D-T2+FLAIR,pix2pix,GAN,2.5D,t2_flair,t2,cavity,5.0,pre,12,0.6025909050158907,0.07919476670263582,0.08961731495338576,0.6443815319224534,0.5112543486707334,0.6521368344544854,3,14.900326016664032,1.9043530191607272,2.154978307359264,15.941839374982932,12.702369926307737,16.056768748701426,3,0.13117891053358713,0.04750031463446776,0.05375166610397169,0.10861895978450775,0.09916262328624725,0.1857551485300064,3,0.22541375141208897,0.0386231547701579,0.04370621405486636,0.22006633646071236,0.18974294233843325,0.26643197543712127,3
pix2pix-2D+3D-post-T2+FLAIR,pix2pix,GAN,2D+3D-post,t2_flair,t2,cavity,5.0,pre,12,0.6015657204373248,0.08915799864029253,0.10089177325014712,0.6527547022925628,0.49861546163160575,0.6533269973878058,3,14.492190214046266,2.2520708345914557,2.548458057067545,15.328717407158408,11.941559450371596,16.206293784608793,3,0.13855267316102982,0.052900566835818695,0.05986262674576968,0.10934630036354065,0.10669393092393875,0.19961778819561005,3,0.2316201399142012,0.039708131609437966,0.044933980928503155,0.21929549145093863,0.19953572577371512,0.2760292025179499,3
CycleGAN-2.5D-T2+FLAIR,CycleGAN,GAN,2.5D,t2_flair,t2,cavity,5.0,pre,12,0.6015251855606044,0.07170718546619592,0.08114431915020773,0.641787758975422,0.5187351857001493,0.644052612006242,3,14.960072310777358,2.043906044916747,2.312897422252735,16.012236707664865,12.604437029777928,16.263543194889284,3,0.13373494893312454,0.05244290925485497,0.05934473843974017,0.10834049433469772,0.09882335364818573,0.19404099881649017,3,0.238263902580493,0.04545135868506829,0.05143305417684249,0.2292501360827076,0.1979947876109061,0.2875467840478652,3
CUT-2D+3D-post-T2+FLAIR,CUT,GAN,2D+3D-post,t2_flair,t2,cavity,5.0,pre,12,0.6014332989915699,0.0807717794018013,0.0914018728178879,0.6462292495355981,0.5081899113142632,0.6498807361248483,3,15.020858319632149,2.154620038750535,2.4381821003730075,16.0531270263088,12.544314953027092,16.465132979560558,3,0.13114539782206217,0.05339680906050161,0.0604241776864974,0.10876253247261047,0.09258268773555756,0.1920909732580185,3,0.21188139150991095,0.04336848278132152,0.0490760582079576,0.20006455805665557,0.17564604079570229,0.259933575677375,3
ResViT-2D+3D-refine-T2+FLAIR,ResViT,ResViT,2D+3D-refine,t2_flair,t2,cavity,5.0,pre,12,0.6013106452629523,0.09447712374256001,0.10691092993705606,0.6524321010562533,0.492288102871006,0.6592117318615978,3,14.112847485446656,1.540011345695634,1.742686891385206,14.927916435753001,12.336597590801118,15.074028429785848,3,0.13973161826531091,0.04670735928251936,0.05285435265160227,0.11996009200811386,0.10616174340248108,0.19307301938533783,3,0.2063333572601459,0.032663934624299784,0.03696272163833836,0.189243242009681,0.18576005992351793,0.24399676984723875,3
CycleGAN-2D-T2+FLAIR,CycleGAN,GAN,2D,t2_flair,t2,cavity,5.0,pre,12,0.6012449124494667,0.0732672325683189,0.08290967863435174,0.643236958573343,0.5166439492101507,0.6438538295649063,3,15.06071583996455,1.7215421533578532,1.9481083382983913,15.956124200662957,13.076004734945993,16.150018584284695,3,0.13110273083051047,0.041669295312374253,0.047153246576460923,0.11264719814062119,0.10184835642576218,0.178812637925148,3,0.23189539950080462,0.04389277474644413,0.04966935041806469,0.22466512624146992,0.192066686895067,0.2789543853658769,3
pix2pix-2D-T2+FLAIR,pix2pix,GAN,2D,t2_flair,t2,cavity,5.0,pre,12,0.6010622110630499,0.08205177406108528,0.09285032312964174,0.6432630682143136,0.5064988029103183,0.6534247620645177,3,14.80643339979846,2.109601844280198,2.3872392176490824,15.974119790132768,12.371157972071487,16.074022437191125,3,0.13464451829592386,0.05287142555470629,0.05982965028183992,0.1078738197684288,0.10051266103982925,0.19554707407951355,3,0.22460154046052458,0.04622865114847014,0.05231264340229138,0.21790149553376204,0.18208850332806692,0.27381462251974475,3
SwinPix2Pix-2.5D-T2+FLAIR,SwinPix2Pix,GAN,2.5D,t2_flair,t2,cavity,5.0,pre,12,0.6003658668734783,0.07919122542501096,0.08961330762050937,0.6404212816665289,0.5091488134086514,0.6515275055452544,3,15.036139871437058,1.831364640660791,2.0723841818089452,15.957439156780477,12.927066082138666,16.22391437539203,3,0.12998833507299423,0.04494602397839269,0.05086121412413965,0.11148608475923538,0.09724666178226471,0.1812322586774826,3,0.21903220417894467,0.037821771614418694,0.04279936364471384,0.21080701444961403,0.18599986535823868,0.2602897327289813,3
SwinPix2Pix-2D-T2+FLAIR,SwinPix2Pix,GAN,2D,t2_flair,t2,cavity,5.0,pre,12,0.5977701128669647,0.07988440564790085,0.09039771488554288,0.6405931298547844,0.5056043806280086,0.6471128281181008,3,15.085603019957418,2.2382346326490237,2.532800920632136,16.37262588909886,12.501119310592514,16.383063860180883,3,0.13026287158330283,0.05188325772512288,0.05871143311550747,0.10613270848989487,0.09483928233385086,0.18981662392616272,3,0.21317799312070385,0.04682930760070743,0.05299235016449516,0.20639585731381496,0.17010955149397397,0.26302857055432266,3
ResViT-2.5D-T2,ResViT,ResViT,2.5D,t2,t2,cavity,5.0,pre,16,0.5976864464231874,0.08326152212880009,0.08159629168622408,0.6356212189037691,0.47326332621717926,0.646240021668032,4,13.249903663819016,2.292908937811154,2.2470507590549307,13.587716588808966,10.55533619548398,15.268845282174158,4,0.15587075613439083,0.048806487248799234,0.04783035750382325,0.15678899735212326,0.10971914976835251,0.2001858800649643,4,0.20388180309030907,0.05451107047495517,0.053420849065456064,0.1940984552529097,0.157401988063665,0.26992831379175186,4
SwinPix2Pix-2D+3D-post-T2+FLAIR,SwinPix2Pix,GAN,2D+3D-post,t2_flair,t2,cavity,5.0,pre,12,0.5971346277848075,0.08557879926423083,0.09684152787257208,0.645441419489459,0.4983248772805831,0.6476375865843805,3,14.688545851657508,2.2512262158748744,2.5475022810145185,15.427892546045488,12.160622212174534,16.4771227967525,3,0.1339576244354248,0.05003251549879079,0.05661712113126354,0.10655378550291061,0.10361383110284805,0.19170525670051575,3,0.2259994491245528,0.03857940928688403,0.043656711380440125,0.2182396008916523,0.1918897774616758,0.26786896902033025,3
CycleGAN-2D+3D-post-T2,CycleGAN,GAN,2D+3D-post,t2,t2,cavity,5.0,pre,16,0.5964281270455398,0.06592075750463183,0.0646023423545392,0.601067157268247,0.5216319848658868,0.6619462087797785,4,13.472871749074683,3.5451655084861544,3.4742621983164312,14.315917455904476,8.85186175048251,16.407790334007274,4,0.16322140768170357,0.0774720045947909,0.07592256450289507,0.1519375517964363,0.0915708839893341,0.25743964314460754,4,0.25745861449299484,0.04498149886385925,0.04408186888658206,0.25999040522383177,0.20347574034419197,0.30637790718012387,4
CUT-2.5D-T2+FLAIR,CUT,GAN,2.5D,t2_flair,t2,cavity,5.0,pre,12,0.594996920841024,0.07079422428607363,0.08011120631932529,0.6309067485793847,0.5134441658440361,0.640639848099651,3,14.858591288713995,1.9518464449809552,2.2087221780360746,15.892713050230702,12.607273021766101,16.075787794145185,3,0.13573680818080902,0.05029691788185735,0.05691632059385773,0.11239241063594818,0.10135404765605927,0.19346396625041962,3,0.22098995935544333,0.0397495890822799,0.04498089447538937,0.21699682643811768,0.18338764957577672,0.26258540205243563,3
SynDiff-3D+3D-refine-T2,SynDiff,SynDiff,3D+3D-refine,t2,t2,cavity,5.0,pre,16,0.5946793423125517,0.0813476332050653,0.079720680540964,0.6315917934634292,0.47299687027477594,0.6425369120485728,4,13.371702312185977,1.987759034596719,1.9480038539047846,13.389112406457357,11.597827624255624,15.110756811573571,4,0.15545741468667984,0.05011663254796117,0.049114299897001945,0.15164749696850777,0.10871320217847824,0.20982146263122559,4,0.1912429531924737,0.041614929000212214,0.040782630420207966,0.19349967607972668,0.14214813890335165,0.23582432170708975,4
SwinPix2Pix-2D+3D-post-T2,SwinPix2Pix,GAN,2D+3D-post,t2,t2,cavity,5.0,pre,16,0.5945862687145025,0.07335632300618737,0.07188919654606363,0.6106028848623781,0.5026642815167734,0.6544750236164804,4,13.507110822403366,3.1823709308649377,3.118723512247639,14.027554850172287,9.549555248102228,16.423778341166667,4,0.15531656704843044,0.06405674326779967,0.06277560840244367,0.14601429924368858,0.09870849549770355,0.23052917420864105,4,0.23851291853313838,0.04315144161569474,0.042288412783380844,0.24233777728944045,0.19036407528283933,0.2790120442708333,4
CUT-2D+3D-post-T2,CUT,GAN,2D+3D-post,t2,t2,cavity,5.0,pre,16,0.5929562954748073,0.06803999883649736,0.06667919885976742,0.6050949313889229,0.5115882445310204,0.650047074590363,4,13.53415966960392,2.9683249145685098,2.9089584162771396,14.133122580096778,9.777619974946528,16.092773543275595,4,0.15756406635046005,0.06281531702555791,0.06155901068504675,0.14994948729872704,0.10080639272928238,0.22955089807510376,4,0.24825454019048623,0.044846664872596934,0.04394973157514499,0.25297690459734035,0.19713981194161953,0.2899245396256447,4
pix2pix-2D+3D-post-T2,pix2pix,GAN,2D+3D-post,t2,t2,cavity,5.0,pre,16,0.5924802966194477,0.0749470069188406,0.07344806678046378,0.6024413466991747,0.5068466200709594,0.6581918730084818,4,13.576093806272258,3.0067192537300684,2.946584868655467,13.965618642968327,9.974705812343355,16.398432126809027,4,0.1571381762623787,0.06308066971607375,0.061819056321752275,0.15027164295315742,0.1011066809296608,0.22690273821353912,4,0.23837115627818684,0.047317103644188827,0.04637076157130505,0.24439292753020814,0.18157939454529418,0.28311937550703686,4
ResViT-2D-T2,ResViT,ResViT,2D,t2,t2,cavity,5.0,pre,16,0.5915112674313046,0.07858725324835568,0.07701550818338856,0.622505432593335,0.4759815841053502,0.645052620433198,4,12.96616730761101,2.2953996081689834,2.2494916160056038,13.282693403070429,10.168871392519351,15.130411031783835,4,0.1604040451347828,0.050947117783839306,0.04992817542816252,0.15830324962735176,0.11606942862272263,0.20894025266170502,4,0.21109142828485278,0.06903488218507901,0.06765418454137744,0.18998394806465727,0.15838735963345743,0.30601045737663907,4
CUT-2D-T2+FLAIR,CUT,GAN,2D,t2_flair,t2,cavity,5.0,pre,12,0.5867048911229934,0.07973879087499129,0.09023293625800174,0.6323525271863197,0.4946315621791355,0.633130584003525,3,14.849015619589577,2.212675347756606,2.50387786700679,15.641271821881059,12.349276390640549,16.556498646247128,3,0.136615718404452,0.05445384357256422,0.06162032484025826,0.11477592587471008,0.09647203981876373,0.1985991895198822,3,0.17958694951538703,0.03278870641237457,0.037103914208185575,0.16581726629187227,0.15592844265092237,0.21701513960336646,3
ResViT-2.5D-T2+FLAIR,ResViT,ResViT,2.5D,t2_flair,t2,cavity,5.0,pre,12,0.5861830269232322,0.09647761838652538,0.10917470273461946,0.639313450464895,0.47481923367695,0.6444163966278516,3,13.948632144742918,1.9214074470970228,2.174277209336659,14.755176484177948,11.755409906125749,15.33531004392506,3,0.1458941400051117,0.057045715675496385,0.06455330423067088,0.12307363748550415,0.10379147529602051,0.21081730723381042,3,0.18507389896454782,0.042182079169556644,0.0477335161365024,0.1639515731264563,0.15762567729953503,0.23364444646765203,3
ResViT-2D-T2+FLAIR,ResViT,ResViT,2D,t2_flair,t2,cavity,5.0,pre,12,0.5828010731413097,0.08715744244813532,0.09862793080424809,0.6304782413624747,0.48220582484508095,0.6357191532163735,3,13.862027796015921,1.60848110801016,1.820167721364343,14.508115055373036,12.030958995858468,15.047009336816258,3,0.14607814699411392,0.04884539350818761,0.05527376613762562,0.12937138974666595,0.1077781692147255,0.20108488202095032,3,0.18319747743684203,0.03713359927172385,0.042020623329598536,0.16587161645293236,0.15789328999471763,0.2258275258628761,3
pix2pix-3D-T2+FLAIR,pix2pix,GAN,3D,t2_flair,t2,cavity,5.0,pre,12,0.5815757531012681,0.0616335556001931,0.0697449338370951,0.6067352882239402,0.5113423341357897,0.6266496369440744,3,14.277001611872935,1.6671202474862943,1.8865241543690676,14.646787185015617,12.45603612153797,15.72818152906522,3,0.14112081875403723,0.04955815447451142,0.056080331099744446,0.11285771429538727,0.11216051131486893,0.19834423065185547,3,0.21557339994337554,0.038311615818977414,0.04335367454410523,0.20079459871185062,0.18685227325365233,0.2590733278646237,3
SwinPix2Pix-3D-T2+FLAIR,SwinPix2Pix,GAN,3D,t2_flair,t2,cavity,5.0,pre,12,0.5807472161141886,0.0639519150563831,0.07236840453106995,0.6007153438211006,0.509193656190932,0.632332648330533,3,14.149490181743838,1.7280617218152308,1.955485924521971,14.576899285413196,12.247831718222457,15.62373954159586,3,0.1435236136118571,0.05254922015248131,0.05946504054545039,0.11320876330137253,0.11315985769033432,0.20420221984386444,3,0.21179201861271024,0.03822178045829788,0.043252016263549915,0.19791704244565458,0.182445649697911,0.2550133636945652,3
pix2pix-2.5D-T2,pix2pix,GAN,2.5D,t2,t2,cavity,5.0,pre,16,0.5759753017819489,0.0843327850379568,0.08264612933719766,0.579438544667004,0.4934731018223876,0.6515510159714,4,13.635300563441819,3.2692686133320126,3.2038832410653724,14.33479008395772,9.534016740310118,16.33760534554171,4,0.1636114977300167,0.07488435384844229,0.07338666677147344,0.1511467918753624,0.0966901183128357,0.25546228885650635,4,0.2414091397695073,0.0558306980256084,0.05471408406509623,0.2481647404322604,0.17275695581338368,0.29655012240012485,4
pix2pix-2D-T2,pix2pix,GAN,2D,t2,t2,cavity,5.0,pre,16,0.5752464833124116,0.0897805899894158,0.08798497818962747,0.576694496096675,0.48792407663936826,0.659672864416928,4,13.545027876275801,3.3574441440190173,3.290295261138637,14.273375031057908,9.3395578176597,16.29380362532769,4,0.16471180319786072,0.07718885585886219,0.07564507874168494,0.1518644206225872,0.0957087054848671,0.25940966606140137,4,0.2435439572508603,0.060292554536032564,0.05908670344531191,0.2443674271913307,0.17327491709371456,0.3121660575270653,4
SwinPix2Pix-2D-T2,SwinPix2Pix,GAN,2D,t2,t2,cavity,5.0,pre,16,0.5747161295142421,0.08882249770807239,0.08704604775391095,0.5769747473202184,0.4889571762013623,0.6559578472151694,4,13.58666790832997,3.6031543417995064,3.531091254963516,14.505261979960533,8.88518363853101,16.450964034867795,4,0.1621190384030342,0.0787166080501372,0.07714227588913444,0.14515445753932,0.09402547031641006,0.2641417682170868,4,0.23794802120098446,0.05932081076031834,0.05813439454511197,0.23653989770938733,0.1717166243515049,0.3069956650336583,4
CUT-2D-T2,CUT,GAN,2D,t2,t2,cavity,5.0,pre,16,0.5746225464998802,0.08179822971978472,0.08016226512538903,0.5772568554968955,0.4975775836587655,0.6463988913469639,4,13.401821184660694,3.3510852285538943,3.2840635239828164,14.258284185843822,9.009244939543958,16.08147142741117,4,0.16719012334942818,0.07665915661709823,0.07512597348475626,0.15181922167539597,0.10042864084243774,0.26469340920448303,4,0.24573986932832628,0.05553653691459613,0.05442580617630421,0.24576041053666664,0.18333971419857475,0.3080989420413971,4
CycleGAN-2D-T2,CycleGAN,GAN,2D,t2,t2,cavity,5.0,pre,16,0.5708016705395472,0.0797006213030172,0.07810660887695685,0.5759664393786625,0.48900052871506045,0.6422732746858035,4,12.80167113955864,4.346792593424978,4.2598567415564785,14.219547538540601,6.74569417027474,16.021895310878612,4,0.1843116544187069,0.10519854693813507,0.10309457599937237,0.15336047857999802,0.1018407940864563,0.32868486642837524,4,0.25762463575448136,0.0666689414800705,0.0653355626504691,0.2503044477315223,0.18870858787648523,0.34118105967839557,4
SynDiff-2.5D-T2+FLAIR,SynDiff,SynDiff,2.5D,t2_flair,t2,cavity,5.0,pre,12,0.5695934924691298,0.09024457338595188,0.10212134832507323,0.6179277767470484,0.4654767990611455,0.6253759015991956,3,13.374548763050969,1.7194753671567171,1.945769549542008,13.862384195044797,11.463865322146301,14.797396771961811,3,0.15754509468873343,0.05094691717683281,0.05765186403899494,0.13114897906780243,0.12521269917488098,0.21627360582351685,3,0.17388195023029848,0.039352682028646266,0.04453175186264244,0.16893971733310642,0.13723383440958514,0.21547229894820383,3
CycleGAN-2.5D-T2,CycleGAN,GAN,2.5D,t2,t2,cavity,5.0,pre,16,0.5675152670746243,0.08590565851371215,0.0841875453434379,0.5785518189116889,0.4718867337892845,0.6410706966858349,4,13.252240590124494,3.609112439181316,3.5369301903976895,14.24552605844698,8.423851777413823,16.094058466190184,4,0.17273187078535557,0.08547529930924747,0.08376579332306251,0.15288814902305603,0.10126335173845291,0.2838878333568573,4,0.25897069322371385,0.05881652702068134,0.05764019648026771,0.2573034387776764,0.19520112127289535,0.3260747740666072,4
ResViT-3D-T2+FLAIR,ResViT,ResViT,3D,t2_flair,t2,cavity,5.0,pre,12,0.5674167018547854,0.10783946476711297,0.12203184226461336,0.6206357392494577,0.44331282072891837,0.6383015455859804,3,13.436708537105778,2.316114014308587,2.620929737284458,14.692888950021965,10.763895316415455,14.853341344879908,3,0.151837520301342,0.05924487299855897,0.0670418850126935,0.12266229093074799,0.11283820122480392,0.22001206874847412,3,0.16142160117130094,0.05443400826367437,0.061597879075241314,0.1367614710447835,0.12368201732169837,0.22382131514742093,3
SynDiff-2D-T2+FLAIR,SynDiff,SynDiff,2D,t2_flair,t2,cavity,5.0,pre,12,0.563284815304507,0.09106847542581427,0.10305368125149407,0.5945566450838229,0.46070051507577414,0.6345972857539239,3,13.186258272788189,1.7457333563734594,1.9754832615416305,13.771861800723224,11.223011558333685,14.56390145930766,3,0.15833157300949097,0.05195788272551209,0.05879587925307093,0.12856458127498627,0.1281033605337143,0.21832677721977234,3,0.1863971326324905,0.031065452825771243,0.03515386920085503,0.18593081159918917,0.155567465399713,0.21769312089856932,3
ResViT-3D-T2,ResViT,ResViT,3D,t2,t2,cavity,5.0,pre,16,0.5628782401659443,0.08748121840278558,0.08573159403472987,0.5894219160257956,0.44277384624985683,0.6298952823623294,4,11.934463126325923,3.138352515039417,3.0755854647386287,12.576949128574737,7.9986503618070675,14.58530388634715,4,0.1812747959047556,0.07198762150136878,0.0705478690713414,0.17373908311128616,0.11521228402853012,0.2624087333679199,4,0.19870523620435657,0.07864056749829385,0.07706775614832796,0.1788804630438487,0.13106073474045843,0.3059992839892705,4
SynDiff-3D+3D-refine-T2+FLAIR,SynDiff,SynDiff,3D+3D-refine,t2_flair,t2,cavity,5.0,pre,12,0.5618390591163652,0.08375563164818815,0.09477841949732799,0.5907803376226995,0.46745091469942884,0.6272859250269671,3,13.3169562246244,1.8585839460478475,2.1031857254619934,14.169295750549802,11.18506893407522,14.59650398924818,3,0.1558182587226232,0.05744981855057709,0.06501058968193885,0.12425480037927628,0.12106987088918686,0.22213010489940643,3,0.19969806323348882,0.032968764361909896,0.03730766895922812,0.20310414319529252,0.16515848281329149,0.2308315636918825,3
CycleGAN-3D-T2+FLAIR,CycleGAN,GAN,3D,t2_flair,t2,cavity,5.0,pre,12,0.5614933955306155,0.0562757962669643,0.06368205840224106,0.5763520066173002,0.49927922434983774,0.6088489556247088,3,14.101463430562722,1.4839401733599245,1.6792363867592788,14.457896954587103,12.471766460168359,15.374726876932703,3,0.14701236287752786,0.04250343504012006,0.04809716453731829,0.1231292113661766,0.12182257324457169,0.19608530402183533,3,0.1853577819738386,0.02897435256230641,0.03278756649282775,0.18241527395394558,0.1579669615379058,0.21569111042966446,3
SynDiff-3D-T2+FLAIR,SynDiff,SynDiff,3D,t2_flair,t2,cavity,5.0,pre,12,0.5580010929715175,0.08414599383009135,0.0952201558905024,0.5896719433784812,0.46261526736974373,0.6217160681663276,3,13.046468960159027,1.7495439691752983,1.9797953758623918,13.563976616332749,11.096548827586163,14.478881436558169,3,0.15622714658578238,0.04538702690033652,0.0513602559093071,0.13259360194206238,0.12753374874591827,0.20855408906936646,3,0.20992815543026958,0.029010694298222905,0.0328286910384156,0.1939156154791514,0.19245268082465206,0.24341616998700535,3
CUT-3D-T2+FLAIR,CUT,GAN,3D,t2_flair,t2,cavity,5.0,pre,12,0.5573882563208371,0.06115448717135184,0.06920281687584566,0.5699595156918474,0.49092502382863046,0.6112802294420334,3,14.070174322616145,1.472998645790259,1.6668548827394023,14.517617486161754,12.425336640010212,15.267568841676473,3,0.14655484755833945,0.043348506038845436,0.04905345239577124,0.12158425897359848,0.12147093564271927,0.19660934805870056,3,0.1756713470762787,0.023955322182635987,0.02710799895291144,0.17000276271629935,0.15505872422701047,0.20195255428552628,3
SwinPix2Pix-2.5D-T2,SwinPix2Pix,GAN,2.5D,t2,t2,cavity,5.0,pre,16,0.5573417738367751,0.1019817079197422,0.09994207376134735,0.5768958749784558,0.4340550363130369,0.6415203090771517,4,13.577864502235398,3.5930078243148507,3.5211476678285534,14.496500024678802,8.826671151247698,16.491786808336286,4,0.16573853231966496,0.08335287566902137,0.08168581815564094,0.14492320269346237,0.09575407952070236,0.2773536443710327,4,0.24405894408927903,0.07135555968047516,0.06992844848686566,0.23858968193136948,0.16889137398818724,0.33016503850619,4
SynDiff-3D-T2,SynDiff,SynDiff,3D,t2,t2,cavity,5.0,pre,16,0.5571175151370668,0.06801821861461851,0.06665785424232615,0.5731978156316353,0.46477660164798124,0.6172978276370154,4,12.004533919316641,2.8308505647405244,2.774233553445714,12.592949097909246,8.351912827160968,14.480324654287099,4,0.17910956591367722,0.0627526714760097,0.061497618046489504,0.17112787812948227,0.12400756776332855,0.25017493963241577,4,0.22370626140446634,0.062471290667897264,0.061221864854539315,0.20739011028233695,0.16912117419240502,0.31092365086078644,4
CUT-2.5D-T2,CUT,GAN,2.5D,t2,t2,cavity,5.0,pre,16,0.5567169113240136,0.09775358573927047,0.09579851402448505,0.571829064132434,0.44397900159895576,0.6392305154322308,4,13.33347178656755,3.3353326913997567,3.2686260375717615,14.183847914925673,8.932393535187458,16.033797781231392,4,0.17201911844313145,0.08180593581512696,0.08016981709882443,0.154980830848217,0.0999189242720604,0.27819588780403137,4,0.25039051266921075,0.06251027621810497,0.06126007069374287,0.23910901987960304,0.1921167928062809,0.3312272181113561,4
SwinPix2Pix-3D-T2,SwinPix2Pix,GAN,3D,t2,t2,cavity,5.0,pre,16,0.5554388584222607,0.06536453761371716,0.06405724686144282,0.549632884646535,0.4952114635006379,0.6272782008953348,4,12.571510834266407,3.370586998522739,3.303175258552284,13.497972358250774,7.903104088279681,15.386994532284398,4,0.17777568101882935,0.0802127247583467,0.07860847026317977,0.15783143416047096,0.11358844488859177,0.2818514108657837,4,0.23383509144738998,0.06417978155405009,0.06289618592296908,0.21918359773788343,0.17716812439119586,0.31980504592259723,4
CUT-3D-T2,CUT,GAN,3D,t2,t2,cavity,5.0,pre,16,0.5505568335583421,0.06345357970934255,0.062184508115155704,0.5431038286158361,0.4911427172570844,0.6248769597446118,4,12.808139845869057,3.0259653251084746,2.965446018606305,13.468824589418228,8.75381114919246,15.541099055447315,4,0.1727018691599369,0.06784668547050161,0.06648975176109158,0.15858028084039688,0.11617600917816162,0.25747090578079224,4,0.21419527687919127,0.0711837520059586,0.06976007696583943,0.19030843284050736,0.15964370489644739,0.3165205369393031,4
pix2pix-3D-T2,pix2pix,GAN,3D,t2,t2,cavity,5.0,pre,16,0.5425635538524215,0.07048030799693424,0.06907070183699555,0.5443705051003318,0.467547019862913,0.6139661853461096,4,12.54165668622321,3.15021493687755,3.087210638139999,13.255183219349332,8.261513969748727,15.394746336445447,4,0.17848587222397327,0.07539338078604722,0.07388551317032628,0.16159630566835403,0.11760776489973068,0.27314311265945435,4,0.22783712959113683,0.06604030171955334,0.06471949568516228,0.20769472170818168,0.17728171413536095,0.318677360812823,4
CycleGAN-3D-T2,CycleGAN,GAN,3D,t2,t2,cavity,5.0,pre,16,0.5382441962222406,0.07874849408252659,0.07717352420087605,0.5399055631123941,0.45076842444537607,0.6223972342187982,4,12.667411854605367,3.507937110576156,3.437778368364633,13.602591317290717,7.821607225221667,15.642857558618369,4,0.18188412114977837,0.08482067754289313,0.08312426399203526,0.15803945437073708,0.11650515347719193,0.2949524223804474,4,0.21783856525777656,0.06285921818759711,0.061602033823845166,0.19883433644237936,0.16821610749274363,0.30546948065360385,4
pix2pix-2.5D-T2+FLAIR,pix2pix,GAN,2.5D,t2_flair,flair,cavity,5.0,pre,12,0.6152498780083508,0.04754111448461823,0.05379783548072754,0.5974583276593388,0.5791706254610922,0.6691206809046216,3,13.542930989393687,1.8759974142821545,2.122890919784294,12.475698522241478,12.444025417851865,15.709069028087715,3,0.15466697762409845,0.04898276504582386,0.05542921666632286,0.16874532401561737,0.10018666833639145,0.19506894052028656,3,0.20762674842770526,0.05162166307253159,0.058415410899046866,0.19736890510345498,0.16190413534283066,0.26360720483683014,3
CycleGAN-2.5D-T2+FLAIR,CycleGAN,GAN,2.5D,t2_flair,flair,cavity,5.0,pre,12,0.614136341159009,0.042454113795605104,0.048041352295075244,0.599210588364548,0.5811607679592388,0.6620376671532402,3,13.635461676873183,1.536061625883563,1.7382173626636297,13.307401053946517,12.289933281536483,15.309050695136545,3,0.1571463073293368,0.04337877986076699,0.04908771045027342,0.1761879175901413,0.10750342160463333,0.18774758279323578,3,0.23562401911676764,0.05524419305082254,0.06251468946894985,0.24152897520818645,0.1776645461885402,0.2876785359535762,3
CUT-2D+3D-post-T2+FLAIR,CUT,GAN,2D+3D-post,t2_flair,flair,cavity,5.0,pre,12,0.6140252367856096,0.046627759592155905,0.05276427712239112,0.5928537216202543,0.5817394050137248,0.6674825837228497,3,13.828412645352785,1.740452683138895,1.969507617239213,13.37307344510479,12.360890456391099,15.751274034562464,3,0.15345989167690277,0.044414305616689305,0.05025951815518512,0.17752353847026825,0.10220643877983093,0.18064969778060913,3,0.210437088746712,0.0560844361577022,0.06346551405347559,0.20156877529289988,0.15931515902495727,0.2704273319222789,3
CUT-2.5D-T2+FLAIR,CUT,GAN,2.5D,t2_flair,flair,cavity,5.0,pre,12,0.6120457553294643,0.036021166442995495,0.04076178707908002,0.5972433039082305,0.5857840933764314,0.6531098687037308,3,13.662749479006138,1.7957604111826546,2.032094203320902,13.26612803524998,12.098455870032996,15.62366453173544,3,0.15375258028507233,0.04469441139712023,0.050576487684742516,0.17610183358192444,0.10229180753231049,0.18286409974098206,3,0.21784662980950953,0.05110369920885841,0.05782927960984734,0.21427549328655005,0.1686221665989321,0.27064222954304645,3
CycleGAN-2D+3D-post-T2+FLAIR,CycleGAN,GAN,2D+3D-post,t2_flair,flair,cavity,5.0,pre,12,0.6106578583814368,0.042800744870149204,0.04843360228170239,0.6009702012470166,0.5735312719414775,0.6574721019558165,3,12.875856999063862,1.9166618168526548,2.1689070231745005,11.829057548813008,11.710543988583611,15.087969459794962,3,0.16494221736987433,0.054864378890096085,0.06208488928539246,0.17665332555770874,0.10516785830259323,0.21300546824932098,3,0.23130584547957656,0.050747840967981656,0.0574265881015668,0.22684655545486343,0.1829348046046037,0.28413617637926253,3
pix2pix-2D+3D-post-T2+FLAIR,pix2pix,GAN,2D+3D-post,t2_flair,flair,cavity,5.0,pre,12,0.6102371970394599,0.043805202037602846,0.049570252569099256,0.6050625752429972,0.5692491342444813,0.656399881630901,3,13.225930715069675,1.2829109050542988,1.4517503545036354,12.695999430513538,12.29288132591293,14.688911388782554,3,0.15684661020835242,0.03679368133451256,0.04163596997299794,0.1669868677854538,0.11604615300893784,0.1875068098306656,3,0.20721204836161133,0.05339236110904681,0.06041914435559665,0.1835508109587762,0.16973897949076042,0.2683463546352974,3
CycleGAN-2D-T2+FLAIR,CycleGAN,GAN,2D,t2_flair,flair,cavity,5.0,pre,12,0.6095877342574861,0.03990169741480977,0.045153021257384296,0.5949823780035995,0.5790465471866748,0.6547342775821842,3,13.28933548148972,1.7947744343261112,2.030978465473964,12.286201944228356,12.220390359071263,15.36141414116954,3,0.16006255894899368,0.050214468327564626,0.05682302014002141,0.17246007919311523,0.10481057316064835,0.20291702449321747,3,0.22243403951266916,0.05573305358430793,0.06306788723973365,0.21965740155428648,0.16814120393246412,0.2795035130512569,3
pix2pix-2D-T2+FLAIR,pix2pix,GAN,2D,t2_flair,flair,cavity,5.0,pre,12,0.6090775154729929,0.03820258387177045,0.04323029328092762,0.592906468168244,0.5816199619333131,0.6527061163174218,3,13.578561431514492,1.3515249734193715,1.5293944821515448,13.079993987086096,12.547145098566148,15.10854520889123,3,0.15385245780150095,0.03979414337614776,0.04503131240516337,0.1672745794057846,0.10908277332782745,0.1852000206708908,3,0.2060562310858877,0.058314909138214285,0.06598953183788452,0.19394281149531403,0.15474938601255417,0.2694764957497949,3
CUT-2D-T2+FLAIR,CUT,GAN,2D,t2_flair,flair,cavity,5.0,pre,12,0.6065932952345758,0.042827241857112334,0.048463586445111916,0.5862251834091671,0.5777513641567078,0.6558033381378526,3,13.944249672078298,1.586793509333447,1.7956258931335527,13.39206303727054,12.707322473587721,15.73336350537663,3,0.1537949542204539,0.0403479437290554,0.045657996499507296,0.17369449138641357,0.10736282169818878,0.18032754957675934,3,0.1989726894833093,0.054370724231766164,0.0615262664516404,0.18640075106587675,0.15198919814653122,0.2585281192375199,3
SwinPix2Pix-2D+3D-post-T2+FLAIR,SwinPix2Pix,GAN,2D+3D-post,t2_flair,flair,cavity,5.0,pre,12,0.603493678129432,0.05425749900800746,0.06139814004934477,0.6000040441744786,0.5510652264243817,0.6594117637894357,3,12.88329020140288,1.8520179598729636,2.095755612646287,11.949417793562173,11.684128488603648,15.016324322042829,3,0.16421027978261313,0.05341850198368252,0.060448725539971895,0.1795075237751007,0.10481195151805878,0.20831136405467987,3,0.2113366087118876,0.06088091220506243,0.06889323765820142,0.18915416952222586,0.1646572474318628,0.2801984091815741,3
SwinPix2Pix-2D-T2+FLAIR,SwinPix2Pix,GAN,2D,t2_flair,flair,cavity,5.0,pre,12,0.6033662324069574,0.04149420711945587,0.046955115634446744,0.5941050267576167,0.5672851443196455,0.6487085261436097,3,13.359009442116497,1.8864232663945393,2.1346888820905825,12.455125124983677,12.09460734735677,15.52729585400904,3,0.15911699831485748,0.049716719457367935,0.05625976426939551,0.17342033982276917,0.10381646454334259,0.2001141905784607,3,0.19722880005979118,0.06218866506013045,0.07037309932549919,0.18885273227675092,0.13965267623559788,0.2631809916670248,3
SwinPix2Pix-2.5D-T2+FLAIR,SwinPix2Pix,GAN,2.5D,t2_flair,flair,cavity,5.0,pre,12,0.6011880614874705,0.05561964629478428,0.06293955481062995,0.5930984418687455,0.5500562132358815,0.6604095293577845,3,13.328254761526146,2.0485962835310456,2.318204926884732,12.386348167381101,11.920017884926304,15.678398232271034,3,0.15995290130376816,0.05395456517524923,0.06105533814676113,0.16902253031730652,0.10203830152750015,0.2087978720664978,3,0.1965050738943989,0.05263152547103322,0.05955817778118088,0.1764546333708697,0.15684566525026009,0.2562149230620669,3
SwinPix2Pix-3D-T2+FLAIR,SwinPix2Pix,GAN,3D,t2_flair,flair,cavity,5.0,pre,12,0.5889179101920576,0.03362727394750496,0.038052842704782354,0.5875101015780892,0.5560166495787447,0.6232269794193391,3,12.96363715731506,1.2180712764489863,1.3783774075259478,12.565738605602824,11.994273465076137,14.330899401266217,3,0.16505440324544907,0.04285481952790715,0.04849479351739965,0.17706820368766785,0.11747483164072037,0.20062017440795898,3,0.20936135606018277,0.04413990518022098,0.04994900483009807,0.1992876162338588,0.171129056189854,0.2576673957568355,3
pix2pix-3D-T2+FLAIR,pix2pix,GAN,3D,t2_flair,flair,cavity,5.0,pre,12,0.5886960784269649,0.03035354661744713,0.034348271488468196,0.5778200803815248,0.5652788822130517,0.6229892726863182,3,12.953903753752678,1.1459655101366955,1.296782051688518,12.633581357693092,12.002182708754983,14.225947194809962,3,0.1657358482480049,0.041541261448532096,0.0470083626203818,0.17752107977867126,0.11957528442144394,0.20011118054389954,3,0.2198514827181145,0.04234224794520459,0.04791476416854518,0.20675753388139936,0.18560290175418442,0.2671940125187597,3
ResViT-3D-T2+FLAIR,ResViT,ResViT,3D,t2_flair,flair,cavity,5.0,pre,12,0.5862052217021815,0.08169555438300202,0.09244722261665898,0.5827409157761181,0.5062969279229028,0.6695778214075236,3,12.396869157850496,2.3297570461739987,2.636368281199772,11.487485643478516,10.65895194122498,15.044169888847993,3,0.17279296616713205,0.05861555894399367,0.06632974912062965,0.20187930762767792,0.10532274842262268,0.21117684245109558,3,0.21389583199592366,0.05389289308766938,0.06098554960988434,0.21843286428381414,0.1578778467488055,0.2653767849551514,3
ResViT-2D+3D-refine-T2+FLAIR,ResViT,ResViT,2D+3D-refine,t2_flair,flair,cavity,5.0,pre,12,0.584559702105385,0.0709460044243085,0.08028296171451367,0.6067836154371706,0.5051622506332014,0.6417332402457829,3,12.62313548469247,1.6835809528769488,1.9051511960382248,11.670454731983948,11.63191176961696,14.567039952476506,3,0.16918740421533585,0.0465595286600226,0.05268706655420405,0.1808028668165207,0.11791979521512985,0.208839550614357,3,0.20100441771891164,0.03447811367688703,0.039015658496502445,0.19476623405866764,0.170071283172743,0.23817573592532426,3
CycleGAN-3D-T2+FLAIR,CycleGAN,GAN,3D,t2_flair,flair,cavity,5.0,pre,12,0.5843233552231611,0.027426781389967094,0.03103632485226494,0.5751929169389164,0.5626263455953133,0.6151508031352535,3,13.225045485712196,1.1234610537443177,1.271315861934551,12.886217342930852,12.309995930914877,14.478923183290854,3,0.16244411965211233,0.038784979601930225,0.04388933609082958,0.17475879192352295,0.11899688839912415,0.19357667863368988,3,0.1926033300345238,0.03854394941706106,0.043616584760280186,0.17639990957776228,0.1648062532250252,0.2366038273007839,3
ResViT-2D-T2+FLAIR,ResViT,ResViT,2D,t2_flair,flair,cavity,5.0,pre,12,0.5701873876906659,0.07088924440284625,0.08021873170371961,0.6094173249307991,0.4883547046308364,0.612790133510362,3,11.87457067084226,1.4015340384815878,1.5859850666157054,11.491923687435229,10.70409989556209,13.42768842952946,3,0.18303523461023966,0.04936739151585357,0.055864462490500706,0.18364983797073364,0.13336341083049774,0.2320924550294876,3,0.18981898971016528,0.03202346321196144,0.03623796000738763,0.1857759817777311,0.1600090192959589,0.22367196805680578,3
CUT-3D-T2+FLAIR,CUT,GAN,3D,t2_flair,flair,cavity,5.0,pre,12,0.5656174402329052,0.032681177304860386,0.036982233568214264,0.5646594702216057,0.5334257798496923,0.5987670706274175,3,13.0106861204835,1.2161513712247496,1.3762048302418057,12.31027297945043,12.306810041663194,14.41497534033688,3,0.16734258830547333,0.04203676271044357,0.04756907508280064,0.17422568798065186,0.12228906154632568,0.20551301538944244,3,0.1792305318059636,0.037924914150710254,0.04291608041205579,0.17785522712466234,0.1420119773182604,0.217824390974968,3
ResViT-2.5D-T2+FLAIR,ResViT,ResViT,2.5D,t2_flair,flair,cavity,5.0,pre,12,0.5618766799182491,0.05999090378046708,0.06788609831529994,0.5935108544477621,0.49268949065083106,0.599429694656154,3,12.224877837830713,1.126382578312075,1.274621878206003,11.710423089412581,11.447581192696834,13.516629231382726,3,0.17759154240290323,0.04086494854703624,0.0462430425263411,0.18619464337825775,0.13310997188091278,0.21347001194953918,3,0.19050181301670913,0.02385469360086777,0.026994126992918217,0.1996528567660789,0.16342650879831874,0.20842607348572975,3
SynDiff-2D-T2+FLAIR,SynDiff,SynDiff,2D,t2_flair,flair,cavity,5.0,pre,12,0.5524198162167325,0.06720594972741341,0.07605069140588251,0.5864661487438412,0.47500397564698627,0.5957893242593701,3,12.079994198213504,1.5124182569943052,1.7114623720938147,11.552156151644477,10.902230443791582,13.78559599920445,3,0.18304584423700967,0.047987360319796606,0.05430281018073491,0.18765908479690552,0.13291846215724945,0.22855998575687408,3,0.18490190983280194,0.011594737858677446,0.013120681046825514,0.18129358389506153,0.17554036933271325,0.19787177627063102,3
SynDiff-3D-T2+FLAIR,SynDiff,SynDiff,3D,t2_flair,flair,cavity,5.0,pre,12,0.5520498074100311,0.06673657166266081,0.07551954012389074,0.5559211169097318,0.48346184797869496,0.6167664573416665,3,11.693500145072372,1.8442468650277175,2.086961790992717,10.76913380142652,10.494236162690369,13.81713047110023,3,0.1905613342920939,0.056901459895279935,0.06439006344813222,0.21215170621871948,0.12602446973323822,0.23350782692432404,3,0.20664223719891583,0.01562685690760702,0.017683453282701565,0.20279054288916729,0.1933013887382021,0.22383477996937806,3
SynDiff-3D+3D-refine-T2+FLAIR,SynDiff,SynDiff,3D+3D-refine,t2_flair,flair,cavity,5.0,pre,12,0.5514739508861145,0.06214859841620925,0.07032775964969847,0.583146033970202,0.47986957020854293,0.5914062484795984,3,11.955890306124823,1.5565199700416397,1.761368158457035,11.276513075368053,10.854541326266578,13.73661651673984,3,0.18382268150647482,0.051697165361067186,0.05850084978160336,0.18872150778770447,0.12985047698020935,0.23289605975151062,3,0.1989058213587649,0.011578843153218641,0.013102694494373866,0.1999208488154645,0.1868528800413889,0.20994373521944132,3
SynDiff-2.5D-T2+FLAIR,SynDiff,SynDiff,2.5D,t2_flair,flair,cavity,5.0,pre,12,0.5510076102298168,0.061022221907113094,0.06905314463945682,0.5825012680973969,0.48067301982817756,0.5898485427638762,3,12.412813470254767,0.9429404946320418,1.0670376188749922,11.941086894001778,11.798828357571214,13.498525159191308,3,0.17577202121416727,0.03380023207363259,0.038248563249311855,0.17957322299480438,0.1402318775653839,0.20751096308231354,3,0.1819566997280294,0.02092368610837416,0.02367737978193375,0.1840666276128853,0.16005798867520163,0.20174548289600125,3
SwinPix2Pix-2D+3D-post-T2+FLAIR,SwinPix2Pix,GAN,2D+3D-post,t2_flair,t2,lesion,0.0,all,20,0.7566241829868274,0.0708460300629641,0.031049641674729157,0.7497518245120047,0.6304085868447658,0.9046119356006429,20,15.36103028228957,5.0202452123631796,2.2002194734781395,14.396752167063074,8.582198466072132,23.593320359428013,20,0.1635260445997119,0.09045892079695265,0.03964537003035809,0.16558388620615005,0.049049168825149536,0.3433232307434082,20,0.10499907631036795,0.04812010169560256,0.02108956442121176,0.09870671597925068,0.013003272634437856,0.20592504792979785,20
CycleGAN-2D+3D-post-T2+FLAIR,CycleGAN,GAN,2D+3D-post,t2_flair,t2,lesion,0.0,all,20,0.7525559604389179,0.07218679824345929,0.031637259238285725,0.7579106225783783,0.624878235738145,0.9004224693028375,20,14.883432007296744,5.058791147149189,2.2171129742439466,14.195838340690408,8.630567840597156,23.128863515339834,20,0.1759698497131467,0.09954116876185803,0.04362584070261345,0.16900642216205597,0.046191662549972534,0.339572548866272,20,0.10797410639089218,0.04879982830118643,0.021387467740867104,0.10042701899406634,0.014913908835938749,0.21192942133971623,20
ResViT-2D+3D-refine-T2+FLAIR,ResViT,ResViT,2D+3D-refine,t2_flair,t2,lesion,0.0,all,20,0.7496045858763464,0.06998710176006565,0.030673199748405586,0.7516745329216472,0.6292867485744098,0.8857688774198854,20,14.715685583058933,4.1778524128988375,1.8310245510598504,14.411957824018915,8.782473113468187,22.015319227566273,20,0.1653755385428667,0.07982767143374739,0.03498601956302994,0.15342029929161072,0.05739452317357063,0.3145911991596222,20,0.10716156974249891,0.03634322629180103,0.01592812120398444,0.1056200490732278,0.044848431449602634,0.19844193987193562,20
pix2pix-2D+3D-post-T2+FLAIR,pix2pix,GAN,2D+3D-post,t2_flair,t2,lesion,0.0,all,20,0.7481903607001167,0.06794268951308945,0.029777196575784294,0.7572060623974347,0.6203170235211317,0.8849594268440163,20,14.471557219497262,4.639335278552726,2.0332783344383363,14.506089651907153,8.359810483456995,22.653692609482977,20,0.18135206457227468,0.09664347027935173,0.04235586834871776,0.1659243479371071,0.050894565880298615,0.35212138295173645,20,0.11176272935575186,0.04773157117311559,0.020919283411927343,0.10265236561018456,0.022811842972741407,0.22165568758334434,20
CUT-2D+3D-post-T2+FLAIR,CUT,GAN,2D+3D-post,t2_flair,t2,lesion,0.0,all,20,0.7458596333878671,0.07143343596282954,0.03130708366113594,0.7490502786383997,0.6159538553046565,0.8900425309143685,20,14.516938849225891,5.0540871066032285,2.2150513375757286,13.372882128506161,8.471286870774641,23.18851906079076,20,0.18443144112825394,0.10075089384412694,0.04415602609614925,0.19043227285146713,0.04588905721902847,0.3485153019428253,20,0.10678531842508454,0.05039121884005597,0.022084925395904915,0.09972561588861305,0.014481522307238159,0.221064635685512,20
CUT-2D+3D-post-T2,CUT,GAN,2D+3D-post,t2,t2,lesion,0.0,all,30,0.7438290089706941,0.07429271523206782,0.02658530671406198,0.7348269156653007,0.6163322823286198,0.9123236126492519,30,14.006707343400652,4.780783959602324,1.7107815685922658,12.932417527042755,8.477361608409206,23.49508148437032,30,0.19369860167304676,0.09614093827356077,0.034403592920198796,0.20160983502864838,0.04253537580370903,0.34985989332199097,30,0.11279879568963277,0.04810011327772096,0.017212404479697525,0.10391277058816636,0.014308844199951957,0.23286665470472404,30
pix2pix-2D+3D-post-T2,pix2pix,GAN,2D+3D-post,t2,t2,lesion,0.0,all,30,0.7430247244756013,0.07102300457012585,0.02541525578050228,0.7316581999724583,0.6236152978640639,0.883519672952368,30,13.80277174345663,4.41217497612657,1.5788765378951024,12.719959305700362,8.337330208376628,24.60409760738143,30,0.194148675352335,0.0890589714082198,0.03186934362447988,0.20861542224884033,0.039842069149017334,0.3544730544090271,30,0.11294433352399592,0.04489840694419585,0.016066688582530006,0.10484816401731223,0.041489310398259586,0.2108199085508074,30
SwinPix2Pix-2D+3D-post-T2,SwinPix2Pix,GAN,2D+3D-post,t2,t2,lesion,0.0,all,30,0.7428706288666117,0.07580272748030879,0.02712565765743615,0.7262389317395723,0.5839475853821666,0.8860575481716745,30,14.064349901097566,4.719085943616851,1.6887032171213412,13.194480829790415,8.121998365986595,24.348409731060556,30,0.1909856510659059,0.0935507946207822,0.0334767219177391,0.18862639367580414,0.04148661717772484,0.3677625060081482,30,0.11038548562818168,0.045900311837193564,0.016425215643971508,0.10505637478393813,0.02022277210455607,0.21069673555237906,30
SwinPix2Pix-2D-T2+FLAIR,SwinPix2Pix,GAN,2D,t2_flair,t2,lesion,0.0,all,20,0.7412381845725884,0.07701373106501855,0.033752755821004676,0.7414732935546493,0.6152396798273848,0.903057811106408,20,14.391987218941093,5.364447511653494,2.3510727823662143,13.254665845813914,8.195379856928067,24.644870395155742,20,0.19298676103353501,0.10971564333913686,0.04808500079348068,0.19262176007032394,0.04214487969875336,0.3661215603351593,20,0.11120849842571252,0.05112801915058183,0.022407842369619957,0.10615198503890232,0.015445950660197175,0.21347871954951966,20
CycleGAN-2D-T2+FLAIR,CycleGAN,GAN,2D,t2_flair,t2,lesion,0.0,all,20,0.7390928871921045,0.07812276732866892,0.03423881239411145,0.7403757956976925,0.6043015285370554,0.8942819704565048,20,14.234845627526223,5.185768316001059,2.2727631721480233,13.470147759223618,8.061975767990795,22.91433897134588,20,0.19529554173350333,0.11201338621396363,0.04909203100901465,0.18664606660604477,0.04415687546133995,0.3683742582798004,20,0.11017302249560516,0.049195047944835646,0.021560680386758707,0.10067273517288385,0.016487724065561506,0.20760125453983033,20
CUT-2.5D-T2+FLAIR,CUT,GAN,2.5D,t2_flair,t2,lesion,0.0,all,20,0.7390564013234967,0.07386313216982403,0.0323719449743045,0.7414511623777398,0.6127395866571397,0.8862081084193084,20,13.958075004121586,4.952448935999668,2.1705064452943854,12.791921961918339,8.093197710860746,23.51175518614866,20,0.19960911925882102,0.10716834315633011,0.046968597265381384,0.20540986210107803,0.05334244668483734,0.3625267744064331,20,0.11097658391999128,0.050489518739982024,0.022128007226554468,0.10157844866625965,0.016394326600300914,0.2132659490619387,20
pix2pix-2.5D-T2+FLAIR,pix2pix,GAN,2.5D,t2_flair,t2,lesion,0.0,all,20,0.739042669757566,0.07600407154271352,0.033310253025107886,0.7346641045482936,0.6075444335833077,0.8953301707800406,20,14.25906269145167,5.202235789073623,2.279980360432772,13.587941193564927,8.456865094794473,23.93297178493139,20,0.19410502426326276,0.10742937066526158,0.04708299761515915,0.1856333240866661,0.04447066783905029,0.35410112142562866,20,0.11162791457643192,0.04951337222449113,0.02170019215348558,0.10165963133072688,0.017571722184691357,0.21407479367085866,20
pix2pix-2D-T2+FLAIR,pix2pix,GAN,2D,t2_flair,t2,lesion,0.0,all,20,0.7374816981498478,0.0753114737777469,0.033006708671136045,0.7348293961206581,0.6104583230380233,0.9097300972760324,20,13.865045480945108,5.016835946956043,2.198725297034215,13.035249117472663,7.986959846261797,23.51939227427694,20,0.2028246745467186,0.10933878873033724,0.04791983697899031,0.19770124554634094,0.050572071224451065,0.3728013336658478,20,0.11687500843028198,0.051555045808781876,0.022594995054264173,0.10468369305829753,0.014656677869532038,0.2200643973691123,20
ResViT-2D+3D-refine-T2,ResViT,ResViT,2D+3D-refine,t2,t2,lesion,0.0,all,30,0.7367558833101495,0.07597114445033475,0.027185924896155414,0.7522842215471929,0.5950165173937303,0.8688541757815591,30,13.804935270159813,4.0676339313249885,1.4555841084419423,13.252553535750787,8.071709417244557,22.02774374713517,30,0.18714412736395994,0.08428048414097541,0.030159383916692848,0.1956363543868065,0.05359530821442604,0.36635541915893555,30,0.10176281767393587,0.038571793456993984,0.013802739021752842,0.09056760497729888,0.0472063090213958,0.19620188662693613,30
CycleGAN-2D+3D-post-T2,CycleGAN,GAN,2D+3D-post,t2,t2,lesion,0.0,all,30,0.7360104148222689,0.0740847580581809,0.026510890195108498,0.7340247178410566,0.6176541490999073,0.8893649823917177,30,13.690158559992177,4.736499965551258,1.694934744839846,11.747642086969266,8.061943046923876,25.155408974233385,30,0.2005510245760282,0.09600603762500301,0.03435531934308385,0.22682031244039536,0.0387263298034668,0.36985719203948975,30,0.1104237498592284,0.0463810525001219,0.016597246480830122,0.10918575864416932,0.014189017881803653,0.21492400925074304,30
ResViT-2.5D-T2+FLAIR,ResViT,ResViT,2.5D,t2_flair,t2,lesion,0.0,all,20,0.7354581030415676,0.06707570668977342,0.02939722460024547,0.7447466858230167,0.639931706119381,0.8468421309018334,20,14.42254567468419,4.271485294987833,1.8720609709587728,14.223694548274784,8.734534500247529,22.06709482632982,20,0.1734963495284319,0.08526834740911635,0.03737050094262703,0.161183200776577,0.05397968739271164,0.3161419630050659,20,0.10299712093772004,0.03975667228215677,0.01742412986928851,0.08535041815237324,0.05508168025270981,0.20837558389064811,20
CycleGAN-2.5D-T2+FLAIR,CycleGAN,GAN,2.5D,t2_flair,t2,lesion,0.0,all,20,0.7353473984737647,0.07959361438617343,0.034883439539108246,0.7371791841331388,0.6042691682796892,0.8934323489541642,20,13.893969825392386,5.192754258894339,2.275824896614499,12.856376731995502,7.912792667966681,24.339447389173607,20,0.20300002191215755,0.1134754391065183,0.04973280394128733,0.2033246085047722,0.04610767215490341,0.3752005994319916,20,0.11300405582524023,0.048315230391598615,0.021175083342818944,0.10375056080988007,0.015971903634421965,0.20204720111644786,20
SwinPix2Pix-2D-T2,SwinPix2Pix,GAN,2D,t2,t2,lesion,0.0,all,30,0.7348832317072488,0.07876046637896941,0.028184070929254,0.7211684387679844,0.5885912450953511,0.9045546662171735,30,13.594364434154032,4.957366007353379,1.7739706428506876,12.436257662273437,7.4768518301341835,24.461724195418597,30,0.20817469730973243,0.10409788690625535,0.03725095042015611,0.20384623110294342,0.04133079946041107,0.39997434616088867,30,0.114226435482518,0.047904738629217715,0.01714249055962628,0.10619429063219099,0.015783872345791143,0.21244888114077704,30
pix2pix-2.5D-T2,pix2pix,GAN,2.5D,t2,t2,lesion,0.0,all,30,0.7341908389525865,0.07821164168513005,0.027987676534831963,0.7264655247998224,0.6108890797737457,0.9107765778765126,30,13.34459557702461,4.953495858713887,1.7725857279463324,12.081882014863872,7.2216708091267545,24.374145107887458,30,0.21583274664978186,0.10630906510321134,0.038042210375885226,0.21628275513648987,0.038482923060655594,0.412701815366745,30,0.11881656542546443,0.05034484167636702,0.018015670220912643,0.10637284463911387,0.014613060855909306,0.2228372400360448,30
ResViT-2D-T2,ResViT,ResViT,2D,t2,t2,lesion,0.0,all,30,0.733668934054899,0.07360801349926928,0.026340289345707115,0.7407331655128814,0.5730141233129535,0.8671188871965696,30,14.14885952491929,3.918284147858581,1.402139974804741,14.23026371004803,8.556358780457693,22.10980925122296,30,0.1753076508641243,0.08076683035516971,0.02890203905736337,0.15471477806568146,0.05754418671131134,0.33096426725387573,30,0.09827194944136505,0.036643235590343826,0.013112613452367531,0.08520854083967987,0.050674359204576296,0.18395990275201343,30
pix2pix-2D-T2,pix2pix,GAN,2D,t2,t2,lesion,0.0,all,30,0.7335366263735994,0.07749635968556935,0.027731716158555925,0.7257946955098777,0.6088197173502211,0.8967506000060904,30,13.304039883579556,4.897990464282637,1.7527233776387638,11.9183866566772,7.3536499910179165,24.54248000757898,30,0.21595782811443012,0.10506233989423484,0.037596075489506935,0.22146864235401154,0.039260588586330414,0.4049430787563324,30,0.11903249144967916,0.049521242494723595,0.017720949038828433,0.11021458579886223,0.0182793231900124,0.2171562420470374,30
SwinPix2Pix-2.5D-T2,SwinPix2Pix,GAN,2.5D,t2,t2,lesion,0.0,all,30,0.7319107469818047,0.07830543742793984,0.02802124091033342,0.7219294424858411,0.5923474232528027,0.8926735308056278,30,13.525183536428754,4.909525016842368,1.7568509642621903,12.53843913230142,7.498146269067232,24.4092369817603,30,0.20936067203680675,0.10287044967681665,0.036811717648612435,0.20976409316062927,0.04191659018397331,0.39782729744911194,30,0.11348575437305526,0.046935580459380344,0.016795681762571516,0.10757600186921394,0.015532911097740425,0.20809523069432803,30
CycleGAN-2.5D-T2,CycleGAN,GAN,2.5D,t2,t2,lesion,0.0,all,30,0.7318626168954891,0.0778181342706728,0.02784686171503537,0.7170700390819071,0.6120972093839521,0.8954571149754478,30,13.309489979903796,4.7552889042932485,1.7016582802191522,11.801292259686925,7.403448447214499,24.488788300439555,30,0.2128389969468117,0.1041819756196795,0.03728104117980312,0.22728416323661804,0.04430684819817543,0.4025643467903137,30,0.11644030716905843,0.047307369951961276,0.0169287249238351,0.10648721719610499,0.01569717500687522,0.21247432168040956,30
SwinPix2Pix-3D-T2+FLAIR,SwinPix2Pix,GAN,3D,t2_flair,t2,lesion,0.0,all,20,0.7318190328952359,0.0667048960238236,0.029234709660499694,0.7311171840905748,0.601475268059243,0.886026260260887,20,14.15228454074747,4.6458824760312325,2.036147770248651,12.89225584362563,8.64869384232274,24.368785900127627,20,0.18651311956346034,0.09188141515912342,0.040268805672277204,0.18796662241220474,0.04285411164164543,0.33927780389785767,20,0.10347219952293718,0.04664755259356755,0.020444191322309877,0.09956357602575075,0.014367786318282871,0.20832023929272378,20
ResViT-2.5D-T2,ResViT,ResViT,2.5D,t2,t2,lesion,0.0,all,30,0.7312798106339143,0.06921211888108027,0.024767238659079295,0.7458564913360792,0.6061068356245356,0.8830946218127794,30,14.196613082243687,3.9475701407987214,1.4126198327868789,14.43668087943664,8.701686925845934,21.681016330163292,30,0.17433709042767684,0.07947923033592072,0.028441277307980017,0.15578672289848328,0.056484781205654144,0.32934194803237915,30,0.09463811410283421,0.036157287269737465,0.012938719079141998,0.08269124823168683,0.04050844854542187,0.17356669015827633,30
SwinPix2Pix-2.5D-T2+FLAIR,SwinPix2Pix,GAN,2.5D,t2_flair,t2,lesion,0.0,all,20,0.7308772849028282,0.07916358844318946,0.034694972359950525,0.7279668141862297,0.5972898270462406,0.8944539135469091,20,14.16886744201139,5.382139794031903,2.358826766996962,13.400967780349356,7.947058669176709,24.8244543533673,20,0.19676152542233466,0.11047798280133422,0.048419110793923845,0.18845391273498535,0.040398214012384415,0.3658871054649353,20,0.11228154826224226,0.048453938123647275,0.021235874686720606,0.10563271564944667,0.015438957852037513,0.20455213902252062,20
CUT-2D-T2,CUT,GAN,2D,t2,t2,lesion,0.0,all,30,0.7299941133553496,0.07863333932197485,0.028138579096154356,0.722531632975451,0.6000024640118378,0.9059108213814914,30,13.323354510388631,4.838422536176223,1.7314072683259811,11.984154470719567,7.387320490769959,23.352348390365027,30,0.21521217798193296,0.10768458735833455,0.038534434693306384,0.21817262470722198,0.04429714381694794,0.4033096730709076,30,0.11678735205968717,0.04968655125485446,0.01778010401892133,0.10403118483733906,0.015775061075520867,0.23002517649105617,30
CUT-2.5D-T2,CUT,GAN,2.5D,t2,t2,lesion,0.0,all,30,0.7291318203154507,0.07539122946587755,0.0269784049841194,0.7250615788404726,0.6056799030363212,0.9007624936199088,30,13.251496500589719,4.7161886191827795,1.6876664228880258,11.988805076693122,7.323617297069398,22.864964883046643,30,0.21557385846972466,0.10616097420053705,0.03798921672695396,0.21699406206607819,0.04958382993936539,0.40724268555641174,30,0.1155190331704253,0.04999204402106377,0.01788942320133689,0.1007226593839955,0.014652124140411615,0.2308440458561693,30
pix2pix-3D-T2+FLAIR,pix2pix,GAN,3D,t2_flair,t2,lesion,0.0,all,20,0.7289231996408776,0.07087261962092276,0.031061295062310253,0.7388540199136291,0.6115427694051849,0.885793987773278,20,14.441125439832586,4.690386019993738,2.0556523083584546,13.675697417209111,8.22869782928911,24.483281003458437,20,0.18019119910895826,0.09211773134912156,0.04037237580902105,0.17296290397644043,0.04295776039361954,0.35773271322250366,20,0.10364813078446741,0.041668843422950394,0.01826217582175237,0.09852048998124831,0.014156836769817507,0.19837163251055323,20
ResViT-2D-T2+FLAIR,ResViT,ResViT,2D,t2_flair,t2,lesion,0.0,all,20,0.7271062759803913,0.06895889138377298,0.030222566682279618,0.755034732612217,0.5989241579062088,0.8016820752728757,20,13.960254402318899,4.156719670722199,1.8217627184404943,13.672611709281217,8.483227156062727,22.021656857413817,20,0.18308679573237896,0.08675058447604936,0.03802011997935173,0.17809174209833145,0.053565118461847305,0.3269561529159546,20,0.10970309659451434,0.03996831944520914,0.017516888328279207,0.09759081951503096,0.07017126201504939,0.21715648152998515,20
SynDiff-2D-T2+FLAIR,SynDiff,SynDiff,2D,t2_flair,t2,lesion,0.0,all,20,0.7230773036370108,0.0642319900778563,0.028150910844259018,0.7461614674347685,0.5827572211924322,0.8070847673981218,20,14.124975186264843,3.972341953584644,1.7409556210655572,13.990394927153766,9.65463992843419,21.322139246606003,20,0.17351196743547917,0.07647971837433735,0.03351871444027137,0.1672564074397087,0.06157612055540085,0.285152405500412,20,0.10937852476345888,0.03836671426140174,0.016814953907713762,0.10410132684251841,0.051781232468783855,0.17817537228648478,20
SynDiff-2D-T2,SynDiff,SynDiff,2D,t2,t2,lesion,0.0,all,30,0.7215225000803798,0.07196140835665912,0.025751059262831538,0.7363110508268871,0.5683813565963645,0.835997318332586,30,13.52299644735739,3.8999021865876156,1.3955620744430688,13.530809432330447,8.026438482777712,21.587651958431877,30,0.18809891579051813,0.08346718970775947,0.029868350241475227,0.17274119704961777,0.0613548569381237,0.3601776361465454,30,0.10673717120553074,0.03985042872592376,0.014260292776434329,0.09427872088604738,0.04637410677969456,0.186107683749426,30
CUT-2D-T2+FLAIR,CUT,GAN,2D,t2_flair,t2,lesion,0.0,all,20,0.7205268050334818,0.07599129652414124,0.03330465412635936,0.7182052122986489,0.604772151865226,0.8589540613359318,20,13.663603211489388,5.102941021719973,2.2364625099086655,12.510325802087678,7.6611524338291055,23.358673863269743,20,0.20902511347085237,0.1136395073286354,0.0498047100100172,0.2128153219819069,0.051285624504089355,0.39266493916511536,20,0.10319317992554296,0.047816941781149966,0.02095669873056503,0.09342491870641813,0.020846695474842015,0.2049322628549167,20
SynDiff-3D+3D-refine-T2,SynDiff,SynDiff,3D+3D-refine,t2,t2,lesion,0.0,all,30,0.7201500489361411,0.07310955650736642,0.02616191880194502,0.7227658027777881,0.5871203734130178,0.8703988988826568,30,13.600513645907274,4.0710456673072155,1.4568049824836513,13.430193729492146,8.168006380701526,22.352609355429287,30,0.19097872252265613,0.08587632523977401,0.030730448319789987,0.18755687773227692,0.05426795780658722,0.3574330508708954,30,0.10172049396995593,0.0441284097455521,0.0157911486237202,0.09297881413946005,0.03848119332071613,0.19574513995931261,30
CycleGAN-3D-T2+FLAIR,CycleGAN,GAN,3D,t2_flair,t2,lesion,0.0,all,20,0.719648025232309,0.06902317321281573,0.03025073943601331,0.7179656155427846,0.586644572137242,0.8521436552458835,20,14.256667398422632,4.704480394659603,2.0618294404096864,13.525934590517105,8.180959728655477,23.097103606609124,20,0.1825390825048089,0.0933843589051177,0.040927499811227876,0.18666675686836243,0.05398266389966011,0.3546038269996643,20,0.09841164873378487,0.04061812485056482,0.017801678103749538,0.09039645924765084,0.019904583911685383,0.17061583777623518,20
SynDiff-3D-T2+FLAIR,SynDiff,SynDiff,3D,t2_flair,t2,lesion,0.0,all,20,0.7188646453381955,0.06935890936732163,0.030397882293353305,0.7175173859058188,0.6039654254251102,0.8955188879771594,20,14.110712135953003,3.503845884422523,1.53562816572932,14.06591934599465,8.318720647417337,19.693820630777235,20,0.17019106969237327,0.07245227181129457,0.0317536081592919,0.16143201291561127,0.07664887607097626,0.3402197062969208,20,0.10866388664377902,0.030434261613565744,0.013338403251337306,0.10800200629541103,0.06268830185658053,0.167884865632424,20
ResViT-3D-T2,ResViT,ResViT,3D,t2,t2,lesion,0.0,all,30,0.7187186543285335,0.08122617603342865,0.029066413797284318,0.7186982528850555,0.5597646018046196,0.900610561018482,30,13.732934709358705,3.9441761687369845,1.4114053154824784,13.266269177267523,7.3078017075397605,22.222064093065207,30,0.18075397151211897,0.07915451686780278,0.02832508008572025,0.17290130257606506,0.05688491463661194,0.3530532121658325,30,0.10002552954595637,0.0369170559798589,0.013210598820341807,0.09368779568714981,0.053605293648110494,0.1917182735743977,30
SynDiff-2.5D-T2,SynDiff,SynDiff,2.5D,t2,t2,lesion,0.0,all,30,0.7177664427544621,0.07206359696832804,0.02578762698788259,0.7332819807876636,0.5642250277275158,0.8381294923424212,30,13.484437085933491,3.9767598037326266,1.4230652195189955,13.472178160962514,7.357030918282813,21.555040680810965,30,0.19058363524576027,0.08830824748961136,0.031600700520355275,0.18066279590129852,0.062079548835754395,0.39660388231277466,30,0.10850856746276409,0.03715026417098693,0.013294051299767327,0.10043117892291498,0.05388663421300324,0.18060225461210525,30
SwinPix2Pix-3D-T2,SwinPix2Pix,GAN,3D,t2,t2,lesion,0.0,all,30,0.7160095685463015,0.07388392067397577,0.02643902146017177,0.7057398040285117,0.5942368444689066,0.8686234661180713,30,13.425321481326462,4.112727428530781,1.4717206091779962,11.712542630225332,8.05275528791581,24.285372536561795,30,0.19842547016839188,0.08526156719704592,0.030510459979482183,0.22449805587530136,0.0432240329682827,0.36796414852142334,30,0.10419216957935684,0.04012098280025773,0.014357109308532255,0.09938465714807856,0.020947326029486516,0.18907229373739523,30
ResViT-3D-T2+FLAIR,ResViT,ResViT,3D,t2_flair,t2,lesion,0.0,all,20,0.7135658268376431,0.07535744972574375,0.033026858518766036,0.7036654466789287,0.600548659363045,0.8656550483389515,20,14.184113275775639,4.147796186305815,1.8178518289612602,14.07737857643999,8.38010611569333,21.583124023994795,20,0.17480732295662166,0.08114908173158479,0.03556515316044794,0.15828635543584824,0.05424908176064491,0.34689775109291077,20,0.09848215074558966,0.03709371154403025,0.016257035867843186,0.08652538217471115,0.05016898669095503,0.15673864231659815,20
pix2pix-3D-T2,pix2pix,GAN,3D,t2,t2,lesion,0.0,all,30,0.7135278405456348,0.06852300096698054,0.024520640980541516,0.7185530959133892,0.6023577428932091,0.8683305413336943,30,13.3398008742397,4.077263340765722,1.4590299483558222,11.624393635601603,7.885724415132811,21.838167773322308,30,0.20081280482312044,0.08915054531108607,0.03190211292476859,0.21830859780311584,0.059829231351614,0.3722321689128876,30,0.1031061178469287,0.04031671164996597,0.014427149977876887,0.09997060091997383,0.026153194608495516,0.18810523369095541,30
CUT-3D-T2+FLAIR,CUT,GAN,3D,t2_flair,t2,lesion,0.0,all,20,0.713194060227291,0.06457827736709344,0.028302677940280782,0.705131625107948,0.5869873799986179,0.8369887716549342,20,14.3432876346407,4.206392838768199,1.843532944200585,13.359353591705126,8.118593853917348,22.59303607707232,20,0.17550997715443373,0.08222957416419269,0.036038699848031076,0.1814410388469696,0.05757761374115944,0.3522477149963379,20,0.095366826587714,0.03758543141035304,0.016472541601052215,0.08728513149813247,0.028204853646457195,0.1607784272304603,20
SynDiff-3D-T2,SynDiff,SynDiff,3D,t2,t2,lesion,0.0,all,30,0.7124058161475941,0.06978306751483314,0.02497155000372299,0.7182583124597299,0.5754714686366931,0.8527073589721267,30,13.39609411718307,3.2286110740413383,1.1553436349134365,12.775683231282365,8.344487869175197,20.564228115907078,30,0.1851685494184494,0.06939184637863052,0.02483155331809262,0.1967444345355034,0.06844125688076019,0.3388238251209259,30,0.1081233940392455,0.033402523927216425,0.011952939677261088,0.10171291870643306,0.05252294282295874,0.19171942197359526,30
SynDiff-2.5D-T2+FLAIR,SynDiff,SynDiff,2.5D,t2_flair,t2,lesion,0.0,all,20,0.7104951808768819,0.06449624042793271,0.02826672366644542,0.7169589503726327,0.6050454999582108,0.8076353987753877,20,13.562686169656143,3.9871458775051587,1.7474437267886784,13.58471772457331,8.565175532410688,20.588712009533687,20,0.19005258306860923,0.08448799888466191,0.03702849812264996,0.18759328871965408,0.06517315655946732,0.317595899105072,20,0.10888444804407019,0.04003600388997952,0.01754655234410628,0.10310794993226105,0.052297793328762054,0.18842752567595905,20
CycleGAN-3D-T2,CycleGAN,GAN,3D,t2,t2,lesion,0.0,all,30,0.7088928787116997,0.07068791472890032,0.02529534542081332,0.7024878432577594,0.5877891425648749,0.8757415534250519,30,13.242729056063013,4.179407526363132,1.4955817757413572,11.985430933204926,7.8998616691346495,21.77420107238624,30,0.20436192639172077,0.09308688473149235,0.033310713895876774,0.21873628348112106,0.056932803243398666,0.3746280074119568,30,0.0993561295808168,0.04203805464083098,0.015043124656273003,0.08786799123537584,0.01754573650438996,0.18752392301602022,30
CUT-3D-T2,CUT,GAN,3D,t2,t2,lesion,0.0,all,30,0.708814665745274,0.073515802808902,0.026307292173937687,0.6964264229000281,0.5869606400797184,0.8783012397730569,30,13.685316672858555,4.175581870131532,1.4942127822406894,12.138183174580917,8.0167376144281,22.27606430821907,30,0.1914130897571643,0.0862908077354281,0.03087876897599636,0.20332197099924088,0.051673147827386856,0.3610275089740753,30,0.09738833291827338,0.03890693483300063,0.013922667822926386,0.08597835664199117,0.02191812139661873,0.16721957070486887,30
SynDiff-3D+3D-refine-T2+FLAIR,SynDiff,SynDiff,3D+3D-refine,t2_flair,t2,lesion,0.0,all,20,0.7047465970667377,0.06401662878983697,0.02805652459823133,0.7134577680151926,0.5805306441778488,0.8014104374748376,20,13.81138460118824,3.740627748952984,1.6394023933354545,13.509827904747262,9.588091864106904,21.318294737200638,20,0.17746398597955704,0.07200350506609504,0.03155692746142365,0.18064553290605545,0.06346964091062546,0.2844521701335907,20,0.10784246334857758,0.03954863089439753,0.017332951710996553,0.09967963282457169,0.04573825081544263,0.19604249757069808,20
CycleGAN-2D-T2,CycleGAN,GAN,2D,t2,t2,lesion,0.0,all,30,0.666109191474072,0.10277509645696983,0.03677759593711108,0.6442821228489435,0.4571808598625959,0.8453129889097402,30,12.338692323121544,4.801393614590385,1.7181566389126472,11.690492830418634,6.707989005121188,23.98049208200494,30,0.23138615377247335,0.11286073783767482,0.04038669635397593,0.22414684295654297,0.049096040427684784,0.40252482891082764,30,0.12926357331747704,0.05325966756678235,0.019058727269947943,0.11382638144173793,0.05713276496777932,0.24023683865865073,30
CycleGAN-2D+3D-post-T2+FLAIR,CycleGAN,GAN,2D+3D-post,t2_flair,flair,lesion,0.0,all,20,0.7268119732535456,0.05775349714889243,0.025311586130399695,0.7166925254627472,0.6455133403734016,0.843677446394401,20,13.998942175288406,2.995219993861731,1.3127130407129013,13.726743892611958,9.611735059909902,20.965313729661553,20,0.17669717203825713,0.06357658130814922,0.027863665286084572,0.1806488111615181,0.062380749732255936,0.2936425507068634,20,0.12331968043421807,0.050293366568875425,0.02204203974720288,0.12939447338613874,0.0475924307808912,0.2228564362634312,20
CUT-2D+3D-post-T2+FLAIR,CUT,GAN,2D+3D-post,t2_flair,flair,lesion,0.0,all,20,0.7230824362709299,0.05794545467143453,0.025395715223962226,0.7128848709406488,0.6366499215918366,0.8387436413342652,20,13.67895637092038,2.767626453225207,1.2129657736046882,13.306554085561423,9.33045775613124,18.650094512729794,20,0.18612966872751713,0.062244840980596836,0.027280004353530722,0.17584621161222458,0.0858704149723053,0.2999972701072693,20,0.12269064870279109,0.05169512055610042,0.022656385519023502,0.12481676109954823,0.04160801434842315,0.22015310857783665,20
SwinPix2Pix-2D+3D-post-T2+FLAIR,SwinPix2Pix,GAN,2D+3D-post,t2_flair,flair,lesion,0.0,all,20,0.7220703155549706,0.05921314371793735,0.025951304444895417,0.713648195067257,0.634009376948206,0.8471586336436677,20,13.928360223728209,3.2617056669496844,1.4295055364035736,13.906190592973829,9.383912744431772,20.6247142173776,20,0.17857222333550454,0.06751555168522927,0.02958999516888833,0.17289844900369644,0.062397100031375885,0.29044899344444275,20,0.11899251653558474,0.049503850703587024,0.02169601916295939,0.1248925190266906,0.04124500898315626,0.22269151562994177,20
pix2pix-2D+3D-post-T2+FLAIR,pix2pix,GAN,2D+3D-post,t2_flair,flair,lesion,0.0,all,20,0.7205911872216629,0.06102205393972051,0.026744094304231286,0.7055667445668171,0.6028020785379723,0.8517532048711784,20,14.182158183166758,3.373713972237461,1.4785953405985048,14.053892149641285,9.55929187078818,21.204166336780013,20,0.17419245932251215,0.06968246803444295,0.03053968813153423,0.17214416712522507,0.06050919368863106,0.3078750967979431,20,0.12272080633468481,0.04894159897819887,0.021449601479586237,0.12264125099969342,0.04556159850429086,0.22286765514449638,20
ResViT-2D+3D-refine-T2+FLAIR,ResViT,ResViT,2D+3D-refine,t2_flair,flair,lesion,0.0,all,20,0.7193342576704735,0.06947715620529483,0.030449706255048472,0.7111244133956502,0.5976150696611696,0.8390715201631793,20,13.948863790598674,2.838146096160786,1.2438723698138696,13.784295277804407,10.369945197511734,19.955379029724643,20,0.17332359366118907,0.05554327569534029,0.024342913868967385,0.1668054759502411,0.08216886967420578,0.2640495002269745,20,0.10824401464934444,0.03894018486650327,0.017066288481910337,0.10936432985915269,0.048882096019737864,0.190870551019907,20
pix2pix-2D-T2+FLAIR,pix2pix,GAN,2D,t2_flair,flair,lesion,0.0,all,20,0.7190782230629038,0.06318227469993715,0.027690852795616415,0.7035099239266155,0.5726528835489331,0.8433525166965348,20,13.554008872061733,2.7325218438378767,1.197580500193613,13.691706103680612,8.729253277654653,18.59662001766892,20,0.18940925151109694,0.06830999458050387,0.029938175119231178,0.17224354296922684,0.09078557044267654,0.34211134910583496,20,0.12739454554622498,0.050187958040375104,0.021995842422716426,0.1294359524151561,0.04689706921289187,0.21926290169358253,20
CycleGAN-2D-T2+FLAIR,CycleGAN,GAN,2D,t2_flair,flair,lesion,0.0,all,20,0.7177247303521898,0.05868589997554124,0.025720229686548433,0.7058895522220819,0.6066238752124811,0.8338246876108426,20,13.384293623188972,2.7723668889947026,1.2150433611829066,13.326600036197632,8.507864328520757,19.539978726327604,20,0.19400424957275392,0.0688280379136586,0.030165217620443188,0.17572622001171112,0.08779934793710709,0.3426612317562103,20,0.12663956478827704,0.04947396155814526,0.021682919667403946,0.13011320613730393,0.04477274150121957,0.2157547285949642,20
CycleGAN-2.5D-T2+FLAIR,CycleGAN,GAN,2.5D,t2_flair,flair,lesion,0.0,all,20,0.715214286698401,0.06233940088130086,0.027321447057251008,0.7042750831297029,0.5711345556590955,0.8261486140217364,20,12.903330554687917,2.190548229409905,0.9600500907946607,13.215739438595048,8.517204447987679,16.46489533417762,20,0.20399336479604244,0.061601173567379014,0.026997904671722844,0.1982930228114128,0.10908365994691849,0.33894646167755127,20,0.13020049386320026,0.04816292818265361,0.02110833395672336,0.13642269457664546,0.05041545881942425,0.21405002237720924,20
SwinPix2Pix-2D-T2+FLAIR,SwinPix2Pix,GAN,2D,t2_flair,flair,lesion,0.0,all,20,0.7147272093926395,0.05805782355906015,0.025444963060334464,0.7042996100566199,0.6160226536108021,0.8347863243534795,20,13.647021112975034,3.0689362787650007,1.345020627035022,13.32838447510015,8.479613669316965,20.35411439010579,20,0.1881140023469925,0.07115808380784218,0.031186405258420587,0.18094152212142944,0.072300486266613,0.33304497599601746,20,0.11942762098780982,0.04919605930078211,0.02156112363304527,0.12322206703456046,0.04001045596840627,0.20758370784195987,20
pix2pix-2.5D-T2+FLAIR,pix2pix,GAN,2.5D,t2_flair,flair,lesion,0.0,all,20,0.7141172535236773,0.06770763356238906,0.029674178763265044,0.7128193490842679,0.5337891624077573,0.847738349170256,20,13.63986612336574,3.0848614813567155,1.352000154802926,13.096597686982935,8.64374038292523,20.272234506100485,20,0.18924459144473077,0.07496680781289893,0.032855652151857644,0.1758628860116005,0.07960178703069687,0.3444422781467438,20,0.12155866661443673,0.04867306466316871,0.021331911126977274,0.1180045696174992,0.044115166422367715,0.21457161415706982,20
ResViT-2D-T2+FLAIR,ResViT,ResViT,2D,t2_flair,flair,lesion,0.0,all,20,0.7137710235511704,0.07011717225625716,0.03073020565679045,0.7126631866236901,0.5866976718720528,0.833611104505918,20,13.63069552344935,2.8675876992759446,1.2567757212965542,13.32055920123506,9.61098501305355,20.254176876282482,20,0.1778448887169361,0.056731044761677965,0.024863476614252273,0.1732437014579773,0.07693298161029816,0.2876066267490387,20,0.10869726111567221,0.0375746745837869,0.0164678272139491,0.1054789186220127,0.05392665980274186,0.2079908713698387,20
CUT-2.5D-T2+FLAIR,CUT,GAN,2.5D,t2_flair,flair,lesion,0.0,all,20,0.7123176988412562,0.06359447586068862,0.027871507919521962,0.7096237150378606,0.566357650802099,0.8261845772475379,20,13.099881643975767,2.644012692639658,1.1587896543664484,13.189447294922283,9.029756895975185,18.020002056912833,20,0.20118873976171017,0.06793092318946525,0.02977203975708838,0.17809201776981354,0.08341629803180695,0.3266966640949249,20,0.12904120137988798,0.05132737532339178,0.022495214064630856,0.12660605274140835,0.039494668757210354,0.21852765774185007,20
CycleGAN-3D-T2+FLAIR,CycleGAN,GAN,3D,t2_flair,flair,lesion,0.0,all,20,0.7066616081451818,0.06055367220148813,0.02653881695663429,0.6984916482761366,0.6120107973602366,0.8173654708957478,20,13.140311154441187,2.0257735554471976,0.8878344058922691,13.197218337409003,8.927215083194678,17.671984372390405,20,0.19467725232243538,0.048351168824503736,0.021190834055499156,0.18943948298692703,0.11892445385456085,0.3090440630912781,20,0.1047533885302094,0.03851795401168732,0.01688123765077134,0.10983679873375457,0.04438451567993445,0.18604743920943953,20
ResViT-3D-T2+FLAIR,ResViT,ResViT,3D,t2_flair,flair,lesion,0.0,all,20,0.7050322236658276,0.08010146759360778,0.03510601602081348,0.6987794753138521,0.572288500326706,0.8434949654959116,20,13.599661548502402,3.667169279978547,1.6072077998260739,14.65672964201639,8.189424439615951,19.880794812910207,20,0.18691168762743474,0.08073066403466247,0.03538177351943973,0.15908259898424149,0.08279357105493546,0.3379477560520172,20,0.11621756223348338,0.047058085046252515,0.020624115102659844,0.12889812442661036,0.039501820197876764,0.21740051805973054,20
CUT-2D-T2+FLAIR,CUT,GAN,2D,t2_flair,flair,lesion,0.0,all,20,0.702620907128496,0.058414709134431836,0.025601375060051626,0.6949187682588814,0.5842505426332291,0.8216860244262358,20,13.0325597879695,3.0018571009403647,1.3156218811428482,13.26055245565734,7.674922032424339,18.112115759620217,20,0.2064377572387457,0.0821679004463972,0.03601167014944957,0.1807139664888382,0.09082017093896866,0.3822456896305084,20,0.12393936572039868,0.048590915889414575,0.021295907839470305,0.12067074971089728,0.04200544977876624,0.21517553790049118,20
SwinPix2Pix-3D-T2+FLAIR,SwinPix2Pix,GAN,3D,t2_flair,flair,lesion,0.0,all,20,0.7024660464485664,0.05615142664789747,0.024609447775585207,0.6833533869650009,0.6020918850956222,0.8073342725704266,20,13.327829978671218,2.2610297077859762,0.9909399606481618,13.594543542682773,9.294083902529756,17.707912582883313,20,0.18954188264906408,0.05413627765252766,0.023726269788451496,0.18598824739456177,0.1159166693687439,0.29736608266830444,20,0.11387668827890125,0.047315693030079604,0.020737016779483114,0.12033364816038797,0.039762011427870565,0.21301091462373734,20
SwinPix2Pix-2.5D-T2+FLAIR,SwinPix2Pix,GAN,2.5D,t2_flair,flair,lesion,0.0,all,20,0.6980795357248651,0.06563499278382537,0.028765803891198972,0.6851978880547067,0.5382968337725803,0.8237226892037754,20,13.169080324518138,3.1005988970294314,1.358897381324861,12.754992890838025,7.688605821127648,19.89434347840399,20,0.20012357421219348,0.07776769263940608,0.034083194050224315,0.19053158164024353,0.07950497418642044,0.364162802696228,20,0.1218770610398227,0.047938356151398215,0.021009910924487837,0.12554099719272926,0.041742763069036994,0.20271341925994915,20
pix2pix-3D-T2+FLAIR,pix2pix,GAN,3D,t2_flair,flair,lesion,0.0,all,20,0.6970066925591982,0.06856329141698993,0.030049187352425403,0.6929784893254552,0.5420510976978689,0.8132395791182057,20,13.110815085467317,1.9758811008025647,0.8659680735429232,13.178985805600618,9.481423527703495,17.3129256207897,20,0.19326852969825267,0.04564196115796332,0.020003471444019753,0.18925660103559494,0.12003056704998016,0.29252707958221436,20,0.11663198575817199,0.0442763855660588,0.019404981553044803,0.12217993358621912,0.04165872372686863,0.20541524243625728,20
ResViT-2.5D-T2+FLAIR,ResViT,ResViT,2.5D,t2_flair,flair,lesion,0.0,all,20,0.6943715075140486,0.06622072356610957,0.02902251172495648,0.6969296137956922,0.5709855706751046,0.8312778405452745,20,13.639693519852537,3.0954300770427587,1.3566320460855439,13.792831566358709,9.171266072719174,20.760288605544407,20,0.1791393280029297,0.0668855122896791,0.02931386822916553,0.15840543061494827,0.06439954787492752,0.29763880372047424,20,0.11564478976951091,0.03663174079498322,0.016054568260139995,0.1250228920770395,0.04962219833396375,0.17873857095837592,20
SynDiff-3D+3D-refine-T2+FLAIR,SynDiff,SynDiff,3D+3D-refine,t2_flair,flair,lesion,0.0,all,20,0.681548448010917,0.062053225775598984,0.02719602528724676,0.6918207728953485,0.5747771063220882,0.7644215443567242,20,13.022898849651293,3.1352467061079863,1.3740824531735933,13.62850522096653,7.85057342562448,19.194277219584105,20,0.19148500114679337,0.06974213283102972,0.030565837381576446,0.16909242421388626,0.0785011574625969,0.3253973722457886,20,0.10982515347985908,0.03713435009015447,0.016274846495964723,0.11295480850460053,0.05329862114434179,0.18695666790008544,20
CUT-3D-T2+FLAIR,CUT,GAN,3D,t2_flair,flair,lesion,0.0,all,20,0.6809961346353812,0.05267842805736536,0.023087339032483823,0.6789411141822923,0.5957909194364074,0.7710596033758331,20,13.343840709637087,2.2918929560540247,1.0044663755903884,13.149502477090017,9.303144917942747,18.494274194299635,20,0.1849356196820736,0.051109009822572646,0.02239951116429147,0.17342250049114227,0.09360601007938385,0.2837490141391754,20,0.09976301095957449,0.03667189176764231,0.01607216519976877,0.09497587167031195,0.051625704931977545,0.19260355457663536,20
SynDiff-2D-T2+FLAIR,SynDiff,SynDiff,2D,t2_flair,flair,lesion,0.0,all,20,0.6774632208480413,0.06849531848654668,0.03001939690217761,0.6862312703009008,0.5455568478652755,0.7960914690401665,20,12.714712179298889,2.963125217474183,1.2986468847747594,12.98258559191147,7.4834550954658265,18.809732183146153,20,0.19804527722299098,0.06922395364577284,0.030338735340555523,0.1829664260149002,0.08519985526800156,0.34313517808914185,20,0.11368467751937213,0.035817033119082825,0.01569750687809958,0.10732162723110782,0.05126801218070528,0.20444584488868714,20
SynDiff-3D-T2+FLAIR,SynDiff,SynDiff,3D,t2_flair,flair,lesion,0.0,all,20,0.6718023557962579,0.049860774609941275,0.02185244796197035,0.6736056854708716,0.5765995132552258,0.7749957913482332,20,12.936734237215614,2.676640963682489,1.1730896246462996,13.770701293368191,9.19794026333814,17.983591693135384,20,0.19339069537818432,0.06401976677270907,0.02805789987986212,0.16699889302253723,0.09309956431388855,0.3027554750442505,20,0.11547381154959,0.02892820844929542,0.012678346349742034,0.1109651287340305,0.07104176758347373,0.17896623760461808,20
SynDiff-2.5D-T2+FLAIR,SynDiff,SynDiff,2.5D,t2_flair,flair,lesion,0.0,all,20,0.6680838292709654,0.06403946539533967,0.02806653318187809,0.6672815132610292,0.5630481092489578,0.7791994562717225,20,12.672436193364023,2.4155234947644404,1.0586498481660647,12.473434856737008,9.556673785665971,18.239317789885824,20,0.19671288952231408,0.05263089759279672,0.023066507887927405,0.19682498276233673,0.09519321471452713,0.27921223640441895,20,0.11333873218698717,0.03395291120568656,0.01488051942802618,0.1169851618291836,0.05953640435986659,0.18250246793031694,20
SwinPix2Pix-2D+3D-post-T2+FLAIR,SwinPix2Pix,GAN,2D+3D-post,t2_flair,t2,lesion,0.0,post,8,0.7449422774274227,0.0853449805648907,0.05914105420771495,0.7205187500089514,0.6449421967323514,0.9046119356006429,8,12.022964787937696,4.364973655016193,3.024772421739328,10.868259074325328,8.582198466072132,22.37504090415017,8,0.23059197794646025,0.08178025287034013,0.05667082394433276,0.24335800856351852,0.06352222710847855,0.3433232307434082,8,0.1173168985415024,0.05851699186760806,0.04055020652893924,0.1088284991371135,0.013003272634437856,0.20592504792979785,8
ResViT-2D+3D-refine-T2+FLAIR,ResViT,ResViT,2D+3D-refine,t2_flair,t2,lesion,0.0,post,8,0.7428842693107238,0.09226456709197606,0.06393608303289788,0.7305304936398475,0.6292867485744098,0.8857688774198854,8,11.831860250411875,3.7600689916291232,2.605594876076012,10.772819515065606,8.782473113468187,20.157335779361638,8,0.22640144638717175,0.07864130886790752,0.05449564672624551,0.2359810695052147,0.07362744212150574,0.3145911991596222,8,0.11257350204861079,0.041397053297330864,0.02868669436552991,0.11528689700823563,0.044848431449602634,0.1750271085363168,8
CycleGAN-2D+3D-post-T2+FLAIR,CycleGAN,GAN,2D+3D-post,t2_flair,t2,lesion,0.0,post,8,0.7332137223840449,0.0855117404130991,0.05925661288682279,0.7172238784974903,0.6276929331836479,0.9004224693028375,8,11.15548870045701,4.385617566167791,3.039077922313525,9.565649349238011,8.630567840597156,21.837552078371687,8,0.2585446694865823,0.08624079237165555,0.05976182011888074,0.2824079841375351,0.06753098219633102,0.339572548866272,8,0.12476926084372314,0.059742227805612544,0.041399251716449335,0.12015638388505187,0.014913908835938749,0.21192942133971623,8
SynDiff-3D-T2+FLAIR,SynDiff,SynDiff,3D,t2_flair,t2,lesion,0.0,post,8,0.7321460278104392,0.09180216511109608,0.06361565480810985,0.7134407502691427,0.6144961583119526,0.8955188879771594,8,11.833563518299638,3.1969339710253006,2.215362216119275,10.656076366086559,8.318720647417337,18.23284969483219,8,0.21539390459656715,0.07664870828838442,0.053114844971908035,0.22439546138048172,0.0873587429523468,0.3402197062969208,8,0.12232624077050461,0.03252891723688376,0.02254138960359935,0.1269541968676177,0.07389648072421551,0.167884865632424,8
pix2pix-2D+3D-post-T2+FLAIR,pix2pix,GAN,2D+3D-post,t2_flair,t2,lesion,0.0,post,8,0.7300502579611384,0.0807262466780209,0.05594043491685125,0.7214660480525892,0.6203170235211317,0.8849594268440163,8,10.76660507503029,3.6520801288628504,2.5307624120644503,9.633448815687885,8.359810483456995,19.619877107988685,8,0.2672129925340414,0.08397456343536314,0.058191403587278666,0.28443722426891327,0.08091919124126434,0.35212138295173645,8,0.12792644843177242,0.05856590338555253,0.04058410048163556,0.12683355315315603,0.022811842972741407,0.22165568758334434,8
CUT-2D+3D-post-T2,CUT,GAN,2D+3D-post,t2,t2,lesion,0.0,post,14,0.7298245278025065,0.0849907643329181,0.04452088496433568,0.7017875670756945,0.6163322823286198,0.9123236126492519,14,10.889214635370935,3.7329940085078652,1.9554618449402847,9.608849819435495,8.477361608409206,22.843498528823968,14,0.26417803950607777,0.07597511484464191,0.03979819895372341,0.29181984066963196,0.058851178735494614,0.34985989332199097,14,0.1262471975519428,0.05419692833715358,0.02839008721544361,0.12825512083336002,0.014308844199951957,0.23286665470472404,14
CUT-2D+3D-post-T2+FLAIR,CUT,GAN,2D+3D-post,t2_flair,t2,lesion,0.0,post,8,0.7278336253597076,0.08322953681075392,0.05767512647642147,0.7110576468602767,0.6272915247055503,0.8900425309143685,8,11.14764097012077,4.692842583474922,3.251973997539792,9.606032063473203,8.471286870774641,22.633067373086682,8,0.2621857738122344,0.08945751665055494,0.06199089631868157,0.279410645365715,0.06058721989393234,0.3485153019428253,8,0.1258202534199781,0.06185641446166955,0.04286430832321752,0.12242803680287166,0.014481522307238159,0.221064635685512,8
SwinPix2Pix-2D+3D-post-T2,SwinPix2Pix,GAN,2D+3D-post,t2,t2,lesion,0.0,post,14,0.7274080167815962,0.08647892969098551,0.04530043365100124,0.7046484347471832,0.5839475853821666,0.8860575481716745,14,10.881840169374879,3.2049874824318363,1.6788751123422738,10.197263508363307,8.121998365986595,20.82123774530908,14,0.2602761760354042,0.07284835199950375,0.0381603004122552,0.2633637934923172,0.07321929931640625,0.3677625060081482,14,0.12305748301117339,0.05046039390672163,0.026432770784085086,0.12221842363831542,0.02022277210455607,0.21069673555237906,14
pix2pix-2D+3D-post-T2,pix2pix,GAN,2D+3D-post,t2,t2,lesion,0.0,post,14,0.7266781496410147,0.07773843667712807,0.040721883416092834,0.7049622923186458,0.6243395941143882,0.883519672952368,14,10.625778338365722,2.2310840663179152,1.1687133048152898,10.187426362305189,8.337330208376628,16.916308904954263,14,0.261173419122185,0.06285333904503317,0.032924592444975746,0.2664383500814438,0.10644849389791489,0.3544730544090271,14,0.12413747708672633,0.04747853228071707,0.024870776142986207,0.12007330766036398,0.041489310398259586,0.2108199085508074,14
ResViT-3D-T2+FLAIR,ResViT,ResViT,3D,t2_flair,t2,lesion,0.0,post,8,0.7266214298694924,0.0980935093343387,0.06797533392788285,0.6911152936886908,0.600548659363045,0.8656550483389515,8,11.774832205947098,3.9263053133604364,2.720790769844218,10.712444178275751,8.38010611569333,20.526047892447764,8,0.22500204015523195,0.0816250468228894,0.056563271640671854,0.23752810060977936,0.07154861837625504,0.34689775109291077,8,0.11289878458033797,0.041256821933077836,0.028589518987903517,0.13203460737272643,0.05030595719376031,0.15673864231659815,8
ResViT-2D-T2,ResViT,ResViT,2D,t2,t2,lesion,0.0,post,14,0.7254879578826217,0.09033527817421641,0.04732051252135699,0.7184849710930818,0.5730141233129535,0.8671188871965696,14,11.439144210868562,3.129461248974105,1.639312051838547,10.204382613354397,8.556358780457693,20.12852093617225,14,0.23477780339973314,0.07272741446033555,0.038096949455107824,0.25534431636333466,0.07514416426420212,0.33096426725387573,14,0.1122615962215913,0.03663010942071151,0.019188024728928017,0.11165863287502101,0.0657750296899501,0.18395990275201343,14
SwinPix2Pix-3D-T2+FLAIR,SwinPix2Pix,GAN,3D,t2_flair,t2,lesion,0.0,post,8,0.7251221491624765,0.0815942009060269,0.056541896510826174,0.7044481248646408,0.6450955759081995,0.886026260260887,8,11.481505088241793,4.566310998197904,3.164292082395802,9.918694474417496,8.64869384232274,22.498544827709406,8,0.24870732752606273,0.08688014976491167,0.06020487218828643,0.26954472064971924,0.06181206926703453,0.33927780389785767,8,0.11925448416221132,0.056814111206607364,0.039370170435253114,0.11417455007580833,0.014367786318282871,0.20832023929272378,8
pix2pix-3D-T2+FLAIR,pix2pix,GAN,3D,t2_flair,t2,lesion,0.0,post,8,0.7241932792340237,0.08352989241876049,0.05788326229386656,0.7137418222621621,0.6329147418948496,0.885793987773278,8,11.739488787897802,4.548221281651171,3.1517565483806624,10.065599832487942,8.22869782928911,22.42027861302647,8,0.24136682227253914,0.08869705777726929,0.06146392520509007,0.26478414237499237,0.0628766268491745,0.35773271322250366,8,0.11394692153268501,0.04998710084980032,0.03463929362309464,0.11623865897612026,0.014156836769817507,0.18003159388899803,8
ResViT-2.5D-T2,ResViT,ResViT,2.5D,t2,t2,lesion,0.0,post,14,0.7222018971175796,0.08371084425963259,0.04385042182879922,0.69761296819872,0.6061068356245356,0.8830946218127794,14,11.383884621704038,2.5402265235504493,1.3306520270290279,10.829015269520795,8.701686925845934,17.150587830202298,14,0.23153811480317796,0.06857743456077049,0.03592305704264389,0.23719485849142075,0.10224167257547379,0.32934194803237915,14,0.11266516697647902,0.035168542057700154,0.018422408924116934,0.10794503320865925,0.06517231452744454,0.17356669015827633,14
ResViT-2D+3D-refine-T2,ResViT,ResViT,2D+3D-refine,t2,t2,lesion,0.0,post,14,0.7217917922938258,0.08903033047551508,0.04663693911388905,0.7219884808144118,0.5950165173937303,0.8688541757815591,14,11.138657774992291,3.1714130952766553,1.661287772823491,9.949883466288451,8.071709417244557,20.551129583351717,14,0.2467864342033863,0.07426675930162122,0.03890330759457426,0.26439495384693146,0.06594853848218918,0.36635541915893555,14,0.11217692717764863,0.039898297105314645,0.020900006131732266,0.1058227458037436,0.0472063090213958,0.17703532427549362,14
pix2pix-2.5D-T2+FLAIR,pix2pix,GAN,2.5D,t2_flair,t2,lesion,0.0,post,8,0.7197620694808249,0.09064718694292231,0.06281529577116854,0.6984145439537512,0.6075444335833077,0.8953301707800406,8,10.751839262978937,4.545981091477633,3.1502041757910635,9.085416862107149,8.456865094794473,21.893573022163004,8,0.2783195246011019,0.09209918574601458,0.063821479607111,0.3052283227443695,0.06605444848537445,0.35410112142562866,8,0.1303672336424237,0.06032307484536322,0.04180175817947638,0.13133243849557458,0.017571722184691357,0.21407479367085866,8
ResViT-3D-T2,ResViT,ResViT,3D,t2,t2,lesion,0.0,post,14,0.7192376065099105,0.09742524970860847,0.051034466732271494,0.6983501308883431,0.5597646018046196,0.900610561018482,14,11.446606373916755,3.1982232627749463,1.6753317973999788,11.135241036144837,7.3078017075397605,19.87403904799904,14,0.2279389766710145,0.07704377785524233,0.04035799887238533,0.21125739067792892,0.07406610250473022,0.3530532121658325,14,0.11435502343022727,0.04002307077271333,0.02096536657573387,0.11953907182794951,0.05767208449542523,0.1917182735743977,14
ResViT-2.5D-T2+FLAIR,ResViT,ResViT,2.5D,t2_flair,t2,lesion,0.0,post,8,0.7190660239941385,0.08318134333531951,0.05764173010179864,0.7056097676616484,0.639931706119381,0.8468421309018334,8,11.301354471468716,3.640242981983819,2.5225596877729473,10.052640190576982,8.734534500247529,19.887543761550123,8,0.24197464436292648,0.07734591958066046,0.05359798774794249,0.25539161264896393,0.07365290820598602,0.3161419630050659,8,0.11742950809401861,0.03997414050221148,0.027700666104793204,0.11745817377232015,0.05508168025270981,0.17553003648152718,8
CycleGAN-2D+3D-post-T2,CycleGAN,GAN,2D+3D-post,t2,t2,lesion,0.0,post,14,0.7187836340292469,0.08148690864017462,0.04268545310944357,0.6820429560664825,0.6346669157148549,0.8893649823917177,14,10.842222250351986,3.74103638863677,1.9596747012826032,9.514056064426029,8.061943046923876,22.657687797325625,14,0.265069129211562,0.07847191030328556,0.04110610039767708,0.2841044068336487,0.05919809639453888,0.36985719203948975,14,0.12178616323220552,0.05050448001961829,0.026455864502281438,0.12585580708045097,0.014189017881803653,0.21492400925074304,14
CUT-2.5D-T2+FLAIR,CUT,GAN,2.5D,t2_flair,t2,lesion,0.0,post,8,0.7182327211133301,0.08547338481753716,0.05923003381513886,0.704429623242445,0.6205989339075113,0.8862081084193084,8,10.557206130776635,4.425640599278313,3.066812469267307,9.272195593846797,8.093197710860746,21.358842373100586,8,0.2846138123422861,0.09374430749496622,0.06496149081678096,0.2988303154706955,0.07271040976047516,0.3625267744064331,8,0.13193207033221305,0.061147799759350245,0.04237326338718422,0.13516718062638033,0.016394326600300914,0.2132659490619387,8
SynDiff-3D-T2,SynDiff,SynDiff,3D,t2,t2,lesion,0.0,post,14,0.7174849909878146,0.07637118250218346,0.040005671880433774,0.7049053235877394,0.5814841457345887,0.8527073589721267,14,11.233750599898311,2.156912475480628,1.1298598495109744,10.612581196426586,8.344487869175197,16.230862992479718,14,0.2322024724313191,0.058256617459814086,0.0305166824265768,0.24183793365955353,0.11163157224655151,0.3388238251209259,14,0.11922168399373742,0.035169022013611224,0.01842266034039813,0.11385778300464153,0.0671106786467135,0.19171942197359526,14
pix2pix-2D-T2+FLAIR,pix2pix,GAN,2D,t2_flair,t2,lesion,0.0,post,8,0.7168708091855674,0.09371927504170294,0.0649441442116778,0.6995395257415871,0.6104583230380233,0.9097300972760324,8,10.443605615143959,4.552928568728511,3.1550185319017743,9.078817281179791,7.986959846261797,21.580160786530595,8,0.29167801328003407,0.09713681286040868,0.06731237709491474,0.30874858796596527,0.07079480588436127,0.3728013336658478,8,0.13580103384274414,0.06354845604359861,0.04403683331831654,0.13933227211236954,0.014656677869532038,0.2200643973691123,8
SwinPix2Pix-2D-T2+FLAIR,SwinPix2Pix,GAN,2D,t2_flair,t2,lesion,0.0,post,8,0.7148278682086484,0.09182170404623621,0.06362919459937391,0.6897058862204976,0.6152396798273848,0.903057811106408,8,10.595594892948833,4.412178360187619,3.057483613527342,9.10575609569606,8.195379856928067,21.385571499578823,8,0.28296784684062004,0.09194309710349802,0.06371331569627313,0.3032439947128296,0.07264745235443115,0.3661215603351593,8,0.13121832996483607,0.06039519128759349,0.041851732324305724,0.12800228917463258,0.015445950660197175,0.21347871954951966,8
SwinPix2Pix-2D-T2,SwinPix2Pix,GAN,2D,t2,t2,lesion,0.0,post,14,0.7143135349009002,0.08839620980160778,0.04630476639138068,0.6877138561996468,0.5885912450953511,0.9045546662171735,14,10.346322821410231,3.631587413276633,1.9023418218842498,9.293324329070456,7.4768518301341835,21.971570163096253,14,0.28502801646079334,0.08124888318083658,0.042560767748899435,0.2990792989730835,0.065125472843647,0.39997434616088867,14,0.12970938230017148,0.05166978006644291,0.027066285996202748,0.13325794335632096,0.015783872345791143,0.21244888114077704,14
pix2pix-2.5D-T2,pix2pix,GAN,2.5D,t2,t2,lesion,0.0,post,14,0.7135514208736777,0.08739385898276868,0.045779702923017924,0.6849664838692378,0.6108890797737457,0.9107765778765126,14,10.242634929109366,3.7830975759284446,1.981707698580296,9.195141299215882,7.2216708091267545,22.343350413408096,14,0.29162227202739033,0.085482201321086,0.044778315401503406,0.30426181852817535,0.06283015757799149,0.412701815366745,14,0.13414095051422492,0.055404836989857084,0.02902282846205468,0.13745407243037508,0.014613060855909306,0.2228372400360448,14
SwinPix2Pix-2.5D-T2,SwinPix2Pix,GAN,2.5D,t2,t2,lesion,0.0,post,14,0.7130091366036267,0.08485349698402878,0.04444897992974483,0.6781972901301783,0.6056655584731403,0.8926735308056278,14,10.35816464960385,3.476487602153584,1.8210955723276379,9.520700670975504,7.498146269067232,21.31741898191496,14,0.28315979508416994,0.08003860509258995,0.04192678531604802,0.29904036223888397,0.07194655388593674,0.39782729744911194,14,0.1286126566603747,0.04967087464633842,0.026019195303919246,0.13452500878345397,0.015532911097740425,0.20809523069432803,14
pix2pix-2D-T2,pix2pix,GAN,2D,t2,t2,lesion,0.0,post,14,0.7128943081362523,0.08609170406767391,0.04509759246506755,0.6813283030783066,0.6088197173502211,0.8967506000060904,14,10.208508398738916,3.6707298615986788,1.9228458902103336,9.191362831053304,7.3536499910179165,22.048245486583436,14,0.29164896958640646,0.08294992730329909,0.043451829151745065,0.30429646372795105,0.06563238054513931,0.4049430787563324,14,0.13339447896792583,0.05375688511482896,0.02815957847918011,0.13616480185162455,0.0182793231900124,0.2171562420470374,14
SynDiff-3D+3D-refine-T2,SynDiff,SynDiff,3D+3D-refine,t2,t2,lesion,0.0,post,14,0.7116283820674167,0.09040896628727739,0.047359112715514275,0.7086821114300785,0.5871203734130178,0.8703988988826568,14,10.884744557180065,3.1701740775429164,1.6606387356436807,9.717626609908688,8.168006380701526,20.277572042860854,14,0.25290704358901295,0.07323660455353605,0.038363679537397236,0.2680540084838867,0.073220394551754,0.3574330508708954,14,0.12242341523743984,0.04913325957653912,0.02573757530831747,0.11397309043622088,0.03848119332071613,0.19574513995931261,14
SwinPix2Pix-3D-T2,SwinPix2Pix,GAN,3D,t2,t2,lesion,0.0,post,14,0.7115275200495809,0.08388904818931829,0.0439437707557797,0.691956153866689,0.6082480096519876,0.8686234661180713,14,11.163870486221438,3.338293094441532,1.7487048622447037,10.419511805523832,8.05275528791581,21.397833633599085,14,0.24835557118058205,0.0746731467497783,0.039116186358194756,0.251037172973156,0.07077991217374802,0.36796414852142334,14,0.11172846521107524,0.04482111806746215,0.023478737450082138,0.11476002556330983,0.020947326029486516,0.18907229373739523,14
CUT-2.5D-T2,CUT,GAN,2.5D,t2,t2,lesion,0.0,post,14,0.7114060086204652,0.08496624764203538,0.04450804233627999,0.6836387390448722,0.6056799030363212,0.9007624936199088,14,10.16683926897888,3.7227422404173267,1.9500916404078008,9.010840496583754,7.323617297069398,21.974548806013413,14,0.29280416294932365,0.0862699796060097,0.045190978902952886,0.3103750944137573,0.06624602526426315,0.40724268555641174,14,0.133147964897842,0.05576250288590996,0.02921018531592955,0.13620320500451183,0.014652124140411615,0.2308440458561693,14
CUT-3D-T2+FLAIR,CUT,GAN,3D,t2_flair,t2,lesion,0.0,post,8,0.7113102911821007,0.07624912537266249,0.05283794813834182,0.7021879354211742,0.6222432469356929,0.8369887716549342,8,11.6733482270328,3.73265498321832,2.586597937454164,10.69231979260291,8.118593853917348,20.436286709079784,8,0.23080093692988157,0.0760411828153954,0.0526938512978478,0.2364804819226265,0.08003286272287369,0.3522477149963379,8,0.11508794916578396,0.04486764095419179,0.031091688911061222,0.12030221444244187,0.028204853646457195,0.1607784272304603,8
CycleGAN-2.5D-T2,CycleGAN,GAN,2.5D,t2,t2,lesion,0.0,post,14,0.7107299800130118,0.08649220194224043,0.04530738608137383,0.6814948162799322,0.6120972093839521,0.8954571149754478,14,10.23420679629969,3.536221970087729,1.852386347791147,9.05135638710589,7.403448447214499,21.302900958042983,14,0.2872270883194038,0.08297808519530638,0.04346657915759257,0.30520199239254,0.07226290553808212,0.4025643467903137,14,0.1293047838133635,0.05067173241051376,0.026543476662420386,0.13747531347242847,0.01569717500687522,0.21247432168040956,14
SynDiff-2D-T2+FLAIR,SynDiff,SynDiff,2D,t2_flair,t2,lesion,0.0,post,8,0.7104706050384124,0.07404894269991458,0.051313299332347614,0.7027120928039312,0.5827572211924322,0.8070847673981218,8,11.11759269009597,2.7836428961823247,1.9289661129264366,9.920820148169149,9.65463992843419,17.63512268655476,8,0.23137682769447565,0.06499074208530485,0.045036286554007696,0.25348229706287384,0.0931132361292839,0.285152405500412,8,0.13221654862915078,0.03520524393955649,0.024395989388527262,0.12499920587347012,0.08653679619041774,0.17817537228648478,8
CycleGAN-2D-T2+FLAIR,CycleGAN,GAN,2D,t2_flair,t2,lesion,0.0,post,8,0.709907206783631,0.09079331265794886,0.06291655572548951,0.6909180444229354,0.6043015285370554,0.8942819704565048,8,10.324749879854831,4.205268023646602,2.9141020655029135,8.947254657250445,8.061975767990795,20.586480025535934,8,0.28950676042586565,0.09282438689527092,0.06432401836446716,0.3095649927854538,0.0802936926484108,0.3683742582798004,8,0.13014537852791752,0.05887783730626135,0.04080025966043857,0.13098891929845619,0.016487724065561506,0.20760125453983033,8
CUT-2D-T2,CUT,GAN,2D,t2,t2,lesion,0.0,post,14,0.7088964110878795,0.08798128695137251,0.04608741651072731,0.6761022266980914,0.6000024640118378,0.9059108213814914,14,10.100519753065978,3.590990298677201,1.8810757527630755,8.92487437556198,7.387320490769959,21.41828628777667,14,0.2942251595003264,0.08450327039180673,0.04426552002152831,0.31276819109916687,0.07191811501979828,0.4033096730709076,14,0.1331739146065646,0.0545355948235073,0.02856749156988815,0.13709361107044277,0.015775061075520867,0.23002517649105617,14
pix2pix-3D-T2,pix2pix,GAN,3D,t2,t2,lesion,0.0,post,14,0.7080234266651297,0.08307647177098776,0.043518117197664644,0.6918947524852178,0.6025440746989049,0.8683305413336943,14,10.974662410259517,3.530363204292208,1.8493173385868806,10.179899667862218,7.885724415132811,21.614254825955808,14,0.25618219801357817,0.07952773428770551,0.041659174823138405,0.2580372095108032,0.06559345126152039,0.3722321689128876,14,0.11463547209160652,0.04648819923916754,0.024352007971346994,0.10952486166183556,0.026153194608495516,0.18810523369095541,14
SynDiff-2D-T2,SynDiff,SynDiff,2D,t2,t2,lesion,0.0,post,14,0.7069620335818841,0.08504941773024197,0.04455160949276554,0.7065632889771808,0.5683813565963645,0.835997318332586,14,10.709495925659466,2.577119898067982,1.3499779584491438,9.713620554320656,8.026438482777712,17.577748820853948,14,0.2478510726775442,0.07248081259188753,0.03796777149673392,0.2528866305947304,0.08711233735084534,0.3601776361465454,14,0.12883322911226788,0.03900336125764104,0.020431210066213124,0.13509382917727164,0.08008053460541893,0.186107683749426,14
CycleGAN-3D-T2+FLAIR,CycleGAN,GAN,3D,t2_flair,t2,lesion,0.0,post,8,0.7033677991185061,0.08060792623024761,0.05585844302969719,0.6890787000902339,0.6022212099184637,0.8521436552458835,8,11.123145926506632,4.35970632794617,3.0211223503031857,9.83228956629818,8.180959728655477,21.742660937984716,8,0.25295341573655605,0.08346703371607096,0.05783970343523677,0.26232659816741943,0.06859619915485382,0.3546038269996643,8,0.1226776154129742,0.049243654124345684,0.034124111326495135,0.14063337110426455,0.019904583911685383,0.17061583777623518,8
CUT-3D-T2,CUT,GAN,3D,t2,t2,lesion,0.0,post,14,0.7030717087656502,0.08664203903064659,0.04538587554818449,0.6754056686895686,0.6067610589241988,0.8783012397730569,14,11.140720950135142,3.2465730990115955,1.7006589904665623,10.377754877403383,8.0167376144281,20.867804296827003,14,0.24702685166682517,0.07489217753830214,0.039230921701688314,0.24936767667531967,0.07659027725458145,0.3610275089740753,14,0.11376192910995643,0.04335850540071095,0.022712574081686712,0.11098053113424353,0.02191812139661873,0.16721957070486887,14
CycleGAN-2.5D-T2+FLAIR,CycleGAN,GAN,2.5D,t2_flair,t2,lesion,0.0,post,8,0.7028454129503907,0.09243857554088428,0.06405666473602051,0.6881743069615911,0.6042691682796892,0.8934323489541642,8,10.223979548313217,4.3811097405283395,3.035954158517024,8.836553008337093,7.912792667966681,20.91677786357044,8,0.2945464011281729,0.09651954180836946,0.0668846300791222,0.3135138750076294,0.07687927782535553,0.3752005994319916,8,0.13077935136921714,0.057093021400981034,0.03956344533924112,0.13548775833815035,0.015971903634421965,0.19932924689991133,8
SwinPix2Pix-2.5D-T2+FLAIR,SwinPix2Pix,GAN,2.5D,t2_flair,t2,lesion,0.0,post,8,0.7026777354057392,0.09172531293672094,0.06356239896833325,0.669473201538895,0.5972898270462406,0.8944539135469091,8,10.451102555562404,4.368196805660177,3.027005951182932,9.009838313796983,7.947058669176709,21.11116099397117,8,0.28536017145961523,0.09232074800154062,0.0639750144169817,0.3149992823600769,0.07377224415540695,0.3658871054649353,8,0.1338034788561019,0.056321097029197735,0.03902852904054701,0.13996038659133464,0.015438957852037513,0.20455213902252062,8
ResViT-2D-T2+FLAIR,ResViT,ResViT,2D,t2_flair,t2,lesion,0.0,post,8,0.7026476119188101,0.07839601490888617,0.05432566668487359,0.6979651352833967,0.5989241579062088,0.8016820752728757,8,10.505980450373269,2.5187061514099987,1.7453743154887151,10.136526150473347,8.483227156062727,16.4602350237352,8,0.25984134525060654,0.06639929498088233,0.04601236391204803,0.2647266834974289,0.11425356566905975,0.3269561529159546,8,0.12723806390308184,0.032711860342822065,0.022668162708164043,0.11790881391901237,0.08932627759435598,0.18245399800630716,8
SynDiff-3D+3D-refine-T2+FLAIR,SynDiff,SynDiff,3D+3D-refine,t2_flair,t2,lesion,0.0,post,8,0.7000210790693137,0.0751413058060564,0.05207026834502108,0.6932027210456821,0.5808170537714749,0.7952495727249642,8,10.932070036170188,2.363610095774861,1.6378982322673212,9.99499599130581,9.588091864106904,16.488818902786466,8,0.23278468288481236,0.056360272685862314,0.039055676385582265,0.25038696080446243,0.11210502684116364,0.2844521701335907,8,0.13356674827519324,0.03726228267741916,0.02582144450841925,0.1294294416038978,0.08709123730659485,0.19604249757069808,8
CycleGAN-3D-T2,CycleGAN,GAN,3D,t2,t2,lesion,0.0,post,14,0.6995159858716237,0.0820586545070304,0.04298495190989455,0.6717103681840175,0.6231160081431426,0.8757415534250519,14,10.588789686602725,3.6016825705130864,1.8866767072685344,9.450492849268688,7.8998616691346495,21.77420107238624,14,0.26954218798450064,0.07899956622187551,0.04138250347084248,0.28886669874191284,0.06792967766523361,0.3746280074119568,14,0.11972937286950656,0.046121321177114726,0.02415982548981746,0.1286374338326,0.01754573650438996,0.18752392301602022,14
SynDiff-2.5D-T2,SynDiff,SynDiff,2.5D,t2,t2,lesion,0.0,post,14,0.6949386788463731,0.08537249161210594,0.044720845941482554,0.6874308305230206,0.5642250277275158,0.8381294923424212,14,10.461052094297173,2.363599911965331,1.2381293497976646,9.781442963937028,7.357030918282813,15.935468843267431,14,0.25634366433535305,0.07451050763568134,0.03903099078022526,0.2635258138179779,0.10289684683084488,0.39660388231277466,14,0.13137032364328563,0.03432649400847211,0.017981317181639155,0.13749766643517292,0.07904221885837615,0.18060225461210525,14
SynDiff-2.5D-T2+FLAIR,SynDiff,SynDiff,2.5D,t2_flair,t2,lesion,0.0,post,8,0.6942532924948848,0.07207311616888296,0.049944121400577676,0.6812683470330798,0.6050454999582108,0.8076353987753877,8,10.429402278538527,2.9764616583571555,2.0625826981147792,9.525484803640499,8.565175532410688,17.71264140248471,8,0.26019428949803114,0.06788659452334232,0.04704300991233455,0.27268093824386597,0.10244103521108627,0.317595899105072,8,0.13530504406689103,0.03766462749184031,0.026100255240138637,0.13388597602118746,0.08685478031197015,0.18842752567595905,8
CUT-2D-T2+FLAIR,CUT,GAN,2D,t2_flair,t2,lesion,0.0,post,8,0.6903158968419698,0.08299357940232195,0.057511616334519504,0.6769732333805871,0.604772151865226,0.8589540613359318,8,9.974323318338353,3.9742766005626415,2.754033175877486,8.899553662885838,7.6611524338291055,19.681238689641546,8,0.300596721470356,0.0931249809947413,0.06453231944806492,0.3109187185764313,0.08922097086906433,0.39266493916511536,8,0.130009829141696,0.0548409033143551,0.038002807127576775,0.1396139820313288,0.020846695474842015,0.2049322628549167,8
CycleGAN-2D-T2,CycleGAN,GAN,2D,t2,t2,lesion,0.0,post,14,0.619403056559749,0.09633473165850145,0.05046321844380844,0.6099330570389345,0.4571808598625959,0.8453129889097402,14,8.906791759228861,2.621105749081099,1.3730191562590914,7.950860833923153,6.707989005121188,15.85990439483625,14,0.31506845887218204,0.08026456634521775,0.042045151058650754,0.33625631034374237,0.1335550993680954,0.40252482891082764,14,0.15986542077911545,0.053432617055959496,0.02798971648229318,0.15686268009471172,0.0759168361477992,0.24023683865865073,14
CycleGAN-2D+3D-post-T2+FLAIR,CycleGAN,GAN,2D+3D-post,t2_flair,flair,lesion,0.0,post,8,0.7104262555767255,0.04645162455513717,0.03218933354566765,0.7095890127852593,0.6455133403734016,0.7758095575187647,8,12.717501818953323,2.393401037110427,1.6585423013709044,12.450547683521867,9.611735059909902,17.07564261194454,8,0.19979360327124596,0.06118927927193868,0.042402007222923185,0.1991402953863144,0.10713717341423035,0.2936425507068634,8,0.14004602573954844,0.06030796360187326,0.04179128662198734,0.1473271586961808,0.048756456769564575,0.2228564362634312,8
CUT-2D+3D-post-T2+FLAIR,CUT,GAN,2D+3D-post,t2_flair,flair,lesion,0.0,post,8,0.7097064350411448,0.043944612450367494,0.030452062791064247,0.7097391068744986,0.6490805155921898,0.776345679471741,8,12.750461699861308,2.3975830896915213,1.6614403159554878,12.481671895953955,9.33045775613124,17.016660974050268,8,0.19870929419994354,0.06127659094178945,0.042462511123274815,0.19237636774778366,0.11529991030693054,0.2999972701072693,8,0.13931170653413846,0.05956424790626588,0.04127591793858128,0.14691699958879442,0.047423285815645665,0.22015310857783665,8
pix2pix-2D-T2+FLAIR,pix2pix,GAN,2D,t2_flair,flair,lesion,0.0,post,8,0.7094150672611443,0.03862127264479795,0.026763176509487313,0.704334738118705,0.648974501291055,0.75762657162214,8,12.815063791328015,2.2397147224582996,1.5520431188101376,12.811479062297497,9.307592446235567,15.888658498182512,8,0.19868828356266022,0.06449103223567626,0.04469000529517557,0.17418663948774338,0.13465850055217743,0.3087514638900757,8,0.14449797636486175,0.055734461384206624,0.03862201127874123,0.14848636087798883,0.05680312698378282,0.21926290169358253,8
CUT-2.5D-T2+FLAIR,CUT,GAN,2.5D,t2_flair,flair,lesion,0.0,post,8,0.7052531042054953,0.03851407008505486,0.026688888925671516,0.7070734557120895,0.6364202437008616,0.7525583139828718,8,12.653085676926016,2.2825923394307353,1.5817557914580196,12.981767719264498,9.062117414042067,15.422219857979272,8,0.2044166438281536,0.06817316659237703,0.04724159422458139,0.17214272171258926,0.14047303795814514,0.3191010653972626,8,0.14602774806707594,0.0546241100868837,0.037852577085541635,0.14748991108203807,0.06010269746184349,0.21852765774185007,8
pix2pix-2D+3D-post-T2+FLAIR,pix2pix,GAN,2D+3D-post,t2_flair,flair,lesion,0.0,post,8,0.7051847764738763,0.040318225877864454,0.027939105105175915,0.6995947050610499,0.6498230510358874,0.759644289286541,8,12.652842362980643,2.062954499093397,1.4295545332764734,12.179032562749022,10.044956954288715,16.274113671566784,8,0.19834828656166792,0.054585330631371026,0.03782570429389718,0.1879774108529091,0.12347269803285599,0.2728745639324188,8,0.14185103737410626,0.055801254725902014,0.03866829670309513,0.15137338182992405,0.05825197981560931,0.22286765514449638,8
CycleGAN-2D-T2+FLAIR,CycleGAN,GAN,2D,t2_flair,flair,lesion,0.0,post,8,0.7050314059110308,0.03719182451759179,0.025772619494667463,0.7048227040946003,0.6455672567738294,0.752617584846976,8,12.682998919494759,2.4568990531967847,1.7025441815821294,12.938469827963722,8.507864328520757,15.94215333259478,8,0.20469646155834198,0.07386849712369134,0.051188256927576704,0.17191927134990692,0.13652870059013367,0.3426612317562103,8,0.14234120083496604,0.05466029376850092,0.03787765109764867,0.14337459811201644,0.05468218948911218,0.2157547285949642,8
CycleGAN-2.5D-T2+FLAIR,CycleGAN,GAN,2.5D,t2_flair,flair,lesion,0.0,post,8,0.7045014037596012,0.040423447195347254,0.028012019758151038,0.7035885814381977,0.6496478229639753,0.7637331266627714,8,12.690935617137523,2.364466674370925,1.6384918109505395,12.957861839374814,8.517204447987679,15.571839155121197,8,0.2031453475356102,0.07180939810949617,0.049761374109026195,0.17127767950296402,0.14341458678245544,0.33894646167755127,8,0.13779729693851273,0.054205369042548836,0.03756240434617152,0.13741913071042666,0.05381141515339122,0.21405002237720924,8
ResViT-3D-T2+FLAIR,ResViT,ResViT,3D,t2_flair,flair,lesion,0.0,post,8,0.7028494548059538,0.0847615287101333,0.05873674269998002,0.7156672420936006,0.572288500326706,0.8434949654959116,8,12.457614521225697,3.1074373265265955,2.153344205585168,11.909179973213057,9.21166259990558,16.97692480888327,8,0.20698565896600485,0.07052047254526356,0.04886819426225089,0.20496349781751633,0.11613232642412186,0.2905097007751465,8,0.12432998867999688,0.0569278351987131,0.039448977141134656,0.1296953784668038,0.039501820197876764,0.21740051805973054,8
SwinPix2Pix-2D+3D-post-T2+FLAIR,SwinPix2Pix,GAN,2D+3D-post,t2_flair,flair,lesion,0.0,post,8,0.7024162720279019,0.049237895425260275,0.03412012075162451,0.7057537515628066,0.634009376948206,0.7707317328566442,8,12.379091863377713,2.477366307031719,1.7167272648814988,12.022221862457872,9.383912744431772,16.70900789890738,8,0.206948671489954,0.0600196857706699,0.04159152027686389,0.21047325432300568,0.11118930578231812,0.29044899344444275,8,0.13845477244644488,0.05799194023997515,0.04018636431389442,0.14204931801318058,0.0471287628307062,0.22269151562994177,8
SwinPix2Pix-2D-T2+FLAIR,SwinPix2Pix,GAN,2D,t2_flair,flair,lesion,0.0,post,8,0.7008861747092019,0.03944898584024531,0.027336752490598158,0.6986653636690435,0.6399273450879444,0.758050675970951,8,12.742836467918165,2.482552248987592,1.7203209393108598,12.718363658322474,8.479613669316965,15.97045520754778,8,0.2009238749742508,0.06973668808644179,0.04832505934254582,0.17972148954868317,0.13461516797542572,0.33304497599601746,8,0.1378190084467229,0.050720850403505366,0.035147756122509734,0.14124311059565536,0.04970877442289801,0.20758370784195987,8
pix2pix-2.5D-T2+FLAIR,pix2pix,GAN,2.5D,t2_flair,flair,lesion,0.0,post,8,0.6991471852699052,0.032625047885593256,0.022608004744510045,0.7025226234990414,0.6447127117168244,0.7482707982628467,8,12.585104676999164,2.3326534327473647,1.616446359244665,12.84286777687206,8.83501038752922,15.43129412506228,8,0.2066168077290058,0.07005020113573644,0.04854231280162961,0.1758628860116005,0.13728263974189758,0.3295091390609741,8,0.1409944065373267,0.0518485250342131,0.0359291947732883,0.14278000746927566,0.061849070822491366,0.21457161415706982,8
ResViT-2D+3D-refine-T2+FLAIR,ResViT,ResViT,2D+3D-refine,t2_flair,flair,lesion,0.0,post,8,0.6988362465842448,0.07320407517420585,0.050727836006847334,0.7027723966795114,0.5976150696611696,0.7972872497116149,8,12.590572712556604,1.576380814554817,1.0923761724300027,12.954622451710442,10.369945197511734,14.461864084719583,8,0.19527265429496765,0.04337862632237344,0.03005985441448537,0.18793831765651703,0.15204454958438873,0.2640495002269745,8,0.12068713455636937,0.047204329710457384,0.032710931606837426,0.12252792125790674,0.048882096019737864,0.190870551019907,8
SwinPix2Pix-3D-T2+FLAIR,SwinPix2Pix,GAN,3D,t2_flair,flair,lesion,0.0,post,8,0.697913353164844,0.040999365900397634,0.028411111059469273,0.6948295519404797,0.6414373057614694,0.7557057113264981,8,12.8186133069388,2.222800877938852,1.5403224225376142,12.885143460464512,9.294083902529756,16.432659817161866,8,0.19588046800345182,0.05866428431193333,0.040652274985415175,0.1909320056438446,0.1194697842001915,0.29736608266830444,8,0.1259187750851581,0.05703448256982274,0.03952287999885585,0.13458859627430758,0.04018541436423274,0.21301091462373734,8
ResViT-2D-T2+FLAIR,ResViT,ResViT,2D,t2_flair,flair,lesion,0.0,post,8,0.6898753052767391,0.06836567642445827,0.04737499673213693,0.6907519583900542,0.5866976718720528,0.8055712872757899,8,11.998539236291492,1.3534654203324923,0.937903685282234,12.22773588660477,10.266710752275173,13.384004900110414,8,0.20733876526355743,0.039150591937989324,0.027129976065883236,0.19981085509061813,0.15985824167728424,0.26027071475982666,8,0.12235897204710375,0.04429891936123383,0.03069758495397319,0.11509770283507359,0.06828075203184898,0.2079908713698387,8
ResViT-2.5D-T2+FLAIR,ResViT,ResViT,2.5D,t2_flair,flair,lesion,0.0,post,8,0.6881701123483727,0.05501793805090312,0.03812548594104107,0.6969296137956922,0.5709855706751046,0.7404598258909303,8,12.572237518184059,2.0452381300326725,1.4172777158696486,13.22842305058332,9.171266072719174,14.795253676725315,8,0.19682568311691284,0.055543158975805626,0.038489445473108314,0.1701369285583496,0.1491338014602661,0.28350594639778137,8,0.12188924998985484,0.03610562867772511,0.02501992417948245,0.1286501679099118,0.07534763753852423,0.17873857095837592,8
CycleGAN-3D-T2+FLAIR,CycleGAN,GAN,3D,t2_flair,flair,lesion,0.0,post,8,0.6850838131581127,0.050063379091462634,0.034692151747792326,0.6779831120424793,0.6133832103530893,0.7585710934911952,8,12.395684627483158,1.8554175314481283,1.2857387520509882,13.0682363346761,8.927215083194678,14.755948818995083,8,0.20706751383841038,0.05274299681743968,0.036549032095517846,0.1933874487876892,0.155759796500206,0.3090440630912781,8,0.11720660360173624,0.04807215919167228,0.03331230675569647,0.12700001602726324,0.04438451567993445,0.18604743920943953,8
pix2pix-3D-T2+FLAIR,pix2pix,GAN,3D,t2_flair,flair,lesion,0.0,post,8,0.6843592802185496,0.05878888437134411,0.040738618421421874,0.6744530620278486,0.6082197586130795,0.7695141212482364,8,12.15107517887255,1.4332780178279518,0.9932109936171228,12.487733184539634,9.481423527703495,13.493522373197472,8,0.21039223484694958,0.043139426635109786,0.02989409748798198,0.1943904235959053,0.16173155605793,0.29252707958221436,8,0.1260420076143667,0.052147504212778265,0.03613637677379337,0.12979000600587043,0.04165872372686863,0.20541524243625728,8
SwinPix2Pix-2.5D-T2+FLAIR,SwinPix2Pix,GAN,2.5D,t2_flair,flair,lesion,0.0,post,8,0.6841402483791906,0.03904723595491051,0.027058354023702227,0.6734347903339444,0.6320265582318253,0.7461260623540104,8,12.409896081690706,2.51180722394764,1.7405936026649986,12.709930277413106,7.688605821127648,14.929553636737186,8,0.21078944019973278,0.07726387877463732,0.053541136369874974,0.17930543422698975,0.14159934222698212,0.364162802696228,8,0.14118435981674105,0.044804924006979364,0.031048228283965387,0.1476952983288183,0.05456538783276782,0.20271341925994915,8
CUT-2D-T2+FLAIR,CUT,GAN,2D,t2_flair,flair,lesion,0.0,post,8,0.6825872474251331,0.028553359721946874,0.019786468799346518,0.6743454043779661,0.6467585926287994,0.7333628424003192,8,12.12526255683316,2.5798092905121486,1.787716630619412,13.26055245565734,7.674922032424339,14.504238287697293,8,0.22036724910140038,0.08912376352257162,0.06175961720064312,0.1807139664888382,0.13196715712547302,0.3822456896305084,8,0.1431590307192387,0.048594096555189564,0.03367399089581222,0.14715369518047997,0.06983015839667882,0.21517553790049118,8
SynDiff-3D-T2+FLAIR,SynDiff,SynDiff,3D,t2_flair,flair,lesion,0.0,post,8,0.6710202809471701,0.06598371408936328,0.04572438104685385,0.6623433904630376,0.5765995132552258,0.7749957913482332,8,11.627018930391305,2.094795106932469,1.451618948802181,11.056903083034566,9.19794026333814,14.349977614581753,8,0.2236013188958168,0.05688914720744616,0.03942216773097882,0.23326201736927032,0.15463437139987946,0.3027554750442505,8,0.12663902399785207,0.03464205357200443,0.02400571837509215,0.1384804931671157,0.08504153043031693,0.17896623760461808,8
SynDiff-3D+3D-refine-T2+FLAIR,SynDiff,SynDiff,3D+3D-refine,t2_flair,flair,lesion,0.0,post,8,0.6626947726308057,0.06510346621437835,0.04511440039015749,0.6490963341267635,0.5747771063220882,0.7644215443567242,8,10.868686539233419,2.0747314112000974,1.4377155170003177,10.415573357733866,7.85057342562448,14.114895782537625,8,0.23734966292977333,0.058680642671512774,0.04066361075026314,0.2476302832365036,0.15042296051979065,0.3253973722457886,8,0.13405025415836358,0.03836449697628652,0.026585240049368134,0.14026518323673653,0.0777846531321605,0.18695666790008544,8
CUT-3D-T2+FLAIR,CUT,GAN,3D,t2_flair,flair,lesion,0.0,post,8,0.6572607758917106,0.04742488357167806,0.03286376763510573,0.6406360525574497,0.5957909194364074,0.7281894649435551,8,11.91614568958677,1.7036585228978496,1.1805751244799798,11.973706711500892,9.303144917942747,14.579907388654863,8,0.21551905013620853,0.04334530870079775,0.030036766480659182,0.2160436436533928,0.15346990525722504,0.2837490141391754,8,0.11763023773861132,0.044435916282555055,0.030792518976999753,0.12783668669206755,0.05477145949707312,0.19260355457663536,8
SynDiff-2D-T2+FLAIR,SynDiff,SynDiff,2D,t2_flair,flair,lesion,0.0,post,8,0.6463082042626525,0.06742605617158373,0.04672387311664008,0.6443541915459537,0.5455568478652755,0.7484423428622814,8,10.79068551982973,2.1426328227202807,1.4847687945676162,10.66944993348337,7.4834550954658265,13.687667006075234,8,0.24177468195557594,0.06266754915344852,0.043426395987409834,0.2335941195487976,0.15649200975894928,0.34313517808914185,8,0.136154297113898,0.035972366200578344,0.024927577994239614,0.13731171362675154,0.09331072816768518,0.20444584488868714,8
SynDiff-2.5D-T2+FLAIR,SynDiff,SynDiff,2.5D,t2_flair,flair,lesion,0.0,post,8,0.6436687804805921,0.06135742470843393,0.04251852606572712,0.6432929899973077,0.5630481092489578,0.757046547469002,8,11.150589340078582,1.4584506425312613,1.0106547325725375,11.016066858207507,9.556673785665971,13.227593884609185,8,0.22718460112810135,0.040810492342449475,0.028280228361329537,0.23302655667066574,0.1722448766231537,0.27921223640441895,8,0.1349389181826412,0.03250869010612791,0.02252737291710437,0.13233847013459754,0.08232660935475276,0.18250246793031694,8
CycleGAN-2D+3D-post-T2+FLAIR,CycleGAN,GAN,2D+3D-post,t2_flair,t2,lesion,0.0,pre,12,0.7654507858088332,0.062401663070231025,0.03530706463204865,0.7970374805132305,0.624878235738145,0.8279931988192027,12,17.368727545189902,3.8882069034233573,2.199960156309308,16.83383466862684,11.689989186999734,23.128863515339834,12,0.12091996986418962,0.06416133306487641,0.0363026916582402,0.11212343350052834,0.046191662549972534,0.23493191599845886,12,0.09677733675567153,0.03873226938884465,0.021914844434815072,0.08354391987918403,0.053892702130334716,0.19720641396048924,12
SwinPix2Pix-2D+3D-post-T2+FLAIR,SwinPix2Pix,GAN,2D+3D-post,t2_flair,t2,lesion,0.0,pre,12,0.7644121200264307,0.06220064358380147,0.03519332715053823,0.7979580753063038,0.6304085868447658,0.8276729911247989,12,17.586407278524153,4.230993108531522,2.393909709947123,16.46897411715162,11.374047788611286,23.593320359428013,12,0.11881542236854632,0.06652836043068083,0.037641963467330064,0.11635793745517731,0.049049168825149536,0.24365422129631042,12,0.09678719482294501,0.04045493707275604,0.02288953543282497,0.07985009323106085,0.04927329333232982,0.2023020440550602,12
pix2pix-2D+3D-post-T2+FLAIR,pix2pix,GAN,2D+3D-post,t2_flair,t2,lesion,0.0,pre,12,0.7602837625261022,0.0585455322077551,0.03312525320439737,0.781073484080083,0.6215461083454332,0.8255169469019537,12,16.94152531580858,3.4714302519061015,1.9641465666027782,15.994490436710326,12.853692459458955,22.653692609482977,12,0.12411144593109687,0.052051113692758784,0.02945069001209142,0.1205323338508606,0.050894565880298615,0.19987227022647858,12,0.10098691663840483,0.037892737825806676,0.02143983473638017,0.0864772760434885,0.06739161786113289,0.20283557671000776,12
SwinPix2Pix-2D-T2+FLAIR,SwinPix2Pix,GAN,2D,t2_flair,t2,lesion,0.0,pre,12,0.7588450621485484,0.0635127325829007,0.03593571138863231,0.7891521796078169,0.6259001441211149,0.8241112067316335,12,16.922915436269268,4.455124634391968,2.520724058800745,16.20257697120983,10.772743809385226,24.644870395155742,12,0.1329993704954783,0.07482317520859073,0.042335196741336345,0.11911125853657722,0.04214487969875336,0.26474133133888245,12,0.09786861073296349,0.041336513111812176,0.02338833403301595,0.07938992289390888,0.05333804873987988,0.1992460015108404,12
CycleGAN-2D-T2+FLAIR,CycleGAN,GAN,2D,t2_flair,t2,lesion,0.0,pre,12,0.7585500074644204,0.06529569349862357,0.03694451649398654,0.7907232376797493,0.6198206206601984,0.8261258483492488,12,16.841576125973823,4.082227519343405,2.3097376540424888,16.590033678543293,10.600835770525006,22.91433897134588,12,0.1324880626052618,0.07369163297795721,0.041694966454109764,0.11632892116904259,0.04415687546133995,0.2724955081939697,12,0.0968581184740636,0.03861005986371344,0.021845697886627675,0.08041055287610557,0.05499929692485325,0.19320149434244502,12
CUT-2D+3D-post-T2+FLAIR,CUT,GAN,2D+3D-post,t2_flair,t2,lesion,0.0,pre,12,0.7578769720733066,0.06333848194000827,0.035837119806163505,0.7842135226558697,0.6159538553046565,0.8224163537442554,12,16.76313743529597,4.043069152678006,2.287581722377901,16.211014162840513,11.131566400205417,23.18851906079076,12,0.13259521933893362,0.07150064330205314,0.04045529734451835,0.11770159378647804,0.04588905721902847,0.25199759006500244,12,0.09409536176182219,0.03888404874366938,0.022000721689153246,0.07972760479927068,0.04961650285847662,0.19871573164330228,12
pix2pix-2D+3D-post-T2,pix2pix,GAN,2D+3D-post,t2,t2,lesion,0.0,pre,16,0.7573279774558646,0.0636171011229048,0.031172379550223353,0.7778418620208751,0.6236152978640639,0.8283899881424568,16,16.58264097291117,3.9572043740187,1.939030143269163,15.833859521490176,11.511277292145765,24.60409760738143,16,0.13550202455371618,0.06363078919300295,0.031179086704571448,0.1313599869608879,0.039842069149017334,0.24011167883872986,16,0.10315033290660686,0.041526399981096696,0.020347935990737382,0.09073380040491749,0.05572448130697012,0.20282914829642876,16
CycleGAN-2.5D-T2+FLAIR,CycleGAN,GAN,2.5D,t2_flair,t2,lesion,0.0,pre,12,0.7570153888226808,0.06499541218846049,0.03677461634863638,0.7701977920011029,0.6135540665612574,0.8220582064395018,12,16.340630010111834,4.246774170178337,2.402838686133212,16.240226291039406,10.523701580664556,24.339447389173607,12,0.14196910243481398,0.07845177018927728,0.04438826762443826,0.12463320419192314,0.04610767215490341,0.27370208501815796,12,0.10115385879592227,0.03968370575874368,0.022453170238207514,0.08601223155537162,0.057938265277438665,0.20204720111644786,12
SwinPix2Pix-2D+3D-post-T2,SwinPix2Pix,GAN,2D+3D-post,t2,t2,lesion,0.0,pre,16,0.7564004144410006,0.06487809485785835,0.03179026648035059,0.7737490660528334,0.6227521811197839,0.8267700410286153,16,16.849045916354925,4.053134138643514,1.9860357279353216,15.86080097317008,11.793396018846137,24.348409731060556,16,0.13035644171759486,0.0625994785211208,0.03067374447534919,0.1298736333847046,0.04148661717772484,0.2328031212091446,16,0.09929748791806392,0.03981778517610793,0.019510714736292883,0.08862726660627945,0.0559527368417808,0.20349840499946606,16
CUT-2D+3D-post-T2,CUT,GAN,2D+3D-post,t2,t2,lesion,0.0,pre,16,0.7560829299928579,0.06377561398616394,0.03125005085322033,0.7713094462195617,0.6179216382225579,0.8285112283165723,16,16.734513462926657,3.886260556618042,1.9042676727428405,15.910843214606288,11.641420696164872,23.49508148437032,16,0.1320290935691446,0.06461037970784876,0.03165908605684589,0.13129599764943123,0.04253537580370903,0.23921997845172882,16,0.10103144406011147,0.04013514858584465,0.019666222807063878,0.08887799491027468,0.05219789370894432,0.19547243736198414,16
ResViT-2D+3D-refine-T2+FLAIR,ResViT,ResViT,2D+3D-refine,t2_flair,t2,lesion,0.0,pre,12,0.7540847969200947,0.05466781729693183,0.030931229451745014,0.7765070442058946,0.6479960616922009,0.8174824639051456,12,16.63823580482364,3.3273215065359936,1.8826093681294072,15.172941271464396,12.838524939579575,22.015319227566273,12,0.12469159997999668,0.050569494461786636,0.028612385015489888,0.14033808559179306,0.05739452317357063,0.19819901883602142,12,0.10355361487175764,0.033990960758641484,0.019232196537135354,0.09737529114077223,0.07441801190512573,0.19844193987193562,12
CUT-2.5D-T2+FLAIR,CUT,GAN,2.5D,t2_flair,t2,lesion,0.0,pre,12,0.7529388547969412,0.06518359495676451,0.03688109077313482,0.7777540168304031,0.6127395866571397,0.8194354679292041,12,16.225320919684886,3.985109495050787,2.2547879589233513,15.638322152705797,10.767520663045575,23.51175518614866,12,0.1429393238698443,0.0740737250224737,0.04191115537997144,0.12612419202923775,0.05334244668483734,0.2644590139389038,12,0.09700625964517674,0.038619549725652506,0.02185106728148586,0.08371627880923518,0.05147310493270024,0.19305376368372337,12
SwinPix2Pix-2D-T2,SwinPix2Pix,GAN,2D,t2,t2,lesion,0.0,pre,16,0.7528817164128037,0.06693571586080349,0.03279850077179371,0.7707480323121174,0.6210496545929165,0.8276091761242339,16,16.436400845304853,4.197679720361343,2.056863062977058,15.802213269789545,10.908255544438596,24.461724195418597,16,0.14092804305255413,0.0699489914210382,0.03427500579630872,0.13209405541419983,0.04133079946041107,0.2603529989719391,16,0.1006788570170712,0.041272591524102835,0.02022356984681039,0.08775244810043231,0.05302048153576574,0.20123012750612004,16
pix2pix-2.5D-T2,pix2pix,GAN,2.5D,t2,t2,lesion,0.0,pre,16,0.7522503297716316,0.06679457007647485,0.03272933933747268,0.7674805660148807,0.6185390861278592,0.8298311698226977,16,16.058811143950443,4.26568528760028,2.0901857909241373,15.489782204003902,10.588655964361159,24.374145107887458,16,0.14951691194437444,0.07392421596702045,0.036222865823840024,0.1438613161444664,0.038482923060655594,0.27020618319511414,16,0.10540772847279896,0.042765232360832316,0.020954963856807833,0.09348898518638796,0.051708022850410394,0.20240198602171047,16
pix2pix-2.5D-T2+FLAIR,pix2pix,GAN,2.5D,t2_flair,t2,lesion,0.0,pre,12,0.7518964032753938,0.06556108703495399,0.03709467702303526,0.759420708092538,0.6228249517759518,0.8255390220890256,12,16.597211643766823,4.322584061040466,2.4457321698117687,15.729822678150308,10.237478848639993,23.93297178493139,12,0.13796202403803667,0.07707340634091205,0.043608384860321245,0.1309288553893566,0.04447066783905029,0.2822895646095276,12,0.09913503519910409,0.03864245426293143,0.02186402674343424,0.0819709743014648,0.057533000130206347,0.19429613303636079,12
pix2pix-2D-T2,pix2pix,GAN,2D,t2,t2,lesion,0.0,pre,16,0.7515986548312781,0.06664656198549132,0.032656815372890745,0.7718443915072964,0.6195039117527319,0.8294056161602059,16,16.012629932815116,4.234917420926838,2.0751095362541503,15.437021068923833,10.612439876378199,24.54248000757898,16,0.14972807932645082,0.0731508160754089,0.03584389987695036,0.1436310112476349,0.039260588586330414,0.2709096074104309,16,0.10646575237121333,0.04330997939696247,0.02122188990451161,0.09241364124075821,0.055767827216879506,0.2031043840005346,16
pix2pix-2D-T2+FLAIR,pix2pix,GAN,2D,t2_flair,t2,lesion,0.0,pre,12,0.7512222907927014,0.06076580182310016,0.03438148899928853,0.7658977648090104,0.6140843419133286,0.8195618980997397,12,16.146005391479207,4.0115374765930385,2.2697409971357576,15.684396186356654,11.197171527568353,23.51939227427694,12,0.14358911539117494,0.07124220962609008,0.04030907472718112,0.13717573881149292,0.050572071224451065,0.25591838359832764,12,0.10425765815530724,0.03983575657513542,0.022539201086386303,0.08920437330452166,0.05842855093734605,0.20183477504178882,12
CycleGAN-2D+3D-post-T2,CycleGAN,GAN,2D+3D-post,t2,t2,lesion,0.0,pre,16,0.7510838480161635,0.06585665058809383,0.03226975878816597,0.7634434990431687,0.6176541490999073,0.8199119417454037,16,16.18210283092734,4.129180518118203,2.0232984538779197,15.283946631602426,11.499993360148704,25.155408974233385,16,0.14409768301993608,0.07210076811449251,0.035329376376101326,0.13944289460778236,0.0387263298034668,0.25397348403930664,16,0.10048163815787337,0.04150239742821556,0.020336174739825623,0.09614761476404965,0.05130699755890029,0.212162964977324,16
CycleGAN-2.5D-T2,CycleGAN,GAN,2.5D,t2,t2,lesion,0.0,pre,16,0.7503536741676571,0.06665310280043778,0.03266002037221451,0.7675922087174072,0.6127314276644711,0.8224067797139462,16,16.000362765557387,4.041049977789456,1.9801144891168332,15.378749073011747,10.990603539747312,24.488788300439555,16,0.14774941699579358,0.07302795563240709,0.035783698259879475,0.13558104634284973,0.04430684819817543,0.25745758414268494,16,0.10518389010529144,0.042566242350516266,0.02085745875175297,0.09218831305732142,0.05519435657853527,0.19826891740946018,16
ResViT-2D+3D-refine-T2,ResViT,ResViT,2D+3D-refine,t2,t2,lesion,0.0,pre,16,0.7498494629494328,0.06242629076525966,0.030588882474977232,0.7668641108996679,0.6354826718032711,0.8517922345927663,16,16.1379280784314,3.290991221244844,1.6125856984099733,14.996280775894443,12.24446349435194,22.02774374713517,16,0.13495710887946188,0.05222643336875645,0.02559095235069066,0.14636307954788208,0.05359530821442604,0.20906715095043182,16,0.09265047185818723,0.0361519402841235,0.017714450739220518,0.08218940326737033,0.06288721066500459,0.19620188662693613,16
SwinPix2Pix-2.5D-T2+FLAIR,SwinPix2Pix,GAN,2.5D,t2_flair,t2,lesion,0.0,pre,12,0.7496769845675542,0.06713149139829863,0.03798321693731059,0.7516414349589189,0.6237193181680905,0.8206991923357528,12,16.64737736631071,4.597655527164886,2.6013685031248213,15.521825661200248,10.043031041740578,24.8244543533673,12,0.13769576139748096,0.07837992032810864,0.044347614738485044,0.13139980286359787,0.040398214012384415,0.287954717874527,12,0.09793359453300253,0.03840871491260599,0.02173177625614025,0.08450037284809,0.054754782088344826,0.19650059420129526,12
CUT-2D-T2,CUT,GAN,2D,t2,t2,lesion,0.0,pre,16,0.7484546028393859,0.06683285275590369,0.0327480978503928,0.7681988810663436,0.6127975984639332,0.8254434103217323,16,16.143334923045952,3.988416332537757,1.9543240029435007,15.717112067952694,10.458571097532026,23.352348390365027,16,0.14607581915333867,0.0728343370581423,0.03568882515848972,0.13497725129127502,0.04429714381694794,0.2767189145088196,16,0.10244910983116945,0.04153834249938378,0.020353787824698055,0.08741970948946853,0.051969233962396784,0.19146753754466772,16
SwinPix2Pix-2.5D-T2,SwinPix2Pix,GAN,2.5D,t2,t2,lesion,0.0,pre,16,0.7484496560627106,0.0706355135284349,0.0346114016289331,0.7687206253918839,0.5923474232528027,0.8286887877177616,16,16.29632506240054,4.309635372754473,2.1117213326496915,15.335724477700822,10.236540816412285,24.4092369817603,16,0.14478643937036395,0.0733219307120905,0.03592774604892435,0.13573139533400536,0.04191659018397331,0.2824879586696625,16,0.10024971487165076,0.04147718983306785,0.020323823018203246,0.08638092592659899,0.05278079135764745,0.19810303492957484,16
ResViT-2.5D-T2+FLAIR,ResViT,ResViT,2.5D,t2_flair,t2,lesion,0.0,pre,12,0.7463861557398536,0.05515864467313117,0.031208941183163856,0.7640876184362195,0.6434314534331779,0.8107353750753198,12,16.503339810161165,3.357697209782724,1.899796040166805,15.667931068104139,11.89776058760063,22.06709482632982,12,0.12784415297210217,0.05538518006961013,0.0313371156498592,0.12516819685697556,0.05397968739271164,0.22583873569965363,12,0.09337552950018767,0.038220048061560256,0.021625027936046606,0.08282316547667827,0.06587529584713694,0.20837558389064811,12
CUT-2.5D-T2,CUT,GAN,2.5D,t2,t2,lesion,0.0,pre,16,0.7446419055485627,0.06466993084150835,0.03168826611233909,0.7598077123059501,0.6093981345997317,0.8209621726837799,16,15.950571578249205,3.786770362714925,1.8555174777303132,15.443332170383464,10.760988888739885,22.864964883046643,16,0.14799734205007553,0.07000626197435239,0.034303068367432674,0.13873298466205597,0.04958382993936539,0.26640182733535767,16,0.10009371790893576,0.03991327026010312,0.019557502427450527,0.0876295632904083,0.05348554408798615,0.1853461646798836,16
ResViT-2D-T2+FLAIR,ResViT,ResViT,2D,t2_flair,t2,lesion,0.0,pre,12,0.7434120520214456,0.05981285151697626,0.033842306605838854,0.766898860255115,0.6195367649231286,0.7977925901361616,12,16.263103703615986,3.3681319090425954,1.9057000270648725,15.187509025943186,12.395175601393852,22.021656857413817,12,0.13191709605356058,0.05524771048935035,0.0312593349126742,0.13798587769269943,0.053565118461847305,0.21123944222927094,12,0.09801311838880265,0.04129906037131958,0.023367143150206767,0.08579292467588351,0.07017126201504939,0.21715648152998515,12
ResViT-2D-T2,ResViT,ResViT,2D,t2,t2,lesion,0.0,pre,16,0.7408272882056414,0.05731966961359862,0.028086638110663323,0.7561902848204054,0.6310739969082362,0.8195051043154489,16,16.519860424713677,2.8888011999052625,1.4155125879535786,15.620976377165244,12.611861107370196,22.10980925122296,16,0.12327126739546657,0.042876720359200635,0.02100959297600831,0.13234135508537292,0.05754418671131134,0.20456786453723907,16,0.0860310085086671,0.03302396868328533,0.016181744654809812,0.07904341773699142,0.050674359204576296,0.17276372317047345,16
CUT-2D-T2+FLAIR,CUT,GAN,2D,t2_flair,t2,lesion,0.0,pre,12,0.7406674104944898,0.06696946834656216,0.03789154376582631,0.762511153222281,0.6064827669823525,0.8120407392980266,12,16.12312314025674,4.292899681898912,2.428936651209428,15.736017113743102,9.93232401421254,23.358673863269743,12,0.14797737480451664,0.08138247991424163,0.04604647275209059,0.1290825828909874,0.051285624504089355,0.29509833455085754,12,0.08531541378144092,0.0341142866650252,0.019301974737479077,0.07498429159493432,0.04723488386177147,0.17564976468439336,12
ResViT-2.5D-T2,ResViT,ResViT,2.5D,t2,t2,lesion,0.0,pre,16,0.7392229849607069,0.055171496448894124,0.02703403325995812,0.758548882111937,0.6378008476812549,0.8210737160957665,16,16.657750485215878,3.2696064354164305,1.602107153354051,15.568175367758926,11.812362878765592,21.681016330163292,16,0.12428619409911335,0.04910219170910591,0.024060073937461894,0.13104663789272308,0.056484781205654144,0.22373397648334503,16,0.078864442838395,0.029781209428745736,0.01459279262008541,0.07271769932205124,0.04050844854542187,0.14962457457468623,16
SynDiff-2.5D-T2,SynDiff,SynDiff,2.5D,t2,t2,lesion,0.0,pre,16,0.7377407361740402,0.053023664142994274,0.025981595430067193,0.7541379735594373,0.637394134025427,0.8135576848784066,16,16.129898953615275,3.120369500450357,1.5289810552206748,14.971519266871082,12.396609536290677,21.555040680810965,16,0.13304360979236662,0.051938061516467106,0.02544965014306888,0.13310373574495316,0.062079548835754395,0.21057647466659546,16,0.08850453080480775,0.027063250566477574,0.013260992777574011,0.08041384336230335,0.05388663421300324,0.14143329220158712,16
SwinPix2Pix-3D-T2+FLAIR,SwinPix2Pix,GAN,3D,t2_flair,t2,lesion,0.0,pre,12,0.7362836220504091,0.05826276518517169,0.03296526270012302,0.7337683578253769,0.601475268059243,0.807618837586891,12,15.93280417575126,3.920046122130397,2.2179748901707788,15.566538572938313,11.037804640068725,24.368785900127627,12,0.14505031425505877,0.07134400968529737,0.040366673532936236,0.11917639896273613,0.04285411164164543,0.27048516273498535,12,0.09295067643008777,0.03745046792430723,0.0211895969826287,0.07737623694950291,0.05465916677245072,0.19499227821664966,12
SynDiff-2D-T2,SynDiff,SynDiff,2D,t2,t2,lesion,0.0,pre,16,0.734262908266563,0.058066313216923286,0.02845249347629241,0.7523050057807593,0.618878734066675,0.8099361404869179,16,15.984809403843073,3.1298392201995155,1.5336212178977626,14.525143317782188,12.117881276019812,21.587651958431877,16,0.13581577851437032,0.05165293655399723,0.025309938911458642,0.13981979340314865,0.0613548569381237,0.21511653065681458,16,0.08740312053713575,0.029956686357935608,0.014678776315388447,0.08271112613894832,0.04637410677969456,0.15760131446378572,16
pix2pix-3D-T2+FLAIR,pix2pix,GAN,3D,t2_flair,t2,lesion,0.0,pre,12,0.7320764799121138,0.0648751529969898,0.036706573305599614,0.7388540199136291,0.6115427694051849,0.8039544362598905,12,16.24221654112244,3.9985520887632684,2.2623938223198894,15.696426542761255,11.002256156458257,24.483281003458437,12,0.13940745033323765,0.07151493856329298,0.040463385649984814,0.11491933465003967,0.04295776039361954,0.2700549364089966,12,0.09678227028565567,0.03578265801483083,0.020245944692439243,0.08236689456668095,0.06811794924323221,0.19837163251055323,12
SynDiff-2D-T2+FLAIR,SynDiff,SynDiff,2D,t2_flair,t2,lesion,0.0,pre,12,0.7314817693694097,0.05868827489033293,0.0332060174800843,0.7501186068983555,0.6168739741896307,0.8048305941640076,12,16.129896850377417,3.3707095359995534,1.907158456809993,15.242274816816934,11.76495488256516,21.322139246606003,12,0.1349353939294815,0.057936220832788196,0.03278050283976707,0.13743555545806885,0.06157612055540085,0.23039820790290833,12,0.09415317551966429,0.03349068840375791,0.018949140805950396,0.08911198672528067,0.051781232468783855,0.16909739020324888,12
CycleGAN-3D-T2+FLAIR,CycleGAN,GAN,3D,t2_flair,t2,lesion,0.0,pre,12,0.7305015093081776,0.06142427893639723,0.03475405749913345,0.7373785526613017,0.586644572137242,0.8135832005554029,12,16.345681713033304,3.7724103800428974,2.1344421054432754,15.568969610695444,11.637145234989436,23.097103606609124,12,0.13559619368364415,0.06796781787024565,0.03845641318474543,0.12023568898439407,0.05398266389966011,0.2507956027984619,12,0.08223433761432533,0.024348016736191275,0.013776187336536076,0.07682326171336518,0.05652937340844227,0.1459763721846368,12
SynDiff-3D+3D-refine-T2,SynDiff,SynDiff,3D+3D-refine,t2,t2,lesion,0.0,pre,16,0.7276065074462752,0.055880712986594756,0.02738154936343143,0.7365078344610398,0.6034598829596486,0.8190092818784538,16,15.97681159854358,3.228773020900616,1.5820987802413018,14.972113080940048,11.933250162237805,22.352609355429287,16,0.1367914415895939,0.05383241323401486,0.02637788248466728,0.1423293873667717,0.05426795780658722,0.22605246305465698,16,0.08360543786090752,0.030373386251800385,0.014882959263382189,0.07593778373930997,0.04106505454650947,0.16367807194945358,16
SynDiff-2.5D-T2+FLAIR,SynDiff,SynDiff,2.5D,t2_flair,t2,lesion,0.0,pre,12,0.7213231064648798,0.05966305226488517,0.03375754970009004,0.7360334634550902,0.6092001606808378,0.8031468679456656,12,15.651542097067887,3.149812002058568,1.7821739111395236,14.524996307782464,11.555691264617064,20.588712009533687,12,0.14329144544899464,0.0585956633509411,0.033153617568830326,0.1391778439283371,0.06517315655946732,0.2356148213148117,12,0.0912707173621896,0.03193327722466781,0.018067952477733528,0.08600653224226003,0.052297793328762054,0.148488920714174,12
SwinPix2Pix-3D-T2,SwinPix2Pix,GAN,3D,t2,t2,lesion,0.0,pre,16,0.719931360980932,0.06647957435412397,0.032574991433520745,0.7197614558956621,0.5942368444689066,0.8034285092803455,16,15.40409110204336,3.754108452593681,1.8395131417709039,15.262922486162351,10.95054328774573,24.285372536561795,16,0.15473663178272545,0.06970693030264477,0.03415639584829594,0.14027994126081467,0.0432240329682827,0.27137893438339233,16,0.09759791090160327,0.035659586795367744,0.017473197529730193,0.09406502073882925,0.05248879703382651,0.1841179435748769,16
pix2pix-3D-T2,pix2pix,GAN,3D,t2,t2,lesion,0.0,pre,16,0.7183442026910767,0.05516593668789461,0.027031308977068357,0.7229879931745472,0.6023577428932091,0.7924051697109286,16,15.409297030222357,3.3983704796714314,1.6652015350390013,15.550969245735503,11.005680669619789,21.838167773322308,16,0.15236458578146994,0.06722585350476049,0.03294066821733264,0.13246694207191467,0.059829231351614,0.26933106780052185,16,0.09301793288283555,0.032200815181312493,0.01577839943884312,0.08840674370773793,0.05252341872879437,0.16378659398659415,16
ResViT-3D-T2,ResViT,ResViT,3D,t2,t2,lesion,0.0,pre,16,0.7182645711698286,0.06729742860061311,0.032975740014300425,0.7361754869309968,0.608418535150466,0.8014422032142025,16,15.733472002870407,3.4732355169381828,1.7018854032997095,15.097928511475374,10.659765830045648,22.222064093065207,16,0.13946709199808538,0.055431261823420334,0.027161318293475963,0.14340393990278244,0.05688491463661194,0.261732816696167,16,0.08748722239721929,0.029787215661716163,0.01459573567424092,0.07537196542847033,0.053605293648110494,0.14574705170733587,16
CycleGAN-3D-T2,CycleGAN,GAN,3D,t2,t2,lesion,0.0,pre,16,0.7170976599467664,0.060586852592956285,0.02968755777054858,0.7199489456807626,0.5877891425648749,0.8039358524093381,16,15.564926004340766,3.194050180438272,1.5650845884147533,15.210567855731046,11.160639386323352,21.023229628036113,16,0.1473291974980384,0.06252227362043197,0.030635914074011665,0.14050769060850143,0.056932803243398666,0.24459338188171387,16,0.08152954170321325,0.02909741027864515,0.014257731036536122,0.07837465388800802,0.04909030767157674,0.15080969080166973,16
CUT-3D-T2+FLAIR,CUT,GAN,3D,t2_flair,t2,lesion,0.0,pre,12,0.7144499062574178,0.05915457865020043,0.03346985366934226,0.705131625107948,0.5869873799986179,0.7919098028776892,12,16.123247239712633,3.6131627436099505,2.044339272996149,15.573808100557782,11.333762299996353,22.59303607707232,12,0.13864933730413517,0.06552953600845093,0.03707682534926341,0.126967404037714,0.05757761374115944,0.2584642171859741,12,0.08221941153566738,0.026221532306764005,0.014836228561157174,0.08318701755067631,0.045324947974468406,0.1375450788308745,12
CUT-3D-T2,CUT,GAN,3D,t2,t2,lesion,0.0,pre,16,0.7138397531024445,0.062331319439003254,0.030542346525111595,0.7129950623948591,0.5869606400797184,0.8008433819162125,16,15.911837930241537,3.6390297341859648,1.7831245697511227,15.071738586264647,11.78600414396842,22.27606430821907,16,0.14275104808621109,0.06420473926950819,0.03146032224205901,0.14088983088731766,0.051673147827386856,0.2427992820739746,16,0.08306143625055071,0.028777043241419983,0.014100751188295792,0.07792123194251742,0.05091246080241705,0.15805747509812532,16
SynDiff-3D-T2+FLAIR,SynDiff,SynDiff,3D,t2_flair,t2,lesion,0.0,pre,12,0.7100103903566996,0.052272981280918146,0.029576223417604717,0.7175173859058188,0.6039654254251102,0.8072701591611523,12,15.628811214388584,2.90110216657285,1.641453074481093,14.551038620098018,11.14164779074499,19.693820630777235,12,0.1400558464229107,0.05340086848185554,0.030214385677099918,0.14715693145990372,0.07664887607097626,0.24713234603405,12,0.09955565055929529,0.026462545033151513,0.014972594348365969,0.09814436548593931,0.06268830185658053,0.16121656917745159,12
SynDiff-3D-T2,SynDiff,SynDiff,3D,t2,t2,lesion,0.0,pre,16,0.707961538162401,0.06568621020969792,0.03218624300275198,0.7216823416374829,0.5754714686366931,0.8209137299387692,16,15.288144694807226,2.8175228715870566,1.3805862070776578,14.532564359464939,11.590671825520758,20.564228115907078,16,0.14401386678218842,0.049967857346545144,0.02448425009980712,0.1520167887210846,0.06844125688076019,0.20806501805782318,16,0.09841239032906507,0.029488621609786495,0.014449424588795383,0.09548334543046261,0.05252294282295874,0.1669801427767827,16
SynDiff-3D+3D-refine-T2+FLAIR,SynDiff,SynDiff,3D+3D-refine,t2_flair,t2,lesion,0.0,pre,12,0.7078969423983538,0.058808777430655275,0.03327419821069558,0.7275436994261446,0.5805306441778488,0.8014104374748376,12,15.730927644533608,3.250282358600059,1.839020366786435,14.782940271792869,11.682514630843457,21.318294737200638,12,0.14058352137605348,0.05678121300425365,0.03212699564066094,0.1454782485961914,0.06346964091062546,0.23102466762065887,12,0.09069294006416716,0.03187370171046584,0.018034244457355145,0.08961792657363826,0.04573825081544263,0.16175828430624234,12
CycleGAN-2D-T2,CycleGAN,GAN,2D,t2,t2,lesion,0.0,pre,16,0.7069770595241043,0.0925240658884582,0.04533679228534452,0.7295817232252508,0.5481350347371218,0.8139691001138271,16,15.341605316527641,4.243147693561634,2.0791423698452007,15.211723216510673,9.332281126956511,23.98049208200494,16,0.15816413681022823,0.08238770756673643,0.04036997670770085,0.14008421823382378,0.049096040427684784,0.3100076913833618,16,0.10248695678854344,0.037025375175096645,0.018142433835797354,0.10038166711248259,0.05713276496777932,0.19697006137879647,16
ResViT-3D-T2+FLAIR,ResViT,ResViT,3D,t2_flair,t2,lesion,0.0,pre,12,0.704862091483077,0.05898162507844766,0.03337199597395767,0.7155347356869184,0.6202011129502812,0.8072199426081622,12,15.790300655661335,3.587526369676279,2.029834128952331,15.163136590828282,10.665909753209089,21.583124023994795,12,0.1413441781575481,0.06387935800790569,0.036143149250694326,0.14217005670070648,0.05424908176064491,0.2616446018218994,12,0.08887106152242412,0.03227278154100735,0.018260045127994607,0.07693068752553137,0.05016898669095503,0.13577855683185838,12
CycleGAN-2D+3D-post-T2+FLAIR,CycleGAN,GAN,2D+3D-post,t2_flair,flair,lesion,0.0,pre,12,0.7377357850380925,0.06373931164717264,0.03606391056270744,0.7191523095857361,0.6624690007058854,0.843677446394401,12,14.853235746178461,3.1400985594251223,1.7766780135947295,15.413941299032672,10.299887037759753,20.965313729661553,12,0.16129955121626458,0.06286793880951894,0.03557088496717122,0.14995047450065613,0.062380749732255936,0.27462345361709595,12,0.11216878356399784,0.04141739132829406,0.023434095191872194,0.12308397149843706,0.0475924307808912,0.1663398380790438,12
SwinPix2Pix-2D+3D-post-T2+FLAIR,SwinPix2Pix,GAN,2D+3D-post,t2_flair,flair,lesion,0.0,pre,12,0.735173011239683,0.06360154367960338,0.03598596099700886,0.7186324321807005,0.6577472015300998,0.8471586336436677,12,14.961205797295202,3.4001503602956094,1.9238161712858357,15.070321009497507,10.246005945358629,20.6247142173776,12,0.15965459123253822,0.06786068735839444,0.038395798391486824,0.15768735855817795,0.062397100031375885,0.2765437662601471,12,0.106017679261678,0.04041843127839405,0.022868880335227132,0.11259102033964877,0.04124500898315626,0.15571633194174087,12
ResViT-2D+3D-refine-T2+FLAIR,ResViT,ResViT,2D+3D-refine,t2_flair,flair,lesion,0.0,pre,12,0.7329995983946259,0.06646962873450549,0.0376087328819452,0.7241378864765711,0.6206904548670188,0.8390715201631793,12,14.854391175960055,3.177365422702552,1.797763726468905,15.20675149242804,10.413984027591148,19.955379029724643,12,0.15869088657200336,0.059559469112318214,0.03369894201429236,0.14183610677719116,0.08216886967420578,0.2545853555202484,12,0.09994860137799448,0.031835178236921106,0.018012447750290397,0.10010655364021659,0.053765389794374216,0.15125711519892018,12
CUT-2D+3D-post-T2+FLAIR,CUT,GAN,2D+3D-post,t2_flair,flair,lesion,0.0,pre,12,0.7319997704241201,0.06598372418367879,0.03733380650118935,0.7128848709406488,0.6366499215918366,0.8387436413342652,12,14.297952818293092,2.920178026136303,1.6522462580819959,14.873593191181556,10.153106195024117,18.650094512729794,12,0.17774325174589953,0.06411657030857389,0.03627736474462728,0.15686173737049103,0.0858704149723053,0.2824477255344391,12,0.11160994348189286,0.04498137599520133,0.025450609348562272,0.11631667394119502,0.04160801434842315,0.17553637283188955,12
pix2pix-2D+3D-post-T2+FLAIR,pix2pix,GAN,2D+3D-post,t2_flair,flair,lesion,0.0,pre,12,0.7308621277201871,0.07148200558444746,0.04044475206306718,0.7109586145403739,0.6028020785379723,0.8517532048711784,12,15.201702063290838,3.7572041442912574,2.1258383676247963,16.06162045601117,9.55929187078818,21.204166336780013,12,0.1580885744964083,0.07605041344716192,0.04302957214218725,0.12541190162301064,0.06050919368863106,0.3078750967979431,12,0.10996731897507055,0.04137886889625016,0.023412299074092015,0.11540111062504806,0.04556159850429086,0.18160156905651093,12
ResViT-2D-T2+FLAIR,ResViT,ResViT,2D,t2_flair,flair,lesion,0.0,pre,12,0.7297015024007911,0.06946645650756819,0.03930434781700805,0.7335783189424022,0.6209402943073012,0.833611104505918,12,14.718799714887924,3.131887647420251,1.7720322527835508,14.714504274928379,9.61098501305355,20.254176876282482,12,0.1581823043525219,0.059407620183841124,0.0336130253949546,0.14980589598417282,0.07693298161029816,0.2876066267490387,12,0.09958945382805119,0.031042409155287703,0.017563896416457864,0.10468617738741967,0.05392665980274186,0.14735145000740885,12
CycleGAN-2D-T2+FLAIR,CycleGAN,GAN,2D,t2_flair,flair,lesion,0.0,pre,12,0.7261869466462958,0.06980867779345004,0.039497977737503825,0.7155994737439779,0.6066238752124811,0.8338246876108426,12,13.851823425651782,2.9729439188021107,1.6821013723699383,13.810743190981585,9.517346351568538,19.539978726327604,12,0.18687610824902853,0.06761420051540873,0.03825633533124031,0.18804293870925903,0.08779934793710709,0.309283047914505,12,0.11617180742381768,0.04502961877943362,0.025477905273335988,0.12401276800386851,0.04477274150121957,0.18960598962647573,12
pix2pix-2D-T2+FLAIR,pix2pix,GAN,2D,t2_flair,flair,lesion,0.0,pre,12,0.7255203269307433,0.07637333953955178,0.04321228477922949,0.7017387351766854,0.5726528835489331,0.8433525166965348,12,14.046638925884215,3.0071437905899776,1.7014517714492547,14.892464761332082,8.729253277654653,18.59662001766892,12,0.18322323014338812,0.07286175786413306,0.04122542040615682,0.16124173998832703,0.09078557044267654,0.34211134910583496,12,0.11599225833380046,0.04493744703093065,0.025425754197202315,0.11937738800153752,0.04689706921289187,0.19502947160175868,12
pix2pix-2.5D-T2+FLAIR,pix2pix,GAN,2.5D,t2_flair,flair,lesion,0.0,pre,12,0.7240972990261919,0.08348290718683762,0.04723490135831219,0.7254268168141336,0.5337891624077573,0.847738349170256,12,14.343040420943462,3.409725525872276,1.9292338312205948,14.545083735871401,8.64374038292523,20.272234506100485,12,0.17766311392188072,0.07885965081713094,0.04461904781492103,0.17355898022651672,0.07960178703069687,0.3444422781467438,12,0.10860150666584346,0.04385694782194843,0.024814404218220554,0.11535937474695686,0.044115166422367715,0.18193020139421737,12
SwinPix2Pix-2D-T2+FLAIR,SwinPix2Pix,GAN,2D,t2_flair,flair,lesion,0.0,pre,12,0.7239545658482646,0.06782036838747574,0.03837298578614773,0.7088055344459668,0.6160226536108021,0.8347863243534795,12,14.24981087634628,3.369743760582764,1.9066120179270702,13.853568815137777,9.485770936362645,20.35411439010579,12,0.17957408726215363,0.07383990100599493,0.04177885698829156,0.18679533898830414,0.072300486266613,0.3092126250267029,12,0.10716669601520112,0.04618800677536593,0.026133324982187983,0.11063204927193243,0.04001045596840627,0.183025917836598,12
CycleGAN-2.5D-T2+FLAIR,CycleGAN,GAN,2.5D,t2_flair,flair,lesion,0.0,pre,12,0.722356208657601,0.07438793895538255,0.04208893864874453,0.7169290019109362,0.5711345556590955,0.8261486140217364,12,13.044927179721514,2.1623876251610152,1.2234859759294472,13.347672177080756,8.896954026286712,16.46489533417762,12,0.2045587096363306,0.05720272646958737,0.03236548933508487,0.20026995241641998,0.10908365994691849,0.3321230411529541,12,0.12513595847965864,0.045463917341732565,0.02572363281735091,0.13465069209042987,0.05041545881942425,0.19790839297430857,12
CycleGAN-3D-T2+FLAIR,CycleGAN,GAN,3D,t2_flair,flair,lesion,0.0,pre,12,0.7210468048032278,0.06460775857962346,0.036555280671530285,0.7094084858907781,0.6120107973602366,0.8173654708957478,12,13.636728839079874,2.05560158016926,1.1630660831441955,13.923643822298768,11.104027519293666,17.671984372390405,12,0.18641707797845206,0.04562614343118767,0.025815420868239063,0.18230246007442474,0.11892445385456085,0.25101011991500854,12,0.09645124514919151,0.030067693137420585,0.01701239891226482,0.10846241919023003,0.04733456879415933,0.1453521703806473,12
CUT-2.5D-T2+FLAIR,CUT,GAN,2.5D,t2_flair,flair,lesion,0.0,pre,12,0.7170274285984303,0.0773375764523386,0.04375785317156634,0.7152069457699807,0.566357650802099,0.8261845772475379,12,13.397745622008932,2.918467472360128,1.6512784211725209,13.383202252477172,9.029756895975185,18.020002056912833,12,0.19903680371741453,0.07071428222547244,0.04001037168085913,0.19486188888549805,0.08341629803180695,0.3266966640949249,12,0.11771683692176264,0.04797887694626832,0.027146605169937065,0.1157943136108765,0.039494668757210354,0.20574015166078294,12
CUT-2D-T2+FLAIR,CUT,GAN,2D,t2_flair,flair,lesion,0.0,pre,12,0.7159766802640712,0.06991873586892941,0.03956024895581824,0.7084824710618953,0.5842505426332291,0.8216860244262358,12,13.637424608727061,3.214286569580818,1.8186538318760823,13.445497047594289,8.398803459549745,18.112115759620217,12,0.19715142933030924,0.07982442110938387,0.04516491799510065,0.19732334464788437,0.09082017093896866,0.35689130425453186,12,0.11112625572117206,0.046127774966338686,0.02609924562805544,0.10797802823107784,0.04200544977876624,0.19560715343270982,12
SwinPix2Pix-2.5D-T2+FLAIR,SwinPix2Pix,GAN,2.5D,t2_flair,flair,lesion,0.0,pre,12,0.7073723939553148,0.07896349582626892,0.04467780366002125,0.6924936045722394,0.5382968337725803,0.8237226892037754,12,13.675203153069761,3.4484715803537274,1.9511564753057988,12.836826209885665,8.334981343449478,19.89434347840399,12,0.1930129968871673,0.08068102644517501,0.04564958808988477,0.20453628152608871,0.07950497418642044,0.347299188375473,12,0.10900552852187716,0.04732957448645077,0.02677922771897514,0.11153564350736023,0.041742763069036994,0.19772120458739145,12
ResViT-3D-T2+FLAIR,ResViT,ResViT,3D,t2_flair,flair,lesion,0.0,pre,12,0.7064874029057435,0.08065274242014141,0.04563358489620719,0.6809735008441606,0.5946939672090493,0.8183863267467064,12,14.36102623335354,3.9373621460908397,2.227772353043737,15.330756314067646,8.189424439615951,19.880794812910207,12,0.17352904006838799,0.08720224412632169,0.04933931433786586,0.13645760715007782,0.08279357105493546,0.3379477560520172,12,0.11080927793580775,0.04102312970859348,0.02321102068065223,0.12889812442661036,0.056515227537602186,0.17238571353513618,12
SwinPix2Pix-3D-T2+FLAIR,SwinPix2Pix,GAN,3D,t2_flair,flair,lesion,0.0,pre,12,0.7055011753043812,0.06596395388426868,0.03732262040125669,0.6833533869650009,0.6020918850956222,0.8073342725704266,12,13.66730775982616,2.3177102794201345,1.3113680406522419,14.007010874767039,10.06205298536748,17.707912582883313,12,0.18531615907947221,0.05313602153987118,0.030064534412916174,0.17263422906398773,0.1159166693687439,0.2830215394496918,12,0.10584863040806337,0.04026356860176589,0.02278125852734921,0.11672249659022782,0.039762011427870565,0.15814737230539322,12
pix2pix-3D-T2+FLAIR,pix2pix,GAN,3D,t2_flair,flair,lesion,0.0,pre,12,0.7054383007862972,0.07567387123850561,0.04281652333156885,0.6971894967316364,0.5420510976978689,0.8132395791182057,12,13.750641689863826,2.078388202432958,1.1759588283921065,14.184601386012217,10.816460090939419,17.3129256207897,12,0.18185272626578808,0.045371091913297065,0.02567111188697793,0.17181116342544556,0.12003056704998016,0.25345250964164734,12,0.11035863785404217,0.03934854262052512,0.02226353384069605,0.11737227580469692,0.04790283586172497,0.1630155337708337,12
ResViT-2.5D-T2+FLAIR,ResViT,ResViT,2.5D,t2_flair,flair,lesion,0.0,pre,12,0.698505770957833,0.07484342552317501,0.042346654435421224,0.6864998750760178,0.601871125986639,0.8312778405452745,12,14.351330854298189,3.536539602264975,2.000985649540106,14.91617829105674,9.70331929476188,20.760288605544407,12,0.16734842459360758,0.07338175626102866,0.04151963719629415,0.14072400331497192,0.06439954787492752,0.29763880372047424,12,0.11148181628928162,0.03796000148282494,0.02147789273305662,0.11199483970024934,0.04962219833396375,0.17849532000977417,12
SynDiff-2D-T2+FLAIR,SynDiff,SynDiff,2D,t2_flair,flair,lesion,0.0,pre,12,0.6982332319049672,0.06351438799185306,0.03593664802442049,0.714785393711963,0.5957884858581219,0.7960914690401665,12,13.997396618944995,2.7851489431675684,1.5758463622295775,13.962298360362777,9.9089956737016,18.809732183146153,12,0.16889234073460102,0.058821607203095524,0.03328145733781616,0.15887590497732162,0.08519985526800156,0.2807089686393738,12,0.09870493112302152,0.027935762993252764,0.01580614587848863,0.09678880883277291,0.05126801218070528,0.13941011739273865,12
CUT-3D-T2+FLAIR,CUT,GAN,3D,t2_flair,flair,lesion,0.0,pre,12,0.6968197071311614,0.051759863707245,0.02928589981970432,0.7030290069341245,0.6112369367341153,0.7710596033758331,12,14.295637389670631,2.1806591784055347,1.2338240803899985,14.480304190511891,10.680448507669931,18.494274194299635,12,0.16454666604598364,0.046717228085600054,0.02643276012679405,0.15680419653654099,0.09360601007938385,0.26391687989234924,12,0.08785152644021656,0.026065244668291677,0.014747800505217025,0.08627431228411704,0.051625704931977545,0.14135011374310125,12
SynDiff-3D+3D-refine-T2+FLAIR,SynDiff,SynDiff,3D+3D-refine,t2_flair,flair,lesion,0.0,pre,12,0.6941175649309912,0.05935466862053593,0.0335830652276129,0.7276108710394663,0.5977657029534164,0.763500200341767,12,14.459040389929875,2.93503937627766,1.6606548584965373,14.156409740898713,9.896829595638142,19.194277219584105,12,0.16090855995814005,0.0605008259157083,0.0342315647660563,0.15266790241003036,0.0785011574625969,0.28251832723617554,12,0.09367508636085609,0.027090180608799978,0.015327712605548521,0.09288083262953574,0.05329862114434179,0.13812372038761775,12
SynDiff-2.5D-T2+FLAIR,SynDiff,SynDiff,2.5D,t2_flair,flair,lesion,0.0,pre,12,0.6843605284645476,0.06297109464391969,0.03562925087495579,0.6854196796369884,0.5793953513918066,0.7791994562717225,12,13.68700076222098,2.4325545019237613,1.3763472765740372,13.579164898560286,10.734043358915347,18.239317789885824,12,0.1763984151184559,0.05098253367688647,0.028846083951473173,0.16406423598527908,0.09519321471452713,0.25224733352661133,12,0.0989386081898845,0.0274434819991456,0.015527611685313214,0.10519465653314478,0.05953640435986659,0.13636547817538183,12
SynDiff-3D-T2+FLAIR,SynDiff,SynDiff,3D,t2_flair,flair,lesion,0.0,pre,12,0.6723237390289832,0.039022989913773405,0.022079335056675104,0.6756771500641863,0.6083476140631872,0.7378722941702807,12,13.80987777509849,2.7391965512172147,1.5498463488843826,14.672301881130654,9.65337841008241,17.983591693135384,12,0.17325027969976267,0.06255787459631244,0.035395449623349604,0.1443992480635643,0.09309956431388855,0.2865268290042877,12,0.10803033658408197,0.023036178899067228,0.013033945206707304,0.10391855884032944,0.07104176758347373,0.14896649441992244,12
ResViT-2D+3D-refine-T2+FLAIR,ResViT,ResViT,2D+3D-refine,t2_flair,t2,lesion,5.0,all,20,0.667356082721337,0.057988746465219405,0.02541468868914132,0.6606415500185026,0.5211830883207859,0.7665456607047819,20,15.644272983206955,2.510753223824956,1.1003861171070717,15.404508981695962,11.924892224381633,19.97659843771443,20,0.11824918016791344,0.03675683709421742,0.016109394130588973,0.11901307106018066,0.05571822077035904,0.18746943771839142,20,0.15443222072268697,0.024070487947688325,0.010549356471313618,0.15456870382731897,0.10807229075184528,0.21082280419374766,20
ResViT-2.5D-T2+FLAIR,ResViT,ResViT,2.5D,t2_flair,t2,lesion,5.0,all,20,0.6567089665290415,0.06128630532661483,0.026859907580823166,0.6448841039628548,0.4941435482157927,0.7384989416927127,20,15.521250198310232,2.626950943082185,1.1513120129286336,14.979232251448703,11.473643018933144,20.302711194310078,20,0.12105254922062159,0.0400569830994773,0.017555746888062326,0.11848745122551918,0.06110570207238197,0.20004257559776306,20,0.13892870600965423,0.029491010706234076,0.012925005314205441,0.13406941432238015,0.08171807821998571,0.2018279464621293,20
SwinPix2Pix-2D+3D-post-T2+FLAIR,SwinPix2Pix,GAN,2D+3D-post,t2_flair,t2,lesion,5.0,all,20,0.6546459217398232,0.04683316891182675,0.020525541260560592,0.6497720000810767,0.5395641849230196,0.7490159071521857,20,15.320349084380524,2.6341341656629687,1.1544601990303096,14.870813980347968,10.522858777071377,20.387322193698147,20,0.1236715855076909,0.041617040894037,0.018239472362445247,0.12218431383371353,0.061380784958601,0.22190581262111664,20,0.19081594366018084,0.03204229946684815,0.014043156913602434,0.18633530066140874,0.12462823228402571,0.24612823087954894,20
pix2pix-2D+3D-post-T2+FLAIR,pix2pix,GAN,2D+3D-post,t2_flair,t2,lesion,5.0,all,20,0.6531489497258784,0.04321564099600215,0.018940089747824355,0.6478088347853654,0.5458567148563702,0.7346012359256381,20,15.10458212922948,2.53883121600807,1.1126918397489294,14.40509533569287,10.32837875087672,20.281394692630123,20,0.12700710482895375,0.038605235228210216,0.016919490330498936,0.13319510221481323,0.0623989999294281,0.22318969666957855,20,0.20159777620601896,0.0316002365076648,0.013849414279496973,0.2029726901948137,0.12113054316829551,0.25907093528076075,20
ResViT-2D+3D-refine-T2,ResViT,ResViT,2D+3D-refine,t2,t2,lesion,5.0,all,30,0.6511878913478422,0.060733146204891654,0.021733077254256574,0.650543555082447,0.4977405102866887,0.7727967411959522,30,15.024657099609076,2.622404091127982,0.9384152520616909,14.802362834319919,11.095364424087318,20.85254500877124,30,0.12859555731217068,0.041542700591061306,0.014865864486092884,0.12192565202713013,0.057441968470811844,0.20597845315933228,30,0.1370347795806504,0.02729226737527295,0.009766412451440882,0.1328812921536447,0.08117931852625175,0.2005483974516392,30
CycleGAN-2D+3D-post-T2+FLAIR,CycleGAN,GAN,2D+3D-post,t2_flair,t2,lesion,5.0,all,20,0.6503924638749278,0.04589483104396096,0.02011429655791221,0.6424096852209789,0.555592405269785,0.7439509697000994,20,15.095615816496078,2.575154749721492,1.1286113302999077,14.242022762248215,10.530370201438721,20.4032625760859,20,0.12800615858286618,0.04065682452860798,0.017818638985468663,0.13487711548805237,0.0619254969060421,0.22023627161979675,20,0.20336101433527234,0.03236900474157855,0.014186341813371799,0.1997020011061324,0.13003725693984466,0.2558465620386414,20
ResViT-2.5D-T2,ResViT,ResViT,2.5D,t2,t2,lesion,5.0,all,30,0.650039475923237,0.06382870102389072,0.022840807319798186,0.6489319263034223,0.4793245506068402,0.7863297867869384,30,15.333823735751967,2.6538289346558654,0.9496604878970017,14.868723892967857,11.076042365397154,21.833860049047793,30,0.1236450880765915,0.040069056787476465,0.014338527823498143,0.11883872747421265,0.05067938193678856,0.2087593376636505,30,0.1197661267563316,0.029827978498567713,0.010673805023383814,0.11946858652402884,0.06164404184348562,0.1859570291231979,30
CUT-2D+3D-post-T2+FLAIR,CUT,GAN,2D+3D-post,t2_flair,t2,lesion,5.0,all,20,0.6471276473367649,0.04396470744147646,0.019268382592206316,0.6438196127665046,0.5505872688114009,0.7374625080561267,20,15.01135933283689,2.6581932838084956,1.1650045724661207,14.126985865009562,10.45846609273511,20.617084787376825,20,0.13042007070034742,0.04221155568903436,0.018500029959512967,0.1336612105369568,0.0597849003970623,0.2216571867465973,20,0.19252150987956418,0.02921517173915747,0.012804113556685023,0.19181375176132842,0.12090926007790999,0.23862955102231354,20
ResViT-2D-T2,ResViT,ResViT,2D,t2,t2,lesion,5.0,all,30,0.6451233660219751,0.061657436032473464,0.022063830121239466,0.6441915489466612,0.4908904324433176,0.7766733006976869,30,15.093791348482256,2.421747945983409,0.8666113726898514,14.740064029304028,11.25047756103158,20.555736376730493,30,0.12695730353395143,0.0382719425647282,0.013695438757999254,0.1231062114238739,0.055527880787849426,0.2007722556591034,30,0.12677837792973978,0.02898496094171064,0.01037213506497165,0.12882377205619094,0.06291291865548401,0.1820724806189537,30
SwinPix2Pix-2D+3D-post-T2,SwinPix2Pix,GAN,2D+3D-post,t2,t2,lesion,5.0,all,30,0.6426321645603418,0.06082874861673964,0.021767288137970322,0.637979198726013,0.5204499543230032,0.7924675381309443,30,14.838563565473795,2.7845055827352083,0.9964225258532522,14.146816472196335,10.502429746350291,21.26582727780937,30,0.1325102483232816,0.04345625960430461,0.01555062278471773,0.1346690133213997,0.055992595851421356,0.22128640115261078,30,0.20018898596250104,0.03864746797980103,0.013829818801957149,0.19627821488457062,0.12198709577999332,0.2838554069256553,30
ResViT-2D-T2+FLAIR,ResViT,ResViT,2D,t2_flair,t2,lesion,5.0,all,20,0.6423314368002695,0.05697157758521199,0.024968894772123714,0.6508405715051554,0.5107358633547939,0.7176835315045015,20,15.065070195960132,2.38850383013797,1.0468079580265939,14.459391047197872,11.676701134773639,19.626639743921217,20,0.12650952711701394,0.03807783547607212,0.01668834719786786,0.12881649285554886,0.06617651879787445,0.19545820355415344,20,0.14456254982927205,0.025152792392378505,0.011023697308206386,0.1411301805729684,0.10025028355340375,0.1928357342094706,20
pix2pix-2D+3D-post-T2,pix2pix,GAN,2D+3D-post,t2,t2,lesion,5.0,all,30,0.6423208703027145,0.0579250623065554,0.020728217336525846,0.6362980412068955,0.5419812447400432,0.793786731794719,30,14.793979373862793,2.637837990090859,0.9439382018750102,14.097332410308752,10.362900125463863,21.155168157902104,30,0.13436650310953457,0.041053995244012195,0.014690983523625453,0.142104834318161,0.05680159106850624,0.22368484735488892,30,0.20914871464690182,0.036479429189729115,0.013053996084722998,0.2106236185724542,0.12152080695060166,0.280152943271857,30
CUT-2D+3D-post-T2,CUT,GAN,2D+3D-post,t2,t2,lesion,5.0,all,30,0.6404325508547396,0.05909191663975373,0.021145770797074557,0.6299118499832749,0.5389501068146395,0.7928383468005803,30,14.833110410751464,2.7095737539094666,0.9696085152769088,14.16882766182672,10.447595661340639,21.49240541709967,30,0.13357833189268906,0.041387760955650936,0.014810420049627172,0.13968680053949356,0.05565888434648514,0.22240234911441803,30,0.21209469394718772,0.03427302474506349,0.012264444394311957,0.21150716170870437,0.13064738109030508,0.2772678594606427,30
SynDiff-2.5D-T2,SynDiff,SynDiff,2.5D,t2,t2,lesion,5.0,all,30,0.6372958577442972,0.06875419865803425,0.02460337401175523,0.6392516170632013,0.47381895720555245,0.7634934368830636,30,14.606580306723966,2.6743163839463766,0.9569918274701438,13.85339478305783,10.356463904665116,20.67550807154482,30,0.13516700603067874,0.043799529609495284,0.015673460378487523,0.13907907903194427,0.0607646144926548,0.22661879658699036,30,0.12928414076513065,0.026976473143954065,0.009653406937078952,0.13070844787155061,0.07128537168668544,0.18681966182450133,30
SwinPix2Pix-2D-T2+FLAIR,SwinPix2Pix,GAN,2D,t2_flair,t2,lesion,5.0,all,20,0.637238901590983,0.046098145129709375,0.02020340288474948,0.620984990969636,0.5450049323433915,0.7159161703086158,20,14.944969432488358,2.9576328294259797,1.29623973957998,13.832811047310981,10.372744076234202,21.070691728056012,20,0.132732623629272,0.04706904285552351,0.02062891757431707,0.14000381529331207,0.05826254561543465,0.22589252889156342,20,0.19517075985543178,0.030187002003624532,0.013230036949337253,0.19431579381025216,0.128506464375691,0.24910625716438517,20
SynDiff-2D-T2+FLAIR,SynDiff,SynDiff,2D,t2_flair,t2,lesion,5.0,all,20,0.6368063841215298,0.06101078924918827,0.02673915733593127,0.6383085276696494,0.47815402681877034,0.7391734728928528,20,14.714730711959794,2.2665331387591814,0.9933519456182126,14.184733254735523,11.52819118680316,18.82920912345067,20,0.13094840180128814,0.03838107518691658,0.01682124786082528,0.13515614718198776,0.06132861599326134,0.19691422581672668,20,0.13985318627861015,0.02744435364025719,0.01202801830627914,0.13560031680509332,0.10569335597547445,0.2127951756547604,20
SynDiff-2D-T2,SynDiff,SynDiff,2D,t2,t2,lesion,5.0,all,30,0.6359907190131486,0.06247989059439643,0.022358141706417114,0.6394385636080746,0.4833019283495877,0.7562655664762709,30,14.522075666296319,2.444979382915742,0.8749246356299017,13.597289567981553,10.849840637931278,19.91444108063487,30,0.1352129136522611,0.04114011787111139,0.014721802109933691,0.1346588432788849,0.06482070684432983,0.2131737917661667,30,0.1340012492442229,0.025752913513683764,0.00921556174657716,0.13412957583307564,0.0735515266587134,0.1857563952084795,30
CycleGAN-2D-T2+FLAIR,CycleGAN,GAN,2D,t2_flair,t2,lesion,5.0,all,20,0.6328573618063003,0.04743523092644227,0.020789406572465346,0.6262949032501726,0.5544617673824235,0.7059518293565572,20,14.838854766328188,2.8709757343651283,1.25826059314339,13.806595450294187,10.305361182632796,20.70413157447311,20,0.13591208644211292,0.04605344747660315,0.020183813274556556,0.14406608045101166,0.060749612748622894,0.2275572270154953,20,0.20035377076215033,0.030573401972879957,0.013399384202498008,0.19744832353556857,0.13164339350028473,0.25350741410511546,20
SynDiff-2.5D-T2+FLAIR,SynDiff,SynDiff,2.5D,t2_flair,t2,lesion,5.0,all,20,0.6325856928885656,0.061800755695603705,0.027085375396060526,0.6235217205937749,0.4764998253430223,0.7472987594322075,20,14.65367755301799,2.4723165712598942,1.08354051138632,13.510351294939525,11.212863806875548,19.0878308764722,20,0.13404631055891514,0.040345805789866386,0.017682329013216584,0.13882258534431458,0.06679058820009232,0.20253655314445496,20,0.12747677426929374,0.03104935295100252,0.013607978915741763,0.12138496721817499,0.08560398213541537,0.19906684619590206,20
CycleGAN-2.5D-T2+FLAIR,CycleGAN,GAN,2.5D,t2_flair,t2,lesion,5.0,all,20,0.6313968582485046,0.04550111609126132,0.019941743371905286,0.6220242438719155,0.5605803362703214,0.7124458427911845,20,14.573651957264094,2.8318754861030264,1.241124153785359,13.525075742158428,10.215859982209494,20.703581745094873,20,0.13954423759132623,0.04665799573652001,0.020448768231507805,0.1491399183869362,0.05842522159218788,0.2311093509197235,20,0.20647131980134797,0.03057827288798773,0.013401518975167555,0.20334366030736073,0.13140434653244235,0.25721542356768623,20
pix2pix-2D-T2+FLAIR,pix2pix,GAN,2D,t2_flair,t2,lesion,5.0,all,20,0.6292476664127686,0.055560582944402914,0.024350499105307264,0.6240352930687285,0.5430692035387604,0.7223240393506611,20,14.82672285173491,2.8408597014500323,1.2450616597684778,13.527659816108537,10.303459246168776,20.77534217057544,20,0.13798003662377595,0.04625102059061451,0.020270403509593877,0.14931858330965042,0.059250447899103165,0.22902058064937592,20,0.21156940734268148,0.034287646285014836,0.015027223544825214,0.21394746394997294,0.1285513253374533,0.2734210402122699,20
CycleGAN-2D+3D-post-T2,CycleGAN,GAN,2D+3D-post,t2,t2,lesion,5.0,all,30,0.6287465745733091,0.05670650026651113,0.020292160510718693,0.6237622256799396,0.5242360783546393,0.7794692498630202,30,14.54825727569904,2.6177662941038258,0.936755637710814,13.558506144107831,10.625690351273471,20.80524255690001,30,0.13681246886650722,0.0421404090874613,0.015079751724602854,0.14364533126354218,0.060240160673856735,0.21779616177082062,30,0.20499451367415053,0.03890093959211172,0.013920522453526998,0.20072968489473592,0.12385958551683209,0.2854204944406564,30
pix2pix-2.5D-T2+FLAIR,pix2pix,GAN,2.5D,t2_flair,t2,lesion,5.0,all,20,0.6277473201400345,0.05959652691850035,0.026119329540881916,0.6284524148199071,0.5109896643217923,0.7369030875377987,20,14.998185157826999,2.8520846370178616,1.2499812046871313,14.052439860554305,10.604081290299188,21.10854614034551,20,0.1345604257658124,0.04609619423758687,0.02020254786857855,0.14308539032936096,0.05895427241921425,0.2210228592157364,20,0.203914799204501,0.03391556847645126,0.014864153255343222,0.20197398141574335,0.11968542974103581,0.26306218846002594,20
SynDiff-3D+3D-refine-T2,SynDiff,SynDiff,3D+3D-refine,t2,t2,lesion,5.0,all,30,0.6275621178445074,0.05511153071076556,0.01972140798529768,0.6349744259136831,0.4801241616583652,0.7505867327892166,30,14.698380088633828,2.301030193518402,0.8234130797604643,13.999151991531232,11.02995991315796,19.602949817487247,30,0.1326647652933995,0.03850699937576293,0.013779552757562567,0.13203534483909607,0.05794352665543556,0.21022580564022064,30,0.13951014211723373,0.024321125313899794,0.008703202919444116,0.1412838173380085,0.08855324304507424,0.19192741818439502,30
SwinPix2Pix-2.5D-T2,SwinPix2Pix,GAN,2.5D,t2,t2,lesion,5.0,all,30,0.6274360558884566,0.06259967503138128,0.022401006016691222,0.6125323702374015,0.525629080975607,0.7998570970686087,30,14.639190537423891,2.998686593496158,1.0730662162288311,13.921253619439403,10.286905277968955,21.80814567485549,30,0.14016013368964195,0.047725684014863726,0.01707841668877233,0.14638244360685349,0.0517902709543705,0.22753414511680603,30,0.19922961839704906,0.038820493794015094,0.013891735294387964,0.19624370638877353,0.11771602000951917,0.28026059757058436,30
SwinPix2Pix-2D-T2,SwinPix2Pix,GAN,2D,t2,t2,lesion,5.0,all,30,0.6272436815531817,0.06280524995374524,0.022474570057885484,0.6223508556455597,0.5190813407219127,0.7928904718410678,30,14.631674424844745,2.971470496942282,1.0633270611557641,13.823031792345802,10.264688097831094,21.56032316107689,30,0.13965885502596695,0.04683770920544665,0.01676065898414446,0.1434188112616539,0.054519880563020706,0.22650249302387238,30,0.20407106493288826,0.037074210824534756,0.013266835959262596,0.20310302948235986,0.12260337696817422,0.2798430524909726,30
pix2pix-2.5D-T2,pix2pix,GAN,2.5D,t2,t2,lesion,5.0,all,30,0.6259620083219338,0.06422435978193934,0.02298239198801189,0.6147487396059943,0.5315590000518469,0.7957003098989619,30,14.523972805066787,2.9278341823234935,1.0477120065116035,13.594711629646607,10.212242530052503,21.27889393238986,30,0.14367841159303982,0.047415269369812066,0.016967336234632823,0.14875509589910507,0.055382758378982544,0.2308216392993927,30,0.21694619519753314,0.03772717307952831,0.013500495501352076,0.2231613155707245,0.1285145129620043,0.2722205718835959,30
SwinPix2Pix-2.5D-T2+FLAIR,SwinPix2Pix,GAN,2.5D,t2_flair,t2,lesion,5.0,all,20,0.6252190547031495,0.05610486050815668,0.02458903926501882,0.6095159253022614,0.5214856982259367,0.734064366559131,20,14.720866548685915,3.0176776465500534,1.3225555409660306,13.888782577509392,10.418650729167318,21.161150256517217,20,0.1368837332352996,0.048068841544918285,0.021067098669644246,0.1480007916688919,0.05650052800774574,0.22549286484718323,20,0.1922834844344978,0.0324275157479866,0.014211985392572823,0.19117669950050492,0.12413240427320654,0.24016347964061424,20
ResViT-3D-T2,ResViT,ResViT,3D,t2,t2,lesion,5.0,all,30,0.6250083227433803,0.06546868629869498,0.02342766851340277,0.6156265072946332,0.4494649413390432,0.7501183559115937,30,14.579101185466715,2.5421213424034454,0.9096864393911249,14.199308178896171,10.64101136016909,21.01411002879005,30,0.1336282979696989,0.041902383376157336,0.014994575317722556,0.1260242760181427,0.05506529286503792,0.22105474770069122,30,0.12281119827797535,0.026156167212321734,0.009359864229376213,0.11765932505402495,0.07456787218424407,0.18296596170826393,30
CUT-2.5D-T2+FLAIR,CUT,GAN,2.5D,t2_flair,t2,lesion,5.0,all,20,0.6248658540117299,0.05073075582539143,0.022233734040801662,0.6216535665173932,0.5414448511287092,0.7104112449263281,20,14.78958371623069,2.7287150726272533,1.1959121091500715,13.652963451211303,10.583942236738022,20.27986471126723,20,0.13833196312189103,0.04509779332348991,0.01976497937528568,0.14403694868087769,0.06452213227748871,0.22180046141147614,20,0.20578503932514297,0.03298817751918534,0.014457706247798845,0.20655165898942335,0.12559480626474728,0.26189502855413593,20
CycleGAN-2.5D-T2,CycleGAN,GAN,2.5D,t2,t2,lesion,5.0,all,30,0.6232765109915523,0.05985119637803727,0.02141747556194937,0.6091716484082393,0.5242917397702271,0.7825362754322452,30,14.425535973078041,2.8179287834845494,1.008382864636285,13.396133915713328,10.342236173357923,21.08072932742923,30,0.14283902583022912,0.0454535729054194,0.016265352170342504,0.15113401412963867,0.057954028248786926,0.22682255506515503,30,0.21781975970649795,0.035260903127551285,0.012617952133430008,0.22410646744295865,0.13214695758440279,0.27022628418635575,30
pix2pix-2D-T2,pix2pix,GAN,2D,t2,t2,lesion,5.0,all,30,0.6230183743297327,0.06586983580794446,0.0235712180216995,0.6151038543500055,0.529489535745281,0.7922470252983459,30,14.495629171437917,2.961339915014777,1.059701878970763,13.43686114346118,10.213557680394572,21.36912588435715,30,0.14475417708357174,0.04787201270987582,0.017130779739790363,0.15144921094179153,0.05517159402370453,0.23134812712669373,30,0.21748235678927783,0.03952584677406438,0.01414414261666327,0.22315281642759255,0.1209479717707092,0.28089054064968455,30
CUT-2D-T2,CUT,GAN,2D,t2,t2,lesion,5.0,all,30,0.621361680712342,0.06436749924962477,0.02303361378868801,0.6084151163558824,0.5295223086876364,0.7909682946906353,30,14.487992679378587,2.967346374601146,1.0618512629294787,13.602866765106917,10.287325636193305,21.773572169505492,30,0.14481855345269043,0.04711796350067095,0.016860946695708073,0.15250743180513382,0.053758662194013596,0.2297784984111786,30,0.21229748060322143,0.03555445975344277,0.012723000022888512,0.21886105876669704,0.12601755443836526,0.2728179580746935,30
ResViT-3D-T2+FLAIR,ResViT,ResViT,3D,t2_flair,t2,lesion,5.0,all,20,0.6206277340084922,0.06145234830379841,0.026932679124120278,0.6313128428621504,0.45027382964287316,0.6963285579188934,20,14.688206770708366,2.523655807451069,1.1060409237054512,14.223036409643917,10.649353091221545,20.036494883594923,20,0.13354691583663225,0.04525037348872702,0.019831850581097394,0.12517866492271423,0.0593058280646801,0.22168989479541779,20,0.12422389050715632,0.029621354833926007,0.012982131146882906,0.121967113422803,0.08151474776380557,0.1983354373982078,20
SynDiff-3D-T2+FLAIR,SynDiff,SynDiff,3D,t2_flair,t2,lesion,5.0,all,20,0.6177320865948813,0.049750084670869756,0.021803935957245262,0.6245718227159772,0.48841162020192197,0.707182769378123,20,14.40420014923723,2.174093153527203,0.9528383358179275,14.150764900049975,10.48423915290973,18.53522313337683,20,0.13684900254011154,0.041549488349598616,0.018209866154487456,0.1287810280919075,0.07628614455461502,0.2245829701423645,20,0.14654834049178062,0.02686246093728662,0.011772992584946296,0.1495076560551811,0.09692506137071177,0.2111750045721219,20
CUT-2.5D-T2,CUT,GAN,2.5D,t2,t2,lesion,5.0,all,30,0.6172007275582128,0.06371201622677887,0.022799052201407415,0.6082232469580466,0.525983203819839,0.785340465367365,30,14.447111118253195,2.8324533673074317,1.0135804202057541,13.495513467439714,10.308534550055787,21.24877163647593,30,0.1450554686288039,0.04556852878532575,0.01630648860365698,0.15000611543655396,0.055870525538921356,0.22790957987308502,30,0.21468680161964915,0.03718597939618624,0.013306831828966177,0.2213757733951729,0.12081475759317861,0.2667173037950236,30
CUT-2D-T2+FLAIR,CUT,GAN,2D,t2_flair,t2,lesion,5.0,all,20,0.6142893973014578,0.054429822294142456,0.02385492139997547,0.6099877715690056,0.5365678092043037,0.7232322383594839,20,14.54189105770468,2.9115852838367524,1.2760585129216115,13.363888614522072,9.952152816674994,20.53193956776688,20,0.14436999000608922,0.049382097559241694,0.02164265849474221,0.15763326734304428,0.06089693307876587,0.24169091880321503,20,0.16825221824453518,0.028272863185525875,0.012391128624271872,0.1684216316854516,0.11928808892315085,0.22043579478155484,20
SwinPix2Pix-3D-T2+FLAIR,SwinPix2Pix,GAN,3D,t2_flair,t2,lesion,5.0,all,20,0.6140627974593553,0.04612039582007863,0.020213154679767024,0.6093302889513807,0.5346312555734443,0.7056230229427263,20,14.458955142704216,2.4299375206395935,1.064967073536576,13.644240259824405,10.620754853416056,19.76087483946957,20,0.1369327947497368,0.041447518768619476,0.018165176015204978,0.1327091082930565,0.066072016954422,0.21769073605537415,20,0.18371817356879278,0.02926164151795681,0.012824479835206785,0.18485285231176227,0.12149529345333576,0.23105626902543008,20
SynDiff-3D+3D-refine-T2+FLAIR,SynDiff,SynDiff,3D+3D-refine,t2_flair,t2,lesion,5.0,all,20,0.6114609797034836,0.05054433986894802,0.022152033645664832,0.6212477082985637,0.47828297559713595,0.6994899996251197,20,14.432425680458556,2.1094578916880544,0.924510683331624,13.783605581632377,11.394310127776405,18.313109024251546,20,0.13497558683156968,0.037763110642166094,0.016550412957794906,0.13931450992822647,0.07201333343982697,0.19857358932495117,20,0.15271128132919431,0.02703705559671942,0.01184951206823833,0.14640710762172354,0.11799417232925241,0.20719550000993828,20
SynDiff-3D-T2,SynDiff,SynDiff,3D,t2,t2,lesion,5.0,all,30,0.6064478514857687,0.05559351081097525,0.019893882349091264,0.6006194923036356,0.5008120968388919,0.7330002824634533,30,14.148589235162701,1.958364538134877,0.70079174979171,13.571410982288864,10.705143423411096,18.36590263578344,30,0.1417682019372781,0.03553609996367564,0.012716430056497592,0.14987540245056152,0.0744023472070694,0.21736401319503784,30,0.14703654062173527,0.02267696338803079,0.008114847130450917,0.14181327477344727,0.11429650439295035,0.1929823510656553,30
pix2pix-3D-T2+FLAIR,pix2pix,GAN,3D,t2_flair,t2,lesion,5.0,all,20,0.6055990861231784,0.058253178834199434,0.025530581284629487,0.6086928434959289,0.4898312203082378,0.7171052455984709,20,14.535159016560073,2.5171427820235373,1.1031864644568028,13.301992300002617,10.253488717532553,20.10168682850486,20,0.13787303417921065,0.042182914059815106,0.01848747721204853,0.14331620931625366,0.06312683969736099,0.2279050499200821,20,0.1856841424011604,0.03018501069597018,0.01322916422027852,0.19103888891981768,0.12271251834251663,0.23052657843800262,20
CycleGAN-3D-T2+FLAIR,CycleGAN,GAN,3D,t2_flair,t2,lesion,5.0,all,20,0.6055345662894346,0.050521406123119686,0.022141982488393264,0.6038567234676038,0.5245823050263937,0.700403533362654,20,14.466913273178651,2.4623123967781795,1.0791559886031428,13.504366198615923,10.128282721353031,19.73581987659537,20,0.13895575441420077,0.04173567434799276,0.01829146576606558,0.14698580652475357,0.06640128791332245,0.231564000248909,20,0.15668285186926995,0.030002463928360847,0.013149159571914846,0.1532228159284963,0.10554047312554314,0.2347490055994554,20
SwinPix2Pix-3D-T2,SwinPix2Pix,GAN,3D,t2,t2,lesion,5.0,all,30,0.5983449833295045,0.059800128320644366,0.021399201092308025,0.5931068342359496,0.5069304756120009,0.749628862901431,30,14.212260066370733,2.5175409472265597,0.9008904579427544,13.217186737337556,10.366364375633822,19.88410004228297,30,0.1437145836651325,0.04237810833518123,0.015164811307989953,0.14583059400320053,0.06486041098833084,0.22470107674598694,30,0.1810701492406085,0.034372085996904604,0.012299893008021236,0.18030723530108367,0.11498459208418023,0.25259399750771433,30
CycleGAN-3D-T2,CycleGAN,GAN,3D,t2,t2,lesion,5.0,all,30,0.5979428134249086,0.05594330814987457,0.020019055719230613,0.5934988777995212,0.5063530329192715,0.7222254315276345,30,14.07986140289041,2.392565266916033,0.8561684851022764,13.379499902873562,10.119625539837578,20.232006861318403,30,0.1453402193884055,0.04076551171352245,0.014587751018041715,0.15005401521921158,0.06507469713687897,0.23505327105522156,30,0.15343865619478927,0.03329978527862628,0.011916175124025617,0.15068999942965233,0.09010528806624386,0.23505280370062048,30
CUT-3D-T2+FLAIR,CUT,GAN,3D,t2_flair,t2,lesion,5.0,all,20,0.5921218094137393,0.050244810821786376,0.022020759252769754,0.6008205875917244,0.5154824118174794,0.6864525632644721,20,14.47399101872584,2.4641810086653684,1.0799749438709934,13.572584960793698,9.843838537069601,19.925244599442685,20,0.14012647233903408,0.044178807999586074,0.019362216298989245,0.14989885687828064,0.06370903551578522,0.24782219529151917,20,0.14648919427007107,0.035015573061161695,0.015346251520630117,0.13581127984067973,0.10156999495742869,0.2395549670539119,20
CUT-3D-T2,CUT,GAN,3D,t2,t2,lesion,5.0,all,30,0.5915752240616489,0.060394197450190604,0.021611786000115048,0.5813956651217482,0.5049568772287896,0.742908531534492,30,14.225583383595149,2.4923722207594894,0.8918839448460224,13.421168648851658,9.897652481330926,20.19417985754483,30,0.1435137781004111,0.04319766494952726,0.015458085875945476,0.14931902289390564,0.06109537184238434,0.24351587891578674,30,0.14763604031007305,0.03282275330541616,0.011745471424738408,0.14361626867694444,0.07928739962993003,0.23123807392337106,30
pix2pix-3D-T2,pix2pix,GAN,3D,t2,t2,lesion,5.0,all,30,0.5915077141674856,0.05786400480600202,0.020706368190558638,0.5905145623301588,0.48628956783993027,0.7341086483329616,30,13.902831600342997,2.2838411021960052,0.8172620424277394,13.145487376877933,10.642888457174616,19.18284949426633,30,0.14731049636999766,0.04035543332246543,0.014441006350425181,0.14975615590810776,0.07103410363197327,0.219706192612648,30,0.1828111755460984,0.033482820825090756,0.011981673553139883,0.18346938399995436,0.11669045462011768,0.25911684047717315,30
CycleGAN-2D-T2,CycleGAN,GAN,2D,t2,t2,lesion,5.0,all,30,0.564618403768384,0.0788096771111281,0.02820168076359611,0.5475604306718242,0.4439347261968364,0.7791826912724793,30,13.184441249733913,3.273210240580782,1.1713032416923639,12.48491993075636,9.059009616363207,21.024622802812317,30,0.1720863559593757,0.05990203805932232,0.021435669023940895,0.1791192591190338,0.05899050831794739,0.2681068480014801,30,0.19445066144867987,0.040161491379036324,0.014371605117280337,0.18690299053639026,0.12665276679520807,0.2682483536614613,30
ResViT-2D+3D-refine-T2+FLAIR,ResViT,ResViT,2D+3D-refine,t2_flair,flair,lesion,5.0,all,20,0.635757418146034,0.06568113990273808,0.028786028757790467,0.6413712358152446,0.5171937167562523,0.7491650097631253,20,15.206504963720397,2.0365190067490238,0.8925438075659893,15.055075842855441,11.956174860825259,19.227263950258774,20,0.1303076546639204,0.03566836424836625,0.015632349872691746,0.12900728732347488,0.0762968510389328,0.20487716794013977,20,0.15501181333720152,0.03357148152607381,0.014713350500345165,0.14797471480613406,0.1116839927576837,0.223867953941226,20
ResViT-3D-T2+FLAIR,ResViT,ResViT,3D,t2_flair,flair,lesion,5.0,all,20,0.6252179458846227,0.06967289113792698,0.030535490871576088,0.627809142829644,0.47708758015826697,0.7445904697496717,20,14.741180253246075,2.5722524698297144,1.1273393500548696,14.87336241810949,9.655952930087391,19.32313592430915,20,0.13863564990460872,0.04709722979001755,0.020641271043031845,0.13836093991994858,0.07507854700088501,0.2626277804374695,20,0.17108888180553367,0.039848038796672015,0.017464173009803876,0.16836497447961435,0.10210347808897495,0.252105758106336,20
SwinPix2Pix-2D+3D-post-T2+FLAIR,SwinPix2Pix,GAN,2D+3D-post,t2_flair,flair,lesion,5.0,all,20,0.6217956673979919,0.05757712464852025,0.02523428747396171,0.6098696839743099,0.5358669973891731,0.767443827023059,20,14.796749386384382,2.217313813324074,0.971780625152214,14.466678294809803,11.532290217524437,19.01531919538889,20,0.13768136352300644,0.037976922917737806,0.01664412031918495,0.14782869815826416,0.07331396639347076,0.1974291205406189,20,0.20188239276404268,0.04546417469869124,0.019925553092771126,0.2010265588511137,0.13270014077425002,0.2821719360072166,20
pix2pix-2D+3D-post-T2+FLAIR,pix2pix,GAN,2D+3D-post,t2_flair,flair,lesion,5.0,all,20,0.6211078145932529,0.05781081143970015,0.025336705225864033,0.6088354432593197,0.5270343041565645,0.7640595572704507,20,15.045045445547245,2.216901151247667,0.9715997680231159,14.989049444038077,10.94571626879681,18.894645836956613,20,0.13313429653644562,0.03788862699372372,0.016605422924291548,0.1336485520005226,0.07177680730819702,0.19262516498565674,20,0.20851664001877412,0.04502496638110897,0.019733061560509264,0.2091183688465532,0.12932521663606167,0.298578119603917,20
CycleGAN-2D+3D-post-T2+FLAIR,CycleGAN,GAN,2D+3D-post,t2_flair,flair,lesion,5.0,all,20,0.6196037705581986,0.0571312848522182,0.025038889568006928,0.6082948082515922,0.5102191857088805,0.7614537459008712,20,14.799695882179815,2.075543956512923,0.9096472459021454,14.810385314133129,11.874664031760139,18.90655217405859,20,0.13765704743564128,0.03802023042026678,0.016663100669024693,0.14352227747440338,0.072248175740242,0.2086610496044159,20,0.22144026331114555,0.04632698700039558,0.020303697256624183,0.2219593028573087,0.15513517707586288,0.3130186600394027,20
ResViT-2D-T2+FLAIR,ResViT,ResViT,2D,t2_flair,flair,lesion,5.0,all,20,0.6167448782180195,0.07257824550373947,0.031808818564269856,0.63118936614185,0.4955851878834585,0.7454665557211524,20,14.572890069478001,2.1240115876616756,0.930889121821717,14.343393640850415,11.376876076857577,19.078144709855643,20,0.14046801961958408,0.03765389393684379,0.016502546626228576,0.13933593034744263,0.07859057933092117,0.20970577001571655,20,0.15263190106791916,0.03125608278842012,0.013698582261752636,0.15337915653811102,0.10326521990316657,0.20819382582392013,20
ResViT-2.5D-T2+FLAIR,ResViT,ResViT,2.5D,t2_flair,flair,lesion,5.0,all,20,0.6150901449636376,0.06704301092662165,0.02938289505024469,0.6198033167764662,0.49340491815258725,0.7301161633032383,20,14.806528678949576,2.223777327589547,0.9746133851773569,14.836231641317154,11.037597131566825,18.791811917708074,20,0.1364331215620041,0.03925567139353596,0.017204556548714698,0.13130848109722137,0.0762961208820343,0.22029265761375427,20,0.14880134457819497,0.03217476881716156,0.014101214166160692,0.15114469760364185,0.08805885091423989,0.22426834915365493,20
CUT-2D+3D-post-T2+FLAIR,CUT,GAN,2D+3D-post,t2_flair,flair,lesion,5.0,all,20,0.6145996587795124,0.05599194088174936,0.02453955005673325,0.6060736323060875,0.515883247163141,0.7509976574062531,20,14.792596504520557,2.0601356891899036,0.9028942750047926,14.594582897547333,11.133811689379874,18.49685550336438,20,0.140374992787838,0.036855074796584085,0.016152448701956243,0.1495344564318657,0.08742696046829224,0.19752390682697296,20,0.21186250718963753,0.044299414029576836,0.01941507422217417,0.20928355691290193,0.13951890433851916,0.29083354747854173,20
SwinPix2Pix-2D-T2+FLAIR,SwinPix2Pix,GAN,2D,t2_flair,flair,lesion,5.0,all,20,0.6020885120375585,0.05782096740460376,0.025341156273732745,0.5913609214137061,0.49137159685293186,0.7460466778789061,20,14.823942718968064,2.258684956485181,0.9899123280815757,14.57570050044152,11.041862704439385,19.203365547535828,20,0.14189383238554001,0.042458331851090644,0.018608184381135498,0.1430518925189972,0.07294420152902603,0.2080533355474472,20,0.1987507415074826,0.047528876379115695,0.020830448501665804,0.20080059606393058,0.124538690627863,0.2739414304960519,20
CycleGAN-2D-T2+FLAIR,CycleGAN,GAN,2D,t2_flair,flair,lesion,5.0,all,20,0.6008607914998717,0.06675259191363361,0.029255613305864753,0.5974222339440227,0.44337973837693634,0.7455882081624687,20,14.665734461459909,2.1082901828224885,0.9239989123569626,14.415790597532563,10.961718890582219,18.97474595514678,20,0.1461926568299532,0.042067748165946356,0.018437003533642037,0.14212939888238907,0.0803452730178833,0.22062064707279205,20,0.22093896214796063,0.04694223254128013,0.020573340503669393,0.2203714536254997,0.15410277906518716,0.3070902921432673,20
CycleGAN-2.5D-T2+FLAIR,CycleGAN,GAN,2.5D,t2_flair,flair,lesion,5.0,all,20,0.5984650548851441,0.06105628095058433,0.026759094953131078,0.5947371347666504,0.454737058183564,0.7242656059453386,20,14.346401662060135,1.830012098047319,0.8020381643726398,14.371826750616322,10.733334956138656,17.25320147419811,20,0.15160470753908156,0.03842677872491241,0.01684127831950838,0.14930959045886993,0.09539856761693954,0.21759025752544403,20,0.23092991032935978,0.045531174736810884,0.019954917154158324,0.23114743051613434,0.15756947845220565,0.3147273654074863,20
pix2pix-2D-T2+FLAIR,pix2pix,GAN,2D,t2_flair,flair,lesion,5.0,all,20,0.5966558618729015,0.07078541793805719,0.031023077239744856,0.5861479492095408,0.4256093948514021,0.7365035344571415,20,14.87229600283936,2.034854125001518,0.8918141409686527,14.98300265105227,11.374751579536795,18.589374990640028,20,0.1429957900196314,0.03955354032384629,0.01733510336332027,0.13633746653795242,0.08727778494358063,0.21356800198554993,20,0.22065012053092697,0.048084550261762136,0.021073983318349865,0.22752207520880274,0.13733517043292523,0.307770143263042,20
pix2pix-2.5D-T2+FLAIR,pix2pix,GAN,2.5D,t2_flair,flair,lesion,5.0,all,20,0.5935900202359742,0.07564603572915728,0.03315333691127961,0.5899118922203932,0.3930068341966448,0.739045233438018,20,14.849804135703518,2.2467142464038856,0.984665933071355,14.359540480877246,11.114058912276974,19.24742064639603,20,0.1433306686580181,0.04438392403291496,0.019452112364173754,0.13695166260004044,0.0747142806649208,0.21871411800384521,20,0.20816568100036795,0.04653636158773878,0.020395459715396014,0.20656525927102742,0.13096044957637787,0.2944813002832234,20
SynDiff-2D-T2+FLAIR,SynDiff,SynDiff,2D,t2_flair,flair,lesion,5.0,all,20,0.5917517735974707,0.05888258198760065,0.025806429378936024,0.5955825898371896,0.47952479592488767,0.6943398251147969,20,13.778303022336624,1.9752931126447104,0.8657103763707014,13.633644601532847,11.124467739058835,17.87833233188763,20,0.1536476243287325,0.03654496610630809,0.016016537576029617,0.1542147919535637,0.08532020449638367,0.2185487449169159,20,0.14519732329022025,0.025263326310927734,0.011072140933922706,0.14747394363206381,0.10014246101491153,0.20305897011643365,20
SynDiff-2.5D-T2+FLAIR,SynDiff,SynDiff,2.5D,t2_flair,flair,lesion,5.0,all,20,0.5909242913399839,0.06188004885320186,0.027120127154606384,0.6036175738236619,0.48151769496576124,0.6870980182695529,20,13.973401429044927,1.6971014666551318,0.7437875118544716,13.694856788320847,11.496274023075859,17.51566073545599,20,0.14931806325912475,0.03349644574748577,0.014680464620418339,0.14752938598394394,0.09280658513307571,0.2136336714029312,20,0.13492962435745315,0.026797012750381325,0.011744308652341122,0.12741672968228485,0.0945098883821629,0.18709342487688577,20
SwinPix2Pix-2.5D-T2+FLAIR,SwinPix2Pix,GAN,2.5D,t2_flair,flair,lesion,5.0,all,20,0.5902610160732578,0.0681260876200887,0.02985757434008654,0.578968318825883,0.41264027005380566,0.7348849056243947,20,14.497459797357944,2.313121961019134,1.0137703972369347,14.343415250393154,10.242123469028321,18.95538772924146,20,0.1483793158084154,0.04604105183764782,0.020178380646256138,0.14556002616882324,0.07658261805772781,0.23057809472084045,20,0.19358439299638902,0.04540767036744281,0.019900788977734972,0.19748272890652296,0.114158733189106,0.26396112253340626,20
CUT-2.5D-T2+FLAIR,CUT,GAN,2.5D,t2_flair,flair,lesion,5.0,all,20,0.5901904738115962,0.06976707560049863,0.030576769032280054,0.5904814443127091,0.417321074315373,0.7352544697147734,20,14.53425931101917,1.9532365045188103,0.8560436416466745,14.341321890840307,11.267365919900792,17.86051094103091,20,0.1496605772525072,0.03968148651606485,0.01739117825443981,0.14393078535795212,0.0961892232298851,0.21513918042182922,20,0.22796350705462493,0.04683953961526611,0.020528333344447754,0.22903900342127242,0.15227217434977108,0.30547453463077545,20
CycleGAN-3D-T2+FLAIR,CycleGAN,GAN,3D,t2_flair,flair,lesion,5.0,all,20,0.5900050747700092,0.05505166048987106,0.024127454005399847,0.5711413029843389,0.4966663175333339,0.7233518822276223,20,14.330686798380148,1.6676427513814873,0.7308766606376622,14.391956838341807,11.403652898554569,18.17602583285196,20,0.14747897684574127,0.030085741913704653,0.01318565775822141,0.14875873923301697,0.09304988384246826,0.2021821141242981,20,0.16902077017323314,0.04342991111638368,0.019033997768549506,0.1590985294988975,0.11560963944935088,0.26402230014981226,20
CUT-2D-T2+FLAIR,CUT,GAN,2D,t2_flair,flair,lesion,5.0,all,20,0.5870684986577979,0.07117375017229947,0.0311932713453744,0.5791708395919124,0.41918828862008617,0.7387296166035981,20,14.356863364588156,2.2010515717047734,0.9646533835176666,14.199049819957871,10.247711936852472,18.13808231276169,20,0.15484460182487964,0.04647373371006418,0.02036801183780969,0.1450299769639969,0.09506629407405853,0.2454558163881302,20,0.2008604412656732,0.046094956447079,0.020202005382969918,0.20040914409570565,0.12629428692162037,0.27874485310167074,20
SynDiff-3D+3D-refine-T2+FLAIR,SynDiff,SynDiff,3D+3D-refine,t2_flair,flair,lesion,5.0,all,20,0.5859404989741523,0.055574705601733825,0.024356688632782973,0.5913693602305253,0.4738162264317133,0.6703214785361987,20,13.882223387082437,1.9958957491261242,0.8747398799255804,13.898755738835842,10.862835346023953,17.439048856623224,20,0.15048761963844298,0.03917899156028434,0.01717095013006252,0.14513176679611206,0.08580788969993591,0.2272222340106964,20,0.15319621653478868,0.029281358709453673,0.012833121275387209,0.1567195290815809,0.09908714661231408,0.21429900461807846,20
SynDiff-3D-T2+FLAIR,SynDiff,SynDiff,3D,t2_flair,flair,lesion,5.0,all,20,0.579811686477726,0.049478087243761765,0.021684727828848435,0.5893519706664229,0.4901270967370235,0.6532255342162954,20,13.953492868728338,1.8928627834642688,0.8295836917574917,14.485901521487598,10.684430968871549,16.968857426661113,20,0.15101948007941246,0.038395663624006995,0.016827641525281132,0.1440863385796547,0.09816349297761917,0.2235722690820694,20,0.15729473201707084,0.026211278816385426,0.011487599437285057,0.15464871955971182,0.11379593540914357,0.20937502179294826,20
SwinPix2Pix-3D-T2+FLAIR,SwinPix2Pix,GAN,3D,t2_flair,flair,lesion,5.0,all,20,0.5791583066235027,0.05791329153147128,0.025381619106366007,0.5742715385437416,0.477706894981987,0.7073735442335874,20,14.317809677328047,1.7982070505742183,0.7880989877298574,14.518902928394784,10.793552604983827,17.95368898051309,20,0.146664285287261,0.03357251588654658,0.014713803828809918,0.14747201651334763,0.0943036749958992,0.205692857503891,20,0.19303436333920637,0.046603278810728205,0.020424787481452107,0.19277155755264272,0.11715182177722454,0.2692202217876911,20
pix2pix-3D-T2+FLAIR,pix2pix,GAN,3D,t2_flair,flair,lesion,5.0,all,20,0.576886844964653,0.06420546394760049,0.028139285255094352,0.5680835555884542,0.4309978006179536,0.7193255867133067,20,14.178168268911756,1.6880543400635104,0.7398224338027288,14.075045675706075,10.862828241579667,17.812683149925643,20,0.1495259590446949,0.030694310190387212,0.01345237456520138,0.15354140847921371,0.09726822376251221,0.20158794522285461,20,0.19646241645388157,0.04733173570766865,0.020744047792938636,0.1953805620304633,0.1107444304972887,0.26934542784164117,20
CUT-3D-T2+FLAIR,CUT,GAN,3D,t2_flair,flair,lesion,5.0,all,20,0.5606527234553937,0.04919259209961821,0.02155960406513642,0.5477203447024632,0.5065610974752213,0.6818786297532945,20,14.094391299209017,1.639208000178132,0.7184145814613189,13.940161193305077,11.481071653601571,17.984005106795387,20,0.15049379989504813,0.02937673547752685,0.012874921987016836,0.15055672824382782,0.09030725061893463,0.19769412279129028,20,0.15343586730488584,0.03735229302007891,0.016370364196443922,0.15659346518570977,0.08782641836054002,0.2247434788231933,20
ResViT-2D+3D-refine-T2+FLAIR,ResViT,ResViT,2D+3D-refine,t2_flair,t2,lesion,5.0,post,8,0.6685320908696926,0.05445305731689632,0.03773404356341479,0.6606396998969186,0.6009298595128536,0.7631349537639699,8,13.952739855691902,1.6204384387908508,1.1229065483930658,13.816197648902945,11.924892224381633,16.580434454773258,8,0.13818906340748072,0.02826111624044436,0.019583954398769084,0.13521740585565567,0.10347460210323334,0.18746943771839142,8,0.14725900450483048,0.01627258338792484,0.01127632497980471,0.14672860208820632,0.12374483311877531,0.1723035853356123,8
ResViT-2.5D-T2+FLAIR,ResViT,ResViT,2.5D,t2_flair,t2,lesion,5.0,post,8,0.655576425257707,0.04947962286138869,0.03428762931872405,0.6309919041520176,0.6101958318909142,0.7384989416927127,8,13.657268708037215,1.6957058753571814,1.1750642208956747,13.160664600916075,11.473643018933144,16.719726137960283,8,0.14408390410244465,0.03225104331400951,0.022348832799123645,0.14880616962909698,0.10131161659955978,0.20004257559776306,8,0.14118655699742028,0.01211598634747776,0.00839595018492385,0.13891838100921905,0.12867588651451198,0.16123407427221537,8
SwinPix2Pix-2D+3D-post-T2+FLAIR,SwinPix2Pix,GAN,2D+3D-post,t2_flair,t2,lesion,5.0,post,8,0.6541415847651079,0.026619076140905765,0.018446078663192388,0.6416557715666946,0.6273979979454354,0.7052846837550238,8,13.920159907264377,1.8518243178784604,1.2832487820832519,14.323241460771147,10.522858777071377,16.26978479574887,8,0.13986946921795607,0.03779723156397512,0.026192145173985718,0.1271921582520008,0.10114757716655731,0.22190581262111664,8,0.18407239141767173,0.03465405268342352,0.02401403333508375,0.18129880535892057,0.12462823228402571,0.24612823087954894,8
pix2pix-2D+3D-post-T2+FLAIR,pix2pix,GAN,2D+3D-post,t2_flair,t2,lesion,5.0,post,8,0.6506122640790848,0.028317445564348336,0.019622988628742996,0.6438292734692604,0.6142011576715322,0.7005343434396109,8,13.308379787872413,1.5661080195876806,1.0852574887066615,13.21294805069107,10.32837875087672,15.968515689686189,8,0.14945863280445337,0.03404112437575915,0.023589295687607693,0.14185699075460434,0.11012660712003708,0.22318969666957855,8,0.2028684045864249,0.04006807722258535,0.02776576093093242,0.2057166009703103,0.12113054316829551,0.25907093528076075,8
SynDiff-2D-T2+FLAIR,SynDiff,SynDiff,2D,t2_flair,t2,lesion,5.0,post,8,0.6467608760221415,0.048556419236312764,0.033647881845891,0.6456179698823672,0.5916643706121967,0.7254449489915603,8,13.379878232461046,1.2739335411768982,0.882790904832233,13.259075223453635,11.52819118680316,15.422295696961276,8,0.1460796082392335,0.026819361913495834,0.018584869622606543,0.14062544703483582,0.11710694432258606,0.19691422581672668,8,0.14513182289058943,0.03382574265981658,0.023440043773158843,0.14096480638442663,0.10899455166038345,0.2127951756547604,8
CycleGAN-2D+3D-post-T2+FLAIR,CycleGAN,GAN,2D+3D-post,t2_flair,t2,lesion,5.0,post,8,0.6454234936912147,0.026531951058102143,0.018385704061067744,0.6383445089856615,0.6147252931196708,0.7006328501680358,8,13.453972945186765,1.6322104843455756,1.131064159768445,13.27124355218709,10.530370201438721,16.30796254017884,8,0.14622780121862888,0.03426901849699328,0.023747218256554552,0.13933229446411133,0.1035851314663887,0.22023627161979675,8,0.1983046253203762,0.03554822835996761,0.02463366546585102,0.1997020011061324,0.13003725693984466,0.2558465620386414,8
ResViT-2D+3D-refine-T2,ResViT,ResViT,2D+3D-refine,t2,t2,lesion,5.0,post,14,0.645340921658074,0.05174224782931837,0.027104246931839982,0.6365115617733206,0.5447298115415266,0.736129811358664,14,13.598440523968057,1.5979891953354135,0.8370779307396375,13.353915644896603,11.095364424087318,16.19264711427457,14,0.14664584451488086,0.034301529847594284,0.017968240154465718,0.14243996143341064,0.10845685750246048,0.20597845315933228,14,0.13554111886907408,0.01837473358281141,0.009625274069618132,0.1319513407519512,0.09896371355996682,0.16832351820035416,14
ResViT-2D-T2,ResViT,ResViT,2D,t2,t2,lesion,5.0,post,14,0.6432285983877952,0.05461379996409327,0.028608457927762156,0.6400831522895086,0.5302626514591502,0.7250658912625372,14,13.55890395019919,1.4998210886918362,0.7856543317480401,13.569226211561386,11.25047756103158,16.29195636015361,14,0.14808597256030356,0.03204098491405185,0.016784094303644432,0.14190490543842316,0.10900624841451645,0.2007722556591034,14,0.13003361567106678,0.023695321373302113,0.012412368394775764,0.13053230881584033,0.08813888121109742,0.16641146609058174,14
ResViT-2.5D-T2,ResViT,ResViT,2.5D,t2,t2,lesion,5.0,post,14,0.6431456218250405,0.05593557961892083,0.029300848453046386,0.6258748552836745,0.5365674865082323,0.7351179843834119,14,13.619081354504434,1.4095982198181374,0.7383927028192304,13.379046851414504,11.076042365397154,15.689551525094414,14,0.14621687361172267,0.031050121692707055,0.0162650484068446,0.14374592155218124,0.10562076419591904,0.2087593376636505,14,0.12931461933472466,0.023860367155802642,0.01249882466275062,0.1309634736970179,0.09941030121766604,0.1859570291231979,14
CUT-2D+3D-post-T2+FLAIR,CUT,GAN,2D+3D-post,t2_flair,t2,lesion,5.0,post,8,0.6414035441059478,0.02730508555082077,0.018921458930786898,0.6354079720081602,0.616014866561605,0.6940755616405575,8,13.434139808982048,1.7249967608768801,1.1953617689980538,13.227966669432469,10.45846609273511,16.58043629524002,8,0.14809601195156574,0.0346779599180164,0.02403060020342979,0.1414257138967514,0.10433827340602875,0.2216571867465973,8,0.19630456621241701,0.03579656995282412,0.024805757409723333,0.19619755414040652,0.12090926007790999,0.23862955102231354,8
SwinPix2Pix-2D+3D-post-T2,SwinPix2Pix,GAN,2D+3D-post,t2,t2,lesion,5.0,post,14,0.6372059696138105,0.04984296451661596,0.026109341490723057,0.6347728649111956,0.5204499543230032,0.7019825493784434,14,13.223312982001884,1.6552106183394935,0.867052345148728,13.567671504281986,10.502429746350291,16.06561735217719,14,0.15386182868054935,0.03708386445460215,0.019425716151336002,0.13919814676046371,0.10763983428478241,0.22128640115261078,14,0.20239231750779438,0.03485571473669388,0.018258539952217042,0.20566144943433373,0.12198709577999332,0.2518090614466928,14
pix2pix-2D+3D-post-T2,pix2pix,GAN,2D+3D-post,t2,t2,lesion,5.0,post,14,0.6370582121592439,0.04088132122721232,0.02141494565712282,0.6362980412068955,0.5419812447400432,0.6871066084821662,14,13.240379504483824,1.465879562383689,0.7678746729799436,13.330502923055587,10.362900125463863,15.432318650803651,14,0.15479754443679536,0.03288096694597412,0.017224103800074345,0.14584283530712128,0.12038007378578186,0.22368484735488892,14,0.21035912210250052,0.035045794293649346,0.018358109713187035,0.21222854817761222,0.12152080695060166,0.2629431599679475,14
SynDiff-2.5D-T2+FLAIR,SynDiff,SynDiff,2.5D,t2_flair,t2,lesion,5.0,post,8,0.6352858713173535,0.050714405658244414,0.03514329014189424,0.6229392388163353,0.5746835437101381,0.7204302212797797,8,12.953927496418528,1.1723587618601146,0.8124031738848567,13.301477864805582,11.212863806875548,14.856253205742737,8,0.1537873912602663,0.026403045857139668,0.018296377314171584,0.1461063101887703,0.1256258338689804,0.20253655314445496,8,0.13519183839271912,0.035439795924228766,0.024558525621451735,0.13218546794982955,0.09431731487240862,0.19906684619590206,8
CUT-2D+3D-post-T2,CUT,GAN,2D+3D-post,t2,t2,lesion,5.0,post,14,0.6338664896116689,0.043339157149123404,0.022702438847700394,0.6240419868857316,0.5403812416622041,0.706857180751598,14,13.241875596456456,1.544597173170829,0.8091094791618694,13.034099663169371,10.447595661340639,16.568939037128736,14,0.15338583609887532,0.03329783930767513,0.01744247489728441,0.14804568886756897,0.10155697911977768,0.22240234911441803,14,0.21630330157787592,0.030969178824005378,0.016222647939282797,0.2158675283845891,0.13064738109030508,0.2591489181504585,14
ResViT-3D-T2+FLAIR,ResViT,ResViT,3D,t2_flair,t2,lesion,5.0,post,8,0.6327938298798996,0.04807525319411029,0.0333144507899993,0.6389327509994756,0.5609618672728425,0.6898276557183235,8,13.281151424765266,1.6777537826135156,1.1626240553104494,12.974927621274656,10.649353091221545,16.364910602773683,8,0.15045848675072193,0.035905869662600766,0.024881498244368826,0.14874230325222015,0.1051134467124939,0.22168989479541779,8,0.13043338165751925,0.023532669059725363,0.016307307674119646,0.12629470657614916,0.10424864881982406,0.18047706816684117,8
ResViT-2D-T2+FLAIR,ResViT,ResViT,2D,t2_flair,t2,lesion,5.0,post,8,0.6323210276083338,0.05570306850205557,0.03860025712128823,0.6391959991052846,0.5299640596919877,0.706193367402772,8,13.214313792508387,1.1566678427283594,0.8015299216701651,13.205695101641581,11.676701134773639,14.986678753357193,8,0.1510024480521679,0.024722669493594206,0.017131935902995166,0.14908796548843384,0.12663955986499786,0.19545820355415344,8,0.149447782946757,0.0167813444002097,0.01162887837435887,0.14643338800332195,0.13042959855759845,0.1757500463953385,8
SynDiff-2D-T2,SynDiff,SynDiff,2D,t2,t2,lesion,5.0,post,14,0.630108378086774,0.05748117922559345,0.030110483038988594,0.6186217058456651,0.5318802040737155,0.7506113186336292,14,13.019825583811611,1.4469096235987422,0.7579376113585551,12.919830597129726,10.849840637931278,16.31032299119383,14,0.15597921875970705,0.032434973392387705,0.016990478089682116,0.15280094742774963,0.09932894259691238,0.2131737917661667,14,0.14044013258020466,0.02393057062896443,0.01253559949090124,0.14404963638621016,0.09939550766004966,0.1857563952084795,14
SwinPix2Pix-2D-T2+FLAIR,SwinPix2Pix,GAN,2D,t2_flair,t2,lesion,5.0,post,8,0.6276319350848483,0.03741293925468028,0.02592584419008271,0.6148487315064848,0.5862460060099043,0.6990467805821617,8,13.077570895357493,1.663927787613616,1.1530431295857908,12.955954621085136,10.372744076234202,16.06613068790417,8,0.15529773943126202,0.036306267533978726,0.02515895981339236,0.1527319699525833,0.10532180964946747,0.22589252889156342,8,0.19822217582968116,0.036108838126507295,0.025022148214020244,0.19500742194851162,0.128506464375691,0.24910625716438517,8
SynDiff-3D+3D-refine-T2,SynDiff,SynDiff,3D+3D-refine,t2,t2,lesion,5.0,post,14,0.6270090522897817,0.0435591919102546,0.022817700104207094,0.6349744259136831,0.541825037430511,0.7259928481295839,14,13.328592920885844,1.4438423143454922,0.7563308565130632,13.010343402618346,11.02995991315796,16.142368330993094,14,0.15110463010413305,0.030243338797881703,0.01584242968193214,0.15169363468885422,0.11020798236131668,0.21022580564022064,14,0.14984526718404081,0.02120677752963458,0.01110878941108004,0.14655077661120752,0.11230249187121025,0.19192741818439502,14
SynDiff-3D-T2+FLAIR,SynDiff,SynDiff,3D,t2_flair,t2,lesion,5.0,post,8,0.6251456947735522,0.04187132147872323,0.02901534544775019,0.6268552147072751,0.571877515046963,0.707182769378123,8,13.123387121487564,1.6215191359367542,1.1236554333077373,13.462282363503514,10.48423915290973,15.367676315064303,8,0.1542526874691248,0.04039053097946608,0.02798920998427967,0.13822971284389496,0.11768104881048203,0.2245829701423645,8,0.14985801835002624,0.022385232201229177,0.015512174498166123,0.15381205879585333,0.11926551404244759,0.18384745286343993,8
SynDiff-3D+3D-refine-T2+FLAIR,SynDiff,SynDiff,3D+3D-refine,t2_flair,t2,lesion,5.0,post,8,0.6246891806754863,0.04265638716350852,0.02955936821175096,0.6232774829484606,0.5706950627598828,0.6994899996251197,8,13.082216124044354,1.2142504797894913,0.8414326533518047,13.113474461452796,11.394310127776405,15.148305847111134,8,0.15208093263208866,0.0264568113061379,0.018333634869480166,0.1473112851381302,0.12389184534549713,0.19857358932495117,8,0.16220382352814947,0.025678392171892623,0.017794217930018574,0.16060258286761092,0.12995526538445398,0.19797456535426053,8
CycleGAN-2D-T2+FLAIR,CycleGAN,GAN,2D,t2_flair,t2,lesion,5.0,post,8,0.6243670483261208,0.039177596116455146,0.027148689006842516,0.6135567138630644,0.5707566069805122,0.6962478495677814,8,12.91707496651234,1.6096498417575487,1.1154304320737634,12.825491662918855,10.305361182632796,15.970856330534456,8,0.15805444680154324,0.03521602443374315,0.024403459889860306,0.15299981832504272,0.1080758273601532,0.2275572270154953,8,0.20149822965439784,0.03561849370730582,0.02468235686736459,0.20554823520659662,0.13164339350028473,0.25350741410511546,8
ResViT-3D-T2,ResViT,ResViT,3D,t2,t2,lesion,5.0,post,14,0.6224815943667481,0.06334180568706169,0.03318046691968316,0.6117598996675484,0.5031784130544272,0.727102099077429,14,13.163959045548628,1.5423905406112473,0.8079535743395656,13.091535301678903,10.64101136016909,16.174757041568128,14,0.15236816182732582,0.03330042297841763,0.017443828306785022,0.15324199944734573,0.10663411021232605,0.22105474770069122,14,0.1280679992680415,0.022551056509952788,0.011812965803803,0.12381853659014055,0.10444595478475094,0.18296596170826393,14
SynDiff-2.5D-T2,SynDiff,SynDiff,2.5D,t2,t2,lesion,5.0,post,14,0.6222313492316168,0.06563029421063774,0.034379250518113164,0.6092887083096711,0.5198415150687631,0.7634934368830636,14,12.956731387648906,1.5912981414624683,0.8335729423787764,12.905781961870524,10.356463904665116,16.8602526671131,14,0.1582943626812526,0.03505286736398812,0.01836181481401027,0.14776915311813354,0.09354168176651001,0.22661879658699036,14,0.13980949275412055,0.0234862067023291,0.012302827431309706,0.14289819921927843,0.10364900070887345,0.18544995898757446,14
CycleGAN-2.5D-T2+FLAIR,CycleGAN,GAN,2.5D,t2_flair,t2,lesion,5.0,post,8,0.6211962357732774,0.038956909605827025,0.026995761057224604,0.6119229046238809,0.5723496393923142,0.6969302406116852,8,12.821205837602683,1.6803033027165966,1.1643907826050364,12.716874709387739,10.215859982209494,16.177036781379602,8,0.16038337536156178,0.03642956584110099,0.025244401181085837,0.1584637239575386,0.10589738190174103,0.2311093509197235,8,0.2023558721444424,0.0374451594368529,0.025948171637201926,0.20624258821461083,0.13140434653244235,0.25721542356768623,8
CycleGAN-2D+3D-post-T2,CycleGAN,GAN,2D+3D-post,t2,t2,lesion,5.0,post,14,0.6202740368272222,0.042553628888376376,0.022290953980992262,0.6194050496091829,0.5242360783546393,0.6899780782004075,14,13.144074188875882,1.5573856518515323,0.815808493962845,13.03226665323402,10.625690351273471,16.605888566043284,14,0.15329202583857945,0.033542159999414255,0.017570457902222645,0.14518404752016068,0.10132540017366409,0.21779616177082062,14,0.19487888281945745,0.02542530324811084,0.013318588319296597,0.20359572977606766,0.12385958551683209,0.21999274523113854,14
SwinPix2Pix-2.5D-T2+FLAIR,SwinPix2Pix,GAN,2.5D,t2_flair,t2,lesion,5.0,post,8,0.6171475897725771,0.040546483433371736,0.028097279521225055,0.607690929596336,0.5724567964008237,0.6884922127408134,8,12.860928392853229,1.694239414462254,1.1740480153413897,12.75250941462945,10.418650729167318,15.988874327831475,8,0.15896587260067463,0.035668759748201294,0.024717189456577564,0.1570838838815689,0.10673098266124725,0.22549286484718323,8,0.19560285277355063,0.036575748043720276,0.025345700279311503,0.19160318799839438,0.12413240427320654,0.24016347964061424,8
SwinPix2Pix-2.5D-T2,SwinPix2Pix,GAN,2.5D,t2,t2,lesion,5.0,post,14,0.6164802011843323,0.0458494482443956,0.024017409738441325,0.6080861952194349,0.525629080975607,0.6984883134051365,14,12.855208803332076,1.629240213865244,0.8534482153453264,12.726725554618032,10.286905277968955,16.394881479151735,14,0.16291544905730657,0.03671941056630649,0.019234803529676808,0.1566142588853836,0.10321840643882751,0.22753414511680603,14,0.20337911116891566,0.033603347892649925,0.01760251008080154,0.19624370638877353,0.12028483538465067,0.25380740442778915,14
CycleGAN-2.5D-T2,CycleGAN,GAN,2.5D,t2,t2,lesion,5.0,post,14,0.6156509985279889,0.04687131039799593,0.024552693868981,0.6039236538995119,0.5242917397702271,0.6989895803294792,14,12.807363214308028,1.5200967251533357,0.7962753596393198,12.583762487462211,10.342236173357923,16.202021154881226,14,0.1627424769103527,0.03454700869914094,0.0180968298406118,0.1592257246375084,0.1053910180926323,0.22682255506515503,14,0.2201563559269557,0.033498910042593893,0.01754780218936461,0.23224169662908506,0.13214695758440279,0.25844603611363304,14
SwinPix2Pix-2D-T2,SwinPix2Pix,GAN,2D,t2,t2,lesion,5.0,post,14,0.6153418957008083,0.05088634171086193,0.026655895888768925,0.6031784711022641,0.5190813407219127,0.702112814290026,14,12.835079838709703,1.5952744331423345,0.835655851337808,12.679602602797031,10.264688097831094,16.223537331587053,14,0.16298396299992288,0.03666481197241794,0.019206203037178533,0.1569678857922554,0.10358395427465439,0.22650249302387238,14,0.20976364456314692,0.03301103591321213,0.017292238091762203,0.21807042906354918,0.12704706920141523,0.25521548397955485,14
SwinPix2Pix-3D-T2+FLAIR,SwinPix2Pix,GAN,3D,t2_flair,t2,lesion,5.0,post,8,0.6147839187513557,0.0361562273816528,0.025054987292415634,0.6099434146338591,0.5517937528536058,0.6753557020417026,8,13.378587450541184,1.6425305982153435,1.1382156338183766,13.198779151059055,10.620754853416056,16.363464570198435,8,0.14817219879478216,0.03374330513098239,0.023382917480209185,0.14383546262979507,0.1044459417462349,0.21769073605537415,8,0.18338944723016026,0.032920143302693966,0.022812495435628456,0.18514711305437181,0.12149529345333576,0.23105626902543008,8
SynDiff-3D-T2,SynDiff,SynDiff,3D,t2,t2,lesion,5.0,post,14,0.614569103954725,0.05248746270702176,0.027494614357104964,0.6014461737528796,0.5370459682637166,0.7330002824634533,14,13.079215118157476,1.0634256135668538,0.557056402320184,13.106120512353279,10.705143423411096,14.830239475739162,14,0.15784673605646407,0.025949808781538644,0.01359334111979415,0.15525472909212112,0.12577025592327118,0.21736401319503784,14,0.15268207285474347,0.02027809168272954,0.010622314014810988,0.15517174346960166,0.11971767690892403,0.1846214369659058,14
CUT-2.5D-T2+FLAIR,CUT,GAN,2.5D,t2_flair,t2,lesion,5.0,post,8,0.6123688288849696,0.04741576774404201,0.032857450688838906,0.6064398334125067,0.5414448511287092,0.6902181552536542,8,13.086588774723946,1.6833615973340796,1.1665100726506672,12.998335897132318,10.583942236738022,16.37827862287719,8,0.15816936548799276,0.034979166174548756,0.02423932549022904,0.1529463678598404,0.10531599074602127,0.22180046141147614,8,0.2168697444770764,0.04264462441693137,0.029551217044238277,0.22376123803822115,0.12559480626474728,0.26189502855413593,8
pix2pix-2.5D-T2,pix2pix,GAN,2.5D,t2,t2,lesion,5.0,post,14,0.6117103947670485,0.05072752947470449,0.026572704952054927,0.6038079820455482,0.5315590000518469,0.7118862715666995,14,12.773778765295367,1.6507596741838864,0.8647207980178157,12.61990331956734,10.212242530052503,16.673024419563227,14,0.16665829930986678,0.03665247733761271,0.01919974176033803,0.1633008047938347,0.10012894868850708,0.2308216392993927,14,0.2276985508444737,0.03477004429812652,0.01821366303211592,0.23461963737873653,0.13139989887448875,0.2703205563593656,14
pix2pix-2D-T2+FLAIR,pix2pix,GAN,2D,t2_flair,t2,lesion,5.0,post,8,0.61170806174236,0.056393696714847605,0.03907883805598134,0.6071895588457799,0.5430692035387604,0.7146055295865231,8,12.939627789953896,1.7858502744188731,1.237531102440933,12.842470913892171,10.303459246168776,16.531595049742165,8,0.16209376510232687,0.038007754784630185,0.026338030322969698,0.1572667509317398,0.10226532071828842,0.22902058064937592,8,0.22450986159321956,0.04422677626788903,0.030647592340863707,0.22914840187379382,0.1285513253374533,0.2734210402122699,8
pix2pix-2.5D-T2+FLAIR,pix2pix,GAN,2.5D,t2_flair,t2,lesion,5.0,post,8,0.6105408666276514,0.049233927296970806,0.03411737097901085,0.5994500066661147,0.540951726544842,0.692005414414968,8,13.175664566449072,1.7331155955003616,1.2009878343552978,12.884394187579808,10.604081290299188,16.506442238671884,8,0.15643855277448893,0.03538329580870527,0.02451937303892374,0.15337031334638596,0.10340163856744766,0.2210228592157364,8,0.2111862636829689,0.043345706402498435,0.030037042073877234,0.21598455172410624,0.11968542974103581,0.26306218846002594,8
CUT-2D-T2,CUT,GAN,2D,t2,t2,lesion,5.0,post,14,0.608765853383942,0.05088508218460509,0.026655236108567744,0.6056139970367511,0.5296259151017136,0.7043283508014768,14,12.684913346996934,1.57899942241944,0.8271304793650479,12.408035917808743,10.287325636193305,16.404596814105858,14,0.16786874777504376,0.03511184777760057,0.01839271064404779,0.16562222689390182,0.10339295119047165,0.2297784984111786,14,0.2208925150359029,0.03194168379363065,0.016732077195740987,0.2257712894276931,0.1332969679073854,0.26112792268395424,14
pix2pix-2D-T2,pix2pix,GAN,2D,t2,t2,lesion,5.0,post,14,0.6073194303892961,0.05167193489895637,0.027067414766501523,0.6032722496471696,0.529489535745281,0.7037840274830663,14,12.74685152949942,1.6711545148741838,0.8754042689027457,12.56989611409397,10.213557680394572,16.797801827846705,14,0.1684813451554094,0.036606186491976396,0.019175493132505914,0.16579461097717285,0.10155441612005234,0.23134812712669373,14,0.22633265450918721,0.038427536191342475,0.020129574450420334,0.23203046368864866,0.1209479717707092,0.2768772113351868,14
CUT-2.5D-T2,CUT,GAN,2.5D,t2,t2,lesion,5.0,post,14,0.6067429217270839,0.0498712011930122,0.02612413276635729,0.6004467041217239,0.5320906560870254,0.7052718594115104,14,12.734468320174704,1.5760899302171916,0.8256063941464052,12.548151911918884,10.308534550055787,16.557926554494934,14,0.1670592256954738,0.03512462998734627,0.018399406374979794,0.16212022304534912,0.10202613472938538,0.22790957987308502,14,0.229721016017762,0.03496382973091233,0.018315174049560425,0.23971054161548133,0.13016047193245453,0.2667173037950236,14
pix2pix-3D-T2+FLAIR,pix2pix,GAN,3D,t2_flair,t2,lesion,5.0,post,8,0.599466578754392,0.049681220211758366,0.03442732915516937,0.6053035192529279,0.5040356672746928,0.6771635086517993,8,13.307194739397415,1.7279977115767342,1.1974413217361297,13.175545829454844,10.253488717532553,16.582914639132188,8,0.15265235677361488,0.03562707415954574,0.02468830281740979,0.15119998157024384,0.10312165319919586,0.2279050499200821,8,0.1856371240521727,0.035409903599137475,0.0245378112969898,0.18580498783118882,0.12271251834251663,0.23052657843800262,8
CycleGAN-3D-T2,CycleGAN,GAN,3D,t2,t2,lesion,5.0,post,14,0.5939734821337901,0.046308499672175096,0.02425787558163376,0.5897101393954411,0.5196794918092916,0.671338387792849,14,12.891200222033833,1.536216134176485,0.8047192224571855,12.799802071385034,10.119625539837578,16.4240978999496,14,0.16037112953407423,0.03364875677602677,0.01762629670854924,0.15458590537309647,0.10588886588811874,0.23505327105522156,14,0.16102832397139286,0.031368171438069935,0.016431653051918405,0.15205072022801047,0.11052132194692438,0.23505280370062048,14
CUT-2D-T2+FLAIR,CUT,GAN,2D,t2_flair,t2,lesion,5.0,post,8,0.5923891030211731,0.04350775675097419,0.030149337236172063,0.5834269154601434,0.5378848518185623,0.6639398888215493,8,12.687568872695383,1.6629520781655829,1.1523669974339623,12.63897872580434,9.952152816674994,15.88928475793136,8,0.1672214362770319,0.03715101458158977,0.025744339651830383,0.1637703999876976,0.11225850880146027,0.24169091880321503,8,0.18026281096757557,0.0332663162495308,0.023052381049036674,0.18252243022038506,0.11928808892315085,0.22043579478155484,8
SwinPix2Pix-3D-T2,SwinPix2Pix,GAN,3D,t2,t2,lesion,5.0,post,14,0.5919746958996966,0.04778056277928471,0.025028989393425738,0.5931068342359496,0.5069304756120009,0.666019362229613,14,13.114793188906614,1.5490885489312571,0.8114622056625791,12.951363638715423,10.366364375633822,16.41110302815037,14,0.15721889478819712,0.03323824627254373,0.017411258156470454,0.1497754007577896,0.10598687827587128,0.22470107674598694,14,0.1814311541426203,0.030895585885635197,0.01618409760067739,0.17646725933484145,0.11498459208418023,0.22077848768094555,14
CycleGAN-3D-T2+FLAIR,CycleGAN,GAN,3D,t2_flair,t2,lesion,5.0,post,8,0.5915822947319913,0.03963482661631895,0.02746553357812115,0.5935339528642869,0.5258337881565436,0.656009229042949,8,13.094195946814738,1.7008741073242668,1.1786456229289324,13.097740903561771,10.128282721353031,16.39887691211762,8,0.15665671788156033,0.03516034963960728,0.02436487922587516,0.15175022929906845,0.10696280002593994,0.231564000248909,8,0.16314789247823624,0.03792964442574612,0.026283902605810816,0.1504200779099641,0.11720776828852567,0.2347490055994554,8
pix2pix-3D-T2,pix2pix,GAN,3D,t2,t2,lesion,5.0,post,14,0.5858491972610894,0.04518051617170415,0.023667001690096286,0.5893874463445221,0.5183566163696309,0.6666501446055857,14,12.902025675485879,1.4468707161513708,0.757917230391255,12.861403276903173,10.642888457174616,15.847496395652803,14,0.16102264023252896,0.031680738948437794,0.016595385926683085,0.15194794535636902,0.11089950054883957,0.219706192612648,14,0.18443131679372154,0.031405965676750705,0.01645145088484564,0.1822042481050405,0.12843651713972742,0.22459115388874823,14
CUT-3D-T2,CUT,GAN,3D,t2,t2,lesion,5.0,post,14,0.5822894734883491,0.04820345520897678,0.02525051399509727,0.5813956651217482,0.508742270492005,0.6560999527172263,14,13.011951209548211,1.5556139425786544,0.8148804158905139,12.917322729651236,9.897652481330926,16.02231934076264,14,0.16053350642323494,0.03610026697743615,0.018910476284088953,0.15254414826631546,0.11075787991285324,0.24351587891578674,14,0.1526877461455806,0.028946522282315864,0.01516311564866611,0.14673011664580177,0.1193556719544259,0.23123807392337106,14
CUT-3D-T2+FLAIR,CUT,GAN,3D,t2_flair,t2,lesion,5.0,post,8,0.579911517185621,0.041935808419971375,0.02906003261813564,0.589253063099759,0.5169132733013457,0.641066477096375,8,13.245424085252495,1.741427369984613,1.206747600214775,13.260169210304543,9.843838537069601,16.039174513874254,8,0.15670949313789606,0.04011532619838548,0.027798502800700963,0.15233557671308517,0.10981159657239914,0.24782219529151917,8,0.15654606293096646,0.04118073929175451,0.028536796407325416,0.14472292913199375,0.11849784237496994,0.2395549670539119,8
CycleGAN-2D-T2,CycleGAN,GAN,2D,t2,t2,lesion,5.0,post,14,0.523485954319141,0.049336447515463955,0.025844011659678878,0.5219253942581195,0.4439347261968364,0.6159719413904545,14,11.068132293851173,1.2209912513432162,0.6395943308684584,11.013423493686632,9.059009616363207,13.374407188393505,14,0.20725822342293604,0.0331466995705357,0.01736330306133801,0.2089151218533516,0.15712420642375946,0.2681068480014801,14,0.19465782838308013,0.03373491813101843,0.017671430786399496,0.1862308334690683,0.14285660245352322,0.2682483536614613,14
ResViT-2D+3D-refine-T2+FLAIR,ResViT,ResViT,2D+3D-refine,t2_flair,flair,lesion,5.0,post,8,0.6325894401587824,0.0416556128796283,0.02886586701483352,0.6363996216932304,0.561869845228008,0.6978119161656164,8,14.6865313338613,1.3834097090753583,0.9586540187175648,14.753747166059313,12.678941259417417,16.467893557901366,8,0.1338379979133606,0.02888525658030308,0.020016461588160738,0.13872840255498886,0.08896442502737045,0.17851625382900238,8,0.15143735586247606,0.024673190807236924,0.01709764892264068,0.15144334716553037,0.11518216682107825,0.18800964741967618,8
ResViT-3D-T2+FLAIR,ResViT,ResViT,3D,t2_flair,flair,lesion,5.0,post,8,0.6209637463825557,0.04538399175496988,0.03144950176070849,0.6211261771734522,0.5449754903482482,0.708492913851491,8,14.219086971529862,2.3994186302350933,1.6627122806576802,13.88103053485662,11.516801796400372,17.626013778203852,8,0.1429947791621089,0.04035483742227432,0.027964475611071408,0.140001580119133,0.0843673124909401,0.18912050127983093,8,0.17649446837506771,0.03825476356826371,0.026509198677171206,0.17277339760607535,0.12166504218028142,0.22797120669308832,8
ResViT-2.5D-T2+FLAIR,ResViT,ResViT,2.5D,t2_flair,flair,lesion,5.0,post,8,0.6159296302615983,0.04691570131284612,0.03251092233158738,0.621774610898881,0.5524389664466852,0.6745154208820336,8,14.475746985445323,1.7999585380508742,1.2473076303481896,14.75541771004905,11.895998280319214,16.533496517815585,8,0.138692625798285,0.034568264825616965,0.023954585382605236,0.13841493427753448,0.09853041917085648,0.18963907659053802,8,0.1484217446022645,0.01715090763781499,0.011884972632319066,0.1530900695467029,0.12377638624686944,0.1691024805254796,8
SwinPix2Pix-2D+3D-post-T2+FLAIR,SwinPix2Pix,GAN,2D+3D-post,t2_flair,flair,lesion,5.0,post,8,0.6077195581902745,0.024953907009437136,0.01729217532620209,0.6098696839743099,0.5641215119152331,0.6520618531841919,8,14.174364451626818,1.6985523391796005,1.1770367196894846,14.080776842198699,11.876296581227454,17.391895354082436,8,0.14554446190595627,0.03204897969000322,0.022208809851532986,0.1574523150920868,0.09416478127241135,0.18126949667930603,8,0.21843862408674874,0.03370467977153308,0.023356151471688652,0.2125296385069801,0.169011896898921,0.2821719360072166,8
CycleGAN-2D+3D-post-T2+FLAIR,CycleGAN,GAN,2D+3D-post,t2_flair,flair,lesion,5.0,post,8,0.607641253929036,0.023595331986406724,0.016350730866897322,0.6082948082515922,0.5675992106203225,0.6429375043174029,8,14.352320795873439,1.7019620721285198,1.1793995440738965,13.972343939522332,11.874664031760139,16.977524931307443,8,0.14195778220891953,0.0366523770771024,0.025398801490268966,0.1552952527999878,0.09344259649515152,0.18921010196208954,8,0.23089265591722302,0.03347081686800064,0.023194092747632,0.22625267458856818,0.1860003302756109,0.30124474107287824,8
pix2pix-2D+3D-post-T2+FLAIR,pix2pix,GAN,2D+3D-post,t2_flair,flair,lesion,5.0,post,8,0.6046201781752714,0.024193354271212015,0.01676513916752609,0.602179867347991,0.5650558211033982,0.6479277038481834,8,14.506590741291387,1.7882386697828043,1.2391861759877636,13.84341547294963,12.2952816028264,17.593700919106258,8,0.13850994408130646,0.03742340003452452,0.025933093140679778,0.15000048279762268,0.09314242750406265,0.17730581760406494,8,0.22825549650025895,0.03339543619433559,0.023141856605823418,0.22363631263933081,0.186288120029004,0.298578119603917,8
ResViT-2D-T2+FLAIR,ResViT,ResViT,2D,t2_flair,flair,lesion,5.0,post,8,0.6041429145922274,0.057282841970835364,0.039694984283150755,0.6187657454383761,0.5222660630448281,0.6838215371349101,8,13.776944876391992,1.0853767747181697,0.7521277319946894,13.822296829768462,12.363642835129307,15.712503498708884,8,0.1505602914839983,0.027901345135671066,0.019334645742666114,0.14961928129196167,0.10004259645938873,0.18562376499176025,8,0.15351492695302882,0.022252785758837938,0.015420393796158423,0.15750174388229687,0.11783060902043392,0.18489891816588008,8
CUT-2D+3D-post-T2+FLAIR,CUT,GAN,2D+3D-post,t2_flair,flair,lesion,5.0,post,8,0.6006725946986969,0.02152542988100906,0.014916361888080702,0.6060736323060875,0.5666842376792067,0.6324672948341121,8,14.460610010693149,1.8946610308908969,1.3129331097329908,14.011366171035867,11.637736346720198,17.823305816439166,8,0.14058751612901688,0.03817324735751153,0.026452710825079696,0.15232887119054794,0.09107661247253418,0.19384163618087769,8,0.22466316743959383,0.03151147767125447,0.02183633995562146,0.222429780040514,0.1829722692307673,0.29083354747854173,8
SynDiff-3D+3D-refine-T2+FLAIR,SynDiff,SynDiff,3D+3D-refine,t2_flair,flair,lesion,5.0,post,8,0.588902960030437,0.026280322562720948,0.01821133440995241,0.5899215527826157,0.5518197097619567,0.6280991642314993,8,12.778003174521373,1.1735502641348257,0.8132288428363392,12.459745240962109,11.417598559234962,14.590115357771477,8,0.16713161766529083,0.025622248390049136,0.017755312274132847,0.17365605384111404,0.12822797894477844,0.2018612176179886,8,0.15706783918280648,0.026456936448259295,0.018333721588545966,0.16294011183013857,0.09908714661231408,0.18250749768181282,8
CycleGAN-2.5D-T2+FLAIR,CycleGAN,GAN,2.5D,t2_flair,flair,lesion,5.0,post,8,0.5867044758436849,0.03250317073521264,0.022523548188194336,0.5875700439812848,0.5322391316854482,0.6301044931725548,8,14.490535497463561,2.019773514544635,1.3996316376235873,14.286685409222489,11.065933689227474,17.06485293935112,8,0.14354905765503645,0.04473872230101595,0.031002352842256792,0.14242269843816757,0.09539856761693954,0.21759025752544403,8,0.23261600748531386,0.03746941290691584,0.025964978434487758,0.23818044393338303,0.17285322319520147,0.2981768026947975,8
CycleGAN-2D-T2+FLAIR,CycleGAN,GAN,2D,t2_flair,flair,lesion,5.0,post,8,0.5861824665823242,0.03379089953610249,0.023415898720284004,0.5904989555173799,0.5243057482429778,0.6242605076602571,8,14.490166795276899,2.174010123535899,1.506512154706029,14.24898123566858,10.961718890582219,17.646103025228204,8,0.1446636412292719,0.04685142693060976,0.03246638245708219,0.14391470700502396,0.09433750808238983,0.22062064707279205,8,0.2338674987720059,0.03322623527724552,0.02302460635228319,0.23327632259358377,0.18245447152539304,0.2962652603164315,8
SynDiff-2D-T2+FLAIR,SynDiff,SynDiff,2D,t2_flair,flair,lesion,5.0,post,8,0.5846731024694605,0.027717538156660105,0.019207274004603814,0.5897191147856446,0.5422623361658794,0.6253628647535114,8,12.639919363102171,1.0589120274771309,0.7337885978028934,12.483263402393003,11.124467739058835,14.041737575711558,8,0.17049337550997734,0.021346534305695154,0.014792393579140545,0.17483669519424438,0.13374973833560944,0.19350537657737732,8,0.1522638358603417,0.008686838659255004,0.006019672072572016,0.149076890882129,0.14211491255780445,0.1630279575051232,8
SwinPix2Pix-2D-T2+FLAIR,SwinPix2Pix,GAN,2D,t2_flair,flair,lesion,5.0,post,8,0.5836575980186538,0.016398881110854368,0.011363844836609965,0.5896225569578649,0.5494302600154195,0.6035023235306206,8,14.599393932542752,2.0643289205163455,1.430506958730681,14.466052492276923,11.108338826371494,17.551816902639846,8,0.14134514704346657,0.04227409888249894,0.029294455948598336,0.14055237919092178,0.09568072855472565,0.2080533355474472,8,0.21691203067582887,0.029217771783308095,0.020246882867955358,0.2155727198611997,0.17372363609702965,0.2739414304960519,8
SynDiff-3D-T2+FLAIR,SynDiff,SynDiff,3D,t2_flair,flair,lesion,5.0,post,8,0.582884967670629,0.03610390264502938,0.025018728099847218,0.5866952453804002,0.5283399952917034,0.624407517538008,8,13.128090403790242,1.5531828366215517,1.0763007938737035,12.86182288185149,10.684430968871549,15.311933819178565,8,0.16585750505328178,0.03383007215015528,0.023443043956896864,0.17124324291944504,0.1218748614192009,0.2235722690820694,8,0.160168918686646,0.017962954823172523,0.012447692622300631,0.16563784463020664,0.12371484706035028,0.18402092246448293,8
SynDiff-2.5D-T2+FLAIR,SynDiff,SynDiff,2.5D,t2_flair,flair,lesion,5.0,post,8,0.5817945743489594,0.04942118258533901,0.034247132273544686,0.5876961452135185,0.5231873710434235,0.6691969257938037,8,13.136259393637628,1.0198202012057336,0.7066993442663314,12.994835942556136,12.030438395060122,15.042918267454331,8,0.15911679156124592,0.028679878638326724,0.01987414193539267,0.16265667229890823,0.10260973870754242,0.19019390642642975,8,0.13984907343443087,0.019817110882212035,0.013732557218571098,0.1382530672913965,0.11883091581302695,0.1704133999618617,8
SwinPix2Pix-2.5D-T2+FLAIR,SwinPix2Pix,GAN,2.5D,t2_flair,flair,lesion,5.0,post,8,0.5750761851694747,0.018663552365319528,0.012933181949776714,0.5777268805714615,0.5411368551051436,0.5977108813247124,8,14.25191109559977,2.115888950790231,1.4662362368346322,14.608097880104285,10.242123469028321,16.70755446709446,8,0.14790759049355984,0.046648187051401654,0.03232554440622252,0.13895096629858017,0.10050656646490097,0.23057809472084045,8,0.2054050332104621,0.02216650056856019,0.015360601209860283,0.1996707379988108,0.17901610308571866,0.25574891711585224,8
CUT-2.5D-T2+FLAIR,CUT,GAN,2.5D,t2_flair,flair,lesion,5.0,post,8,0.5690334551469782,0.035109335754238635,0.024329528406881896,0.5815892473901926,0.4988524567210067,0.5987240485000881,8,14.451164840304926,2.141199066640178,1.4837752522937444,14.261569203825069,11.267365919900792,17.806394635556178,8,0.14715694077312946,0.045028503988065176,0.031203161306313454,0.1453370451927185,0.0961892232298851,0.21513918042182922,8,0.24697727095022548,0.036168047238941715,0.025063178035632447,0.24457268866107745,0.18689510823031397,0.30547453463077545,8
pix2pix-2D-T2+FLAIR,pix2pix,GAN,2D,t2_flair,flair,lesion,5.0,post,8,0.5686293248771805,0.03244027742213628,0.02247996534579011,0.5711604905494962,0.5107911307639837,0.6094414608151194,8,14.630724496276205,2.055433975205021,1.4243430761057183,14.335775235240234,11.592807988727413,18.087859776160627,8,0.1428762460127473,0.042301623506189025,0.029313529539697982,0.14376690238714218,0.09236016869544983,0.2060302346944809,8,0.24581447457397507,0.03351488566213787,0.02322463086394169,0.2411095376181252,0.19750257581472397,0.307770143263042,8
CycleGAN-3D-T2+FLAIR,CycleGAN,GAN,3D,t2_flair,flair,lesion,5.0,post,8,0.5685240448452333,0.022805885307752388,0.015803672229032877,0.5657578178409866,0.5389488061590852,0.6115093017655828,8,14.002379419827726,1.339875609574603,0.9284864268871275,14.32703185480414,11.403652898554569,15.628869863712547,8,0.147812164388597,0.029160993245032765,0.020207537348303814,0.14841922372579575,0.11719948798418045,0.19857245683670044,8,0.17175035150770007,0.03992277223058393,0.027665069708651648,0.1687444096710035,0.1161488405464647,0.23776417248882353,8
SwinPix2Pix-3D-T2+FLAIR,SwinPix2Pix,GAN,3D,t2_flair,flair,lesion,5.0,post,8,0.5674050930577522,0.02731466527289883,0.01892809733950131,0.5672601366337415,0.527210786522117,0.6001299466655136,8,14.123963054243593,1.574273297675112,1.0909157377424403,14.112436643696626,11.288619316562514,16.070302073183065,8,0.1450224332511425,0.03393424883981388,0.02351523471972204,0.15213356167078018,0.10699563473463058,0.19818253815174103,8,0.20067189961554743,0.024650613383139168,0.017082003565953054,0.19691058058841998,0.17550999232092251,0.25220046006143093,8
pix2pix-2.5D-T2+FLAIR,pix2pix,GAN,2.5D,t2_flair,flair,lesion,5.0,post,8,0.5651962476630412,0.03469855903859269,0.024044874665718842,0.571249536592642,0.4985170428142121,0.6070659362303205,8,14.460286743591706,2.1255279117470405,1.4729156959976613,14.274625556821613,11.241970297862231,17.628813187281832,8,0.14686921145766973,0.04563771761776753,0.03162532481329219,0.14586710929870605,0.09821837395429611,0.2168862521648407,8,0.2271378166480505,0.03556938008203448,0.02464832286143613,0.21630983815633037,0.18125825728240766,0.2944813002832234,8
pix2pix-3D-T2+FLAIR,pix2pix,GAN,3D,t2_flair,flair,lesion,5.0,post,8,0.5599344365682761,0.02839365909899504,0.019675801913766538,0.5604875736296748,0.5053142901132696,0.5966996260451987,8,13.708385907296371,1.1217707755309776,0.7773474878685496,13.74086859034393,11.51578743519396,15.364202056761654,8,0.15339099057018757,0.0266072453798189,0.018437880364029092,0.1572546511888504,0.11382266879081726,0.1956632137298584,8,0.20212032512785963,0.030660262341773933,0.021246477826530344,0.20369990373199637,0.1692692021259483,0.2639084137044847,8
CUT-2D-T2+FLAIR,CUT,GAN,2D,t2_flair,flair,lesion,5.0,post,8,0.5588114325708605,0.033898027478900306,0.023490134597194765,0.5695511733711067,0.48595104717142806,0.5928082497528732,8,13.886152134709032,2.2166506032736133,1.536060499634103,13.934415901941312,10.247711936852472,16.769442678267193,8,0.15845042001456022,0.05094241458261758,0.035301292265357644,0.15025081485509872,0.10632847994565964,0.2454558163881302,8,0.21677598967121234,0.03503829324128686,0.024280298457074377,0.21506855805170408,0.16552628611067408,0.27874485310167074,8
CUT-3D-T2+FLAIR,CUT,GAN,3D,t2_flair,flair,lesion,5.0,post,8,0.5319433693823812,0.0228401717484075,0.015827431520229057,0.5296049586696132,0.5065610974752213,0.577077246451686,8,13.205975097470702,0.9300420576610076,0.6444862648455727,13.270009111108763,11.481071653601571,14.269551838589026,8,0.1644242536276579,0.021757080180269884,0.0150768873556025,0.16802972555160522,0.13231755793094635,0.19769412279129028,8,0.16613019982982583,0.017808140431564052,0.012340411722291646,0.16530297827573223,0.1347053678563008,0.19266045025803827,8
ResViT-2D+3D-refine-T2+FLAIR,ResViT,ResViT,2D+3D-refine,t2_flair,t2,lesion,5.0,pre,12,0.6665720772890998,0.06260758850455224,0.035423577914888225,0.6657650999197636,0.5211830883207859,0.7665456607047819,12,16.77196173488366,2.39777454605647,1.3566686640293009,16.521099929199814,13.635951441464645,19.97659843771443,12,0.10495592467486858,0.03665326762570059,0.02073853845177008,0.09406431019306183,0.05571822077035904,0.15987363457679749,12,0.15921436486792465,0.027746799227630285,0.01569922956315839,0.16065089638744082,0.10807229075184528,0.21082280419374766,12
ResViT-2.5D-T2+FLAIR,ResViT,ResViT,2.5D,t2_flair,t2,lesion,5.0,pre,12,0.6574639940432648,0.07020067316771274,0.039719769999658455,0.6617799319995985,0.4941435482157927,0.737937886535656,12,16.76390452515891,2.424551161812859,1.3718189606179405,16.71906423670336,13.08813470523036,20.302711194310078,12,0.10569831263273954,0.03829691419542584,0.021668519045463887,0.09535780921578407,0.06110570207238197,0.1726733148097992,12,0.1374234720178102,0.03745193620400454,0.02119042774007362,0.12625088621483965,0.08171807821998571,0.2018279464621293,12
ResViT-2D+3D-refine-T2,ResViT,ResViT,2D+3D-refine,t2,t2,lesion,5.0,pre,16,0.6563039898263892,0.06892756752455523,0.033774508087032064,0.660976715655938,0.4977405102866887,0.7727967411959522,16,16.27259660329497,2.742769039272097,1.3439568292433275,15.895175385674065,12.778657322223454,20.85254500877124,16,0.11280155600979924,0.0417929508118412,0.020478545897802188,0.10604992508888245,0.057441968470811844,0.1741759330034256,16,0.13834173270327965,0.03381656666484944,0.016570117665776225,0.13326661938890105,0.08117931852625175,0.2005483974516392,16
ResViT-2.5D-T2,ResViT,ResViT,2.5D,t2,t2,lesion,5.0,pre,16,0.6560715982591591,0.07128683569167116,0.03493054948891887,0.6617498865835241,0.4793245506068402,0.7863297867869384,16,16.834223319343558,2.597779782009711,1.2729120931847582,16.39824571200181,13.224436157434452,21.833860049047793,16,0.10389477573335171,0.0371060865327901,0.018181982401067148,0.10100138187408447,0.05067938193678856,0.16481798887252808,16,0.1114111957502377,0.03266711727548375,0.016006887464987036,0.11442609420706423,0.06164404184348562,0.17928360664007956,16
SwinPix2Pix-2D+3D-post-T2+FLAIR,SwinPix2Pix,GAN,2D+3D-post,t2_flair,t2,lesion,5.0,pre,12,0.6549821463896334,0.05776925148108136,0.032686031035615806,0.6549970128121075,0.5395641849230196,0.7490159071521857,12,16.25380853579129,2.725125913666464,1.5418851362343386,16.26314803593074,12.875569251213491,20.387322193698147,12,0.11287299636751413,0.04200528423780577,0.02376672691884223,0.09288689121603966,0.061380784958601,0.1821065992116928,12,0.19531164515518687,0.030888077455219327,0.01747657503685047,0.19086534671737077,0.13544352163474277,0.23989470416711547,12
pix2pix-2D+3D-post-T2+FLAIR,pix2pix,GAN,2D+3D-post,t2_flair,t2,lesion,5.0,pre,12,0.6548400734904076,0.052036088750172405,0.029442188850537548,0.6505187666031181,0.5458567148563702,0.7346012359256381,12,16.30205035680086,2.37947377566319,1.346314028410622,16.182611898289462,13.293191066055094,20.281394692630123,12,0.112039419511954,0.035012185410822835,0.019810008778418542,0.10262659564614296,0.0623989999294281,0.16278518736362457,12,0.2007506906190816,0.026480252837150057,0.014982613481663179,0.2029726901948137,0.14636659105524383,0.23746548050035865,12
CycleGAN-2D+3D-post-T2+FLAIR,CycleGAN,GAN,2D+3D-post,t2_flair,t2,lesion,5.0,pre,12,0.65370511066407,0.05621675176039258,0.031807621626592446,0.6513673667226925,0.555592405269785,0.7439509697000994,12,16.190044397368954,2.547994268222721,1.4416634731189713,16.3358900734735,13.10514329072719,20.4032625760859,12,0.11585839682569106,0.04129601275244039,0.023365418797498084,0.10224080458283424,0.0619254969060421,0.17813259363174438,12,0.20673194034520312,0.031218681542229714,0.017663631908308497,0.19892489204260833,0.14974799179880083,0.25537028643539395,12
CUT-2D+3D-post-T2+FLAIR,CUT,GAN,2D+3D-post,t2_flair,t2,lesion,5.0,pre,12,0.6509437161573097,0.05314574231815085,0.03007003446099354,0.6533439061687119,0.5505872688114009,0.7374625080561267,12,16.06283901540678,2.7011152021246656,1.5282997972776888,15.833671894649793,12.801445759535943,20.617084787376825,12,0.11863610986620188,0.043973871294968894,0.02488055990087104,0.09971679747104645,0.0597849003970623,0.18632358312606812,12,0.18999947232432898,0.025327702744781844,0.01433049687770153,0.185970049831226,0.14521785623624384,0.22940948416115875,12
SynDiff-2.5D-T2,SynDiff,SynDiff,2.5D,t2,t2,lesion,5.0,pre,16,0.6504773026928927,0.07077406951454514,0.034679294062127115,0.6616256063089678,0.47381895720555245,0.7622612125966084,16,16.05019811091465,2.620884713635794,1.284233509681539,15.778691225467348,12.384369059370982,20.67550807154482,16,0.11493056896142662,0.041327924754390524,0.020250683129651358,0.10800281167030334,0.0607646144926548,0.18443889915943146,16,0.12007445777476444,0.027111244372585056,0.013284509742566676,0.12325307626987954,0.07128537168668544,0.18681966182450133,16
ResViT-2D-T2+FLAIR,ResViT,ResViT,2D,t2_flair,t2,lesion,5.0,pre,12,0.6490050429282263,0.05924795274718761,0.03352268503817254,0.651596862504231,0.5107358633547939,0.7176835315045015,12,16.298907798261297,2.202441620951819,1.2461486574763492,16.10196895425544,13.258067047141902,19.626639743921217,12,0.11018091316024463,0.03725993194695757,0.02108179110477183,0.10006167739629745,0.06617651879787445,0.16980373859405518,12,0.14130572775094877,0.029742982360860454,0.01682867649509417,0.13484633238598082,0.10025028355340375,0.1928357342094706,12
SwinPix2Pix-2D+3D-post-T2,SwinPix2Pix,GAN,2D+3D-post,t2,t2,lesion,5.0,pre,16,0.6473800851385567,0.07034907929138096,0.034471048852776666,0.6420802092015008,0.5477504557581854,0.7924675381309443,16,16.25190782601171,2.8372184282024886,1.3902370298192195,15.14113458383715,13.104277224793439,21.26582727780937,16,0.11382761551067233,0.04075951206287698,0.01997216091080972,0.11043715104460716,0.055992595851421356,0.17717605829238892,16,0.19826107086036937,0.04273466237449586,0.02093998456350297,0.1868935553384723,0.12634108849691555,0.2838554069256553,16
pix2pix-2D+3D-post-T2,pix2pix,GAN,2D+3D-post,t2,t2,lesion,5.0,pre,16,0.6469256961782511,0.07064011711620337,0.03461365738693965,0.6362783810802017,0.5483055723920471,0.793786731794719,16,16.153379259569398,2.7140885082917414,1.3299033690629534,14.925402544557379,13.185700143131463,21.155168157902104,16,0.11648934194818139,0.03988730863268457,0.019544781230015438,0.11759116128087044,0.05680159106850624,0.17717692255973816,16,0.20808960812325294,0.03880425688291103,0.019014085872626405,0.20937703370321276,0.13162071776905043,0.280152943271857,16
ResViT-2D-T2,ResViT,ResViT,2D,t2,t2,lesion,5.0,pre,16,0.6467812877018826,0.06898242719705332,0.033801389326556124,0.6486777863370623,0.4908904324433176,0.7766733006976869,16,16.436817821979943,2.2948663742551467,1.1244845233850218,16.051837826300634,13.250277795944331,20.555736376730493,16,0.10846971813589334,0.03407133943955986,0.01669495632538433,0.10872845724225044,0.055527880787849426,0.16872908174991608,16,0.12393004490607869,0.03345291568103312,0.016391928683706227,0.12260615281729387,0.06291291865548401,0.1820724806189537,16
CUT-2D+3D-post-T2,CUT,GAN,2D+3D-post,t2,t2,lesion,5.0,pre,16,0.6461778544424264,0.07104664676345701,0.034812856914093936,0.6492140637493516,0.5389501068146395,0.7928383468005803,16,16.2254408732596,2.774058653600155,1.3592887402640759,15.039340602235994,13.061825554573064,21.49240541709967,16,0.1162467657122761,0.04079452946733131,0.01998931943899234,0.1138916052877903,0.05565888434648514,0.18112912774085999,16,0.2084121622703356,0.03753349270647118,0.01839141142617088,0.20534439495887247,0.13302811610457652,0.2772678594606427,16
SwinPix2Pix-2D-T2+FLAIR,SwinPix2Pix,GAN,2D,t2_flair,t2,lesion,5.0,pre,12,0.6436435459284058,0.05165185948004361,0.029224790675448947,0.6401812349140323,0.5450049323433915,0.7159161703086158,12,16.1899017905756,3.020053582564074,1.7087561738832528,16.063218896872215,12.40667753586412,21.070691728056012,12,0.11768921309461196,0.048690357137729026,0.027549162984398735,0.09995582699775696,0.05826254561543465,0.19756479561328888,12,0.1931364825392655,0.02707357122474306,0.015318314961839314,0.19236977987147713,0.13769618180441218,0.233479251083291,12
SynDiff-2D-T2,SynDiff,SynDiff,2D,t2,t2,lesion,5.0,pre,16,0.6411377673237266,0.0679936010699939,0.03331686452429701,0.65723692010937,0.4833019283495877,0.7562655664762709,16,15.836544488470434,2.4069878471145145,1.1794240450861122,15.601848444241654,12.299042178700843,19.91444108063487,16,0.1170423966832459,0.040071916340763916,0.01963523900697432,0.10824673622846603,0.06482070684432983,0.18361443281173706,16,0.12836722632523886,0.02670845166118185,0.013087141313979107,0.12915760271537763,0.0735515266587134,0.17629419922119874,16
pix2pix-2D-T2+FLAIR,pix2pix,GAN,2D,t2_flair,t2,lesion,5.0,pre,12,0.640940736193041,0.05417900426495534,0.03065465744286189,0.6422745775788593,0.5496615480351269,0.7223240393506611,12,16.08478622625559,2.7556992344021114,1.5591836208919507,16.180846709475922,12.90282395381939,20.77534217057544,12,0.12190421763807535,0.04550614000488395,0.025747522537968533,0.11075971648097038,0.059250447899103165,0.18891054391860962,12,0.2029424378423228,0.02414429880268476,0.01366092306486231,0.20926593564171442,0.1463585335763709,0.2359736751069348,12
pix2pix-2.5D-T2+FLAIR,pix2pix,GAN,2.5D,t2_flair,t2,lesion,5.0,pre,12,0.63921828914829,0.06506487902992648,0.03681392091426412,0.646682188057401,0.5109896643217923,0.7369030875377987,12,16.213198885412275,2.8482813053643157,1.6115668588122691,15.979038212612355,12.043661762108433,21.10854614034551,12,0.11997500776002805,0.04788855189869046,0.027095498963214094,0.11043930053710938,0.05895427241921425,0.21089304983615875,12,0.19906715621885573,0.026964806686977632,0.015256775631385302,0.1961311958009458,0.14222446912251527,0.23543200345774384,12
CycleGAN-2D-T2+FLAIR,CycleGAN,GAN,2D,t2_flair,t2,lesion,5.0,pre,12,0.6385175707930867,0.053126430926082276,0.03005910801233251,0.6372213352667013,0.5544617673824235,0.7059518293565572,12,16.120041299538755,2.8480863655358033,1.6114565612210512,16.70902220282035,12.259884753307922,20.70413157447311,12,0.12115051286915939,0.04774856513427876,0.027016293995020337,0.09916560351848602,0.060749612748622894,0.20348447561264038,12,0.1995907981673187,0.028383288589102565,0.016059357321257094,0.1916486853850074,0.148366680884849,0.24729413234210088,12
pix2pix-2.5D-T2,pix2pix,GAN,2.5D,t2,t2,lesion,5.0,pre,16,0.6384321701824582,0.07340936191550161,0.03597058733859579,0.6359140310795094,0.5534075103147299,0.7957003098989619,16,16.055392589866777,2.9750140174355875,1.457756868543438,15.628265841721975,12.408472740671524,21.27889393238986,16,0.12357100984081626,0.04751967805856976,0.023284642248699184,0.12023036926984787,0.055382758378982544,0.20168952643871307,16,0.2075378840064601,0.03875183873769499,0.018988400981470546,0.20784579500087075,0.1285145129620043,0.2722205718835959,16
CycleGAN-2.5D-T2+FLAIR,CycleGAN,GAN,2.5D,t2_flair,t2,lesion,5.0,pre,12,0.6381972732319893,0.04984140737905509,0.02820043096774551,0.6342876743720911,0.5605803362703214,0.7124458427911845,12,15.741949370371701,2.886636244977154,1.6332682088282886,15.577649996158875,12.2697410575217,20.703581745094873,12,0.1256514790778359,0.04888051081399762,0.02765675255505618,0.1090962179005146,0.05842522159218788,0.20220425724983215,12,0.20921495157261835,0.026500050545035164,0.014993815089400448,0.20334366030736073,0.16093364378110958,0.25074858556781043,12
SwinPix2Pix-2D-T2,SwinPix2Pix,GAN,2D,t2,t2,lesion,5.0,pre,16,0.6376577441740083,0.07165177266499485,0.03510936860584748,0.6289729525636498,0.5498531674713498,0.7928904718410678,16,16.203694687712908,3.0358663890599593,1.48757453063938,15.656898940402783,12.469848048524186,21.56032316107689,16,0.11924938554875553,0.04608814529192667,0.022583191193044066,0.11497526615858078,0.054519880563020706,0.1972154974937439,16,0.19909005775641195,0.04069668483062312,0.01994137556700533,0.19384523276039706,0.12260337696817422,0.2798430524909726,16
SwinPix2Pix-2.5D-T2,SwinPix2Pix,GAN,2.5D,t2,t2,lesion,5.0,pre,16,0.6370224287545654,0.07445975114251575,0.03648527805983272,0.6272187387681329,0.5413739428960624,0.7998570970686087,16,16.20017455475423,3.08459614106842,1.5114521091235258,15.982281080359478,12.000721677083042,21.80814567485549,16,0.12024923274293542,0.048259040711996486,0.02364692994887828,0.11057718470692635,0.0517902709543705,0.2103240191936493,16,0.19559881222166578,0.04364440126734222,0.021385756620997686,0.19446714531656592,0.11771602000951917,0.28026059757058436,16
pix2pix-2D-T2,pix2pix,GAN,2D,t2,t2,lesion,5.0,pre,16,0.6367549502776146,0.07512073642201826,0.036809160846788945,0.6347910746684794,0.5378971229732937,0.7922470252983459,16,16.02580960813411,3.0302066182265057,1.4848012429309878,15.493693023103088,12.405243932870658,21.36912588435715,16,0.1239929050207138,0.04779247159265002,0.02341831108039851,0.12284504622220993,0.05517159402370453,0.20195384323596954,16,0.20973834628435717,0.04004464041290077,0.019621873802321377,0.21125431480859197,0.12871710646936643,0.28089054064968455,16
CycleGAN-2D+3D-post-T2,CycleGAN,GAN,2D+3D-post,t2,t2,lesion,5.0,pre,16,0.6361600451011353,0.06724498168393836,0.03295004102512979,0.6271271932353761,0.5245406119862286,0.7794692498630202,16,15.776917476669304,2.7741610581035285,1.359338918470729,15.057222678393444,12.819748504442764,20.80524255690001,16,0.122392856515944,0.044529951792599165,0.02181967637837359,0.11627690494060516,0.060240160673856735,0.17690609395503998,16,0.21384569067200696,0.04675849596295809,0.022911663021849465,0.1957238252631187,0.1544346185401082,0.2854204944406564,16
CUT-2.5D-T2+FLAIR,CUT,GAN,2.5D,t2_flair,t2,lesion,5.0,pre,12,0.6331972040962369,0.053153683788765935,0.030074527770986972,0.6415494898816463,0.5523249097574224,0.7104112449263281,12,15.924913677235187,2.7463474176339586,1.5538923324420157,16.69827746606105,12.503315317866887,20.27986471126723,12,0.12510702821115652,0.04751138306156865,0.026882095604164727,0.10137790814042091,0.06452213227748871,0.19917985796928406,12,0.1983952358905207,0.02394682267595466,0.013549190427834685,0.20130931406434793,0.14726517958801777,0.23035460125030233,12
CUT-2D-T2,CUT,GAN,2D,t2,t2,lesion,5.0,pre,16,0.6323830296246922,0.07408400319409507,0.036301161565106585,0.6265938725798788,0.5295223086876364,0.7909682946906353,16,16.06568709521253,3.028705285439772,1.4840655898654882,15.594550086342801,12.15742780751034,21.773572169505492,16,0.12464963342063129,0.04789509519918929,0.02346859664760275,0.12309496104717255,0.053758662194013596,0.21011149883270264,16,0.20477682547462506,0.03782127692395582,0.01853242569273835,0.20035654465583236,0.12601755443836526,0.2728179580746935,16
SynDiff-2.5D-T2+FLAIR,SynDiff,SynDiff,2.5D,t2_flair,t2,lesion,5.0,pre,12,0.6307855739360403,0.07036687317857496,0.03981380650824886,0.6396554996583954,0.4764998253430223,0.7472987594322075,12,15.786844257417632,2.486173702657262,1.406685195351712,15.594962492501594,12.526170771840167,19.0878308764722,12,0.1208855900913477,0.04353881668469236,0.024634404582442808,0.10934973508119583,0.06679058820009232,0.18659788370132446,12,0.12233339818701011,0.02817429612425863,0.015941108702537572,0.12013725518511656,0.08560398213541537,0.19284115542441932,12
SwinPix2Pix-2.5D-T2+FLAIR,SwinPix2Pix,GAN,2.5D,t2_flair,t2,lesion,5.0,pre,12,0.6306000313235313,0.06566484016081073,0.03715338088027507,0.6294871635304575,0.5214856982259367,0.734064366559131,12,15.960825319241044,3.1159870208673324,1.7630356263833518,15.497784363038564,11.687935945074834,21.161150256517217,12,0.12216230699171622,0.05089581367742296,0.028797017492739482,0.11248284578323364,0.05650052800774574,0.21324065327644348,12,0.19007057220846257,0.030848493323786075,0.017454178206090618,0.19117669950050492,0.1279519235589446,0.2279514068420854,12
SynDiff-2D-T2+FLAIR,SynDiff,SynDiff,2D,t2_flair,t2,lesion,5.0,pre,12,0.630170056187789,0.06934676062086037,0.03923662349364463,0.6269315967624278,0.47815402681877034,0.7391734728928528,12,15.604632364958961,2.38343109596056,1.348553093150799,15.079976039956088,12.34843668988093,18.82920912345067,12,0.12086093084265788,0.042534875950325506,0.024066371638270415,0.11427464708685875,0.06132861599326134,0.18771906197071075,12,0.13633409520395728,0.02321808124311441,0.013136866146663132,0.13124021956890958,0.10569335597547445,0.18585163271309843,12
CycleGAN-2.5D-T2,CycleGAN,GAN,2.5D,t2,t2,lesion,5.0,pre,16,0.6299488343971706,0.07014102573641494,0.03436910261084332,0.6206356510580462,0.5358223341843209,0.7825362754322452,16,15.841437137001797,2.960931753779325,1.4508565593518694,15.685147497057528,12.468496838631953,21.08072932742923,16,0.125423506135121,0.04760985720543163,0.023328830030661496,0.11517604067921638,0.057954028248786926,0.19256192445755005,16,0.21577523801359744,0.037704986477825005,0.018475443374134252,0.20969973080945015,0.13677989559070683,0.27022628418635575,16
CUT-2D-T2+FLAIR,CUT,GAN,2D,t2_flair,t2,lesion,5.0,pre,12,0.6288895934883144,0.05771722556892198,0.03265659460471355,0.6407655050709825,0.5365678092043037,0.7232322383594839,12,15.778105847710876,2.952111277238893,1.670314195779773,16.109979704878,11.780821850543195,20.53193956776688,12,0.12913569249212742,0.051969693803435524,0.02940462237297361,0.11179870739579201,0.06089693307876587,0.21986699104309082,12,0.16024515642917486,0.022396865276387602,0.012672219472399642,0.16497895581008565,0.12276089794658199,0.19679332232671537,12
SynDiff-3D+3D-refine-T2,SynDiff,SynDiff,3D+3D-refine,t2,t2,lesion,5.0,pre,16,0.6280460502048926,0.06501634292662042,0.031858008034044004,0.6311241151338713,0.4801241616583652,0.7505867327892166,16,15.896943860413309,2.268528042448861,1.111578740799942,15.400868580983136,12.637863514697713,19.602949817487247,16,0.11652988358400762,0.03845738408655251,0.01884411820241073,0.11450105160474777,0.05794352665543556,0.17255732417106628,16,0.13046690768377756,0.023809874452508085,0.011666838481728961,0.13164852660239829,0.08855324304507424,0.1746357699385739,16
ResViT-3D-T2,ResViT,ResViT,3D,t2,t2,lesion,5.0,pre,16,0.6272192100729335,0.06926871916046484,0.033941672388627775,0.6224389431854966,0.4494649413390432,0.7501183559115937,16,15.817350557895038,2.63202696451619,1.289693212612933,15.944680009251655,12.058743186842808,21.01411002879005,16,0.11723091709427536,0.042648958933459664,0.020897989877395235,0.108306385576725,0.05506529286503792,0.19002777338027954,16,0.11821149741166748,0.02887174409417455,0.01414715460614553,0.11371375632705649,0.07456787218424407,0.17988737463428264,16
CUT-2.5D-T2,CUT,GAN,2.5D,t2,t2,lesion,5.0,pre,16,0.6263513076604502,0.07416817935412115,0.03634240788351936,0.6238150367177735,0.525983203819839,0.785340465367365,16,15.945673566571873,2.8679043642577886,1.4052731384863164,15.433866407658318,12.366474797417071,21.24877163647593,16,0.1258021811954677,0.04580413275302571,0.022444025048982595,0.12316246330738068,0.055870525538921356,0.20237033069133759,16,0.20153186402130044,0.03490538469983673,0.017103638502919995,0.20363482785259568,0.12081475759317861,0.2519112778827548,16
CycleGAN-3D-T2+FLAIR,CycleGAN,GAN,3D,t2_flair,t2,lesion,5.0,pre,12,0.6148360806610634,0.05633007883891204,0.031871742457496334,0.6192580218957855,0.5245823050263937,0.700403533362654,12,15.382058157421255,2.5194001914199773,1.4254848511384641,14.663381587288335,12.089855606788465,19.73581987659537,12,0.12715511210262775,0.04292070667460856,0.024284675921346338,0.11352932453155518,0.06640128791332245,0.1871255487203598,12,0.15237282479662578,0.024261667312912242,0.013727330551017047,0.1552793152358267,0.10554047312554314,0.1912302083227199,12
SwinPix2Pix-3D-T2+FLAIR,SwinPix2Pix,GAN,3D,t2_flair,t2,lesion,5.0,pre,12,0.6135820499313552,0.05330604972193118,0.030160736913264694,0.6093302889513807,0.5346312555734443,0.7056230229427263,12,15.179200270812904,2.658423867129907,1.5041449006014262,14.319606337781366,11.588279226107076,19.76087483946957,12,0.12943985871970654,0.04571198592649453,0.025863990832256923,0.11555181071162224,0.066072016954422,0.19372454285621643,12,0.18393732446121439,0.028092441499262006,0.01589479508855688,0.18469892476403332,0.13805443508448087,0.22397572460162535,12
SynDiff-3D-T2+FLAIR,SynDiff,SynDiff,3D,t2_flair,t2,lesion,5.0,pre,12,0.6127896811424343,0.055613171660957146,0.03146611403636363,0.6215854935723154,0.48841162020192197,0.6900660005383978,12,15.258075501070337,2.121932569243004,1.200596373253589,15.280207809880961,12.45277120207422,18.53522313337683,12,0.12524654592076936,0.03970638226969795,0.02246600068211717,0.11185063421726227,0.07628614455461502,0.19131843745708466,12,0.14434188858628352,0.03023619309142147,0.017107736736189656,0.1463813842729787,0.09692506137071177,0.2111750045721219,12
ResViT-3D-T2+FLAIR,ResViT,ResViT,3D,t2_flair,t2,lesion,5.0,pre,12,0.612517003427554,0.06980446900549749,0.03949559639154361,0.62259487716457,0.45027382964287316,0.6963285579188934,12,15.626243668003767,2.6095372830690864,1.4764847117834956,16.213889048202443,11.673979032373904,20.036494883594923,12,0.12227253522723913,0.048679246687940464,0.02754287665564601,0.10340455174446106,0.0593058280646801,0.19956836104393005,12,0.12008422974024775,0.033412653090864906,0.018904988171223425,0.1113456931811842,0.08151474776380557,0.1983354373982078,12
pix2pix-3D-T2+FLAIR,pix2pix,GAN,3D,t2_flair,t2,lesion,5.0,pre,12,0.6096874243690359,0.0651545179212214,0.03686463889152272,0.6181717127002126,0.4898312203082378,0.7171052455984709,12,15.353801868001845,2.6862788004593092,1.519905312792296,14.367734318495968,12.10979945516953,20.10168682850486,12,0.12802015244960785,0.04473271051424385,0.025309913607840687,0.1224127858877182,0.06312683969736099,0.185148224234581,12,0.18571548796715223,0.027854335645810496,0.01576007401954274,0.19337378739857192,0.1369369625900298,0.22745359091144823,12
SwinPix2Pix-3D-T2,SwinPix2Pix,GAN,3D,t2,t2,lesion,5.0,pre,16,0.6039189848305859,0.06974314636978135,0.03417414172119286,0.6028165455934992,0.5245146943912338,0.749628862901431,16,15.172543584151835,2.8400727722382473,1.391635658396741,14.050125563456806,11.71753259238873,19.88410004228297,16,0.131898311432451,0.046855768923415794,0.02295932677247374,0.1350022405385971,0.06486041098833084,0.1904338300228119,16,0.18075426995134827,0.03816574695072966,0.018701216005857533,0.1811090482947299,0.11655020722950857,0.25259399750771433,16
SynDiff-3D+3D-refine-T2+FLAIR,SynDiff,SynDiff,3D+3D-refine,t2_flair,t2,lesion,5.0,pre,12,0.6026421790554815,0.055160729324723004,0.03121012068583841,0.6177172526787686,0.47828297559713595,0.6620676056620914,12,15.332565384734693,2.1302595900112165,1.2053078287820227,15.177931458695921,12.388988288306013,18.313109024251546,12,0.12357202296455701,0.04078103376524868,0.02307404200575359,0.11360181495547295,0.07201333343982697,0.1882430464029312,12,0.14638291986322424,0.02708898064193089,0.015327033660377532,0.13439018789516843,0.11799417232925241,0.20719550000993828,12
CycleGAN-3D-T2,CycleGAN,GAN,3D,t2,t2,lesion,5.0,pre,16,0.6014159783046373,0.06453328390330645,0.03162130911262016,0.5934988777995212,0.5063530329192715,0.7222254315276345,16,15.11993993613992,2.5591428079196707,1.2539799758806387,14.2240110988174,12.259563536061854,20.232006861318403,16,0.13218817301094532,0.04285110637958517,0.02099704212599673,0.13177305087447166,0.06507469713687897,0.190824493765831,16,0.1467976968902612,0.03450005479368651,0.01690502684890639,0.14335279002205079,0.09010528806624386,0.23127925052092627,16
CycleGAN-2D-T2,CycleGAN,GAN,2D,t2,t2,lesion,5.0,pre,16,0.6006092970364718,0.08329188730009122,0.0408130247770447,0.5895907652626187,0.4872296294992625,0.7791826912724793,16,15.036211586131312,3.403479135741671,1.6677047765134188,14.253957512874667,10.139070221168321,21.024622802812317,16,0.1413109719287604,0.061807977315097316,0.030285908884397684,0.1388782635331154,0.05899050831794739,0.2565610110759735,16,0.19426939038107963,0.04617337514610055,0.02262495382158927,0.1944494786944353,0.12665276679520807,0.2628495376557112,16
CUT-3D-T2+FLAIR,CUT,GAN,3D,t2_flair,t2,lesion,5.0,pre,12,0.6002620042324847,0.055323931966320954,0.03130246127311627,0.610447602340473,0.5154824118174794,0.6864525632644721,12,15.293035641041405,2.5940239893583437,1.467707239569579,14.733411412501486,11.840004940343379,19.925244599442685,12,0.12907112513979277,0.04487586679449337,0.025390911898440165,0.11609912663698196,0.06370903551578522,0.19193755090236664,12,0.1397846151628074,0.030265795768873314,0.0171244860277093,0.1299529765772884,0.10156999495742869,0.20100903849710117,12
CUT-3D-T2,CUT,GAN,3D,t2,t2,lesion,5.0,pre,16,0.5997002558132862,0.06990777387075083,0.0342548091966679,0.5843374446096198,0.5049568772287896,0.742908531534492,16,15.287511535886221,2.708293467046582,1.3270637988528253,14.168866449046401,12.017689227693467,20.19417985754483,16,0.12862151581794024,0.04439914498044001,0.021755581040415604,0.1264268048107624,0.06109537184238434,0.19050757586956024,16,0.14321579770400394,0.03622158929123803,0.017748578752706634,0.14110379765938535,0.07928739962993003,0.22221031369498143,16
SynDiff-3D-T2,SynDiff,SynDiff,3D,t2,t2,lesion,5.0,pre,16,0.5993417555754321,0.058925412897574046,0.028873452319811282,0.5969455158568178,0.5008120968388919,0.7064096035191132,16,15.084291587542275,2.105559616731597,1.0317242121984824,14.646798251856357,12.631429406668062,18.36590263578344,16,0.1276994845829904,0.03748900600889071,0.018369612944356448,0.12920567393302917,0.0744023472070694,0.17847692966461182,16,0.14209669991785315,0.024125838789091397,0.011821661006654783,0.13399307359142376,0.11429650439295035,0.1929823510656553,16
pix2pix-3D-T2,pix2pix,GAN,3D,t2,t2,lesion,5.0,pre,16,0.5964589164605822,0.06817718441285492,0.03340682036229891,0.5941479790942314,0.48628956783993027,0.7341086483329616,16,14.77853678459297,2.5528414733027605,1.2508923219183525,13.931251706165689,11.387262996275444,19.18284949426633,16,0.13531237049028277,0.0441550059466455,0.021635952913856296,0.13457659631967545,0.07103410363197327,0.197726771235466,16,0.18139355195442813,0.036166859661808805,0.017721761234286315,0.1862083807508541,0.11669045462011768,0.25911684047717315,16
ResViT-2D+3D-refine-T2+FLAIR,ResViT,ResViT,2D+3D-refine,t2_flair,flair,lesion,5.0,pre,12,0.6378694034708686,0.07959333319987318,0.04503416770167343,0.65545049567113,0.5171937167562523,0.7491650097631253,12,15.553154050293124,2.370252364648725,1.3410965239617427,15.91091293398693,11.956174860825259,19.227263950258774,12,0.12795409249762693,0.040637788029057466,0.022992993100690334,0.1184871532022953,0.0762968510389328,0.20487716794013977,12,0.1573947849870185,0.039291592943561215,0.022231311527597185,0.14536572960237942,0.1116839927576837,0.223867953941226,12
pix2pix-2D+3D-post-T2+FLAIR,pix2pix,GAN,2D+3D-post,t2_flair,flair,lesion,5.0,pre,12,0.6320995722052405,0.07120898670861675,0.04029027709204156,0.6331347465531327,0.5270343041565645,0.7640595572704507,12,15.404015248384487,2.4703330878178638,1.3977225237748896,15.556704253807766,10.94571626879681,18.894645836956613,12,0.1295505315065384,0.039412199091173356,0.02229955087955118,0.12561699375510216,0.07177680730819702,0.19262516498565674,12,0.1953574023644509,0.04816255823696695,0.02725053264371442,0.18126722052921193,0.12932521663606167,0.26660171151161194,12
SwinPix2Pix-2D+3D-post-T2+FLAIR,SwinPix2Pix,GAN,2D+3D-post,t2_flair,flair,lesion,5.0,pre,12,0.6311797402031369,0.0713421164501257,0.040365602334296945,0.6235018323400235,0.5358669973891731,0.767443827023059,12,15.21167267622276,2.4872900542258787,1.4073168307127901,15.203618510704768,11.532290217524437,19.01531919538889,12,0.13243929793437323,0.04198305888682257,0.023754151742716705,0.1417311504483223,0.07331396639347076,0.1974291205406189,12,0.19084490521557196,0.05015069149223141,0.02837542492842397,0.17840328120495785,0.13270014077425002,0.2811070164260898,12
ResViT-3D-T2+FLAIR,ResViT,ResViT,3D,t2_flair,flair,lesion,5.0,pre,12,0.6280540788860008,0.08397654811449103,0.047514205006326624,0.6525696064764654,0.47708758015826697,0.7445904697496717,12,15.089242441056884,2.7266077102745037,1.542723541591464,15.368078395935504,9.655952930087391,19.32313592430915,12,0.13572956373294195,0.052649684100941875,0.029789363102659002,0.12970957159996033,0.07507854700088501,0.2626277804374695,12,0.16748515742584427,0.04214246863707048,0.023844346299689442,0.16109567426610738,0.10210347808897495,0.252105758106336,12
CycleGAN-2D+3D-post-T2+FLAIR,CycleGAN,GAN,2D+3D-post,t2_flair,flair,lesion,5.0,pre,12,0.6275787816443069,0.07148457466976726,0.04044620565992611,0.6189380292682308,0.5102191857088805,0.7614537459008712,12,15.097945939717397,2.3140765765506837,1.3093120797090059,15.38240858798558,12.04925238745316,18.90655217405859,12,0.13478989092012247,0.040243379682133866,0.0227698355707287,0.13747678697109222,0.072248175740242,0.2086610496044159,12,0.21513866824042716,0.05372000869865893,0.030394956253378975,0.19779368444263912,0.15513517707586288,0.3130186600394027,12
ResViT-2D-T2+FLAIR,ResViT,ResViT,2D,t2_flair,flair,lesion,5.0,pre,12,0.6251461873018808,0.08257101900136052,0.046718952046743256,0.6356849567398344,0.4955851878834585,0.7454665557211524,12,15.103520198202004,2.50497196607299,1.4173213141462127,15.006984863056996,11.376876076857577,19.078144709855643,12,0.13373983837664127,0.04277961572327205,0.02420484620058667,0.12536689639091492,0.07859057933092117,0.20970577001571655,12,0.15204321714451274,0.037032184691407136,0.020952930964258574,0.13293987435494312,0.10326521990316657,0.20819382582392013,12
CUT-2D+3D-post-T2+FLAIR,CUT,GAN,2D+3D-post,t2_flair,flair,lesion,5.0,pre,12,0.6238843681667227,0.06989424976824035,0.039546394640130496,0.6162676285755353,0.515883247163141,0.7509976574062531,12,15.013920833738828,2.2164940658750365,1.2540995766783574,15.201560014035723,11.133811689379874,18.49685550336438,12,0.14023331056038538,0.03766678584478124,0.021311990368052584,0.1426490917801857,0.08742696046829224,0.19752390682697296,12,0.20332873368966667,0.0505881339880012,0.028622931320257883,0.19745275514532631,0.13951890433851916,0.2801946840833786,12
pix2pix-2D-T2+FLAIR,pix2pix,GAN,2D,t2_flair,flair,lesion,5.0,pre,12,0.6153402198700487,0.0838619939126724,0.04744938986505497,0.6240999951345938,0.4256093948514021,0.7365035344571415,12,15.033343673881463,2.0958886710381313,1.185860650647045,15.403613071587808,11.374751579536795,18.589374990640028,12,0.1430754860242208,0.03954167707902704,0.022372809947669808,0.13594432920217514,0.08727778494358063,0.21356800198554993,12,0.20387388450222832,0.050112926764822575,0.02835405752239931,0.1908797769577718,0.13733517043292523,0.28152762759815564,12
ResViT-2.5D-T2+FLAIR,ResViT,ResViT,2.5D,t2_flair,flair,lesion,5.0,pre,12,0.6145304880983303,0.07976303728493382,0.04513018682688192,0.6198033167764662,0.49340491815258725,0.7301161633032383,12,15.027049807952414,2.51939177779639,1.4254800906827783,14.886437534422535,11.037597131566825,18.791811917708074,12,0.13492678540448347,0.043532977055672446,0.024631100501283924,0.12747016549110413,0.0762961208820343,0.22029265761375427,12,0.1490544112288153,0.04000920633693102,0.0226373395277166,0.14283222298489132,0.08805885091423989,0.22426834915365493,12
SwinPix2Pix-2D-T2+FLAIR,SwinPix2Pix,GAN,2D,t2_flair,flair,lesion,5.0,pre,12,0.6143757880501616,0.07205442607966468,0.04076862944753043,0.6158958924566955,0.49137159685293186,0.7460466778789061,12,14.973641909918276,2.457438138363186,1.3904265192868215,14.729569064371336,11.041862704439385,19.203365547535828,12,0.14225962261358896,0.044454040412492075,0.025152241154744428,0.1430518925189972,0.07294420152902603,0.20113879442214966,12,0.18664321539525175,0.05439533296720417,0.030777056928649158,0.18460448177758593,0.124538690627863,0.2616648162000401,12
pix2pix-2.5D-T2+FLAIR,pix2pix,GAN,2.5D,t2_flair,flair,lesion,5.0,pre,12,0.612519201951263,0.0902253663693946,0.05104980676988053,0.6202383633072922,0.3930068341966448,0.739045233438018,12,15.109482397111393,2.3790507443505655,1.3460746759132471,14.968116946084397,11.114058912276974,19.24742064639603,12,0.14097164012491703,0.04540941250497681,0.025692793802821298,0.13183412328362465,0.0747142806649208,0.21871411800384521,12,0.19551759056857962,0.04999230368367452,0.028285808589395427,0.1919958757755618,0.13096044957637787,0.27520477771759033,12
CycleGAN-2D-T2+FLAIR,CycleGAN,GAN,2D,t2_flair,flair,lesion,5.0,pre,12,0.6106463414449033,0.0819072525063673,0.04634339079747113,0.6107965390866429,0.44337973837693634,0.7455882081624687,12,14.782779572248577,2.1523271875573946,1.2177937474980036,14.667224835486845,11.98869711330971,18.97474595514678,12,0.14721200056374073,0.04070698844608644,0.02303214692250205,0.14212939888238907,0.0803452730178833,0.2093564122915268,12,0.2123199377319304,0.053861256350179194,0.030474874635614053,0.2038108384019557,0.15410277906518716,0.3070902921432673,12
CycleGAN-2.5D-T2+FLAIR,CycleGAN,GAN,2.5D,t2_flair,flair,lesion,5.0,pre,12,0.6063054409127838,0.0748271809389951,0.04233746319667306,0.6044492570318916,0.454737058183564,0.7242656059453386,12,14.250312438457847,1.778573273564691,1.0063225631007275,14.417095789018521,10.733334956138656,17.25320147419811,12,0.15697514079511166,0.03461425038606088,0.019584855842625568,0.1508789137005806,0.10886271297931671,0.21373209357261658,12,0.22980584555872371,0.051806515571258815,0.02931229559662596,0.22230221021515711,0.15756947845220565,0.3147273654074863,12
CUT-2D-T2+FLAIR,CUT,GAN,2D,t2_flair,flair,lesion,5.0,pre,12,0.6059065427157562,0.0839689664381376,0.047509915269100735,0.607684292176734,0.41918828862008617,0.7387296166035981,12,14.670670851174242,2.2299388284863095,1.26170666724491,14.621283844962598,10.945930295710466,18.13808231276169,12,0.15244072303175926,0.04542434704790506,0.02570124381595355,0.14234177768230438,0.09506629407405853,0.22861647605895996,12,0.1902500756619804,0.05081068739327335,0.02874885276333197,0.17943912082913382,0.12629428692162037,0.2630754241416621,12
CycleGAN-3D-T2+FLAIR,CycleGAN,GAN,3D,t2_flair,flair,lesion,5.0,pre,12,0.6043257613865265,0.0659130283323833,0.037293806557788835,0.5792082608461129,0.4966663175333339,0.7233518822276223,12,14.549558384081763,1.8789650174234593,1.0631245394351776,14.758654489830349,11.404471046256223,18.17602583285196,12,0.14725685181717077,0.03197138008275442,0.018089511199199264,0.14875873923301697,0.09304988384246826,0.2021821141242981,12,0.16720104928358856,0.047271796983412745,0.026746537019181674,0.15890074908341428,0.11560963944935088,0.26402230014981226,12
CUT-2.5D-T2+FLAIR,CUT,GAN,2.5D,t2_flair,flair,lesion,5.0,pre,12,0.6042951529213417,0.08414518542683155,0.047609620548048334,0.6058716604882259,0.417321074315373,0.7352544697147734,12,14.589655624828666,1.9141180585024378,1.0830142448103643,14.42226679858965,11.683113857507534,17.86051094103091,12,0.15132966823875904,0.03770850872022252,0.02133559730715263,0.14393078535795212,0.09870113432407379,0.2044931799173355,12,0.21528766445755773,0.050188466532855136,0.02839679816969927,0.2029253851929257,0.15227217434977108,0.29812504892999475,12
SwinPix2Pix-2.5D-T2+FLAIR,SwinPix2Pix,GAN,2.5D,t2_flair,flair,lesion,5.0,pre,12,0.6003842366757797,0.08669142104179793,0.04905028896941496,0.6091534374859494,0.41264027005380566,0.7348849056243947,12,14.66115893186339,2.513912314243618,1.4223797923207147,14.125845005775979,10.310191956908428,18.95538772924146,12,0.14869379935165247,0.047711681577781336,0.02699542515837333,0.14556002616882324,0.07658261805772781,0.22538922727108002,12,0.185703966187007,0.05549182085729217,0.031397453355584526,0.17221037262812844,0.114158733189106,0.26396112253340626,12
SynDiff-2.5D-T2+FLAIR,SynDiff,SynDiff,2.5D,t2_flair,flair,lesion,5.0,pre,12,0.5970107693340002,0.07041767535558814,0.03984255054581136,0.608311111566326,0.48151769496576124,0.6870980182695529,12,14.531496119316463,1.8610503186873106,1.0529883444201666,14.631404003769372,11.496274023075859,17.51566073545599,12,0.1427855777243773,0.03603063921891063,0.020386253267070095,0.13731544464826584,0.09280658513307571,0.2136336714029312,12,0.13164999163946803,0.03100119212600222,0.017540575686763756,0.1250675521888534,0.0945098883821629,0.18709342487688577,12
SynDiff-2D-T2+FLAIR,SynDiff,SynDiff,2D,t2_flair,flair,lesion,5.0,pre,12,0.5964708876828108,0.07375023955969026,0.04172812624933483,0.6031029140212176,0.47952479592488767,0.6943398251147969,12,14.53722546182626,2.1107067727959556,1.194244780985029,14.537259587519916,11.242458735288745,17.87833233188763,12,0.14241712354123592,0.04090088938833457,0.02314185670848107,0.13804736733436584,0.08532020449638367,0.2185487449169159,12,0.14048631491013927,0.03152551824906952,0.017837241118493892,0.13847920922588225,0.10014246101491153,0.20305897011643365,12
pix2pix-3D-T2+FLAIR,pix2pix,GAN,3D,t2_flair,flair,lesion,5.0,pre,12,0.5881884505622375,0.07911401588392174,0.04476296839990946,0.5858175255923681,0.4309978006179536,0.7193255867133067,12,14.491356509988679,1.9630641101193287,1.11070808056561,15.047148733669482,10.862828241579667,17.812683149925643,12,0.1469492713610331,0.03403991607953971,0.019259895617480236,0.14144182950258255,0.09726822376251221,0.20158794522285461,12,0.19269047733789624,0.05685578514420618,0.032169188800835066,0.18758653364794942,0.1107444304972887,0.26934542784164117,12
SwinPix2Pix-3D-T2+FLAIR,SwinPix2Pix,GAN,3D,t2_flair,flair,lesion,5.0,pre,12,0.586993782334003,0.07177018906525423,0.04060780721708257,0.583922837924386,0.477706894981987,0.7073735442335874,12,14.447040759384345,1.9906154427592666,1.126296714495487,14.92896114811413,10.793552604983827,17.95368898051309,12,0.14775885331134,0.03479614340053829,0.01968777150388037,0.1442004293203354,0.0943036749958992,0.205692857503891,12,0.1879426724883123,0.057393472601231614,0.03247341411892751,0.18611022966471708,0.11715182177722454,0.2692202217876911,12
SynDiff-3D+3D-refine-T2+FLAIR,SynDiff,SynDiff,3D+3D-refine,t2_flair,flair,lesion,5.0,pre,12,0.5839655249366292,0.06989004806265142,0.03954401730139473,0.5937333342837676,0.4738162264317133,0.6703214785361987,12,14.61837019545648,2.1275357432032145,1.203766667367948,14.924285016618178,10.862835346023953,17.439048856623224,12,0.13939162095387778,0.04356368517028206,0.024648475252755365,0.13188450783491135,0.08580788969993591,0.2272222340106964,12,0.15061513476944347,0.03189601783863783,0.018046870995510365,0.14585151709213015,0.10639286488294601,0.21429900461807846,12
CUT-3D-T2+FLAIR,CUT,GAN,3D,t2_flair,flair,lesion,5.0,pre,12,0.5797922928374023,0.05337423930032362,0.030199318799276675,0.5649372300183626,0.5072919653055998,0.6818786297532945,12,14.686668767034554,1.770321720098266,1.0016538072179557,14.788859613917179,11.979387090103465,17.984005106795387,12,0.14120683073997498,0.030889585639237774,0.01747742837229053,0.1417011171579361,0.09030725061893463,0.19163331389427185,12,0.1449729789549258,0.044863589860791114,0.0253839655692819,0.13322296763535071,0.08782641836054002,0.2247434788231933,12
SynDiff-3D-T2+FLAIR,SynDiff,SynDiff,3D,t2_flair,flair,lesion,5.0,pre,12,0.5777628323491237,0.05820275269037282,0.03293130743469668,0.5916010714672569,0.4901270967370235,0.6532255342162954,12,14.503761178687066,1.9564616941463584,1.1069724120590996,14.866486365858105,11.067317774783124,16.968857426661113,12,0.14112746343016624,0.03938554931578571,0.022284472349657157,0.13101765513420105,0.09816349297761917,0.218895822763443,12,0.15537860757068736,0.031166373776205143,0.017634036003569404,0.14921947543445185,0.11379593540914357,0.20937502179294826,12
CycleGAN-2D+3D-post-T2+FLAIR,CycleGAN,GAN,2D+3D-post,t2_flair,t2,tumor,0.0,all,20,0.7958976900204539,0.07500943506491982,0.03675462318181071,0.8042626965193582,0.624878235738145,0.9283175683580106,16,18.07941553059004,3.895089429627811,1.9085938205176274,17.36409202768693,11.689989186999734,23.227526360174643,16,0.11439093993976712,0.059235760775376206,0.02902552277993434,0.10891709104180336,0.046191662549972534,0.23493191599845886,16,0.0775996344423239,0.0466457914259705,0.022856437798725544,0.07721120939408385,0.014913908835938749,0.19720641396048924,16
SwinPix2Pix-2D+3D-post-T2+FLAIR,SwinPix2Pix,GAN,2D+3D-post,t2_flair,t2,tumor,0.0,all,20,0.7948227944758508,0.0746011845990686,0.036554580453543616,0.806083972608955,0.6304085868447658,0.9280882847711289,16,18.400456226191434,4.291349906014303,2.1027614539470085,17.665739023805656,11.374047788611286,23.863560186509183,16,0.1121874290984124,0.06273135818949736,0.030738365512853708,0.10544474050402641,0.04852398484945297,0.24365422129631042,16,0.07644302087414712,0.04809500697710681,0.023566553418782336,0.0752403285918792,0.013003272634437856,0.2023020440550602,16
ResViT-2D+3D-refine-T2+FLAIR,ResViT,ResViT,2D+3D-refine,t2_flair,t2,tumor,0.0,all,20,0.7925605269733957,0.07652895455959238,0.037499187734200266,0.7931507335273656,0.6479960616922009,0.9641524664749315,16,17.45079783715037,3.5533364940191436,1.7411348820693804,15.476899618136798,13.153016781089942,22.913351988640443,16,0.11869609705172479,0.05138582381027686,0.02517905366703566,0.14038778841495514,0.05074596777558327,0.18806754052639008,16,0.0848812105696583,0.040537049215399544,0.019863154115545775,0.0802599881515674,0.024578413918303947,0.19844193987193562,16
pix2pix-2D+3D-post-T2+FLAIR,pix2pix,GAN,2D+3D-post,t2_flair,t2,tumor,0.0,all,20,0.7903623522861865,0.07145957867784465,0.03501519355214388,0.7906879321420004,0.6215461083454332,0.9317481589916272,16,17.596408503891602,3.5842375265792543,1.7562763880238346,15.862609100687763,13.100703677758803,23.195516754486437,16,0.11914561036974192,0.05045435372389863,0.02472263332471033,0.13030678406357765,0.05030013248324394,0.1924690455198288,16,0.08089560576404188,0.045830190155640015,0.022456793176263607,0.07911507098081216,0.022811842972741407,0.20283557671000776,16
ResViT-2D+3D-refine-T2,ResViT,ResViT,2D+3D-refine,t2,t2,tumor,0.0,all,30,0.7896353963721087,0.07723139935589254,0.031563565567663675,0.7936270834444233,0.6354826718032711,0.9592020591209192,23,16.731752894430855,3.3215764878056477,1.35748928719708,15.715470736640656,11.17055554435121,22.02774374713517,23,0.12910303651638652,0.05351012772833444,0.021868960541610055,0.13739249110221863,0.05359530821442604,0.23804400861263275,23,0.0756085176968147,0.036620823684779945,0.0149665004021219,0.07149928847425863,0.026438363765676817,0.19620188662693613,23
CUT-2D+3D-post-T2+FLAIR,CUT,GAN,2D+3D-post,t2_flair,t2,tumor,0.0,all,20,0.7889242732067498,0.07638294086781636,0.03742764102523002,0.7986406205068826,0.6159538553046565,0.9257064017431051,16,17.819672665907557,4.413630865014653,2.16267912385718,16.434284998458278,11.131566400205417,24.784547888522436,16,0.12183774984441698,0.0665095942686869,0.03258970119165658,0.12342770025134087,0.04233192652463913,0.25199759006500244,16,0.07577015732684783,0.0456304922952073,0.022358941224651575,0.07571294081351221,0.014481522307238159,0.19871573164330228,16
SwinPix2Pix-2D-T2+FLAIR,SwinPix2Pix,GAN,2D,t2_flair,t2,tumor,0.0,all,20,0.7872186810811229,0.07604211434620128,0.03726063602963863,0.7964616267975848,0.6259001441211149,0.9296084923984133,16,17.59055205150592,4.760779654637987,2.3327820307726137,16.0179620342743,10.772743809385226,24.98973189863014,16,0.12927570613101125,0.0718177293882361,0.03519068740023569,0.12530825287103653,0.042063336819410324,0.26474133133888245,16,0.07994616122766127,0.04779479566883147,0.02341944987772742,0.0718240033215671,0.015445950660197175,0.1992460015108404,16
CycleGAN-2D-T2+FLAIR,CycleGAN,GAN,2D,t2_flair,t2,tumor,0.0,all,20,0.7870859541625947,0.07745586337930119,0.03795337305585758,0.7969849485910676,0.6198206206601984,0.9296983344224434,16,17.403623729806363,4.280405118378019,2.0973985080052295,16.590033678543293,10.600835770525006,23.948402104256754,16,0.12892013601958752,0.06974063747585793,0.03417291236317038,0.11691106483340263,0.04415687546133995,0.2724955081939697,16,0.07914376031992693,0.04572896122503343,0.02240719100026638,0.07639230198901573,0.016487724065561506,0.19320149434244502,16
CUT-2D+3D-post-T2,CUT,GAN,2D+3D-post,t2,t2,tumor,0.0,all,30,0.7862981921659077,0.07420074865178326,0.03032497423033682,0.7900782576700848,0.6179216382225579,0.9330987857358144,23,17.38451135678572,4.19806755762705,1.715700890023214,16.761033695451868,10.187436128510342,24.677195129571587,23,0.12825747870880624,0.06687692102352742,0.02733181192227769,0.13049988448619843,0.04253537580370903,0.2810104489326477,23,0.08215439953407241,0.04622123630679017,0.01889007625078773,0.08028747201623286,0.014308844199951957,0.19547243736198414,23
CycleGAN-2.5D-T2+FLAIR,CycleGAN,GAN,2.5D,t2_flair,t2,tumor,0.0,all,20,0.7853771541860795,0.07866696837265785,0.03854681450260235,0.7835790087144976,0.6135540665612574,0.9319154790651492,16,17.240647431499657,4.668697308702956,2.287661681264449,15.697386766875061,10.523701580664556,24.750717631245585,16,0.13443074631504714,0.07417603192044583,0.03634625564101846,0.14173544198274612,0.04355287179350853,0.27370208501815796,16,0.08252679929751051,0.04716646898332185,0.023111569801827707,0.08233291859663017,0.015971903634421965,0.20204720111644786,16
ResViT-2.5D-T2+FLAIR,ResViT,ResViT,2.5D,t2_flair,t2,tumor,0.0,all,20,0.7850415741629371,0.07554566651561834,0.03701737659265299,0.7842727049556526,0.6434314534331779,0.9617618822297711,16,17.319303326762267,3.3069679759510877,1.620414308216033,15.934648209965522,12.632832280634378,22.06709482632982,16,0.11973813408985734,0.05118598940329157,0.025081134807612867,0.12516819685697556,0.05397968739271164,0.20500114560127258,16,0.0776345874173536,0.03995088196990172,0.019575932165251844,0.07711790304109632,0.025428216407696404,0.20837558389064811,16
CUT-2.5D-T2+FLAIR,CUT,GAN,2.5D,t2_flair,t2,tumor,0.0,all,20,0.783347664348226,0.07791347121046205,0.038177600893126405,0.7968137121887247,0.6127395866571397,0.9292750741993963,16,17.195261571745213,4.526506797334008,2.217988330693664,15.329667236103898,10.767520663045575,24.655017729020155,16,0.13444482418708503,0.07115397246135707,0.03486544650606496,0.1394282877445221,0.04318884015083313,0.2644590139389038,16,0.0792638985798642,0.04544605577507605,0.022268567329787263,0.07583677755782359,0.016394326600300914,0.19305376368372337,16
pix2pix-2.5D-T2+FLAIR,pix2pix,GAN,2.5D,t2_flair,t2,tumor,0.0,all,20,0.7822539022529867,0.07981403314240895,0.039108876239780384,0.7894510219419879,0.6228249517759518,0.9339957489402348,16,17.525046815683847,4.791445967132525,2.347808523894937,15.583170410952981,10.237478848639993,24.878404660718378,16,0.13091598474420607,0.07450255291895262,0.03650625093028678,0.1407969370484352,0.0417407751083374,0.2822895646095276,16,0.08065067240594506,0.046246165374796755,0.02266062103365041,0.07606008450001721,0.017571722184691357,0.19429613303636079,16
pix2pix-2D-T2+FLAIR,pix2pix,GAN,2D,t2_flair,t2,tumor,0.0,all,20,0.7820934236582382,0.07745202379021504,0.03795149165720537,0.7806652187009342,0.6140843419133286,0.9309461798707834,16,17.030981722426553,4.456091760563364,2.183484962676048,15.437142954967051,11.197171527568353,23.51939227427694,16,0.13695739209651947,0.07027232953865992,0.03443344147394336,0.14979061484336853,0.04938219115138054,0.25591838359832764,16,0.08501947263015072,0.04825320144938041,0.0236440687101964,0.0821059121657513,0.014656677869532038,0.20183477504178882,16
SwinPix2Pix-2D+3D-post-T2,SwinPix2Pix,GAN,2D+3D-post,t2,t2,tumor,0.0,all,30,0.7820790149707889,0.07072687400543493,0.028905242475010362,0.7881491941434807,0.6227521811197839,0.9322506214576209,23,17.18203162852259,4.345930738303004,1.776130834802567,15.45204331566784,9.77287503381536,25.156956602311954,23,0.13273349371941193,0.0682370512318679,0.027887681159007235,0.13416537642478943,0.04089044779539108,0.29890260100364685,23,0.08113365836227103,0.043677353157559766,0.017850421094376498,0.0772238695062697,0.02022277210455607,0.20349840499946606,23
pix2pix-2D+3D-post-T2,pix2pix,GAN,2D+3D-post,t2,t2,tumor,0.0,all,30,0.7819591099063187,0.06910139048905978,0.028240926458776624,0.7920038477305653,0.6236152978640639,0.9336517262440759,23,16.82496404234897,4.082004797016439,1.6682674033189806,15.750165362586273,9.835476699478345,24.60409760738143,23,0.13634322729447615,0.06602887392445249,0.02698522503612312,0.1427055299282074,0.039842069149017334,0.2946888506412506,23,0.08545686369496276,0.04558471274358185,0.018629936548668558,0.07750535345471957,0.02743798818846699,0.20282914829642876,23
ResViT-2D-T2,ResViT,ResViT,2D,t2,t2,tumor,0.0,all,30,0.7816888824259131,0.0750208139015627,0.030660125263427627,0.7740850636404869,0.6310739969082362,0.9599665664420701,23,16.83060855338718,3.077352030244101,1.2576776206500484,15.775764529384116,10.493847136970363,22.10980925122296,23,0.12414155981462935,0.050351245534702826,0.020577962501036426,0.13222546875476837,0.05754418671131134,0.2623555660247803,23,0.07228262539902898,0.030845433589966064,0.012606166322242447,0.07225107454827853,0.02544758515432477,0.17276372317047345,23
ResViT-2.5D-T2,ResViT,ResViT,2.5D,t2,t2,tumor,0.0,all,30,0.7800770172179211,0.07717760161124552,0.03154157906146646,0.7648681903880779,0.6378008476812549,0.9596103521844974,23,17.267290713302906,3.3267968808320463,1.3596228004954525,16.951195676035372,10.667323708514376,22.39985716143424,23,0.11954659822842349,0.05274040114804477,0.021554382331338474,0.10354051738977432,0.056484781205654144,0.25203388929367065,23,0.06682432767562864,0.02897735404257719,0.011842704158260284,0.0592652005660865,0.028466248884797096,0.14962457457468623,23
SwinPix2Pix-2D-T2,SwinPix2Pix,GAN,2D,t2,t2,tumor,0.0,all,30,0.7792866666498838,0.07450092795021782,0.030447653982966106,0.7832227564344855,0.6215581449453522,0.9319452816474054,23,16.792539288243383,4.5624233435869535,1.864608819129973,15.111076970751927,9.565940033645896,25.260966512800987,23,0.1420848262698754,0.07376489787466302,0.030146847138298027,0.15265177190303802,0.04041833057999611,0.3072151839733124,23,0.08359894437474236,0.04516939099319517,0.018460199428671564,0.07812435436691786,0.015783872345791143,0.20123012750612004,23
CycleGAN-2D+3D-post-T2,CycleGAN,GAN,2D+3D-post,t2,t2,tumor,0.0,all,30,0.7787869675685452,0.07438681157668221,0.030401015961792403,0.7704532962874571,0.6176541490999073,0.9315610123865982,23,16.977565157459686,4.3430720614433715,1.7749625271550522,16.399893382235142,10.206811814519543,25.155408974233385,23,0.13595121159501697,0.07046353592600797,0.02879761929576233,0.13170720636844635,0.0387263298034668,0.28166699409484863,23,0.08086048379763132,0.04563321580015108,0.01864975917805276,0.07889053225517273,0.014189017881803653,0.212162964977324,23
CycleGAN-2.5D-T2,CycleGAN,GAN,2.5D,t2,t2,tumor,0.0,all,30,0.7782932319336048,0.07455767664704639,0.030470846508650826,0.7875992778728095,0.6127314276644711,0.9313832908989332,23,16.573404838921682,4.3465758523182245,1.7763944853214992,15.048798645999222,9.57977450838054,24.648326581411535,23,0.1439662804098233,0.07365607125533377,0.030102370977522056,0.15612299740314484,0.043952059000730515,0.306276798248291,23,0.08675396476906971,0.04744734118059818,0.019391170907883545,0.08543931656075936,0.01569717500687522,0.19826891740946018,23
pix2pix-2.5D-T2,pix2pix,GAN,2.5D,t2,t2,tumor,0.0,all,30,0.7781767945997963,0.07559451967908666,0.030894592074549095,0.7757840300776497,0.6185390861278592,0.9342992939080413,23,16.497263239827504,4.6248206811406085,1.890109877916268,15.131451082576351,9.349224852606294,24.65887484477744,23,0.1484637694514316,0.07666089041610907,0.03133040526656886,0.15810875594615936,0.038482923060655594,0.3158164322376251,23,0.08780474699443368,0.04833388933099141,0.019753492721384297,0.07930720411241055,0.014613060855909306,0.20240198602171047,23
SwinPix2Pix-2.5D-T2+FLAIR,SwinPix2Pix,GAN,2.5D,t2_flair,t2,tumor,0.0,all,20,0.777480382793022,0.08077004933202267,0.03957732417269111,0.7836706673672242,0.6237193181680905,0.9312414439700043,16,17.377987705589724,4.911182272846525,2.4064793136947973,15.486505066274457,10.043031041740578,24.8244543533673,16,0.13236928032711148,0.07545111003864695,0.036971043918937005,0.13741686940193176,0.040398214012384415,0.287954717874527,16,0.08068949664847555,0.045281709375004434,0.022188037593752173,0.07720452657129726,0.015438957852037513,0.19650059420129526,16
ResViT-2D-T2+FLAIR,ResViT,ResViT,2D,t2_flair,t2,tumor,0.0,all,20,0.7773671697685183,0.07427742090943319,0.03639593624562226,0.7851885122677738,0.6195367649231286,0.9477191970744138,16,16.63459227901852,3.152670654929907,1.5448086209156544,15.284252722751992,12.902717260262488,22.021656857413817,16,0.12895882409065962,0.05090225969877667,0.024942107252400567,0.13798587769269943,0.053565118461847305,0.20041902363300323,16,0.08401183147391195,0.04126182281800817,0.020218293180824003,0.07729608616381119,0.03332650853941838,0.21715648152998515,16
pix2pix-2D-T2,pix2pix,GAN,2D,t2,t2,tumor,0.0,all,30,0.7771447824119961,0.07458888804523532,0.030483602240405142,0.7747632062512441,0.6195039117527319,0.9337332150198893,23,16.43588169289017,4.605872380632052,1.8823659301115465,14.589975232825616,9.398544929839936,24.602623178500693,23,0.14936227221851764,0.07615173949632045,0.031122321267384425,0.1666080206632614,0.039260588586330414,0.3134434223175049,23,0.08857534638177983,0.04818570888057301,0.019692933112188636,0.08165036461183003,0.0182793231900124,0.2031043840005346,23
SwinPix2Pix-2.5D-T2,SwinPix2Pix,GAN,2.5D,t2,t2,tumor,0.0,all,30,0.776049117724505,0.07532942428829414,0.030786250702791642,0.7807857507940422,0.6183481238819996,0.9318340662718796,23,16.6544424570586,4.55715943100371,1.8624575199000053,15.051167937763692,9.631801188507618,24.949841598702392,23,0.14465859613340834,0.07506906326835663,0.030679844212781124,0.15057285130023956,0.04191659018397331,0.3048873245716095,23,0.08251592708935986,0.04417937835701839,0.018055592895378222,0.07544829164232526,0.015532911097740425,0.19810303492957484,23
CUT-2D-T2,CUT,GAN,2D,t2,t2,tumor,0.0,all,30,0.7756588550755786,0.07590621855793968,0.031021979744358212,0.7810551709283627,0.6127975984639332,0.9332975973623592,23,16.512248313959134,4.343733367006545,1.7752327949694076,15.23602682089779,9.458490227354988,24.313225483728004,23,0.14620002861256184,0.07516311028564988,0.03071828012384237,0.1485176831483841,0.04429714381694794,0.31067922711372375,23,0.08533389144447873,0.04633738071091998,0.018937543104239077,0.08200884781576492,0.015775061075520867,0.19147258127729097,23
SynDiff-3D+3D-refine-T2,SynDiff,SynDiff,3D+3D-refine,t2,t2,tumor,0.0,all,30,0.7742851296739363,0.08209924061320018,0.03355299509994477,0.7671451721189582,0.6034598829596486,0.9355473959567905,23,16.568055934306567,3.155162130210671,1.2894776943584618,15.61966283303742,10.742189285831586,22.352609355429287,23,0.1303367630943008,0.053588009866658265,0.021900790056548738,0.13744688034057617,0.05426795780658722,0.2511066496372223,23,0.07059001768964933,0.03132406506873968,0.012801777384440117,0.0623789855643459,0.037729098834097384,0.16367807194945358,23
CUT-2.5D-T2,CUT,GAN,2.5D,t2,t2,tumor,0.0,all,30,0.7736172627602148,0.0749424277680367,0.030628089771570968,0.767850884994902,0.6093981345997317,0.930212735844377,23,16.4367570942244,4.18735724411914,1.7113237107220935,15.011902400508752,9.419965274478557,24.18919193939511,23,0.14608668292994084,0.07290502485762049,0.02979542713840629,0.15589098632335663,0.04674643278121948,0.31157439947128296,23,0.08361069634532681,0.0451635866157059,0.01845782724778413,0.07931027918852665,0.014652124140411615,0.18881449972589812,23
SwinPix2Pix-3D-T2+FLAIR,SwinPix2Pix,GAN,3D,t2_flair,t2,tumor,0.0,all,20,0.7724353343440727,0.07767722098571349,0.03806183828299961,0.7761328183839316,0.601475268059243,0.9219491679153693,16,17.310093600399902,4.217270018024558,2.0664623088320333,17.154802615689302,11.037804640068725,24.368785900127627,16,0.12884282553568482,0.06647137041460198,0.032570971503154966,0.11276914179325104,0.04285411164164543,0.27048516273498535,16,0.07347301077590279,0.04433509010248559,0.021724194150217938,0.07041816168051272,0.014367786318282871,0.19499227821664966,16
SynDiff-2D-T2,SynDiff,SynDiff,2D,t2,t2,tumor,0.0,all,30,0.7715833965629659,0.07615237010380722,0.03112257898925561,0.7641288090589454,0.618878734066675,0.9445229720674656,23,16.255159257863706,3.0214700508496106,1.2348393121980568,15.416443636875009,10.320426981527762,21.587651958431877,23,0.13367332890629768,0.054199668431422425,0.022150767725928926,0.13539497554302216,0.0613548569381237,0.26359355449676514,23,0.07928397260524879,0.029619248459499512,0.012105038865193173,0.07849892945442763,0.037185843630383415,0.15760131446378572,23
SynDiff-2.5D-T2,SynDiff,SynDiff,2.5D,t2,t2,tumor,0.0,all,30,0.7712188870443378,0.07337157889804775,0.02998610229344296,0.7687969662236234,0.637394134025427,0.9444314278120306,23,16.25066951145623,3.1189037864355975,1.2746593352368605,15.54899294676848,10.187770608360285,21.555040680810965,23,0.13368128968969636,0.054736451701795016,0.022370144742159797,0.1356116086244583,0.062079548835754395,0.26678466796875,23,0.08231999482217829,0.030797510971954486,0.012586580911277507,0.07096072406891514,0.03708891306693355,0.14143329220158712,23
SynDiff-2D-T2+FLAIR,SynDiff,SynDiff,2D,t2_flair,t2,tumor,0.0,all,20,0.7704533933065953,0.07997544537813248,0.03918796823528491,0.7705644656999452,0.6168739741896307,0.9362953298224256,16,16.6508726030985,3.013270134774635,1.476502366039571,16.49008722322262,11.76495488256516,21.322139246606003,16,0.12642905255779624,0.05258743761103759,0.025767844429408417,0.11581110209226608,0.06157612055540085,0.23039820790290833,16,0.0835649020652596,0.03563739362951369,0.017462322878461705,0.08347197640322002,0.03423882302428995,0.16909739020324888,16
pix2pix-3D-T2+FLAIR,pix2pix,GAN,3D,t2_flair,t2,tumor,0.0,all,20,0.7678601672110688,0.08288207685561068,0.04061221765924923,0.7689967956425683,0.6115427694051849,0.9180347534389569,16,17.481871966100964,4.252496431268562,2.0837232513215955,16.534849315924994,11.002256156458257,24.483281003458437,16,0.12493875878863037,0.06610471834163416,0.03239131198740074,0.11717501655220985,0.04295776039361954,0.2700549364089966,16,0.07781907749676459,0.0435436163824539,0.021336372027402413,0.07500953401751376,0.014156836769817507,0.19837163251055323,16
CUT-2D-T2+FLAIR,CUT,GAN,2D,t2_flair,t2,tumor,0.0,all,20,0.7667269291909585,0.0771941236484763,0.03782512058775339,0.7688178739834428,0.6064827669823525,0.9167140025595107,16,16.712302563228597,4.582116506486489,2.2452370881783796,15.45850938575118,9.93232401421254,24.086675012491515,16,0.14347469643689692,0.07766818178070545,0.03805740907254567,0.14107341319322586,0.046390511095523834,0.29509833455085754,16,0.07200604628676562,0.03799213941837056,0.018616148315001576,0.06951480181794722,0.020846695474842015,0.17564976468439336,16
ResViT-3D-T2,ResViT,ResViT,3D,t2,t2,tumor,0.0,all,30,0.7650707902610518,0.09025916739796057,0.03688786131039974,0.7750210103686876,0.608418535150466,0.947824965290972,23,16.466160089066513,3.3015736862846263,1.3493143772173148,15.76379922739524,10.659765830045648,22.222064093065207,23,0.12979797095708226,0.054093284907261424,0.022107290029445642,0.1311076134443283,0.05688491463661194,0.261732816696167,23,0.07459501110906024,0.030784370757182156,0.012581210659877185,0.07028288780046361,0.032376449462026356,0.14574705170733587,23
CycleGAN-3D-T2+FLAIR,CycleGAN,GAN,3D,t2_flair,t2,tumor,0.0,all,20,0.763843289793398,0.07964757598811155,0.03902731223417466,0.7565649082603394,0.586644572137242,0.9172743960079206,16,17.484604033556785,3.978827520792795,1.9496254851884696,16.69670133726282,11.637145234989436,23.761275208937008,16,0.1229517012834549,0.06282358915913629,0.03078355868797678,0.11543723568320274,0.049247730523347855,0.2507956027984619,16,0.06890503239669735,0.03251195669939773,0.015930858782704886,0.06780049049197451,0.019904583911685383,0.1459763721846368,16
SynDiff-2.5D-T2+FLAIR,SynDiff,SynDiff,2.5D,t2_flair,t2,tumor,0.0,all,20,0.762371781174529,0.08316811704332384,0.040752377351228684,0.7572868486405331,0.6092001606808378,0.9462919207728198,16,16.182304608049826,2.881598917128153,1.4119834693927948,15.753092830833758,11.555691264617064,20.588712009533687,16,0.13612277433276176,0.052646613626734694,0.0257968406771,0.13641859591007233,0.06517315655946732,0.2356148213148117,16,0.08030544261496403,0.033485193812284,0.01640774496801916,0.0771838297829425,0.033184460115929446,0.148488920714174,16
SynDiff-3D-T2+FLAIR,SynDiff,SynDiff,3D,t2_flair,t2,tumor,0.0,all,20,0.757810919774056,0.08902942444965374,0.04362441798033033,0.7362152200284522,0.6039654254251102,0.9330258444633134,16,16.418444944066177,2.927239279508617,1.4343472469592222,16.034798343922333,11.14164779074499,21.90949383686457,16,0.12992591806687415,0.0507648425776587,0.024874772863052765,0.13462824374437332,0.057860661298036575,0.24713234603405,16,0.0851981053889958,0.03276131889843803,0.016053046260234634,0.08876765749829314,0.04082726116073044,0.16121656917745159,16
SwinPix2Pix-3D-T2,SwinPix2Pix,GAN,3D,t2,t2,tumor,0.0,all,30,0.7548115074207757,0.07619203781470014,0.031138790716663506,0.7516934868233187,0.6100972858239514,0.9221861744893041,23,16.359919998527097,3.864786081866893,1.5794926664201696,15.75979251179933,10.95054328774573,24.285372536561795,23,0.14237238531527313,0.06586178791773895,0.02691693894818058,0.13521796464920044,0.0432240329682827,0.27137893438339233,23,0.07799807111000044,0.040669442503224164,0.01662112334823185,0.06751119695684832,0.020947326029486516,0.1841179435748769,23
pix2pix-3D-T2,pix2pix,GAN,3D,t2,t2,tumor,0.0,all,30,0.753066452813414,0.0696894254322233,0.028481249431549522,0.7453807333674897,0.6023577428932091,0.9110893532743387,23,16.27318040583997,3.5728895938942857,1.4601980011165143,16.43660470792335,10.645848671235765,21.96267221213153,23,0.1420866910206235,0.06523648299927691,0.026661384174367548,0.13457928597927094,0.059829231351614,0.26933106780052185,23,0.07536888426876166,0.036003482980402894,0.014714200509038244,0.06942145518310693,0.026153194608495516,0.16378659398659415,23
SynDiff-3D-T2,SynDiff,SynDiff,3D,t2,t2,tumor,0.0,all,30,0.7527404573637861,0.08420490901780775,0.03441355703857185,0.7440233743675673,0.5930113905317972,0.928583835238895,23,15.792085155393716,2.771605906013134,1.1327227717193347,15.42095926412207,11.062415481848586,21.8724200910667,23,0.1387180341002734,0.047964538648062695,0.019602543436568674,0.1466405689716339,0.06241321191191673,0.23254431784152985,23,0.08445067135290171,0.030296356342496958,0.012381764902007385,0.08324307876710708,0.039985513068078196,0.15373903051728294,23
SynDiff-3D+3D-refine-T2+FLAIR,SynDiff,SynDiff,3D+3D-refine,t2_flair,t2,tumor,0.0,all,20,0.7507232266043814,0.0872024093660224,0.042729180589350976,0.7388123483478075,0.5805306441778488,0.9419911394543823,16,16.187416551335545,2.943467413409085,1.4422990325704514,15.732146791308118,11.973717663956993,21.318294737200638,16,0.13355553289875388,0.051592740551873344,0.02528044287041794,0.12804216891527176,0.06346964091062546,0.2185571938753128,16,0.07891045491710576,0.0330472277033174,0.016193141574625525,0.08563902196153228,0.03478722913811604,0.16175828430624234,16
ResViT-3D-T2+FLAIR,ResViT,ResViT,3D,t2_flair,t2,tumor,0.0,all,20,0.7504808354154886,0.09341014057522062,0.0457709688818581,0.7409147252540371,0.6202011129502812,0.9494029621945977,16,16.65789761882884,3.501628376680265,1.7157979045733298,16.036880945394827,10.665909753209089,21.583124023994795,16,0.13043830986134708,0.06026775234768716,0.029531198650366706,0.12487564608454704,0.05424908176064491,0.2616446018218994,16,0.07572999614765204,0.03314732119427497,0.016242187385194735,0.07180188451071873,0.03366756817946832,0.13577855683185838,16
CUT-3D-T2+FLAIR,CUT,GAN,3D,t2_flair,t2,tumor,0.0,all,20,0.7486893659221406,0.07750666125984895,0.037978264017325986,0.7461068894333982,0.5869873799986179,0.9106239323590044,16,16.992511668681242,3.8084073551328013,1.8661196040150725,15.785130071922392,11.333762299996353,22.9093723139627,16,0.12927898252382874,0.061437916692972584,0.030104579179556567,0.13330764696002007,0.05402921512722969,0.2584642171859741,16,0.06935376532089049,0.03140344586090844,0.015387688471845134,0.0640815834631212,0.028204853646457195,0.1375450788308745,16
CycleGAN-3D-T2,CycleGAN,GAN,3D,t2,t2,tumor,0.0,all,30,0.7483680533644063,0.07535462012111648,0.030796547943654193,0.7482046683753234,0.5877891425648749,0.9232872255938821,23,16.307590412334267,3.618923334555045,1.4790114500995521,15.579849101126712,9.917272141975756,22.977710457037198,23,0.14100320459060048,0.06375872679775518,0.026057442576147706,0.14422693848609924,0.05389844998717308,0.2878826856613159,23,0.06885171122125353,0.03199936820866243,0.013077765843962632,0.06243569791518353,0.01754573650438996,0.15080969080166973,23
CUT-3D-T2,CUT,GAN,3D,t2,t2,tumor,0.0,all,30,0.7471203736688414,0.07578541312951008,0.030972607985035344,0.7325622168368979,0.5869606400797184,0.9164529475523621,23,16.49482910570129,3.840241319610074,1.569461510448674,15.540576087104597,10.028337660303936,23.325562657439754,23,0.13856305619296821,0.06571509968602841,0.026856989191239567,0.14230678975582123,0.05153854936361313,0.28582507371902466,23,0.06882995082099119,0.030533470144159764,0.012478670527027773,0.06017150679532358,0.02191812139661873,0.15805747509812532,23
CycleGAN-2D-T2,CycleGAN,GAN,2D,t2,t2,tumor,0.0,all,30,0.7109120759952379,0.09782139645273281,0.03997845548062933,0.723580173300585,0.5697328192519887,0.9303763148956127,23,15.177471853560736,4.671075560830348,1.9090137038224093,14.543187908259352,8.996042817132633,24.23670309416563,23,0.16781572495465694,0.08374366441997799,0.034225051790347065,0.1679437905550003,0.04690960422158241,0.3213093876838684,23,0.09614519981929823,0.038568396167458316,0.01576245039483825,0.09629644124652259,0.028293654228036758,0.19697006137879647,23
ResViT-2D+3D-refine-T2+FLAIR,ResViT,ResViT,2D+3D-refine,t2_flair,flair,tumor,0.0,all,20,0.773151378293895,0.08732921812024481,0.04279131687891996,0.7811044126833389,0.6206904548670188,0.9568848153451898,16,15.173550425010891,3.001754503705248,1.4708597068155715,14.81839800779893,9.611230280394958,19.955379029724643,16,0.1545624597929418,0.05851013577148993,0.028669966528030066,0.1483955681324005,0.08216886967420578,0.29157957434654236,16,0.08014813145647848,0.034703343438526976,0.017004638284878217,0.07652802918372409,0.02570615289732814,0.1427459280038702,16
ResViT-2D-T2+FLAIR,ResViT,ResViT,2D,t2_flair,flair,tumor,0.0,all,20,0.7691492741110715,0.09008794335004884,0.044143092241523935,0.7906292866771681,0.6209402943073012,0.9576211414017503,16,15.171911490777761,2.829129489963507,1.3862734500821186,14.727175687340276,10.06892731530273,20.254176876282482,16,0.15081959310919046,0.05279100275128499,0.025867591348129645,0.14980589598417282,0.07693298161029816,0.27145224809646606,16,0.08090164372351163,0.03303780935402598,0.01618852658347273,0.08049945174882721,0.02628130748247107,0.14253323587278524,16
CycleGAN-2D+3D-post-T2+FLAIR,CycleGAN,GAN,2D+3D-post,t2_flair,flair,tumor,0.0,all,20,0.7637181186838273,0.07531031360731494,0.03690205366758432,0.7817429132847706,0.6624690007058854,0.9199737815533784,16,15.476090930242954,3.571465150536534,1.7500179237629014,15.413941299032672,9.769069125845519,21.624129579535243,16,0.1583239536266774,0.0671856885189569,0.032920987374288876,0.14995047450065613,0.062380749732255936,0.2884773910045624,16,0.09023321913425322,0.04643857992919805,0.022754904165307045,0.07676860742033778,0.02406101446332676,0.1663398380790438,16
SwinPix2Pix-2D+3D-post-T2+FLAIR,SwinPix2Pix,GAN,2D+3D-post,t2_flair,flair,tumor,0.0,all,20,0.7603940973997643,0.07225455955544145,0.03540473418216631,0.7613394592146507,0.6652915209039012,0.9180465006732412,16,15.601389817911302,3.7248326384355606,1.8251679928334246,15.070321009497507,9.84837795605162,21.66871764956083,16,0.15626735240221024,0.0703326614770796,0.03446300412376901,0.15768735855817795,0.062397100031375885,0.28592830896377563,16,0.08540806350181959,0.04434719019559316,0.02173012319584065,0.07452607522747531,0.024086165137123316,0.15571633194174087,16
pix2pix-2D+3D-post-T2+FLAIR,pix2pix,GAN,2D+3D-post,t2_flair,flair,tumor,0.0,all,20,0.7568767952609519,0.08110385951304486,0.03974089116139198,0.7613480828882283,0.6028020785379723,0.9161609973204354,16,15.472647281701185,3.761500088310955,1.8431350432723679,16.20987086004695,9.55929187078818,21.204166336780013,16,0.15892669628374279,0.0765384842701407,0.03750385729236894,0.12541190162301064,0.06050919368863106,0.3078750967979431,16,0.08933884461582911,0.0455955709352025,0.022341829758249224,0.0730906906082554,0.029075280843036514,0.18160156905651093,16
CUT-2D+3D-post-T2+FLAIR,CUT,GAN,2D+3D-post,t2_flair,flair,tumor,0.0,all,20,0.7560384601845198,0.07450715583301087,0.036508506358175326,0.778362518820629,0.6366499215918366,0.8983364738045518,16,14.493015363428785,3.1611716688196307,1.548974117721619,14.873593191181556,9.863910599911312,21.056319322172513,16,0.17833257373422384,0.06461784893788237,0.03166274597956236,0.15715160220861435,0.07181910425424576,0.2842300236225128,16,0.0905770454747188,0.04716481871291547,0.02311076116932858,0.07386677680242089,0.02435057044162282,0.17553637283188955,16
ResViT-3D-T2+FLAIR,ResViT,ResViT,3D,t2_flair,flair,tumor,0.0,all,20,0.7552750652363218,0.10215875864278683,0.050057791734965544,0.7683441879576094,0.5946939672090493,0.959089838393319,16,15.083762363295316,3.5668536573392475,1.7477582920962313,15.616487195357925,8.189424439615951,19.880794812910207,16,0.1600728235207498,0.07737861766830013,0.03791552265746707,0.13600163906812668,0.08279357105493546,0.3379477560520172,16,0.08756936930652899,0.044533364027785544,0.021821348373614918,0.07790884577587028,0.02548285135999322,0.17238571353513618,16
pix2pix-2D-T2+FLAIR,pix2pix,GAN,2D,t2_flair,flair,tumor,0.0,all,20,0.7496774580516165,0.08515905615424989,0.041727937515582444,0.7639176605947054,0.5726528835489331,0.912636367801698,16,14.328370689682057,3.4229436582621253,1.6772423925484414,14.892464761332082,8.729253277654653,20.605126350068055,16,0.18489624187350273,0.07597890070257117,0.037229661344259875,0.16124173998832703,0.07513037323951721,0.34211134910583496,16,0.09575366104671726,0.04938987613171711,0.024201039304541382,0.07894711520459811,0.025189291053850735,0.19502947160175868,16
CycleGAN-2D-T2+FLAIR,CycleGAN,GAN,2D,t2_flair,flair,tumor,0.0,all,20,0.7489681535012164,0.08168391487081933,0.040025118286701473,0.751866937244875,0.6066238752124811,0.9168264600788889,16,14.154079630494923,3.502469621515109,1.7162101145424036,13.810743190981585,9.115578431116685,20.768448231297075,16,0.18919759104028344,0.07503641635113434,0.03676784401205582,0.18804293870925903,0.07228938490152359,0.31522613763809204,16,0.09574716049126031,0.04915642196221568,0.024086646761485683,0.08675573973783424,0.024208479042031935,0.18960598962647573,16
SwinPix2Pix-2D-T2+FLAIR,SwinPix2Pix,GAN,2D,t2_flair,flair,tumor,0.0,all,20,0.746683621518191,0.07664921609420206,0.037558115886159,0.7583315819283694,0.6160226536108021,0.9167581572067024,16,14.541638568975749,3.6890247460031658,1.8076221255415512,13.853568815137777,9.485770936362645,21.376851196946774,16,0.1804657019674778,0.07641556313392986,0.037443625935625634,0.18679533898830414,0.06761642545461655,0.3092126250267029,16,0.08886793928848914,0.047783631263342945,0.023413979319038044,0.07684106926566789,0.022808167260206704,0.183025917836598,16
CycleGAN-3D-T2+FLAIR,CycleGAN,GAN,3D,t2_flair,flair,tumor,0.0,all,20,0.7464669653191927,0.07622006475296589,0.037347831728953285,0.7451242940011478,0.6120107973602366,0.8987589548462434,16,14.03455792715715,2.490234132815348,1.2202147250795206,13.923643822298768,9.987950569246964,19.029066494957775,16,0.18337595416232944,0.05142922347818538,0.02520031950431084,0.18230246007442474,0.09297219663858414,0.27912524342536926,16,0.07763711038401949,0.034319879872155776,0.01681674113735633,0.06819902114014818,0.02536467758805624,0.12668500415747985,16
CycleGAN-2.5D-T2+FLAIR,CycleGAN,GAN,2.5D,t2_flair,flair,tumor,0.0,all,20,0.7455088110500254,0.08544929616971551,0.0418701551231606,0.7614287437046092,0.5711345556590955,0.9143684635989984,16,13.305457265230338,2.7080863176150998,1.326962295631399,13.347672177080756,8.896954026286712,18.56818915215075,16,0.20531306974589825,0.06420138516374346,0.031458678730234294,0.20026995241641998,0.09952270239591599,0.3321230411529541,16,0.10213169771907246,0.05116828810584993,0.025072461171866466,0.08727989078646428,0.031909539058272325,0.19790839297430857,16
pix2pix-2.5D-T2+FLAIR,pix2pix,GAN,2.5D,t2_flair,flair,tumor,0.0,all,20,0.7434010571882239,0.08940800698078381,0.04380992342058407,0.736844672931469,0.5337891624077573,0.9116352449025209,16,14.492339557086872,3.878448277434787,1.9004396559430454,13.962661340366438,8.64374038292523,21.91190846854964,16,0.1834249384701252,0.08258761039789274,0.04046792909496744,0.18386976420879364,0.06189834326505661,0.3444422781467438,16,0.09068223167324871,0.04576324927259397,0.022423992143571044,0.08233608642060841,0.02292400120557951,0.18193020139421737,16
CUT-2.5D-T2+FLAIR,CUT,GAN,2.5D,t2_flair,flair,tumor,0.0,all,20,0.7412287461478325,0.08858984431549943,0.04340902371459472,0.7521597861802418,0.566357650802099,0.9116429093693346,16,13.669068608281037,3.3573012393339914,1.6450776072736557,13.383202252477172,9.029756895975185,21.0378255969241,16,0.20018180971965194,0.07391584569087242,0.03621876438852749,0.19486188888549805,0.0699714794754982,0.3266966640949249,16,0.09799113940647741,0.050248915880589475,0.024621968781488843,0.0854008088154452,0.025759256398305296,0.20574015166078294,16
SynDiff-3D+3D-refine-T2+FLAIR,SynDiff,SynDiff,3D+3D-refine,t2_flair,flair,tumor,0.0,all,20,0.7402875292685969,0.0898712059190037,0.04403689090031181,0.7373770613761699,0.5977657029534164,0.9399814739990193,16,14.741217367727543,2.7464349354670916,1.345753118378875,14.45564091768929,9.239288279477499,19.194277219584105,16,0.15643331315368414,0.059873352983303804,0.029337942961818863,0.15266790241003036,0.0785011574625969,0.3001338541507721,16,0.08019796821981151,0.029180665653269253,0.014298526170101933,0.0761555505450815,0.029298138937779834,0.11984072176410872,16
SynDiff-2D-T2+FLAIR,SynDiff,SynDiff,2D,t2_flair,flair,tumor,0.0,all,20,0.7377809072974884,0.09133911695806438,0.04475616730945154,0.7382296303887402,0.5957884858581219,0.9342149090376246,16,14.206533862854524,2.7534536267984713,1.349192277131251,14.244574022635176,8.607228619465252,18.809732183146153,16,0.16689478047192097,0.06293037151897769,0.03083588204429907,0.15887590497732162,0.08519985526800156,0.3230929970741272,16,0.08401695723825711,0.029363827376250772,0.014388275414362878,0.08814927035321793,0.03389380822579066,0.12767676539211112,16
SwinPix2Pix-3D-T2+FLAIR,SwinPix2Pix,GAN,3D,t2_flair,flair,tumor,0.0,all,20,0.7377716013203857,0.08242237164004822,0.04038696210362363,0.7610409810423673,0.6020918850956222,0.9070963552384508,16,14.399706374964886,2.810829170232138,1.3773062934137477,14.021994554516212,10.06205298536748,19.05031782744374,16,0.17657299200072885,0.05841348625719792,0.028622608266026982,0.17263422906398773,0.09157886356115341,0.2830215394496918,16,0.08260075652317933,0.044311296721174016,0.021712535393375268,0.06313639358293427,0.025156202473278558,0.15814737230539322,16
ResViT-2.5D-T2+FLAIR,ResViT,ResViT,2.5D,t2_flair,flair,tumor,0.0,all,20,0.7375530913521117,0.09457908554907953,0.046343751919048964,0.7419557755780684,0.601871125986639,0.9494162946119997,16,14.592193551946954,3.294336498471276,1.6142248842509253,14.91617829105674,9.08746350977929,20.760288605544407,16,0.164014951325953,0.07182532660529492,0.03519441003659451,0.14100749790668488,0.06439954787492752,0.30276644229888916,16,0.09347651203534028,0.03907119828960536,0.019144887161906626,0.09801338734326095,0.029164910037070512,0.17849532000977417,16
pix2pix-3D-T2+FLAIR,pix2pix,GAN,3D,t2_flair,flair,tumor,0.0,all,20,0.7341296873835804,0.0874162562174938,0.04283396554657196,0.7376086739972687,0.5420510976978689,0.8910382073995146,16,14.108890263834766,2.529956063785046,1.2396784712546725,13.807693290325066,10.137515246262623,19.056931585913865,16,0.1804149141535163,0.05081849300097609,0.02490106157047828,0.18771731108427048,0.09059154242277145,0.274918794631958,16,0.08894961108794691,0.04292272983878495,0.021032137621004626,0.07531703400724966,0.02589266761871321,0.1630155337708337,16
SwinPix2Pix-2.5D-T2+FLAIR,SwinPix2Pix,GAN,2.5D,t2_flair,flair,tumor,0.0,all,20,0.7293860146688085,0.08782882579598877,0.0430361246400345,0.7129267609616154,0.5382968337725803,0.9140071926829125,16,13.946634825049305,3.8680714101978295,1.8953549909969365,12.836826209885665,8.334981343449478,21.650551162267956,16,0.19465941796079278,0.0824821033804941,0.040416230656442106,0.20932035893201828,0.06523098051548004,0.347299188375473,16,0.09162118179656462,0.0487311284634268,0.023878252947079133,0.07915050819782274,0.023282544797153346,0.19772120458739145,16
SynDiff-2.5D-T2+FLAIR,SynDiff,SynDiff,2.5D,t2_flair,flair,tumor,0.0,all,20,0.7287743944437068,0.0958348729566064,0.04695908774873714,0.7372456940360268,0.5793953513918066,0.9263717705392936,16,13.813626158738781,2.40482908373187,1.1783662510286164,14.05696132410822,9.114117941748653,18.239317789885824,16,0.1753902081400156,0.057275324670428625,0.028064909088510025,0.15903031826019287,0.09519321471452713,0.3063064515590668,16,0.08569079172737896,0.03055271890160854,0.014970832261788185,0.08340486423445068,0.03595954223225514,0.13359110301424718,16
CUT-2D-T2+FLAIR,CUT,GAN,2D,t2_flair,flair,tumor,0.0,all,20,0.7268590820084767,0.07867374729849338,0.03855013617626176,0.7134104192621266,0.5842505426332291,0.8885566037353612,16,13.237988979187035,3.5929023841079473,1.7605221682128942,12.524143521200694,8.398803459549745,20.62460306282309,16,0.21410179743543267,0.0867654922442952,0.04251509119970465,0.22336071729660034,0.07642436772584915,0.35689130425453186,16,0.0953245452068078,0.04626670101661501,0.022670683498141355,0.08859736483011926,0.026024059538862537,0.19560715343270982,16
SynDiff-3D-T2+FLAIR,SynDiff,SynDiff,3D,t2_flair,flair,tumor,0.0,all,20,0.7232526187912878,0.07955683745991547,0.03898285035535858,0.6955482646078809,0.6083476140631872,0.9162935132732248,16,14.30968378530689,2.5869350693754996,1.2675981839939947,14.622560829649064,10.43601141431117,18.92761982243878,16,0.16550026321783662,0.056087328798827066,0.02748279111142526,0.14960826188325882,0.08715962618589401,0.25382715463638306,16,0.08941231187092624,0.025524703581932224,0.012507104755146789,0.0921556359869154,0.037908470661689835,0.13630106788257074,16
CUT-3D-T2+FLAIR,CUT,GAN,3D,t2_flair,flair,tumor,0.0,all,20,0.7219380124042173,0.07361279291438644,0.03607026852804936,0.7146512968101193,0.6112369367341153,0.8882696388034887,16,14.704059114177095,2.585463402005272,1.2668770669825833,14.46235255147004,10.658530556644513,19.83086927693372,16,0.16176510602235794,0.05009960653895524,0.024548807204088068,0.16070067882537842,0.08098561316728592,0.25221994519233704,16,0.07296583788078861,0.025467660938089925,0.012479153859664064,0.07454103766940534,0.02718564432912639,0.11220564093926678,16
SynDiff-3D+3D-refine-T2,SynDiff,SynDiff,3D+3D-refine,t2,t2,tumor,0.0,post,14,0.8375426608683084,0.05821679416524654,0.04312760465682996,0.8335360231490947,0.7631066403043683,0.9060254019181602,7,16.22456538906003,3.2697314161195044,2.4222509306876323,16.25548659608291,10.742189285831586,20.277572042860854,7,0.13759107887744904,0.05911899932400826,0.04379596759169002,0.13744688034057617,0.073220394551754,0.2511066496372223,7,0.05722182335062963,0.026877797019733533,0.019911350676976622,0.046377476304769516,0.037729098834097384,0.10793666541576385,7
ResViT-2D+3D-refine-T2,ResViT,ResViT,2D+3D-refine,t2,t2,tumor,0.0,post,14,0.8328457147524111,0.055584279870118575,0.04117741077546526,0.8306183528229439,0.7438915834512771,0.8970568507307887,7,15.920812592040992,3.110713844991298,2.3044490654450995,16.084283856955402,11.17055554435121,20.551129583351717,7,0.13984290829726628,0.05742448732698998,0.0425406555371268,0.13739249110221863,0.06594853848218918,0.23804400861263275,7,0.05618390396449398,0.02016089168293024,0.014935397568656287,0.04820240413149198,0.03659953940659762,0.0911836159579894,7
CycleGAN-2D+3D-post-T2+FLAIR,CycleGAN,GAN,2D+3D-post,t2_flair,t2,tumor,0.0,post,8,0.8297316833638129,0.06567982071541002,0.06436622430110182,0.8375611692655277,0.7433819256213589,0.9004224693028375,4,17.136418255522955,3.5131409119927923,3.4428780937529364,16.59162415173419,13.524872640251742,21.837552078371687,4,0.12417428381741047,0.044722556127131836,0.043828105004589196,0.1277638077735901,0.06753098219633102,0.17363853752613068,4,0.04707691684872021,0.03903812644297004,0.038257363914110644,0.03477047027554363,0.014913908835938749,0.10385281800785486,4
ResViT-2D+3D-refine-T2+FLAIR,ResViT,ResViT,2D+3D-refine,t2_flair,t2,tumor,0.0,post,8,0.826858670422898,0.041396367622388595,0.040568440269940824,0.8326016929410995,0.7771244974057018,0.8651067984036909,4,15.631666420163402,3.0253458451159276,2.964838928213609,14.266287425960634,13.8367550493707,20.157335779361638,4,0.14532407745718956,0.04922150756306338,0.04823707741180211,0.16231030225753784,0.07362744212150574,0.18304826319217682,4,0.06375337533277123,0.02007868975796299,0.01967711596280373,0.06127327393208232,0.044848431449602634,0.08761852201731767,4
SwinPix2Pix-2D+3D-post-T2+FLAIR,SwinPix2Pix,GAN,2D+3D-post,t2_flair,t2,tumor,0.0,post,8,0.8267770955897321,0.06839266566300847,0.0670248123497483,0.831914494430948,0.7386674578963893,0.9046119356006429,4,17.4585023212446,3.990023955444595,3.910223476335703,17.061794406578787,13.335379567670675,22.37504090415017,4,0.12180768512189388,0.05220369292457328,0.05115961906608182,0.12203297019004822,0.06352222710847855,0.17964257299900055,4,0.04625876785927069,0.041531388388484206,0.040700760620714524,0.03286818207707256,0.013003272634437856,0.10629543464849978,4
ResViT-2D-T2,ResViT,ResViT,2D,t2,t2,tumor,0.0,post,14,0.8261100145141168,0.0516754564081823,0.038281713831706636,0.8329299695920245,0.7560196585489004,0.8985659380502237,7,15.338058482872908,3.078073351014711,2.2802686491200417,15.470299242641914,10.493847136970363,20.12852093617225,7,0.15047186400209153,0.06088285872080403,0.0451026529189397,0.1407429575920105,0.07514416426420212,0.2623555660247803,7,0.06369975657138748,0.022701213963135333,0.016817294649602466,0.06149487892786662,0.041574680556853615,0.10667252655212696,7
CUT-2D+3D-post-T2+FLAIR,CUT,GAN,2D+3D-post,t2_flair,t2,tumor,0.0,post,8,0.8254311305187625,0.061597424829566406,0.06036547633297508,0.8331204689924729,0.7454410531757354,0.8900425309143685,4,17.126071021235575,3.8766370724805697,3.799104331030958,16.16960629903589,13.532004113783831,22.633067373086682,4,0.1255385335534811,0.04676251570413547,0.04582726539005276,0.13481534272432327,0.06058721989393234,0.17193622887134552,4,0.04605845531435025,0.036844817349692964,0.036107921002699106,0.035202085389755666,0.014481522307238159,0.09934812817065154,4
ResViT-3D-T2,ResViT,ResViT,3D,t2,t2,tumor,0.0,post,14,0.823198009790029,0.07526082587943984,0.055754000047852914,0.8379165230115125,0.7000085120275605,0.9190204629345841,7,16.016180751935984,3.1095116989190266,2.303558503171995,16.802328045375674,10.841834534179808,19.87403904799904,7,0.1333048109497343,0.05556191634614114,0.041160843645057926,0.11263632029294968,0.07406610250473022,0.22847850620746613,7,0.06311590905634762,0.02507105098822989,0.0185728944861254,0.056585233099758624,0.032376449462026356,0.10343465975978795,7
SynDiff-3D-T2+FLAIR,SynDiff,SynDiff,3D,t2_flair,t2,tumor,0.0,post,8,0.8225924336138324,0.05464814326956011,0.0535551804041689,0.8259208536945056,0.7530031832864382,0.8855248437798803,4,16.004034152933244,1.934807305704609,1.8961111595905167,16.034798343922333,13.71369022905613,18.23284969483219,4,0.13043447211384773,0.03317107359791246,0.03250765212595421,0.13462824374437332,0.0873587429523468,0.16512265801429749,4,0.07398614907292883,0.02947697098221263,0.028887431562568375,0.07103196327269327,0.045905598998069765,0.10797507074825904,4
ResViT-2.5D-T2,ResViT,ResViT,2.5D,t2,t2,tumor,0.0,post,14,0.821238665785464,0.06729877020346892,0.0498556266596815,0.8088974085228806,0.724385575196413,0.9074124023476555,7,16.12436749121191,3.128449453080012,2.317587787784008,17.150587830202298,10.667323708514376,19.654672726224884,7,0.1353878868477685,0.059803142588626276,0.044302788014699376,0.10224167257547379,0.0826311856508255,0.25203388929367065,7,0.06306058640148915,0.029488817265528437,0.021845621543764477,0.05198994812866052,0.028466248884797096,0.11231959826098038,7
pix2pix-2D+3D-post-T2+FLAIR,pix2pix,GAN,2D+3D-post,t2_flair,t2,tumor,0.0,post,8,0.8210801702489393,0.05695784999319942,0.05581869299333543,0.8252895921112178,0.7487820699293056,0.8849594268440163,4,15.880762933941575,2.5829304961162376,2.5312718861939127,15.112421906151246,13.678330815475126,19.619877107988685,4,0.1415972113609314,0.040687589232843484,0.039873837448186615,0.15953604876995087,0.08091919124126434,0.1663975566625595,4,0.051911274687496615,0.03387138650895613,0.03319395877877701,0.041983056766912344,0.022811842972741407,0.10086714224342037,4
ResViT-2.5D-T2+FLAIR,ResViT,ResViT,2.5D,t2_flair,t2,tumor,0.0,post,8,0.8162456056622591,0.04848052350068049,0.047510913030666874,0.8293436314156435,0.7480485882750261,0.8582465715427231,4,15.7614697893355,2.8383165636922256,2.781550232418381,14.707629500730192,13.743076394331489,19.887543761550123,4,0.142701618373394,0.04693246094823498,0.04599381172927028,0.1608944907784462,0.07365290820598602,0.17536458373069763,4,0.06104222842093025,0.01430478910023638,0.014018693318231652,0.05667415399401754,0.04909330662339926,0.08172729907228667,4
SwinPix2Pix-3D-T2+FLAIR,SwinPix2Pix,GAN,3D,t2_flair,t2,tumor,0.0,post,8,0.8159347703378459,0.06261738055432342,0.061365032943236954,0.8179615237744993,0.7417897735414984,0.886026260260887,4,17.365090702106517,3.8003763865189253,3.7243688587885466,16.627690851175664,13.70643627836534,22.498544827709406,4,0.12219685409218073,0.04642384687840935,0.04549536994084116,0.12887858971953392,0.06181206926703453,0.16921816766262054,4,0.04661082782618264,0.03557855434684498,0.03486698325990808,0.03731873924843967,0.014367786318282871,0.09743804648956832,4
CUT-2D+3D-post-T2,CUT,GAN,2D+3D-post,t2,t2,tumor,0.0,post,14,0.8151030413025692,0.06968956727557794,0.051626753916327615,0.8315254112104151,0.7238717599465633,0.9123236126492519,7,16.22955549768616,3.8877607028550054,2.8800934334715267,16.761033695451868,10.187436128510342,22.843498528823968,7,0.1446927333516734,0.06999735885636883,0.05185476911028301,0.13049988448619843,0.058851178735494614,0.2810104489326477,7,0.05463471151698305,0.033167473552874416,0.02457080825842093,0.04221339616924524,0.014308844199951957,0.10295428664368741,7
CUT-2.5D-T2+FLAIR,CUT,GAN,2.5D,t2_flair,t2,tumor,0.0,post,8,0.8147395027848441,0.06257756177213317,0.061326010536690505,0.8179764527838976,0.7367969971522725,0.8862081084193084,4,15.9372538187075,3.6848697713444682,3.6111723759175787,14.63637626590596,13.117420369917488,21.358842373100586,4,0.1491798646748066,0.051617931950477404,0.05058557331146785,0.1696537807583809,0.07271040976047516,0.18470148742198944,4,0.05275370005093625,0.0378818803260759,0.03712424271955438,0.044293280015699564,0.016394326600300914,0.10603391357204493,4
SynDiff-2D-T2+FLAIR,SynDiff,SynDiff,2D,t2_flair,t2,tumor,0.0,post,8,0.8144186275836556,0.07248419595454882,0.07103451203545784,0.8361408385048807,0.7146389132947673,0.8707539200300932,4,15.837420080670988,2.5044446851146636,2.4543557914123704,16.153006996510392,12.873719185104715,18.169947144558456,4,0.1337838675826788,0.04680618334154756,0.045870059674716614,0.12721649557352066,0.0931132361292839,0.18758924305438995,4,0.07621388471599261,0.03676072656120968,0.03602551202998549,0.079734527100535,0.03423882302428995,0.1111476616386105,4
pix2pix-2D-T2+FLAIR,pix2pix,GAN,2D,t2_flair,t2,tumor,0.0,post,8,0.8142681838835331,0.07231420172922494,0.07086791769464044,0.8051876581414086,0.7369673219752828,0.9097300972760324,4,15.682958849096021,3.95181767087466,3.8727813174571666,13.999804357058235,13.152065895737021,21.580160786530595,4,0.15644541010260582,0.05724686455290682,0.056101927261848684,0.18221551924943924,0.07079480588436127,0.19055579602718353,4,0.05591972535750007,0.03925021070509332,0.03846520649099145,0.04988395501859486,0.014656677869532038,0.10925431352327852,4
ResViT-3D-T2+FLAIR,ResViT,ResViT,3D,t2_flair,t2,tumor,0.0,post,8,0.8140859444059366,0.08277830246148649,0.08112273641225676,0.8246134499614116,0.7080005133256185,0.8991163643753046,4,16.312360851804325,3.141828961322756,3.0789923820963008,15.601728376065754,13.519938762638027,20.526047892447764,4,0.13263356685638428,0.04854088614241661,0.047570068419568276,0.1418815515935421,0.07154861837625504,0.17522254586219788,4,0.05976167346405632,0.019208460864345064,0.018824291647058164,0.06103691749055596,0.03762878216803074,0.07934407670708264,4
CycleGAN-2D-T2+FLAIR,CycleGAN,GAN,2D,t2_flair,t2,tumor,0.0,post,8,0.8140766191669866,0.06732251862482018,0.06597606825232377,0.8143663571612376,0.7332917918889665,0.8942819704565048,4,15.722323167832482,3.3413113434311175,3.274485116562495,14.670034638086939,12.96274336962011,20.586480025535934,4,0.15052481181919575,0.04813895894805624,0.04717617976909511,0.16604577749967575,0.0802936926484108,0.1897139996290207,4,0.05261800377013381,0.038962743370285186,0.03818348850287948,0.043008972448296844,0.016487724065561506,0.10796634611838005,4
SwinPix2Pix-2D-T2+FLAIR,SwinPix2Pix,GAN,2D,t2_flair,t2,tumor,0.0,post,8,0.8139980293445523,0.06958535818011666,0.06819365101651433,0.808807729839177,0.7353188465934474,0.903057811106408,4,15.874285927848828,3.73313496798857,3.6584722686287985,14.495360255668759,13.12085170047897,21.385571499578823,4,0.15087471157312393,0.05254091032281313,0.05149009211635686,0.1724480763077736,0.07264745235443115,0.1859552413225174,4,0.0531650168780128,0.03947327065139926,0.038683805238371276,0.044240994332358244,0.015445950660197175,0.1087321281871375,4
pix2pix-2.5D-T2+FLAIR,pix2pix,GAN,2.5D,t2_flair,t2,tumor,0.0,post,8,0.8136884845953126,0.06635895956789266,0.0650317803765348,0.8123869908213852,0.7346497859584392,0.8953301707800406,4,16.094727648494544,3.9130922174996488,3.834830373149656,14.551609824501268,13.38211792281264,21.893573022163004,4,0.14657096192240715,0.053747551798213285,0.05267260076224902,0.17194058001041412,0.06605444848537445,0.1763482391834259,4,0.05381731616661829,0.0388473353389324,0.03807038863215375,0.04441696968860924,0.017571722184691357,0.10886360310456332,4
SynDiff-2D-T2,SynDiff,SynDiff,2D,t2,t2,tumor,0.0,post,14,0.8114252719369898,0.06148340108318881,0.04554754092687592,0.8083041143083413,0.7426758082814957,0.9014468527130303,7,15.022617264613848,2.5209173162393514,1.8675216824671939,15.416443636875009,10.320426981527762,17.577748820853948,7,0.15256069707018988,0.05719480064744209,0.04237050126373338,0.14786185324192047,0.08711233735084534,0.26359355449676514,7,0.07713596198446257,0.026837492228322764,0.0198814924696558,0.08008053460541893,0.0459263876080513,0.12137206185322541,7
CycleGAN-2.5D-T2+FLAIR,CycleGAN,GAN,2.5D,t2_flair,t2,tumor,0.0,post,8,0.810000096185886,0.06819747127268955,0.06683352184723576,0.80473395698595,0.7371001218174795,0.8934323489541642,4,15.728062589318156,3.5185894985211075,3.4482177085506853,14.439375266463415,13.116721960775351,20.91677786357044,4,0.1516275778412819,0.05052964367186072,0.0495190507984235,0.17186546325683594,0.07687927782535553,0.18590010702610016,4,0.054364859149106506,0.03804817774546767,0.03728721419055832,0.04735701831523329,0.015971903634421965,0.10677349633153747,4
pix2pix-3D-T2+FLAIR,pix2pix,GAN,3D,t2_flair,t2,tumor,0.0,post,8,0.8095812034978969,0.06780988310346353,0.06645368544139425,0.8059199387924232,0.7406909486334634,0.885793987773278,4,17.04792749274104,3.7211991243176534,3.6467751418313004,15.971113047751274,13.829205262435146,22.42027861302647,4,0.1228686198592186,0.04338480296539297,0.04251710690608511,0.13124466687440872,0.0628766268491745,0.16610851883888245,4,0.05261161172683762,0.035441175862610565,0.034732352345358354,0.049584519566269594,0.014156836769817507,0.09712057100499377,4
SynDiff-2.5D-T2+FLAIR,SynDiff,SynDiff,2.5D,t2_flair,t2,tumor,0.0,post,8,0.8063299556824503,0.06004674926637176,0.05884581428104432,0.8186397193216026,0.7234208824588526,0.8646195016277429,4,15.091309243678065,2.15833586938551,2.1151691519977995,14.926652588130871,12.799290395965809,17.71264140248471,4,0.15195653773844242,0.03845115266697488,0.03768212961363538,0.1581023931503296,0.10244103521108627,0.18918032944202423,4,0.07354233203056668,0.028479299389487584,0.02790971340169783,0.06916943629186194,0.04849431831389665,0.10733613722464617,4
SynDiff-3D-T2,SynDiff,SynDiff,3D,t2,t2,tumor,0.0,post,14,0.8057648153103425,0.036153509429003625,0.026782894591984262,0.7934280211162205,0.7602215061367356,0.8729553157963625,7,14.761571281604576,1.8416204684232547,1.3642915352679792,15.603346247888679,11.062415481848586,16.230862992479718,7,0.15332380362919398,0.03887312169106514,0.028797611550206506,0.1466405689716339,0.11163157224655151,0.23254431784152985,7,0.07209830218906865,0.022573323257760992,0.016722551889205666,0.0721176415681839,0.04531946725078991,0.10203114601180834,7
SynDiff-3D+3D-refine-T2+FLAIR,SynDiff,SynDiff,3D+3D-refine,t2_flair,t2,tumor,0.0,post,8,0.8048401037343957,0.06820540598105894,0.06684129786143776,0.8224759181792227,0.7158232660075282,0.858585312571609,4,15.163786885463512,2.3102028256856406,2.263998769171928,15.349179160589214,12.401955922854466,17.55483329782115,4,0.14577069133520126,0.04579220133472906,0.04487635730803448,0.1389440819621086,0.10430808365345001,0.20088651776313782,4,0.07393511341250807,0.031945026491663225,0.03130612596182996,0.07813970690921826,0.03574904360409294,0.10371199622750282,4
CycleGAN-2D+3D-post-T2,CycleGAN,GAN,2D+3D-post,t2,t2,tumor,0.0,post,14,0.8045152567673463,0.06288775590377912,0.046587901537053396,0.7983369912999846,0.7226252080578318,0.8893649823917177,7,16.209037621975302,3.7474122569247803,2.776121849720311,16.399893382235142,10.206811814519543,22.657687797325625,7,0.14388910893883025,0.06878785004002137,0.050958752440036274,0.13170720636844635,0.05919809639453888,0.28166699409484863,7,0.05238446054609158,0.03098854504325229,0.02295663542932728,0.0398700893856585,0.014189017881803653,0.09466116090438195,7
SynDiff-2.5D-T2,SynDiff,SynDiff,2.5D,t2,t2,tumor,0.0,post,14,0.8039119194013468,0.06998935856311007,0.0518488424100971,0.7839326262955487,0.7277045602526631,0.9143369068788441,7,14.713025964816227,2.4758159958248487,1.8341101567343179,15.493947533735524,10.187770608360285,17.954719788747585,7,0.15622560467038835,0.056921753361875216,0.04216822500387745,0.14687016606330872,0.09934946149587631,0.26678466796875,7,0.08354155150146315,0.034367353491026806,0.025459691755877232,0.06950615825397628,0.04107086975127459,0.1366726801945613,7
SwinPix2Pix-2.5D-T2+FLAIR,SwinPix2Pix,GAN,2.5D,t2_flair,t2,tumor,0.0,post,8,0.802986085267161,0.06896717773955036,0.06758783418475935,0.794996151059541,0.7274981254026525,0.8944539135469091,4,15.621033044383225,3.6943072627342617,3.620421117479576,14.100465229329156,13.172040724903422,21.11116099397117,4,0.15191985107958317,0.05229642758163137,0.05125049902999874,0.17520034313201904,0.07377224415540695,0.18350647389888763,4,0.05658692447879515,0.038211670025266244,0.03744743662476092,0.05166767206974328,0.015438957852037513,0.10757339592365657,4
CycleGAN-2.5D-T2,CycleGAN,GAN,2.5D,t2,t2,tumor,0.0,post,14,0.8021531550124069,0.06655621647350826,0.04930553515839929,0.7975684001957802,0.7111736715925826,0.8954571149754478,7,15.238043690068803,3.582811078098167,2.65418359000899,15.043739377208972,9.57977450838054,21.302900958042983,7,0.16284251638821193,0.07359065651704154,0.05451672126937864,0.16061407327651978,0.07226290553808212,0.306276798248291,7,0.05985039236767887,0.033131585593597426,0.024544222086134545,0.044886606745421886,0.01569717500687522,0.10575100965797901,7
ResViT-2D-T2+FLAIR,ResViT,ResViT,2D,t2_flair,t2,tumor,0.0,post,8,0.8013877273685055,0.03079479954288412,0.03017890355202644,0.8086199717605351,0.758791929811811,0.8295190361411409,4,14.675981605722004,1.5109653752622922,1.4807460677570463,14.573162633490695,13.097366132171427,16.4602350237352,4,0.1586797535419464,0.035495412939764576,0.03478550468096928,0.16002321243286133,0.11425356566905975,0.20041902363300323,4,0.0720062663559528,0.017209749407645913,0.016865554419492994,0.07293496023425285,0.052828867360949515,0.08932627759435598,4
CUT-2.5D-T2,CUT,GAN,2.5D,t2,t2,tumor,0.0,post,14,0.801263840128429,0.06985302510507263,0.05174784517100063,0.8089066517905383,0.7032774745619088,0.9007624936199088,7,15.13850516847035,3.79753820732723,2.81325567343909,14.773753448060509,9.419965274478557,21.974548806013413,7,0.1670801458614213,0.07596710781094294,0.056277221024804466,0.16783538460731506,0.06624602526426315,0.31157439947128296,7,0.06045784667266959,0.03392566841039967,0.025132486869156093,0.04632117273285985,0.014652124140411615,0.10642431851695566,7
SwinPix2Pix-2D+3D-post-T2,SwinPix2Pix,GAN,2D+3D-post,t2,t2,tumor,0.0,post,14,0.800665760421594,0.062074651773848175,0.04598554556807028,0.8182724631346245,0.7177331420382825,0.8860575481716745,7,15.319448413551713,3.45153832218373,2.556935371510039,15.106938502576844,9.77287503381536,20.82123774530908,7,0.16121467415775573,0.07129407611477485,0.052815390698505195,0.16262809932231903,0.07321929931640625,0.29890260100364685,7,0.0584499364039589,0.0327961301411397,0.02429571320925428,0.044420905970036985,0.02022277210455607,0.1065106458742829,7
SwinPix2Pix-2D-T2,SwinPix2Pix,GAN,2D,t2,t2,tumor,0.0,post,14,0.8003237383412485,0.06882566984988354,0.050986769747263856,0.8041760453327469,0.712324914582713,0.9045546662171735,7,15.139445529520113,3.830071508279743,2.837356680060634,14.772617185176898,9.565940033645896,21.971570163096253,7,0.16788837632962636,0.07566351515932025,0.05605231644110758,0.17154929041862488,0.065125472843647,0.3072151839733124,7,0.06057757443423067,0.033598158141050556,0.024889863866291186,0.046455157175660136,0.015783872345791143,0.10879861322395942,7
pix2pix-2D+3D-post-T2,pix2pix,GAN,2D+3D-post,t2,t2,tumor,0.0,post,14,0.7991509412783078,0.05792444736470382,0.04291103111619996,0.8211486067304612,0.7137073505038357,0.8542460511575453,7,14.929392249476308,2.6126213817284167,1.9354570048865354,15.750165362586273,9.835476699478345,17.349148170147444,7,0.16179897423301423,0.06435911300809724,0.047677898133635675,0.1427055299282074,0.10644849389791489,0.2946888506412506,7,0.06116267443621898,0.02891739930465682,0.021422309194404736,0.04491210728883743,0.034845983842387795,0.1029432333786698,7
pix2pix-2.5D-T2,pix2pix,GAN,2.5D,t2,t2,tumor,0.0,post,14,0.7985345202831942,0.07053676531011568,0.052254367003298295,0.8025564406933441,0.7046179778687521,0.9107765778765126,7,15.016068557235505,3.926769449435844,2.908991517346114,14.651374079402943,9.349224852606294,22.343350413408096,7,0.17133126301424845,0.07727749401256238,0.05724796870786643,0.1707458794116974,0.06283015757799149,0.3158164322376251,7,0.06199324608049249,0.034742715256227616,0.02573776364295023,0.04801442474126816,0.014613060855909306,0.10999150114024386,7
CUT-2D-T2,CUT,GAN,2D,t2,t2,tumor,0.0,post,14,0.7977514297892022,0.07114652753623167,0.05270608518186982,0.7961209535551442,0.705869794643427,0.9059108213814914,7,14.911812613576199,3.6504926296115037,2.7043227850313527,14.834277258647251,9.458490227354988,21.41828628777667,7,0.171376214495727,0.0744998687298437,0.055190275102514674,0.16582773625850677,0.07191811501979828,0.31067922711372375,7,0.061161515930303785,0.033696397137653086,0.024962640333427655,0.04828445496968925,0.015775061075520867,0.1085742300047594,7
SwinPix2Pix-2.5D-T2,SwinPix2Pix,GAN,2.5D,t2,t2,tumor,0.0,post,14,0.7971102249787575,0.06649292211547832,0.049258646041791886,0.7933609508004236,0.713681050207063,0.8926735308056278,7,15.083581790768777,3.6301065481231247,2.6892205645202556,14.69533790490809,9.631801188507618,21.31741898191496,7,0.16781676773514068,0.0734535088872467,0.054415120883403695,0.17151384055614471,0.07194655388593674,0.3048873245716095,7,0.059710913001835085,0.0335960467780131,0.024888299746664334,0.044290654361248016,0.015532911097740425,0.11029022373259068,7
CycleGAN-3D-T2+FLAIR,CycleGAN,GAN,3D,t2_flair,t2,tumor,0.0,post,8,0.79697864401007,0.06821730631175615,0.06685296018552103,0.7997825691046236,0.7291901516177051,0.8591592862133277,4,16.867764038205003,3.435391688610002,3.366683854837802,15.90786828185007,13.912658651135166,21.742660937984716,4,0.1261968333274126,0.04191523180195501,0.041076927165915905,0.1374143697321415,0.06859619915485382,0.1613623946905136,4,0.05712869171162738,0.03655399458448179,0.035822914692792154,0.05897780917584896,0.019904583911685383,0.09065456458312623,4
pix2pix-2D-T2,pix2pix,GAN,2D,t2,t2,tumor,0.0,post,14,0.7963139340315075,0.06885443615207933,0.05100808012215357,0.795738640153427,0.7041296577041376,0.8967506000060904,7,14.915601040598357,3.86378246038718,2.86233010286657,14.429949857764711,9.398544929839936,22.048245486583436,7,0.17315637320280075,0.07675543428967078,0.05686122145290398,0.17821383476257324,0.06563238054513931,0.3134434223175049,7,0.06320433417179001,0.03342455094297405,0.02476125385415326,0.048092856304720044,0.0182793231900124,0.10892883118461161,7
SwinPix2Pix-3D-T2,SwinPix2Pix,GAN,3D,t2,t2,tumor,0.0,post,14,0.7921427011748421,0.05411006380576331,0.04008529623164834,0.7707743994980109,0.7353835367616047,0.8504342635720443,7,16.041782721361056,3.231615095737412,2.394013965392946,15.994109504751766,11.09019331572106,21.397833633599085,7,0.14207426139286586,0.0566421640067095,0.04196110231104042,0.13521796464920044,0.07077991217374802,0.24551086127758026,7,0.051980362494722855,0.02455145794135001,0.018187974570324703,0.04726073576603085,0.020947326029486516,0.09669163779300802,7
pix2pix-3D-T2,pix2pix,GAN,3D,t2,t2,tumor,0.0,post,14,0.7895308200285546,0.056499702172411154,0.04185556510727639,0.7623857182384013,0.7355124161207954,0.853924936407299,7,15.946611898339992,3.403156572387165,2.5210936696823976,16.247098890253,10.645848671235765,21.614254825955808,7,0.1452386166368212,0.06367217839869307,0.0471690098534706,0.13457928597927094,0.06559345126152039,0.26559773087501526,7,0.054090067166566745,0.025644145440584395,0.018997448797756018,0.045573597960174086,0.026153194608495516,0.09755026143701638,7
CUT-2D-T2+FLAIR,CUT,GAN,2D,t2_flair,t2,tumor,0.0,post,8,0.7877060436082994,0.06317539398973061,0.061911886109936,0.7842626599952509,0.7233447931067645,0.8589540613359318,4,14.927337186218374,3.2692115514831745,3.203827320453511,13.834087046320068,12.359935962591814,19.681238689641546,4,0.16671669483184814,0.053945290347612994,0.052866384540660734,0.18598555773496628,0.08922097086906433,0.2056746929883957,4,0.054344428574447254,0.034400852304111655,0.03371283525802942,0.047858199942857026,0.020846695474842015,0.10081461893723291,4
CUT-3D-T2+FLAIR,CUT,GAN,3D,t2_flair,t2,tumor,0.0,post,8,0.7869881978469615,0.05395501832598733,0.05287591795946758,0.7855041808283878,0.7399556580761362,0.8369887716549342,4,15.925631378661201,3.08351560983694,3.021845297640201,14.765229534673507,13.735779736218007,20.436286709079784,4,0.13999907113611698,0.04113917996108667,0.04031639636186494,0.15610754489898682,0.08003286272287369,0.1677483320236206,4,0.057223455779090084,0.029499101418308266,0.0289091193899421,0.05311345676891506,0.028204853646457195,0.09446205593207303,4
CUT-3D-T2,CUT,GAN,3D,t2,t2,tumor,0.0,post,14,0.7821054549294058,0.06267153563033664,0.04642772331691042,0.7720941079846507,0.7030670425119412,0.8574506374170776,7,15.317221249692272,3.2498905904349793,2.40755264132875,15.540576087104597,10.028337660303936,20.867804296827003,7,0.15525885884250915,0.06456945226005299,0.04783371963209215,0.14818082749843597,0.07659027725458145,0.28582507371902466,7,0.05719563449610349,0.028276605741745873,0.020947602679830587,0.05289415596053004,0.02191812139661873,0.09737797607393826,7
CycleGAN-3D-T2,CycleGAN,GAN,3D,t2,t2,tumor,0.0,post,14,0.7802510303323782,0.0658733509333651,0.0487996612869272,0.7660731153169482,0.6901726085978687,0.8640956924672991,7,15.520693307649003,3.5081021643674983,2.598838452202674,15.579849101126712,9.917272141975756,21.77420107238624,7,0.15388609149626323,0.06640197797395002,0.049191273678920885,0.14422693848609924,0.06792967766523361,0.2878826856613159,7,0.05699031450303079,0.02973510331018914,0.022028072798920707,0.04966888713339965,0.01754573650438996,0.09709605202078819,7
CycleGAN-2D-T2,CycleGAN,GAN,2D,t2,t2,tumor,0.0,post,14,0.6794572007468085,0.07154684759435533,0.05300264643108513,0.6432836331975971,0.5838214859256273,0.7861429276086301,7,12.18260301829879,2.3108999242377872,1.7119386212015328,11.678759548617272,8.996042817132633,15.85990439483625,7,0.21844759157725743,0.061245012466690965,0.045370940168376145,0.2280140370130539,0.1335550993680954,0.3213093876838684,7,0.10198776905412595,0.03356272277822454,0.024863612982147787,0.0968210082501173,0.0695552721619606,0.16430065734311938,7
ResViT-3D-T2+FLAIR,ResViT,ResViT,3D,t2_flair,flair,tumor,0.0,post,8,0.7907036391359108,0.09498609608222969,0.09308637416058509,0.8213680217233827,0.6543826083252462,0.8656959047716317,4,13.913546839105436,3.040548313083934,2.9797373468222554,14.25904162100099,10.159179305536492,16.97692480888327,4,0.17483180947601795,0.06393323472248022,0.06265457002803061,0.1618310660123825,0.11613232642412186,0.25953277945518494,4,0.06687997823440227,0.037833096255597706,0.03707643433048575,0.052752463466354774,0.039501820197876764,0.12251316580702276,4
ResViT-2D+3D-refine-T2+FLAIR,ResViT,ResViT,2D+3D-refine,t2_flair,flair,tumor,0.0,post,8,0.7815249813091507,0.08259837071912927,0.08094640330474669,0.7811044126833389,0.6813347141579057,0.8825563857120192,4,12.901605171637062,2.253982983885548,2.208903324207837,13.766663160716856,9.611230280394958,14.461864084719583,4,0.19453414902091026,0.06631856537661758,0.06499219406908523,0.1674213856458664,0.1517142504453659,0.29157957434654236,4,0.07252619412449822,0.03346104471395541,0.032791823819676304,0.06158035864443088,0.04771460006013513,0.11922945914899602,4
ResViT-2D-T2+FLAIR,ResViT,ResViT,2D,t2_flair,flair,tumor,0.0,post,8,0.7735881957576658,0.09852364472581626,0.09655317183129994,0.7569957472820288,0.6804283374146058,0.8999329510519998,4,13.239710560903713,2.378688833614962,2.3311150569426626,13.588902981924708,10.06892731530273,15.712108964462708,4,0.18655718117952347,0.05877288258105468,0.05759742492943359,0.1688883677124977,0.13699974119663239,0.27145224809646606,4,0.07554429465270907,0.03317271812606228,0.03250926376354104,0.07369314004987979,0.04280358646064997,0.11198731205042671,4
SynDiff-3D+3D-refine-T2+FLAIR,SynDiff,SynDiff,3D+3D-refine,t2_flair,flair,tumor,0.0,post,8,0.7719656963780994,0.09141798658199547,0.08958962685035556,0.7911357643035932,0.6570792733647414,0.8485119835404696,4,13.062997433348867,3.1159328938563347,3.053614235979208,13.081041431056159,9.239288279477499,16.850618591805652,4,0.18807941861450672,0.0802214359008699,0.0786170071828525,0.17109856754541397,0.10998668521642685,0.3001338541507721,4,0.08225527081458571,0.041893898629319644,0.04105602065673325,0.08994111127822715,0.029298138937779834,0.11984072176410872,4
CycleGAN-2D+3D-post-T2+FLAIR,CycleGAN,GAN,2D+3D-post,t2_flair,flair,tumor,0.0,post,8,0.760268789736443,0.055475058091044895,0.054365556929224,0.7840695138626017,0.6780296596716715,0.7949064715488969,4,13.435424083843,3.8199685710201807,3.743569199599777,12.600027893731095,9.769069125845519,18.772571422064292,4,0.20361210219562054,0.08036768298510923,0.07876032932540704,0.2155933827161789,0.09478425234556198,0.2884773910045624,4,0.07445992942324237,0.04246513969216414,0.04161583689832085,0.05697503281921587,0.046934339217841625,0.13695531283669612,4
CUT-2D+3D-post-T2+FLAIR,CUT,GAN,2D+3D-post,t2_flair,flair,tumor,0.0,post,8,0.758955122918204,0.0501263023491398,0.049123776302157,0.7790828262197448,0.6845022097405269,0.7931526294927992,4,13.024843901662297,3.1051258528441394,3.0430233357872565,12.486648954459115,9.863910599911312,17.262167097819653,4,0.2093449905514717,0.06893813612565874,0.06755937340314556,0.2179555669426918,0.11723880469799042,0.2842300236225128,4,0.07257824979229446,0.04129952441044415,0.040473533922235266,0.056258090590948565,0.044765347614884377,0.13303147037239635,4
SwinPix2Pix-2D+3D-post-T2+FLAIR,SwinPix2Pix,GAN,2D+3D-post,t2_flair,flair,tumor,0.0,post,8,0.7585547703607775,0.053517367667191916,0.052447020313848076,0.7795572324358129,0.6797936146215879,0.7953110019498959,4,13.725307063403484,3.9141503285996677,3.835867322027674,12.950667794584373,9.84837795605162,19.151514708393567,4,0.1964026428759098,0.07943119964355104,0.07784257565068002,0.20361536741256714,0.09245152771472931,0.28592830896377563,4,0.07200171771486673,0.042628252646429665,0.041775687593501074,0.054393575370640435,0.04430112987756729,0.13491859024061875,4
SynDiff-3D-T2+FLAIR,SynDiff,SynDiff,3D,t2_flair,flair,tumor,0.0,post,8,0.7572886676053273,0.04922458548779499,0.04824009377803909,0.770658346205346,0.6868376463216899,0.8010003316889271,4,12.471124798566668,2.155283904871774,2.112178226774338,12.531109155474311,10.472303268736296,14.349977614581753,4,0.2049536481499672,0.05554500641198396,0.05443410628374428,0.20567653328180313,0.15463437139987946,0.25382715463638306,4,0.08517074536986086,0.018189195149818545,0.017825411246822173,0.08176010146956234,0.07001120118158204,0.1071515773587367,4
pix2pix-2D+3D-post-T2+FLAIR,pix2pix,GAN,2D+3D-post,t2_flair,flair,tumor,0.0,post,8,0.7558123431336984,0.05297351362111915,0.051914043348696766,0.7619625970806252,0.6894220880317395,0.8099020903418033,4,12.820421755489392,2.852124974259972,2.7950824747747727,12.202769740717784,10.07939354281736,16.796753997704638,4,0.20959791541099548,0.06624884727675305,0.06492387033121799,0.22033873945474625,0.12088154256343842,0.276832640171051,4,0.07684333457077361,0.0366400010596777,0.035907201038484146,0.05929036999997847,0.05702728615142405,0.1317653121317134,4
SwinPix2Pix-3D-T2+FLAIR,SwinPix2Pix,GAN,3D,t2_flair,flair,tumor,0.0,post,8,0.7555455167103142,0.0509461289139623,0.04992720633568305,0.772786042015682,0.6834683890766187,0.7931415937332742,4,13.632187343439725,3.199936806872736,3.135938070735281,13.236757771108842,10.195781490941478,17.859452340599734,4,0.19307208433747292,0.06744506971806387,0.06609616832370259,0.19616099447011948,0.10788390040397644,0.27208244800567627,4,0.06589180180487936,0.038812133365510836,0.03803589069820062,0.05138692190761075,0.039004463935270905,0.12178889946902499,4
ResViT-2.5D-T2+FLAIR,ResViT,ResViT,2.5D,t2_flair,flair,tumor,0.0,post,8,0.7535797850563066,0.08786868029756714,0.08611130669161579,0.7503346242270204,0.6497605555120435,0.8638893362591423,4,12.574021386805212,2.4156056665915386,2.367293553259708,13.469184599698282,9.08746350977929,14.270252838044993,4,0.2010696902871132,0.06952010224272677,0.06812970019787223,0.17618925869464874,0.1491338014602661,0.30276644229888916,4,0.07776372721575263,0.02681329505645875,0.026277029155329572,0.07114179168647827,0.053192073851823805,0.11557925163823016,4
SynDiff-2D-T2+FLAIR,SynDiff,SynDiff,2D,t2_flair,flair,tumor,0.0,post,8,0.7509755207122564,0.10839934175560775,0.1062313549204956,0.778053985158245,0.6094697562630356,0.8383243562695001,4,12.61996700727644,3.3525961293138162,3.2855442067275398,12.553824631772883,8.607228619465252,16.764990146094743,4,0.20249480195343494,0.08868337037962704,0.0869097029720345,0.18838606774806976,0.11011407524347305,0.3230929970741272,4,0.08324380462848338,0.0348850752467099,0.034187373741775696,0.08442596694564118,0.042966878307717185,0.121156406314934,4
SynDiff-2.5D-T2+FLAIR,SynDiff,SynDiff,2.5D,t2_flair,flair,tumor,0.0,post,8,0.749975951985123,0.10419912526593547,0.10211514276061676,0.7298192739246793,0.6514326272078598,0.8888326328832739,4,12.301449065795122,2.563066181106597,2.511804857484465,12.628305295185415,9.114117941748653,14.835067731061002,4,0.2102987952530384,0.0735720361468049,0.07210059542386879,0.1930878534913063,0.14871302247047424,0.3063064515590668,4,0.08988355284736749,0.03405362899821355,0.03337255641824928,0.09847008493267187,0.04341138582676649,0.11918265569735975,4
pix2pix-2D-T2+FLAIR,pix2pix,GAN,2D,t2_flair,flair,tumor,0.0,post,8,0.7462444300175529,0.049887211454546075,0.048889467225455153,0.7639176605947054,0.6740584562050786,0.7830839426757218,4,12.174365634702395,2.4656069110809624,2.416294772859343,11.81312954062908,9.568623186817094,15.502580270734324,4,0.22900044918060303,0.06294368827818593,0.06168481451262221,0.2370537891983986,0.1447031944990158,0.2971910238265991,4,0.08217481866218697,0.03890455583695605,0.038126464720216934,0.06610461866948754,0.05680312698378282,0.13968691032599,4
CycleGAN-3D-T2+FLAIR,CycleGAN,GAN,3D,t2_flair,flair,tumor,0.0,post,8,0.7417873176207435,0.044220370583912115,0.04333596317223387,0.7451242940011478,0.6862002261915137,0.7907004562891644,4,12.624684968689856,1.924780220267779,1.8862846158624234,12.96087041591274,9.987950569246964,14.58904847368698,4,0.21169951930642128,0.048140208642940024,0.04717740447008122,0.2011939063668251,0.16528502106666565,0.27912524342536926,4,0.06953809484154644,0.037158145803532945,0.03641498288746228,0.05466567291878164,0.04438451567993445,0.12443651784868802,4
SwinPix2Pix-2D-T2+FLAIR,SwinPix2Pix,GAN,2D,t2_flair,flair,tumor,0.0,post,8,0.7409676466965033,0.0466600392850401,0.0457268384993393,0.7583315819283694,0.6720028636276836,0.7752045593015906,4,12.335338553632893,2.592916345362236,2.5410580184549914,12.03556103263814,9.550770038672658,15.719462110582626,4,0.22505038604140282,0.06405064997252531,0.0627696369730748,0.22974469512701035,0.14274239540100098,0.2979697585105896,4,0.0790084853199968,0.04063901162786016,0.03982623139530296,0.06420807905960828,0.04970877442289801,0.13790900873787262,4
CycleGAN-2.5D-T2+FLAIR,CycleGAN,GAN,2.5D,t2_flair,flair,tumor,0.0,post,8,0.7407676747481389,0.046475935120456564,0.04554641641804743,0.7614287437046092,0.6713116358017668,0.7689015757815705,4,11.916369556368291,2.3612394518395274,2.314014662802737,11.703290670802875,9.306457589038391,14.952439294829023,4,0.23777424916625023,0.06187292532267462,0.060635466816221124,0.242827869951725,0.15778863430023193,0.30765262246131897,4,0.08134177240050014,0.040256557201758573,0.0394514260577234,0.06596976947039365,0.05381141515339122,0.13961613550782204,4
CycleGAN-2D-T2+FLAIR,CycleGAN,GAN,2D,t2_flair,flair,tumor,0.0,post,8,0.7392887483767409,0.055616011227156585,0.05450369100261345,0.751866937244875,0.6609631191401683,0.792457999877045,4,11.902360572740243,2.7074254173911325,2.65327690904331,11.478050724606668,9.115578431116685,15.53776241063095,4,0.24050407111644745,0.06973424033115419,0.06833955552453111,0.2496146559715271,0.14756083488464355,0.31522613763809204,4,0.08259586640907561,0.04172433585517879,0.04088984913807522,0.06617731861770153,0.05468218948911218,0.1433466389117872,4
pix2pix-3D-T2+FLAIR,pix2pix,GAN,3D,t2_flair,flair,tumor,0.0,post,8,0.7386398169694286,0.05535795768556071,0.0542507985318495,0.7345601952984657,0.6849120718657661,0.800526805415017,4,12.236265444806886,1.4576736502206837,1.4285201772162701,12.657012079883724,10.137515246262623,13.493522373197472,4,0.21889737248420715,0.03737821355300305,0.036630649281942984,0.20106220990419388,0.19854627549648285,0.274918794631958,4,0.07819483917555772,0.03642428881205237,0.035695803035811324,0.07191986356629058,0.04165872372686863,0.12728090584278107,4
CUT-2.5D-T2+FLAIR,CUT,GAN,2.5D,t2_flair,flair,tumor,0.0,post,8,0.7383131166857309,0.05168490526644715,0.050651207161118206,0.7521597861802418,0.6648705100761693,0.7840623843062707,4,11.768754244100501,2.275786247957254,2.230270522998109,11.526530932026999,9.2472744671868,14.774680645161206,4,0.24131795018911362,0.058921231324047196,0.05774280669756625,0.24649909883737564,0.1644311398267746,0.3078424632549286,4,0.08490927814204684,0.03801700342058575,0.03725666335217403,0.06919055110774934,0.06010269746184349,0.14115331289084518,4
pix2pix-2.5D-T2+FLAIR,pix2pix,GAN,2.5D,t2_flair,flair,tumor,0.0,post,8,0.7279167861502545,0.048968539569782685,0.04798916877838703,0.7332324688906735,0.6642696575316434,0.7809325492880272,4,11.627023107491858,2.278370745443094,2.232803330534232,11.145768879550719,9.407580583546917,14.808974087319084,4,0.2446635402739048,0.05933435477506151,0.058147667679560276,0.25687842071056366,0.1618623286485672,0.3030349910259247,4,0.08420800931738032,0.038943286088045766,0.03816442036628485,0.06991488389561282,0.05606029252521694,0.14094197695307872,4
CUT-3D-T2+FLAIR,CUT,GAN,3D,t2_flair,flair,tumor,0.0,post,8,0.7183980683701171,0.0684331236186531,0.06706446114628004,0.7031544579074077,0.6535894091694081,0.8136939484962451,4,12.936516047713656,1.6542530546902021,1.621167993596398,13.298679806208018,10.658530556644513,14.490174021794077,4,0.19522907957434654,0.043598256841830524,0.04272629170499391,0.18428312987089157,0.160130113363266,0.25221994519233704,4,0.07333482382682098,0.025697172983438397,0.02518322952376963,0.06557766037226162,0.053643929027020934,0.10854004553573973,4
SwinPix2Pix-2.5D-T2+FLAIR,SwinPix2Pix,GAN,2.5D,t2_flair,flair,tumor,0.0,post,8,0.7173473780905772,0.04690979086335,0.045971595046083,0.7301672373743954,0.6523987260006614,0.7566563116128571,4,11.50386952568267,2.1487430233364573,2.1057681628697282,11.27733814873956,9.209933672564654,14.250868132686909,4,0.246104646474123,0.0568799785927086,0.05574237902085443,0.25074855238199234,0.17284974455833435,0.310071736574173,4,0.08534362447680906,0.040202262684588964,0.039398217430897185,0.07217837872449309,0.05456538783276782,0.14245235262548223,4
CUT-2D-T2+FLAIR,CUT,GAN,2D,t2_flair,flair,tumor,0.0,post,8,0.6942068444060425,0.039653002399897504,0.03885994235189955,0.6955506695772528,0.6444729192925447,0.7412531191771199,4,10.344831821705474,1.9141430771708952,1.8758602156274773,9.952910293476165,8.486162218269325,12.987344481600246,4,0.28837085142731667,0.05552172149739963,0.05441128706745164,0.3003406822681427,0.21086598932743073,0.34193605184555054,4,0.09095184330499786,0.037477322740960134,0.036727776286140934,0.07924360709593577,0.06089830305427313,0.14442185597384677,4
CycleGAN-2D+3D-post-T2+FLAIR,CycleGAN,GAN,2D+3D-post,t2_flair,t2,tumor,0.0,pre,12,0.7846196922393341,0.07707696180625158,0.0436103965542147,0.7970374805132305,0.624878235738145,0.9283175683580106,12,18.393747955612405,4.109929371713879,2.3254114525271703,18.942205518811686,11.689989186999734,23.227526360174643,12,0.111129825313886,0.06475291186641731,0.03663740887495038,0.0895456075668335,0.046191662549972534,0.23493191599845886,12,0.08777387364019179,0.04582257784258213,0.025926564099329828,0.08223369173575748,0.029839792230632156,0.19720641396048924,12
SwinPix2Pix-2D+3D-post-T2+FLAIR,SwinPix2Pix,GAN,2D+3D-post,t2_flair,t2,tumor,0.0,pre,12,0.7841713607712236,0.07627798150426401,0.04315833089163356,0.8004334842062153,0.6304085868447658,0.9280882847711289,12,18.714440861173713,4.510011508697588,2.551779231422965,19.005833826599286,11.374047788611286,23.863560186509183,12,0.10898067709058523,0.06766164244001852,0.03828317812702576,0.09006621316075325,0.04852398484945297,0.24365422129631042,12,0.0865044385457726,0.04735094772064407,0.026791320764639796,0.07679255322270376,0.028345046994218137,0.2023020440550602,12
ResViT-2D+3D-refine-T2+FLAIR,ResViT,ResViT,2D+3D-refine,t2_flair,t2,tumor,0.0,pre,12,0.7811278124902282,0.08335864542118564,0.04716459364574001,0.788201393506461,0.6479960616922009,0.9641524664749315,12,18.057174976146023,3.621722039969493,2.04918215081226,17.57671261357912,13.153016781089942,22.913351988640443,12,0.10982010358323653,0.050952452369424424,0.0288290638495316,0.10452144593000412,0.05074596777558327,0.18806754052639008,12,0.09192382231528733,0.04375406660539425,0.024756193690109885,0.08309181966976813,0.024578413918303947,0.19844193987193562,12
pix2pix-2D+3D-post-T2+FLAIR,pix2pix,GAN,2D+3D-post,t2_flair,t2,tumor,0.0,pre,12,0.7801230796319354,0.07497395361618124,0.0424205076564625,0.781073484080083,0.6215461083454332,0.9317481589916272,12,18.16829036054161,3.7777872874143066,2.1374843771832,16.775550014606132,13.100703677758803,23.195516754486437,12,0.11166174337267876,0.052682402324663966,0.02980787518042689,0.11877817288041115,0.05030013248324394,0.1924690455198288,12,0.09055704945622366,0.04630314612419984,0.02619847120155069,0.08420328076854833,0.028005234122247202,0.20283557671000776,12
SwinPix2Pix-2D-T2+FLAIR,SwinPix2Pix,GAN,2D,t2_flair,t2,tumor,0.0,pre,12,0.7782922316599797,0.07884678417929004,0.04461176782923645,0.7891521796078169,0.6259001441211149,0.9296084923984133,12,18.16264075939162,5.067335235043366,2.8671148147858356,16.979663149960388,10.772743809385226,24.98973189863014,12,0.12207603765030701,0.07780924295728323,0.0440247236194919,0.1163385733962059,0.042063336819410324,0.26474133133888245,12,0.08887320934421077,0.04839749719300417,0.027383461871835418,0.07573911246646711,0.027159685327205807,0.1992460015108404,12
CycleGAN-2D-T2+FLAIR,CycleGAN,GAN,2D,t2_flair,t2,tumor,0.0,pre,12,0.7780890658277974,0.08118938860887034,0.04593722106129898,0.7917819253678243,0.6198206206601984,0.9296983344224434,12,17.964057250464318,4.535304140233668,2.5660898848963183,17.729276144889297,10.600835770525006,23.948402104256754,12,0.1217185774197181,0.07598736270917009,0.042993897828846106,0.10349667817354202,0.04415687546133995,0.2724955081939697,12,0.08798567916985796,0.04578622750293159,0.025905996958515105,0.07866716367599275,0.02908617710636463,0.19320149434244502,12
CycleGAN-2.5D-T2+FLAIR,CycleGAN,GAN,2.5D,t2_flair,t2,tumor,0.0,pre,12,0.7771695068528106,0.0829244731078348,0.04691893753379198,0.7827744125233879,0.6135540665612574,0.9319154790651492,12,17.74484237889349,5.023647715537945,2.8423962736620876,16.870815381962156,10.523701580664556,24.750717631245585,12,0.12869846913963556,0.08162791909054244,0.046185343039107395,0.11808431521058083,0.04355287179350853,0.27370208501815796,12,0.09191411268031185,0.0474794751194619,0.026864041986379397,0.08489180349371102,0.02792414113355335,0.20204720111644786,12
CUT-2D+3D-post-T2+FLAIR,CUT,GAN,2D+3D-post,t2_flair,t2,tumor,0.0,pre,12,0.7767553207694123,0.07921465270394791,0.0448199090411393,0.7872688117116498,0.6159538553046565,0.9257064017431051,12,18.050873214131553,4.715075810881924,2.6678052828889287,17.515432095143886,11.131566400205417,24.784547888522436,12,0.12060415527472894,0.07368214848242553,0.04168960009558239,0.1060711033642292,0.04233192652463913,0.25199759006500244,12,0.08567405799768035,0.04517774772250108,0.025561717112787662,0.07694121696749356,0.027430955382442335,0.19871573164330228,12
ResViT-2.5D-T2+FLAIR,ResViT,ResViT,2.5D,t2_flair,t2,tumor,0.0,pre,12,0.7746402303298298,0.08166623353235813,0.04620702147533762,0.7764991869162805,0.6434314534331779,0.9617618822297711,12,17.838581172571182,3.396913840896279,1.9219849380463236,17.36743726789608,12.632832280634378,22.06709482632982,12,0.11208363932867844,0.05211851274092662,0.029488824613522185,0.10855551809072495,0.05397968739271164,0.20500114560127258,12,0.08316537374949472,0.04457772874562344,0.02522222441732486,0.08040583935375749,0.025428216407696404,0.20837558389064811,12
pix2pix-2D+3D-post-T2,pix2pix,GAN,2D+3D-post,t2,t2,tumor,0.0,pre,16,0.7744376836810736,0.07391190024598482,0.03621683112053256,0.7893942373658875,0.6236152978640639,0.9336517262440759,16,17.65427670173075,4.392945465415601,2.1525432780536446,16.094331262807824,11.511277292145765,24.60409760738143,16,0.12520633800886571,0.06559616118961119,0.03214211898290948,0.12910478934645653,0.039842069149017334,0.24011167883872986,16,0.09608557149566316,0.04813799095688496,0.023587615568873628,0.08028155028625295,0.02743798818846699,0.20282914829642876,16
SwinPix2Pix-2D+3D-post-T2,SwinPix2Pix,GAN,2D+3D-post,t2,t2,tumor,0.0,pre,16,0.773947313836062,0.07458979305911505,0.036548998598966376,0.7810829670411491,0.6227521811197839,0.9322506214576209,16,17.996911785072353,4.539668259012756,2.2244374469162502,16.20256862906793,11.793396018846137,25.156956602311954,16,0.12027297727763653,0.06520682316528642,0.03195134335099035,0.12187588214874268,0.04089044779539108,0.2328031212091446,16,0.09105778671903259,0.04497292307589766,0.022036732307189853,0.07983673911908899,0.02710010104055982,0.20349840499946606,16
CUT-2D+3D-post-T2,CUT,GAN,2D+3D-post,t2,t2,tumor,0.0,pre,16,0.7736960706686182,0.07467157365964142,0.03658907109322429,0.7835850062922696,0.6179216382225579,0.9330987857358144,16,17.88980454514178,4.348273730684177,2.1306541280352467,16.8225809848498,11.641420696164872,24.677195129571587,16,0.12106705480255187,0.06647288001396044,0.03257171120684062,0.12004156038165092,0.04253537580370903,0.23921997845172882,16,0.09419426304154901,0.046747339077478405,0.02290619614796442,0.08296099849804378,0.028096400877984706,0.19547243736198414,16
CUT-2.5D-T2+FLAIR,CUT,GAN,2.5D,t2_flair,t2,tumor,0.0,pre,12,0.7728837182026868,0.08204990782774343,0.04642410564390502,0.7839340683546105,0.6127395866571397,0.9292750741993963,12,17.614597489424455,4.8445256426973815,2.7410484202292302,16.92894126194764,10.767520663045575,24.655017729020155,12,0.1295331440245112,0.07792309924885082,0.044089143880865676,0.11767368391156197,0.04318884015083313,0.2644590139389038,12,0.08810063142284018,0.04565366911404541,0.02583099498943846,0.08068996097661134,0.027346247290552128,0.19305376368372337,12
pix2pix-2.5D-T2+FLAIR,pix2pix,GAN,2.5D,t2_flair,t2,tumor,0.0,pre,12,0.7717757081388782,0.08370599047814621,0.04736112261263512,0.7778585913641678,0.6228249517759518,0.9339957489402348,12,18.00181987141362,5.112564224901185,2.8927055248660305,16.656441015668843,10.237478848639993,24.878404660718378,12,0.12569765901813904,0.08162328855302556,0.046182723065867175,0.11913716793060303,0.0417407751083374,0.2822895646095276,12,0.08959512448572066,0.04642992381969947,0.026270202435442164,0.07873702762253679,0.027459200780867832,0.19429613303636079,12
pix2pix-2D-T2+FLAIR,pix2pix,GAN,2D,t2_flair,t2,tumor,0.0,pre,12,0.7713685035831399,0.07907019942785458,0.044738176906058254,0.7762190200992705,0.6140843419133286,0.9309461798707834,12,17.480322680203397,4.683716160008572,2.6500618900729744,15.850827562252174,11.197171527568353,23.51939227427694,12,0.13046138609449068,0.0752063134846529,0.042551977628421264,0.13717573881149292,0.04938219115138054,0.25591838359832764,12,0.09471938838770094,0.04841824700814883,0.027395202184967632,0.08643521081213623,0.0280473862621875,0.20183477504178882,12
ResViT-2D+3D-refine-T2,ResViT,ResViT,2D+3D-refine,t2,t2,tumor,0.0,pre,16,0.7707308820807263,0.07911909762675037,0.038768357837107685,0.7760499309250088,0.6354826718032711,0.9592020591209192,16,17.086539276726423,3.4452533628336655,1.688174147788496,15.689998497897893,12.24446349435194,22.02774374713517,16,0.12440434261225164,0.05294478567267894,0.02594294497961268,0.1351207010447979,0.05359530821442604,0.20906715095043182,16,0.08410678620470502,0.03938557795976336,0.019298933200284044,0.07273797373833463,0.026438363765676817,0.19620188662693613,16
SwinPix2Pix-2D-T2,SwinPix2Pix,GAN,2D,t2,t2,tumor,0.0,pre,16,0.7700829477849116,0.07712909572290111,0.03779325690422154,0.780132933746678,0.6215581449453522,0.9319452816474054,16,17.51576780768481,4.777941520612519,2.341191345100134,16.248936773388486,10.908255544438596,25.260966512800987,16,0.13079577311873436,0.07241458067817051,0.03548314453230355,0.13209405541419983,0.04041833057999611,0.2603529989719391,16,0.09367079372371621,0.04674758413008368,0.022906316223741004,0.08150019355106741,0.027024158407584764,0.20123012750612004,16
ResViT-2D-T2+FLAIR,ResViT,ResViT,2D,t2_flair,t2,tumor,0.0,pre,12,0.769360317235189,0.08357620628023174,0.0472876902898647,0.7801218254243988,0.6195367649231286,0.9477191970744138,12,17.28746250345069,3.3273172013652585,1.8826069322497543,16.935661712142775,12.902717260262488,22.021656857413817,12,0.11905184760689735,0.05254843205942238,0.029732074367100268,0.11425257846713066,0.053565118461847305,0.19782352447509766,12,0.08801368651323167,0.04659382656110884,0.026362939141478307,0.07729608616381119,0.03332650853941838,0.21715648152998515,12
pix2pix-2.5D-T2,pix2pix,GAN,2.5D,t2,t2,tumor,0.0,pre,16,0.7692702896133097,0.078186446863286,0.03831135896301014,0.7735502285794635,0.6185390861278592,0.9342992939080413,16,17.1452859134615,4.871438196142364,2.3870047161097583,15.970673565500078,10.588655964361159,24.65887484477744,16,0.13845924101769924,0.07668066026563469,0.037573523530160996,0.14245593547821045,0.038482923060655594,0.27020618319511414,16,0.09909727864428293,0.04996619784058114,0.02448343694188476,0.08681473608745764,0.027353223849786445,0.20240198602171047,16
SwinPix2Pix-2.5D-T2+FLAIR,SwinPix2Pix,GAN,2.5D,t2_flair,t2,tumor,0.0,pre,12,0.768978481968309,0.0853431825971888,0.04828745125706661,0.7757698176642005,0.6237193181680905,0.9312414439700043,12,17.96363925932523,5.260388333984318,2.9763448882544568,16.08707525942815,10.043031041740578,24.8244543533673,12,0.1258524234096209,0.08265468623439634,0.04676629124026853,0.12567361816763878,0.040398214012384415,0.287954717874527,12,0.08872368737170233,0.04600176705377856,0.02602794993986356,0.08048558537559958,0.02821932588267373,0.19650059420129526,12
pix2pix-2D-T2,pix2pix,GAN,2D,t2,t2,tumor,0.0,pre,16,0.7687582785784598,0.07756885921886274,0.03800874101724274,0.7745025014302787,0.6195039117527319,0.9337332150198893,16,17.101004478267836,4.857155910978916,2.380006396379669,15.811455200177573,10.612439876378199,24.602623178500693,16,0.13895235303789377,0.07595374289476385,0.03721733401843429,0.1436310112476349,0.039260588586330414,0.2709096074104309,16,0.09967516422365043,0.05026639641668975,0.024630534244177976,0.08415063714461499,0.027450974088424118,0.2031043840005346,16
CycleGAN-2.5D-T2,CycleGAN,GAN,2.5D,t2,t2,tumor,0.0,pre,16,0.7678545155866288,0.0774543810844655,0.037952646731388096,0.780247510060214,0.6127314276644711,0.9313832908989332,16,17.157625341544804,4.623687716062068,2.2656069808704133,16.155414183261897,10.990603539747312,24.648326581411535,16,0.13570792716927826,0.07450989625384895,0.03650984916438598,0.12841087207198143,0.043952059000730515,0.25745758414268494,16,0.09852427769467818,0.04875656029099169,0.023890714542585928,0.08574445051511954,0.028254017106519314,0.19826891740946018,16
CycleGAN-2D+3D-post-T2,CycleGAN,GAN,2D+3D-post,t2,t2,tumor,0.0,pre,16,0.7675308410440698,0.07803619286086262,0.03823773450182268,0.7673070563167563,0.6176541490999073,0.9315610123865982,16,17.313795954234102,4.653086404747587,2.2800123383263173,16.07977862149873,11.499993360148704,25.155408974233385,16,0.13247838150709867,0.07312444531287646,0.035830978203309466,0.13283229991793633,0.0387263298034668,0.25397348403930664,16,0.09331874397017997,0.046109528779792144,0.02259366910209815,0.08686858536581182,0.028510585634649033,0.212162964977324,16
SwinPix2Pix-2.5D-T2,SwinPix2Pix,GAN,2.5D,t2,t2,tumor,0.0,pre,16,0.7668348833007694,0.07909833960453841,0.03875818640622382,0.7766986000309719,0.6183481238819996,0.9318340662718796,16,17.341693998560395,4.851069620303781,2.3770241139488526,16.15320075397789,10.236540816412285,24.949841598702392,16,0.13452689605765045,0.07581071955262701,0.037147252580787236,0.13142072036862373,0.04191659018397331,0.2824879586696625,16,0.09249312075265194,0.045412646742635766,0.022252196903891526,0.08049734096956834,0.02844752986129606,0.19810303492957484,16
CUT-2D-T2,CUT,GAN,2D,t2,t2,tumor,0.0,pre,16,0.7659933536383683,0.07809237878871414,0.03826526560646993,0.7766638021307238,0.6127975984639332,0.9332975973623592,16,17.212438932876672,4.541408153899561,2.225289995410785,16.592538627864812,10.458571097532026,24.313225483728004,16,0.1351854472886771,0.07510412693058614,0.03680102219598721,0.13223498687148094,0.04429714381694794,0.2767189145088196,16,0.09590930573193025,0.047989667833339515,0.02351493723833636,0.08260390890910702,0.028335649010841735,0.19147258127729097,16
ResViT-2D-T2,ResViT,ResViT,2D,t2,t2,tumor,0.0,pre,16,0.7622546371373241,0.07656843630157452,0.037518533787771514,0.7583129012811723,0.6310739969082362,0.9599665664420701,16,17.483599209237177,2.933468928699711,1.4373997750628582,15.826611530604042,13.250066471312454,22.10980925122296,16,0.11262205173261464,0.04207845052767552,0.020618440758561004,0.12319985404610634,0.05754418671131134,0.1811794489622116,16,0.07603763051112214,0.033762272678152475,0.01654351361229471,0.07434361567720771,0.02544758515432477,0.17276372317047345,16
ResViT-2.5D-T2,ResViT,ResViT,2.5D,t2,t2,tumor,0.0,pre,16,0.7620687959696212,0.07607757254048267,0.03727801054483651,0.7601699970885101,0.6378008476812549,0.9596103521844974,16,17.76731962296771,3.3824956448049956,1.6574228659544479,16.8731054709774,11.812362878765592,22.39985716143424,16,0.11261603445746005,0.04980659561946232,0.024405231853536536,0.10995440930128098,0.056484781205654144,0.22373397648334503,16,0.06847096448306465,0.029566907329441106,0.014487784591426143,0.06176149365418251,0.02858711965382099,0.14962457457468623,16
CUT-2.5D-T2,CUT,GAN,2.5D,t2,t2,tumor,0.0,pre,16,0.7615218851616209,0.07597908072955593,0.03722974955748241,0.7653171409776873,0.6093981345997317,0.930212735844377,16,17.0047423117418,4.337890691756941,2.125566438960901,16.291267286438643,10.760988888739885,24.18919193939511,16,0.13690204289741814,0.07205198552545644,0.035305472907473656,0.1352876052260399,0.04674643278121948,0.26640182733535767,16,0.09374006807711437,0.04660095598924794,0.02283446843473149,0.08340541242296381,0.028271271832636558,0.18881449972589812,16
CUT-2D-T2+FLAIR,CUT,GAN,2D,t2_flair,t2,tumor,0.0,pre,12,0.7597338910518449,0.0826071071753327,0.04673937085336151,0.7688178739834428,0.6064827669823525,0.9167140025595107,12,17.307291022232008,4.916402064846703,2.7817163344720024,16.352865890434796,9.93232401421254,24.086675012491515,12,0.13572736363857985,0.08467794492360052,0.04791105761014376,0.1261727139353752,0.046390511095523834,0.29509833455085754,12,0.07789325219087173,0.03865599173228725,0.021871686287779434,0.07074370352485806,0.029719796327741018,0.17564976468439336,12
SwinPix2Pix-3D-T2+FLAIR,SwinPix2Pix,GAN,3D,t2_flair,t2,tumor,0.0,pre,12,0.7579355223461484,0.07900040998494783,0.044698689811482416,0.7537385825106813,0.601475268059243,0.9219491679153693,12,17.29176123316436,4.506921771546667,2.550031048058672,17.154802615689302,11.037804640068725,24.368785900127627,12,0.1310581493501862,0.07359320493213148,0.04163927554453154,0.11057638749480247,0.04285411164164543,0.27048516273498535,12,0.08242707175914285,0.04455649390411581,0.02521020967469344,0.07235352992153676,0.029044330534816254,0.19499227821664966,12
SynDiff-2.5D-T2,SynDiff,SynDiff,2.5D,t2,t2,tumor,0.0,pre,16,0.7569156853881465,0.0722441883764696,0.035399652304470106,0.7576373260422762,0.637394134025427,0.9444314278120306,16,16.92338856311123,3.198302681869645,1.5671683141161261,15.703806259382407,12.396609536290677,21.555040680810965,16,0.1238181518856436,0.05250968062495105,0.025729743506226015,0.12587764486670494,0.062079548835754395,0.21057647466659546,16,0.08178556377499116,0.030293015498486554,0.014843577594258412,0.07354454689917445,0.03708891306693355,0.14143329220158712,16
SynDiff-2D-T2+FLAIR,SynDiff,SynDiff,2D,t2_flair,t2,tumor,0.0,pre,12,0.7557983152142419,0.07969839675304562,0.04509361300296543,0.7590133990516101,0.6168739741896307,0.9362953298224256,12,16.92202344390767,3.2171575634378775,1.8202782495707732,16.65212330355962,11.76495488256516,21.322139246606003,12,0.12397744754950206,0.05610106537540702,0.031742165892389713,0.1123398095369339,0.06157612055540085,0.23039820790290833,12,0.08601524118168195,0.03656638365909686,0.020689379219893292,0.08347197640322002,0.04186971754146119,0.16909739020324888,12
SynDiff-2D-T2,SynDiff,SynDiff,2D,t2,t2,tumor,0.0,pre,16,0.7541525760868302,0.07699689321355174,0.037728477674640354,0.7592868486819393,0.618878734066675,0.9445229720674656,16,16.79439637991052,3.135043838837868,1.5361714810305553,15.47946683526715,12.117881276019812,21.587651958431877,16,0.12541010533459485,0.052542170617024056,0.025745663602341786,0.12809337675571442,0.0613548569381237,0.21511653065681458,16,0.08022372725184276,0.031551717905653365,0.015460341773770148,0.07541098141071867,0.037185843630383415,0.15760131446378572,16
pix2pix-3D-T2+FLAIR,pix2pix,GAN,3D,t2_flair,t2,tumor,0.0,pre,12,0.7539531551154594,0.08526088302618759,0.048240885891184304,0.7555744454398388,0.6115427694051849,0.9180347534389569,12,17.626520123887605,4.55980074726516,2.579950145106905,17.70824039502599,11.002256156458257,24.483281003458437,12,0.1256288050984343,0.07377972593698297,0.041744809737844855,0.10153211280703545,0.04295776039361954,0.2700549364089966,12,0.08622156608674025,0.043987167528658486,0.02488808295328894,0.07783606076281328,0.03050298362088922,0.19837163251055323,12
CycleGAN-3D-T2+FLAIR,CycleGAN,GAN,3D,t2_flair,t2,tumor,0.0,pre,12,0.752798171721174,0.08275896017154245,0.04682528977423568,0.7565649082603394,0.586644572137242,0.9172743960079206,12,17.690217365340715,4.264344668983951,2.412780131704125,17.39780231648144,11.637145234989436,23.761275208937008,12,0.12186999060213566,0.06998391090918779,0.039597125206315115,0.10056726261973381,0.049247730523347855,0.2507956027984619,12,0.07283047929172065,0.031776474955359665,0.01797923324198682,0.06780049049197451,0.027902464395655052,0.1459763721846368,12
SynDiff-2.5D-T2+FLAIR,SynDiff,SynDiff,2.5D,t2_flair,t2,tumor,0.0,pre,12,0.7477190563385555,0.08667152543309929,0.04903903196907787,0.7543489154569958,0.6092001606808378,0.9462919207728198,12,16.54596972950708,3.0782349166894467,1.741675362623966,17.081427712470926,11.555691264617064,20.588712009533687,12,0.1308448531975349,0.05705054043144464,0.03227938197799803,0.11563543230295181,0.06517315655946732,0.2356148213148117,12,0.08255981280976314,0.03585541256178715,0.02028710945256384,0.0771838297829425,0.033184460115929446,0.148488920714174,12
SynDiff-3D+3D-refine-T2,SynDiff,SynDiff,3D+3D-refine,t2,t2,tumor,0.0,pre,16,0.7466099597763987,0.07645733399971913,0.03746409365986237,0.7482124433666973,0.6034598829596486,0.9355473959567905,16,16.718333047851928,3.200801614558286,1.56839279113356,15.4781519697663,11.933250162237805,22.352609355429287,16,0.12716299993917346,0.05271114309927134,0.025828460118642958,0.13630222529172897,0.05426795780658722,0.22605246305465698,16,0.07643860271297044,0.032097335123100375,0.015727694210319183,0.07020759902319268,0.04106505454650947,0.16367807194945358,16
ResViT-3D-T2,ResViT,ResViT,3D,t2,t2,tumor,0.0,pre,16,0.739640131717124,0.08611764018250086,0.04219764368942542,0.747207289450737,0.608418535150466,0.947824965290972,16,16.663026049061116,3.4617597314160413,1.6962622683938602,15.51247060672653,10.659765830045648,22.222064093065207,16,0.128263728460297,0.05521311994395559,0.02705442877253824,0.13453194499015808,0.05688491463661194,0.261732816696167,16,0.07961711825712199,0.03240537567272428,0.015878634079634895,0.07170369666648888,0.033987667070080836,0.14574705170733587,16
SwinPix2Pix-3D-T2,SwinPix2Pix,GAN,3D,t2,t2,tumor,0.0,pre,16,0.7384791101533716,0.08005177922308962,0.03922537181931391,0.7343745572442604,0.6100972858239514,0.9221861744893041,16,16.499105057287238,4.20258742798502,2.05926783971266,15.494219384863285,10.95054328774573,24.285372536561795,16,0.1425028145313263,0.07126483451468936,0.034919768912197786,0.14027994126081467,0.0432240329682827,0.27137893438339233,16,0.0893808186291844,0.04160121349731497,0.020384594613684335,0.08706050407507812,0.0280655636524898,0.1841179435748769,16
pix2pix-3D-T2,pix2pix,GAN,3D,t2,t2,tumor,0.0,pre,16,0.7371132921567901,0.07038591260965357,0.03448909717873025,0.732096129811072,0.6023577428932091,0.9110893532743387,16,16.416054127871206,3.744150084497126,1.8346335414035917,16.53568587242372,11.005680669619789,21.96267221213153,16,0.140707723563537,0.06792286145951414,0.033282202115161925,0.12301606684923172,0.059829231351614,0.26933106780052185,16,0.08467836675097196,0.036529079109946135,0.017899248763873606,0.08048887576799027,0.02943909452962024,0.16378659398659415,16
SynDiff-3D-T2+FLAIR,SynDiff,SynDiff,3D,t2_flair,t2,tumor,0.0,pre,12,0.7362170818274639,0.08921486494080212,0.050478061763502446,0.7231345888378571,0.6039654254251102,0.9330258444633134,12,16.556581874443822,3.252755225234706,1.840419522799275,15.907446210404903,11.14164779074499,21.90949383686457,12,0.12975640005121628,0.05669190972659816,0.032076467554694905,0.12859628349542618,0.057860661298036575,0.24713234603405,12,0.08893542416101811,0.034142005995867766,0.01931765842534031,0.09227800805777972,0.04082726116073044,0.16121656917745159,12
CUT-3D-T2+FLAIR,CUT,GAN,3D,t2_flair,t2,tumor,0.0,pre,12,0.735923088613867,0.08177178327743959,0.04626674186559858,0.7301286647150872,0.5869873799986179,0.9106239323590044,12,17.34813843202126,4.0783766182207035,2.3075588016186708,16.77303271953837,11.333762299996353,22.9093723139627,12,0.125705619653066,0.06804347504893307,0.03849922026337711,0.11305653676390648,0.05402921512722969,0.2584642171859741,12,0.07339720183482397,0.03218876856804121,0.018212510313688337,0.07223294301989622,0.03019985726901463,0.1375450788308745,12
CycleGAN-3D-T2,CycleGAN,GAN,3D,t2,t2,tumor,0.0,pre,16,0.7344192509409183,0.07688018724952729,0.03767129175226837,0.7307724729569697,0.5877891425648749,0.9232872255938821,16,16.651857895634066,3.7242796035584202,1.8248970057436258,16.056628017791027,11.328512668137558,22.977710457037198,16,0.135366941569373,0.06393145207765352,0.031326411518050226,0.13101155683398247,0.05389844998717308,0.24459338188171387,16,0.07404107228547595,0.032461599484668195,0.015906183747487417,0.06938228185544512,0.029103490727720782,0.15080969080166973,16
SynDiff-3D+3D-refine-T2+FLAIR,SynDiff,SynDiff,3D+3D-refine,t2_flair,t2,tumor,0.0,pre,12,0.7326842675610433,0.08764005761783925,0.04958703064030472,0.7317919251550996,0.5805306441778488,0.9419911394543823,12,16.528626439959556,3.138623524167718,1.7758434338318616,16.60129970300717,11.973717663956993,21.318294737200638,12,0.1294838134199381,0.05463981139232106,0.030915383619510406,0.11793181300163269,0.06346964091062546,0.2185571938753128,12,0.08056890208530498,0.034625677904750046,0.019591321569997103,0.08563902196153228,0.03478722913811604,0.16175828430624234,12
CUT-3D-T2,CUT,GAN,3D,t2,t2,tumor,0.0,pre,16,0.7318144006173446,0.07766296840774489,0.038054854519795,0.7214673338750797,0.5869606400797184,0.9164529475523621,16,17.010032542705233,4.058891198360745,1.9888566871967648,15.637692743638972,11.78600414396842,23.325562657439754,16,0.13125864253379405,0.06692594418317735,0.032793712649756904,0.12819720059633255,0.05153854936361313,0.2427992820739746,16,0.07391996421312957,0.030931117007077173,0.015156247333467815,0.07511855551274493,0.029151642741635442,0.15805747509812532,16
SynDiff-3D-T2,SynDiff,SynDiff,3D,t2,t2,tumor,0.0,pre,16,0.7295423007621679,0.08938913458589132,0.04380067594708675,0.7232901914849958,0.5930113905317972,0.928583835238895,16,16.24293497517646,3.032757029444386,1.4860509444277492,15.235961620415262,12.14199137181506,21.8724200910667,16,0.13232800993137062,0.05125088466425573,0.02511293348548531,0.14656325429677963,0.06241321191191673,0.20806501805782318,16,0.08985483286207865,0.032249492478595036,0.015802251314511566,0.09182209159351057,0.039985513068078196,0.15373903051728294,16
ResViT-3D-T2+FLAIR,ResViT,ResViT,3D,t2_flair,t2,tumor,0.0,pre,12,0.7292791324186725,0.08982229288013471,0.05082174647410368,0.730095221943359,0.6202011129502812,0.9494029621945977,12,16.773076541170344,3.737658173237789,2.1147791934084896,16.957175996730967,10.665909753209089,21.583124023994795,12,0.129706557529668,0.06563582347964553,0.03713696314736698,0.11253690347075462,0.05424908176064491,0.2616446018218994,12,0.0810527703755173,0.03569357747924505,0.020195542634663236,0.07665784272341794,0.03366756817946832,0.13577855683185838,12
CycleGAN-2D-T2,CycleGAN,GAN,2D,t2,t2,tumor,0.0,pre,16,0.7246735839164259,0.10641081556575661,0.05214129962722074,0.747420804745051,0.5697328192519887,0.9303763148956127,16,16.487726968987836,4.883457177503399,2.3928940169766655,15.393031859751211,9.332281126956511,24.23670309416563,16,0.14566428330726922,0.0840572172834969,0.04118803646891348,0.13467277213931084,0.04690960422158241,0.3100076913833618,16,0.09358907577906109,0.04133056837591361,0.02025197850419767,0.09041395743674671,0.028293654228036758,0.19697006137879647,16
ResViT-2D+3D-refine-T2+FLAIR,ResViT,ResViT,2D+3D-refine,t2_flair,flair,tumor,0.0,pre,12,0.7703601772888099,0.09222228777134943,0.05217967141667029,0.7705809110374724,0.6206904548670188,0.9568848153451898,12,15.930865509468836,2.8980774042254343,1.639741654072688,15.38453619169196,11.29190656557519,19.955379029724643,12,0.14123856338361898,0.051905355419848836,0.02936821950555227,0.13727618008852005,0.08216886967420578,0.24109064042568207,12,0.08268877723380523,0.03617642610216143,0.020468739961433478,0.08211438936580505,0.02570615289732814,0.1427459280038702,12
ResViT-2D-T2+FLAIR,ResViT,ResViT,2D,t2_flair,flair,tumor,0.0,pre,12,0.7676696335622067,0.0917069191451585,0.051888074165908335,0.7906292866771681,0.6209402943073012,0.9576211414017503,12,15.815978467402443,2.749771137337169,1.5558294842244487,15.445992903129103,11.601522237643865,20.254176876282482,12,0.1389070637524128,0.04731806623957517,0.02677271631533224,0.1381620690226555,0.07693298161029816,0.225209578871727,12,0.08268742674711249,0.03426911147179133,0.01938957511846546,0.08049945174882721,0.02628130748247107,0.14253323587278524,12
CycleGAN-2D+3D-post-T2+FLAIR,CycleGAN,GAN,2D+3D-post,t2_flair,flair,tumor,0.0,pre,12,0.7648678949996222,0.08299986227600954,0.04696159297120085,0.7619960426850081,0.6624690007058854,0.9199737815533784,12,16.156313212376272,3.375638084090671,1.9099470454057714,15.79730376123355,11.931196774597625,21.624129579535243,12,0.14322790410369635,0.05830414267496949,0.03298867421889871,0.13732005655765533,0.062380749732255936,0.22583770751953125,12,0.09549098237125685,0.04825250418002454,0.0273014243518625,0.09587291090903825,0.02406101446332676,0.1663398380790438,12
SwinPix2Pix-2D+3D-post-T2+FLAIR,SwinPix2Pix,GAN,2D+3D-post,t2_flair,flair,tumor,0.0,pre,12,0.7610072064127597,0.07960153687096702,0.04503880936555352,0.7367813185046073,0.6652915209039012,0.9180465006732412,12,16.22675073608057,3.610367559202536,2.042757748535495,15.720529136541918,11.313131399027249,21.66871764956083,12,0.14288892224431038,0.06514399975075535,0.036858687676343774,0.13931164145469666,0.062397100031375885,0.2424658089876175,12,0.08987684543080389,0.045815871436172745,0.025922769592694992,0.08984313977875075,0.024086165137123316,0.15571633194174087,12
pix2pix-2D+3D-post-T2+FLAIR,pix2pix,GAN,2D+3D-post,t2_flair,flair,tumor,0.0,pre,12,0.7572316126367031,0.0905753920046763,0.05124785241673863,0.7489883641135732,0.6028020785379723,0.9161609973204354,12,16.356722457105118,3.6965970241968837,2.091546661265528,16.854215507674564,9.55929187078818,21.204166336780013,12,0.1420362899079919,0.07447491621481367,0.04213815066600755,0.1232435554265976,0.06050919368863106,0.3078750967979431,12,0.0935040146308476,0.04891935619926316,0.02767873140082322,0.09019160358609207,0.029075280843036514,0.18160156905651093,12
CUT-2D+3D-post-T2+FLAIR,CUT,GAN,2D+3D-post,t2_flair,flair,tumor,0.0,pre,12,0.7550662392732918,0.08294929187339005,0.046932980072346774,0.7531100150401747,0.6366499215918366,0.8983364738045518,12,14.982405850684282,3.1547010916961686,1.7849401740135176,15.388904972881058,10.153106195024117,21.056319322172513,12,0.16799510146180788,0.06270070044538632,0.035476260954911444,0.14396174997091293,0.07181910425424576,0.2824477255344391,12,0.09657664403552692,0.04910386110997536,0.027783124881492385,0.09376486216790428,0.02435057044162282,0.17553637283188955,12
CycleGAN-2D-T2+FLAIR,CycleGAN,GAN,2D,t2_flair,flair,tumor,0.0,pre,12,0.7521946218760416,0.09060645291215662,0.05126542677956777,0.7434986106407773,0.6066238752124811,0.9168264600788889,12,14.904652649746488,3.5029555238836005,1.9819836683800138,14.531558039208516,9.517346351568538,20.768448231297075,12,0.17209543101489544,0.07124167430590249,0.0403087718412718,0.17076585441827774,0.07228938490152359,0.309283047914505,12,0.10013092518532186,0.052310360381254986,0.029597372634573425,0.10374214336218521,0.024208479042031935,0.18960598962647573,12
pix2pix-2D-T2+FLAIR,pix2pix,GAN,2D,t2_flair,flair,tumor,0.0,pre,12,0.7508218007296378,0.09594122922071567,0.054283860626624506,0.7448678853535562,0.5726528835489331,0.912636367801698,12,15.046372374675277,3.474128129359729,1.9656730344713889,15.475281431671577,8.729253277654653,20.605126350068055,12,0.17019483943780264,0.07647452183316027,0.04326953405119254,0.14563804864883423,0.07513037323951721,0.34211134910583496,12,0.1002799418415607,0.0531433037892161,0.030068654733363374,0.09835376300126257,0.025189291053850735,0.19502947160175868,12
SwinPix2Pix-2D-T2+FLAIR,SwinPix2Pix,GAN,2D,t2_flair,flair,tumor,0.0,pre,12,0.7485889464587535,0.08603424502613773,0.04867845663485951,0.7367946534008931,0.6160226536108021,0.9167581572067024,12,15.277071907423368,3.789969090217032,2.1443768809680215,15.016867253599022,9.485770936362645,21.376851196946774,12,0.1656041406095028,0.07668177972668863,0.043386801243800406,0.15373647212982178,0.06761642545461655,0.3092126250267029,12,0.09215442394465324,0.05114693303293341,0.028939101643692112,0.09255924423774914,0.022808167260206704,0.183025917836598,12
pix2pix-2.5D-T2+FLAIR,pix2pix,GAN,2.5D,t2_flair,flair,tumor,0.0,pre,12,0.7485624808675472,0.10064988278467964,0.056948032181246284,0.736844672931469,0.5337891624077573,0.9116352449025209,12,15.447445040285212,3.8879256518363112,2.1998010232434067,16.19830123850857,8.64374038292523,21.91190846854964,12,0.16301207120219866,0.08076234310060028,0.04569559731892616,0.1337909698486328,0.06189834326505661,0.3444422781467438,12,0.09284030579187151,0.049212744597038637,0.027844731513847348,0.09197230605430125,0.02292400120557951,0.18193020139421737,12
CycleGAN-3D-T2+FLAIR,CycleGAN,GAN,3D,t2_flair,flair,tumor,0.0,pre,12,0.7480268478853422,0.08589600230230349,0.04860023845051668,0.7510006362249952,0.6120107973602366,0.8987589548462434,12,14.504515579979582,2.5460015795387365,1.4405360033578238,14.498865859311064,11.16954901581596,19.029066494957775,12,0.17393476578096548,0.05085049970476231,0.028771378699112074,0.1657848060131073,0.09297219663858414,0.24501794576644897,12,0.08033678223151053,0.034609239399432716,0.019582020610036468,0.07719149427222355,0.02536467758805624,0.12668500415747985,12
CycleGAN-2.5D-T2+FLAIR,CycleGAN,GAN,2.5D,t2_flair,flair,tumor,0.0,pre,12,0.747089189817321,0.09673008883402592,0.05473019997052006,0.7439790342770594,0.5711345556590955,0.9143684635989984,12,13.768486501517687,2.74671052471717,1.5540977796148077,13.619335981681358,8.896954026286712,18.56818915215075,12,0.19449267660578093,0.06376277598915359,0.03607718676398332,0.1982930228114128,0.09952270239591599,0.3321230411529541,12,0.10906167282526325,0.05402520942145875,0.030567639818455013,0.11108783496594107,0.031909539058272325,0.19790839297430857,12
ResViT-3D-T2+FLAIR,ResViT,ResViT,3D,t2_flair,flair,tumor,0.0,pre,12,0.7434655406031254,0.10565156725840089,0.059778001581004735,0.7619209071552653,0.5946939672090493,0.959089838393319,12,15.473834204691942,3.7634411607040525,2.1293672918675663,15.616487195357925,8.189424439615951,19.880794812910207,12,0.15515316153566042,0.08333264885840128,0.04714988470566889,0.13145671784877777,0.08279357105493546,0.3379477560520172,12,0.09446583299723789,0.04589646451884364,0.025968369421910355,0.08820187308204672,0.02548285135999322,0.17238571353513618,12
CUT-2.5D-T2+FLAIR,CUT,GAN,2.5D,t2_flair,flair,tumor,0.0,pre,12,0.7422006226351998,0.09984673770468057,0.05649361007367322,0.7455288345256226,0.566357650802099,0.9116429093693346,12,14.302506729674548,3.4938226012735836,1.9768162309591801,14.100719075204406,9.029756895975185,21.0378255969241,12,0.18646976289649805,0.0753857824869516,0.042653521775673844,0.17664861679077148,0.0699714794754982,0.3266966640949249,12,0.10235175982795429,0.05446074905027408,0.03081406956195551,0.10319812123530678,0.025759256398305296,0.20574015166078294,12
CUT-2D-T2+FLAIR,CUT,GAN,2D,t2_flair,flair,tumor,0.0,pre,12,0.7377431612092881,0.08657107603763375,0.048982197373276144,0.7351158167379562,0.5842505426332291,0.8885566037353612,12,14.202374698347555,3.541962358391546,2.0040538626553435,15.050409561875727,8.398803459549745,20.62460306282309,12,0.18934544610480467,0.08216263378421812,0.04648788635799403,0.15519234538078308,0.07642436772584915,0.35689130425453186,12,0.09678211250741113,0.05026610015073829,0.028440723524078615,0.09611079275327587,0.026024059538862537,0.19560715343270982,12
SwinPix2Pix-2.5D-T2+FLAIR,SwinPix2Pix,GAN,2.5D,t2_flair,flair,tumor,0.0,pre,12,0.7333988935282189,0.09923983837628732,0.05615022445286675,0.7047980702971073,0.5382968337725803,0.9140071926829125,12,14.760889924838184,4.031171847820779,2.2808501884591887,14.426032697051303,8.334981343449478,21.650551162267956,12,0.17751100845634937,0.08433062812924154,0.04771454463432088,0.17721281945705414,0.06523098051548004,0.347299188375473,12,0.0937137009031498,0.05271018782563821,0.029823596307564596,0.08961968392105703,0.023282544797153346,0.19772120458739145,12
SynDiff-2D-T2+FLAIR,SynDiff,SynDiff,2D,t2_flair,flair,tumor,0.0,pre,12,0.733382702825899,0.08993065040123957,0.05088305551320272,0.7375806608475018,0.5957884858581219,0.9342149090376246,12,14.735389481380553,2.4601896448193616,1.3919833306201086,14.748546014216442,11.079339717123531,18.809732183146153,12,0.15502810664474964,0.05138976981364655,0.029076499486791706,0.1488778442144394,0.08519985526800156,0.24683773517608643,12,0.08427467477484833,0.029044514218463765,0.01643348094046173,0.08814927035321793,0.03389380822579066,0.12767676539211112,12
pix2pix-3D-T2+FLAIR,pix2pix,GAN,3D,t2_flair,flair,tumor,0.0,pre,12,0.7326263108549643,0.09785054956947112,0.05536416031160123,0.7383939086727513,0.5420510976978689,0.8910382073995146,12,14.733098536844059,2.5393843453970213,1.4367919506830742,14.628546226986835,11.099552513461408,19.056931585913865,12,0.167587428043286,0.04921960503934556,0.027848613174495756,0.1625574678182602,0.09059154242277145,0.24020779132843018,12,0.09253453505874332,0.04576455950320037,0.025893737133547035,0.0901020892561345,0.02589266761871321,0.1630155337708337,12
ResViT-2.5D-T2+FLAIR,ResViT,ResViT,2.5D,t2_flair,flair,tumor,0.0,pre,12,0.7322108601173799,0.09983870790550897,0.05648906678709422,0.7392398039871269,0.601871125986639,0.9494162946119997,12,15.264917606994203,3.3515474697858902,1.896316497205039,15.82221802358401,9.70331929476188,20.760288605544407,12,0.15166337167223296,0.0710704364599058,0.04021188490911979,0.13107682764530182,0.06439954787492752,0.29763880372047424,12,0.09871410697520284,0.04202246631293057,0.0237764485930268,0.0986650118232714,0.029164910037070512,0.17849532000977417,12
SwinPix2Pix-3D-T2+FLAIR,SwinPix2Pix,GAN,3D,t2_flair,flair,tumor,0.0,pre,12,0.7318469628570763,0.09166655069692677,0.051865233566144045,0.72592621513565,0.6020918850956222,0.9070963552384508,12,14.655546052139938,2.7740818877515627,1.5695845861544815,14.70542072577514,10.06205298536748,19.05031782744374,12,0.1710732945551475,0.05727420338505051,0.03240593120714068,0.16052772104740143,0.09157886356115341,0.2830215394496918,12,0.08817040809594597,0.04616591744873272,0.02612082676908364,0.08748766757601481,0.025156202473278558,0.15814737230539322,12
SynDiff-3D+3D-refine-T2+FLAIR,SynDiff,SynDiff,3D+3D-refine,t2_flair,flair,tumor,0.0,pre,12,0.7297281402320962,0.09081886394975312,0.05138560963790825,0.736648647108874,0.5977657029534164,0.9399814739990193,12,15.300624012520432,2.504460408239287,1.4170318730542784,15.411436207518735,11.257305590883554,19.194277219584105,12,0.14588461133340994,0.05145574828166838,0.029113830319339364,0.1411307454109192,0.0785011574625969,0.24580223858356476,12,0.07951220068822011,0.026085173760504274,0.0147590764506356,0.0761555505450815,0.03494445864732067,0.1173850680616769,12
CUT-3D-T2+FLAIR,CUT,GAN,3D,t2_flair,flair,tumor,0.0,pre,12,0.7231179937489173,0.07814121185885975,0.044212552707485926,0.7172437773640159,0.6112369367341153,0.8882696388034887,12,15.293240136331576,2.6180702513346565,1.4813126930781069,14.808584322866125,11.093054434134373,19.83086927693372,12,0.15061044817169508,0.04859355346947333,0.027494391152951287,0.15129178762435913,0.08098561316728592,0.2473139762878418,12,0.0728428425654445,0.0265385929444028,0.015015622504757561,0.07504659565165639,0.02718564432912639,0.11220564093926678,12
SynDiff-2.5D-T2+FLAIR,SynDiff,SynDiff,2.5D,t2_flair,flair,tumor,0.0,pre,12,0.7217072085965682,0.09666958929648932,0.054695969134723105,0.7372456940360268,0.5793953513918066,0.9263717705392936,12,14.31768518972,2.2329046464391307,1.2633847367224704,14.299010221867597,11.035770662702404,18.239317789885824,12,0.16375401243567467,0.0490539205278123,0.027754868337108166,0.15903031826019287,0.09519321471452713,0.24368785321712494,12,0.08429320468738279,0.030791564019914126,0.017421967420153676,0.07716873788740486,0.03595954223225514,0.13359110301424718,12
SynDiff-3D-T2+FLAIR,SynDiff,SynDiff,3D,t2_flair,flair,tumor,0.0,pre,12,0.7119072691866082,0.08607172610556206,0.04869966355192876,0.6803929483690456,0.6083476140631872,0.9162935132732248,12,14.922536780886963,2.4939834428349537,1.4111039718337255,15.184036408711133,10.43601141431117,18.92761982243878,12,0.15234913490712643,0.051899710214942774,0.029365025430191566,0.14369770884513855,0.08715962618589401,0.2528458535671234,12,0.09082616737128137,0.028097501570498066,0.015897658093377332,0.09562759268481065,0.037908470661689835,0.13630106788257074,12
ResViT-2D+3D-refine-T2+FLAIR,ResViT,ResViT,2D+3D-refine,t2_flair,t2,tumor,5.0,all,20,0.658439224336774,0.052657265461436224,0.02580206007610375,0.6490246479552085,0.5592438110121473,0.7665456607047819,16,16.28713489807117,2.511290658962226,1.2305324228914907,16.120299467314616,12.789490532486912,19.97659843771443,16,0.11172919627279043,0.03595137863194936,0.017616175529655186,0.11109570413827896,0.05571822077035904,0.1624705046415329,16,0.1511264148176766,0.025079104973445013,0.012288761436988056,0.1463448901240732,0.10807229075184528,0.19611259743019385,16
ResViT-2D+3D-refine-T2,ResViT,ResViT,2D+3D-refine,t2,t2,tumor,5.0,all,30,0.6538707154678477,0.06196027798437392,0.025322437675101388,0.655902561486085,0.53454723161519,0.7727967411959522,23,15.931732725852115,2.568890869979881,1.0498755180796309,16.116612826188998,12.068723917250026,20.85254500877124,23,0.11749384584634201,0.03832535643966176,0.015663122913427436,0.10904332995414734,0.057441968470811844,0.17500200867652893,23,0.12921927771297548,0.03177620603600987,0.012986562085808742,0.1299064800143242,0.06438115994549459,0.2005483974516392,23
ResViT-2.5D-T2,ResViT,ResViT,2.5D,t2,t2,tumor,5.0,all,30,0.6522680700522335,0.06160854602705687,0.025178688956450566,0.65794426513752,0.5220983542962219,0.7863297867869384,23,16.31505629149721,2.55847042454809,1.0456168044557206,16.21885346146321,12.251227279737781,21.833860049047793,23,0.11166857247767241,0.035774442429912866,0.014620594326923997,0.11212112009525299,0.05067938193678856,0.17419320344924927,23,0.10782360887587882,0.027035468313283545,0.011049078274841743,0.10937640815973282,0.06164404184348562,0.15792324900627136,23
SwinPix2Pix-2D+3D-post-T2+FLAIR,SwinPix2Pix,GAN,2D+3D-post,t2_flair,t2,tumor,5.0,all,20,0.651665653948056,0.05148706926723077,0.025228663940943075,0.6495675914151156,0.5583700771557389,0.7490159071521857,16,16.00988930881473,2.642738574451073,1.2949419014810257,15.53299830304475,12.628451359059573,20.387322193698147,16,0.11496361787430942,0.0378170210994942,0.018530340338752158,0.10475723445415497,0.061380784958601,0.1821065992116928,16,0.18455069290481163,0.038109169447607866,0.018673493029327855,0.19086534671737077,0.1021896528545767,0.23126025001207987,16
pix2pix-2D+3D-post-T2+FLAIR,pix2pix,GAN,2D+3D-post,t2_flair,t2,tumor,5.0,all,20,0.6498542667020657,0.04685108603422761,0.02295703215677153,0.645699702887411,0.5597609197659131,0.7346012359256381,16,15.959146665699327,2.3106551364830707,1.1322210168767046,15.068055138233422,13.058726492499845,20.281394692630123,16,0.11583963967859745,0.03125846832671768,0.015316649480091662,0.11946402117609978,0.0623989999294281,0.15466366708278656,16,0.1914847107309081,0.03539901857664879,0.017345519102557907,0.2029726901948137,0.12113054316829551,0.24227178309644973,16
ResViT-2.5D-T2+FLAIR,ResViT,ResViT,2.5D,t2_flair,t2,tumor,5.0,all,20,0.6494000529980348,0.05838430336374811,0.028608308648236574,0.6366951711022739,0.5352861419542946,0.737937886535656,16,16.2347242871024,2.5506645010085442,1.2498256054941868,16.166896245495057,12.781644736712119,20.302711194310078,16,0.11283372924663126,0.03721240258837214,0.01823407726830235,0.1095685176551342,0.06110570207238197,0.16353534162044525,16,0.13383009899782447,0.031121396075804827,0.015249484077144364,0.1294576914827803,0.08171807821998571,0.18281703384127468,16
CycleGAN-2D+3D-post-T2+FLAIR,CycleGAN,GAN,2D+3D-post,t2_flair,t2,tumor,5.0,all,20,0.6490015829931457,0.05059314885495056,0.024790642938925772,0.6424096852209789,0.5706996308763961,0.7439509697000994,16,15.883629919283706,2.4170521787180257,1.1843555675718325,15.781824890527279,12.853649387897983,20.4032625760859,16,0.11782055464573205,0.03670878119767839,0.017987302786862412,0.11071354150772095,0.0619254969060421,0.17813259363174438,16,0.19496653461326008,0.039543412028224374,0.019376271893829945,0.19849152483922594,0.11200362412879865,0.24462521643865676,16
ResViT-2D-T2,ResViT,ResViT,2D,t2,t2,tumor,5.0,all,30,0.6467031130241687,0.061701033156199306,0.02521648735955084,0.6442240580536359,0.5317091029078189,0.7766733006976869,23,16.005211583749237,2.276035672244381,0.9301890393592331,15.929170375237282,12.014034288937971,20.555736376730493,23,0.11547571258700412,0.03368152804880529,0.013765244807861385,0.11419503390789032,0.055527880787849426,0.17965500056743622,23,0.11840912555299271,0.02957344877514115,0.012086321072271127,0.11776452680074033,0.06291291865548401,0.1820724806189537,23
CUT-2D+3D-post-T2+FLAIR,CUT,GAN,2D+3D-post,t2_flair,t2,tumor,5.0,all,20,0.645777058240083,0.047824957312915584,0.023434229083328637,0.6469073799336753,0.5639241579410109,0.7374625080561267,16,15.783771477293325,2.555489155033996,1.252189685966658,14.754581478835203,12.801445759535943,20.617084787376825,16,0.12025824165903032,0.038378955471384396,0.018805688180978355,0.11459002643823624,0.0597849003970623,0.18632358312606812,16,0.18262538475406798,0.03358773825377603,0.016457991744350253,0.185970049831226,0.11804575473070145,0.22740342858291807,16
SwinPix2Pix-2D+3D-post-T2,SwinPix2Pix,GAN,2D+3D-post,t2,t2,tumor,5.0,all,30,0.6449281920722123,0.06112167397867845,0.024979710070269317,0.6362936052068967,0.5477504557581854,0.7924675381309443,23,15.730205275011416,2.777115682773854,1.1349745527501145,14.992971710448177,11.762919799307339,21.26582727780937,23,0.12160221454889877,0.039388871168537676,0.016097768888471392,0.12632101774215698,0.055992595851421356,0.18950322270393372,23,0.18862263191833514,0.04525474205231553,0.018495081403791563,0.1902796330784137,0.11592625725703935,0.2838554069256553,23
CUT-2D+3D-post-T2,CUT,GAN,2D+3D-post,t2,t2,tumor,5.0,all,30,0.6446218490325542,0.06253621155311413,0.025557814958319852,0.6466759751927909,0.5389501068146395,0.7928383468005803,23,15.769396018037904,2.6479554074629594,1.0821882656633472,14.99305292667124,12.142786522289173,21.49240541709967,23,0.12146058986368387,0.03730765129192072,0.015247198776001815,0.1302100121974945,0.05565888434648514,0.18112912774085999,23,0.19765114447120652,0.041696146130034833,0.017040725058335062,0.20571815850796984,0.12512687924835417,0.2772678594606427,23
SynDiff-2.5D-T2,SynDiff,SynDiff,2.5D,t2,t2,tumor,5.0,all,30,0.6445598407169825,0.06898405827093188,0.028192974159699225,0.6450365471529401,0.5124345528065921,0.7879770043774093,23,15.507276414132761,2.5215481941320004,1.030527122663574,15.09646268782815,11.81336738873916,20.67550807154482,23,0.12226972421226294,0.03811488948937858,0.015577107543506748,0.12651297450065613,0.0607646144926548,0.18333600461483002,23,0.11824958106132064,0.025519973788282243,0.010429713467182534,0.11663064337335527,0.07128537168668544,0.17123681797899984,23
pix2pix-2D+3D-post-T2,pix2pix,GAN,2D+3D-post,t2,t2,tumor,5.0,all,30,0.6440397825045087,0.0604978749238989,0.024724770725251755,0.639061596625372,0.5483055723920471,0.793786731794719,23,15.634420993017583,2.5978144387274056,1.061696240819697,14.765666235725659,11.849891447860157,21.155168157902104,23,0.12374521403209023,0.03706710697143365,0.015148891138241222,0.13541892170906067,0.05680159106850624,0.1877027153968811,23,0.19721934826529192,0.04376463986834589,0.017886094147591396,0.20732280405031311,0.12152080695060166,0.280152943271857,23
ResViT-2D-T2+FLAIR,ResViT,ResViT,2D,t2_flair,t2,tumor,5.0,all,20,0.6407303042621074,0.04967833562767175,0.02434238445755916,0.6335019139700064,0.5502407457246389,0.7176835315045015,16,15.763640853665574,2.3260121887727325,1.139745972498639,15.273385062283758,12.357409489130177,19.626639743921217,16,0.11827443772926927,0.036721522765541206,0.01799354615511519,0.12852531671524048,0.06617651879787445,0.17473480105400085,16,0.13635827032710784,0.026525265164536058,0.012997379930622667,0.13484633238598082,0.10025028355340375,0.18178769515361637,16
SynDiff-2D-T2,SynDiff,SynDiff,2D,t2,t2,tumor,5.0,all,30,0.6403551895354207,0.06566011466663939,0.026834517459803923,0.6470290925617486,0.5194687544762582,0.792994640524155,23,15.472598111124631,2.269458758836818,0.9275011321180884,15.014437974563373,11.931394144411554,19.91444108063487,23,0.12202816294587177,0.036240979432519846,0.014811262518803691,0.12411048263311386,0.06482070684432983,0.18361443281173706,23,0.12326019857048312,0.02601920312140288,0.010633742630459011,0.12258683269222577,0.06763988453894854,0.16275482833385468,23
SwinPix2Pix-2D-T2+FLAIR,SwinPix2Pix,GAN,2D,t2_flair,t2,tumor,5.0,all,20,0.6392890605571162,0.048115049786138495,0.023576374395207864,0.6321449005693704,0.5622360728333662,0.7159161703086158,16,15.756627082676806,2.987635662964487,1.4639414748525985,14.694567687284259,12.380757824055802,21.070691728056012,16,0.12240025331266224,0.044634316216800154,0.021870814946232074,0.12417913973331451,0.05826254561543465,0.19756479561328888,16,0.18517823913415044,0.0343377941962057,0.016825519156140795,0.19236977987147713,0.1189990487570564,0.23369059960047403,16
pix2pix-2D-T2+FLAIR,pix2pix,GAN,2D,t2_flair,t2,tumor,5.0,all,20,0.6369541336004334,0.052479427352262804,0.025714919402608772,0.6335354815689734,0.5595518639742543,0.7223240393506611,16,15.675536556752919,2.751672549623111,1.3483195493153244,15.019169175207736,12.381433022259245,20.77534217057544,16,0.12632196838967502,0.04218256443498492,0.020669456573142612,0.1346549391746521,0.059250447899103165,0.18891054391860962,16,0.19619666898859822,0.03560678638425068,0.017447325328282835,0.20926593564171442,0.1285513253374533,0.2567089867024195,16
SwinPix2Pix-2D-T2,SwinPix2Pix,GAN,2D,t2,t2,tumor,5.0,all,30,0.6360387358391968,0.06316765708672442,0.025815879329401277,0.6325483328418753,0.5498531674713498,0.7928904718410678,23,15.584033961889416,2.9567970120500666,1.208408201048525,14.68931050515704,11.551536796638109,21.56032316107689,23,0.12721881059848744,0.04334250891135606,0.017713574184853306,0.13757899403572083,0.054519880563020706,0.1972154974937439,23,0.19000794585089972,0.04344052874407816,0.017753633738905907,0.19681057830651602,0.12210707863171895,0.2798430524909726,23
pix2pix-2.5D-T2,pix2pix,GAN,2.5D,t2,t2,tumor,5.0,all,30,0.6352382089878672,0.06645335021667832,0.027158703509818118,0.6274336001012363,0.5534075103147299,0.7957003098989619,23,15.439416406294468,2.909994471336223,1.1892805525159993,14.649337221212107,11.34052833946768,21.27889393238986,23,0.13126562309005987,0.04465851755713323,0.018251411457323116,0.14066873490810394,0.055382758378982544,0.20272448658943176,23,0.19972725747525163,0.04288526143949503,0.01752670251505191,0.20990462736649948,0.12749832620223364,0.2722205718835959,23
CycleGAN-2D-T2+FLAIR,CycleGAN,GAN,2D,t2_flair,t2,tumor,5.0,all,20,0.6344851769532585,0.04916551242582229,0.024091101088652922,0.6325932556844622,0.5688135136879559,0.7059518293565572,16,15.658006085597833,2.757822700626208,1.351333123306842,15.519672043640279,12.259884753307922,20.70413157447311,16,0.1254052547737956,0.043466580171844724,0.021298624284203913,0.12162404507398605,0.060749612748622894,0.20348447561264038,16,0.19047222627526117,0.03732179115208165,0.01828767766452001,0.1916486853850074,0.1121626878157258,0.24448923553739274,16
pix2pix-2D-T2,pix2pix,GAN,2D,t2,t2,tumor,5.0,all,30,0.634346358955776,0.06649734135654635,0.027176682171854552,0.6239546982390272,0.5378971229732937,0.7922470252983459,23,15.41849590860775,2.941335810258204,1.202089389521318,14.387208466452266,11.392900321483543,21.36912588435715,23,0.13202726452246957,0.04458038108825498,0.018219478000474826,0.1454176902770996,0.05517159402370453,0.20195384323596954,23,0.20021084593170685,0.04452763717719041,0.018197922183681842,0.2112600214779377,0.1209479717707092,0.28089054064968455,23
pix2pix-2.5D-T2+FLAIR,pix2pix,GAN,2.5D,t2_flair,t2,tumor,5.0,all,20,0.6337709320781126,0.059679740708447934,0.029243072947139487,0.6365070795835218,0.5109896643217923,0.7369030875377987,16,15.833968533197627,2.850545016560697,1.3967670581147416,14.860031328579488,12.043661762108433,21.10854614034551,16,0.12382831028662622,0.04394459358832815,0.021532850858280793,0.13346555829048157,0.05895427241921425,0.21089304983615875,16,0.19095534868025082,0.037466782418150574,0.01835872338489378,0.1961311958009458,0.11968542974103581,0.24715504476002284,16
SwinPix2Pix-2.5D-T2,SwinPix2Pix,GAN,2.5D,t2,t2,tumor,5.0,all,30,0.6328584133912124,0.06623259494395613,0.02706848342338843,0.6177432454081548,0.545456232790963,0.7998570970686087,23,15.554993425806982,2.9895170429488966,1.2217804932672909,14.663306629533041,11.560487864206808,21.80814567485549,23,0.12826401060042175,0.04495719593245928,0.01837347780031147,0.1377226710319519,0.0517902709543705,0.2103240191936493,23,0.18729144035166198,0.04488836561968348,0.018345347660129362,0.19616417917940351,0.11771602000951917,0.28026059757058436,23
CycleGAN-2D+3D-post-T2,CycleGAN,GAN,2D+3D-post,t2,t2,tumor,5.0,all,30,0.632848586964413,0.05997585859067925,0.024511428782746696,0.6264787233945567,0.5245406119862286,0.7794692498630202,23,15.425009709969755,2.497758038603323,1.0208043655964116,14.699219198019533,12.1716317700235,20.80524255690001,23,0.12516017776468527,0.03868462025930127,0.015809949815721754,0.13410478830337524,0.060240160673856735,0.17815105617046356,23,0.19536849103192094,0.048103223123922144,0.01965922215252506,0.1882321832978979,0.10794954829745823,0.2854204944406564,23
CycleGAN-2.5D-T2+FLAIR,CycleGAN,GAN,2.5D,t2_flair,t2,tumor,5.0,all,20,0.6323806000062382,0.04793987108070884,0.02349053682954733,0.6220242438719155,0.572311284227146,0.7124458427911845,16,15.360304403231936,2.749603103954485,1.3473055209376976,14.684108459432746,12.2697410575217,20.703581745094873,16,0.128989310702309,0.04410730984070766,0.021612581821946752,0.13177206739783287,0.05842522159218788,0.20220425724983215,16,0.19782630482633448,0.03854434518870878,0.0188867291424673,0.20334366030736073,0.11060236813500524,0.24916907719203404,16
SynDiff-3D+3D-refine-T2,SynDiff,SynDiff,3D+3D-refine,t2,t2,tumor,5.0,all,30,0.6314724703568491,0.059701262247937925,0.02439920448354921,0.622713091183495,0.5230768796421079,0.7755999248778099,23,15.62635316861075,2.170249676033744,0.8869555455292358,15.656214401764228,12.084554735808343,19.602949817487247,23,0.12028863038057866,0.034769846348220924,0.014210027710781463,0.1138891652226448,0.05794352665543556,0.1790957897901535,23,0.12403263339384148,0.024420569647147485,0.009980399910993289,0.12701273844280142,0.07111059336198701,0.1679492426663637,23
CUT-2D-T2,CUT,GAN,2D,t2,t2,tumor,5.0,all,30,0.6302444865286971,0.0664261171740214,0.027147573685230224,0.6223784558622917,0.5295223086876364,0.7909682946906353,23,15.422570805682582,2.945475866846866,1.2037813820098642,14.435631204365082,11.472412960094774,21.773572169505492,23,0.13235470182869746,0.04436659787663695,0.018132107313507513,0.14283078908920288,0.053758662194013596,0.21011149883270264,23,0.19628431392648724,0.041519988467008745,0.016968731491035467,0.20081469958478754,0.12601755443836526,0.2728179580746935,23
CUT-2.5D-T2+FLAIR,CUT,GAN,2.5D,t2_flair,t2,tumor,5.0,all,20,0.6296171086046596,0.04975258561656373,0.02437876695211623,0.6394749485627131,0.5619578805707792,0.7104112449263281,16,15.568315080099943,2.6530709875272684,1.3000047838883615,15.393502391894542,12.503315317866887,20.27986471126723,16,0.12769963685423136,0.0425430154692312,0.020846077579923288,0.12224358692765236,0.06452213227748871,0.19917985796928406,16,0.19183549157295474,0.036299890079146184,0.01778694613878163,0.20130931406434793,0.12341243657283485,0.24866347724483126,16
SynDiff-2D-T2+FLAIR,SynDiff,SynDiff,2D,t2_flair,t2,tumor,5.0,all,20,0.6295596761228108,0.055804600197654715,0.02734425409685081,0.6318233260415655,0.5191887334004713,0.7391734728928528,16,15.394159450746862,2.189943776087085,1.0730724502826716,15.220257703219,12.17302790738568,18.82920912345067,16,0.12295862869359553,0.03730190623056992,0.01827793405297926,0.11841358616948128,0.06132861599326134,0.17985431849956512,16,0.1319120732001122,0.021659305968215446,0.010613059924425568,0.12856055730685084,0.09956913813948631,0.16619278264363402,16
CycleGAN-2.5D-T2,CycleGAN,GAN,2.5D,t2,t2,tumor,5.0,all,30,0.6285221817000405,0.06278364388475913,0.025658937645317247,0.6252473347690777,0.5358223341843209,0.7825362754322452,23,15.305555618061526,2.736808950780879,1.118501664926136,14.510671322336552,11.635711899074137,21.08072932742923,23,0.1311226181038048,0.04264224937221141,0.01742738633816776,0.13856321573257446,0.057954028248786926,0.19376826286315918,23,0.20332753671682408,0.04478724947741847,0.018304022680743402,0.21192148737221336,0.11233159418528278,0.27022628418635575,23
ResViT-3D-T2,ResViT,ResViT,3D,t2,t2,tumor,5.0,all,30,0.627061194945962,0.06319486565431656,0.02582699915131774,0.6197688030511751,0.4922173011194167,0.7501183559115937,23,15.605016466683393,2.345947906337931,0.9587613480730112,15.718180137788078,11.605877029423903,21.01411002879005,23,0.12053751249028288,0.03707013706222311,0.01515012950074801,0.11360552161931992,0.05506529286503792,0.19002777338027954,23,0.11168349671010618,0.02602628614622927,0.010636637379491009,0.11236563055879539,0.058558853136168584,0.1689793864885966,23
CUT-2.5D-T2,CUT,GAN,2.5D,t2,t2,tumor,5.0,all,30,0.6263770885345893,0.0659133710047687,0.02693802034982842,0.6198169840794189,0.525983203819839,0.785340465367365,23,15.380229537710786,2.7815704284978304,1.1367951549911546,14.420793376262228,11.467087029721622,21.24877163647593,23,0.13212832938069882,0.04209083394888522,0.01720202933292985,0.13985727727413177,0.055870525538921356,0.20237033069133759,23,0.19545067838497351,0.04069585035310195,0.016631915926225645,0.2042410597205162,0.12081475759317861,0.2519112778827548,23
SynDiff-2.5D-T2+FLAIR,SynDiff,SynDiff,2.5D,t2_flair,t2,tumor,5.0,all,20,0.6236574521310918,0.05886343046835631,0.028843080929494593,0.6172629035588448,0.5149448246206413,0.7472987594322075,16,15.322792603333067,2.4618963567142877,1.2063292147900009,14.903919444038493,11.667664332255278,19.0878308764722,16,0.12673167511820793,0.03992498161324376,0.019563240990489443,0.13018761575222015,0.06679058820009232,0.18204869329929352,16,0.12092526994979735,0.026063179357537058,0.012770957885193158,0.11620455003606203,0.08560398213541537,0.17401057889060634,16
SwinPix2Pix-2.5D-T2+FLAIR,SwinPix2Pix,GAN,2.5D,t2_flair,t2,tumor,5.0,all,20,0.6235364556129976,0.06099361176838049,0.029886869766506438,0.6094447340488832,0.5214856982259367,0.734064366559131,16,15.517602372931709,3.098291677527247,1.518162921988351,14.47563884973057,11.687935945074834,21.161150256517217,16,0.12687501194886863,0.04708272963888775,0.023070537523054997,0.1349000334739685,0.05650052800774574,0.21324065327644348,16,0.1832305543206832,0.03312029517200818,0.01622894463428401,0.19005321037960562,0.12413240427320654,0.2285968881277811,16
CUT-2D-T2+FLAIR,CUT,GAN,2D,t2_flair,t2,tumor,5.0,all,20,0.6215443638088769,0.05191532476109104,0.02543850913293461,0.6138117925482489,0.5494606450670697,0.7232322383594839,16,15.317623919744285,2.8503205187244753,1.396657054174993,14.974823447947449,11.780821850543195,20.53193956776688,16,0.13366915611550212,0.04700535426139326,0.023032623588082696,0.13825161382555962,0.06089693307876587,0.21986699104309082,16,0.15662017758579994,0.0288087655550797,0.014116295121989053,0.16497895581008565,0.10358923068270087,0.21081775994527907,16
SynDiff-3D-T2+FLAIR,SynDiff,SynDiff,3D,t2_flair,t2,tumor,5.0,all,20,0.615823487700017,0.04305601324397522,0.021097446489547856,0.6168494853848893,0.5411484474075787,0.6900660005383978,16,15.248252155159836,1.908100471296442,0.9349692309352565,15.041911804670182,12.45277120207422,18.53522313337683,16,0.12494951393455267,0.034178426589876,0.01674742902903924,0.1223616860806942,0.07628614455461502,0.19131843745708466,16,0.1368859193769138,0.026435145306098043,0.012953221199988041,0.13423221650748982,0.08870815237363179,0.18951875184854552,16
ResViT-3D-T2+FLAIR,ResViT,ResViT,3D,t2_flair,t2,tumor,5.0,all,20,0.6119600098931794,0.056901554665257224,0.02788176178597604,0.6201967087558723,0.5043876732088451,0.6963285579188934,16,15.45175476831663,2.393055860131061,1.17259737146422,15.814884407737093,11.673979032373904,20.036494883594923,16,0.12437264691106975,0.042279786172074604,0.020717095224316556,0.11372137442231178,0.0593058280646801,0.19956836104393005,16,0.11527354515304937,0.025495576546434518,0.012492832507752913,0.10925540549991031,0.07923409350691958,0.16878048277326993,16
SwinPix2Pix-3D-T2+FLAIR,SwinPix2Pix,GAN,3D,t2_flair,t2,tumor,5.0,all,20,0.6084864858298857,0.0503503896331581,0.024671690920247468,0.5958200784360348,0.5346312555734443,0.7056230229427263,16,15.087848188113853,2.405598819206875,1.1787434214113688,14.422992918980958,11.588279226107076,19.76087483946957,16,0.12853408232331276,0.04007189843175182,0.019635230231558394,0.11978316679596901,0.066072016954422,0.19372454285621643,16,0.17688443541010168,0.03159790675817216,0.015482974311504357,0.18469892476403332,0.12149529345333576,0.21964881430531658,16
CycleGAN-3D-T2+FLAIR,CycleGAN,GAN,3D,t2_flair,t2,tumor,5.0,all,20,0.6083020774925312,0.05297591025607251,0.02595819602547553,0.6069359695432384,0.5245823050263937,0.700403533362654,16,15.239516228027918,2.3087359951575817,1.131280637627215,14.25541591557435,12.089855606788465,19.73581987659537,16,0.12750023882836103,0.037648877836184494,0.018447950139730402,0.12943442538380623,0.06640128791332245,0.1871255487203598,16,0.14800882185538822,0.024475508320326807,0.011992999076960135,0.14382524433541202,0.10554047312554314,0.18893649535519735,16
SynDiff-3D+3D-refine-T2+FLAIR,SynDiff,SynDiff,3D+3D-refine,t2_flair,t2,tumor,5.0,all,20,0.6046615108141726,0.044935376729222,0.022018334597318782,0.61829380731613,0.5143519944805236,0.6620676056620914,16,15.123942062428156,2.0306478222329463,0.9950174328941437,15.069693003398214,11.767325329456197,18.313109024251546,16,0.1266303714364767,0.03660538981582976,0.01793664100975658,0.12254391238093376,0.07201333343982697,0.18131190538406372,16,0.14031239667192974,0.024807885856381037,0.012155864069626708,0.13439018789516843,0.08794905602311094,0.18551423000516715,16
pix2pix-3D-T2+FLAIR,pix2pix,GAN,3D,t2_flair,t2,tumor,5.0,all,20,0.6034489047411937,0.06282365830520945,0.03078359256955263,0.6049963742867748,0.4898312203082378,0.7171052455984709,16,15.18560670642637,2.481575443193872,1.2159719671649973,13.836207374100201,12.10979945516953,20.10168682850486,16,0.12941255001351237,0.039973582009246486,0.01958705518453078,0.14087780565023422,0.06312683969736099,0.185148224234581,16,0.17788312973917508,0.03257649474598948,0.015962482425534847,0.19212231579763592,0.12026320708294709,0.21411847642489842,16
SynDiff-3D-T2,SynDiff,SynDiff,3D,t2,t2,tumor,5.0,all,30,0.6034328791984561,0.054881807011018434,0.022429549749340097,0.5914230171139276,0.5167549803914311,0.7064096035191132,23,14.911985063455006,1.9228287023337187,0.7858375003905119,14.118865570702614,12.611760442047705,18.36590263578344,23,0.13191787445026895,0.03297850592870374,0.013477927926794798,0.14205268025398254,0.0744023472070694,0.17847692966461182,23,0.13495094048355621,0.02272933277396331,0.009289211270331603,0.13046181469690055,0.08028171045912637,0.17604170893290613,23
CycleGAN-3D-T2,CycleGAN,GAN,3D,t2,t2,tumor,5.0,all,30,0.6017553483323567,0.058702447612005666,0.02399100067636564,0.5919466603019168,0.5063530329192715,0.7222254315276345,23,14.895606934651314,2.2627298089341705,0.9247510893475952,14.106344415400315,12.120278204659664,20.232006861318403,23,0.13379606021487195,0.037031918738298794,0.015134510120766139,0.14092043042182922,0.06507469713687897,0.190824493765831,23,0.1406540748239762,0.033951269611308406,0.013875485015411653,0.1357885796919115,0.08705905990468131,0.23127925052092627,23
SwinPix2Pix-3D-T2,SwinPix2Pix,GAN,3D,t2,t2,tumor,5.0,all,30,0.6013245600323502,0.06461668317856105,0.026408079269327023,0.5912286914552619,0.510605917969967,0.749628862901431,23,14.94051388732499,2.4671447659048087,1.0082930807029753,13.870578847890684,11.71753259238873,19.88410004228297,23,0.1334417883468711,0.0395576405296451,0.016166742943577908,0.14154204726219177,0.06486041098833084,0.1904338300228119,23,0.17084148670805846,0.040078590993817304,0.016379649277925578,0.1796577289043104,0.09446067114671071,0.25259399750771433,23
pix2pix-3D-T2,pix2pix,GAN,3D,t2,t2,tumor,5.0,all,30,0.5970777157210262,0.0621507886071278,0.025400297128416727,0.5905862928818458,0.48628956783993027,0.7341086483329616,23,14.678061074288381,2.2101294638874758,0.9032539462994367,13.7535139340437,11.387262996275444,19.18284949426633,23,0.13568773865699768,0.03776937933027209,0.01543590160068811,0.14135242998600006,0.07103410363197327,0.197726771235466,23,0.1709861274548308,0.03902084948672798,0.01594736275079941,0.17806336316553986,0.09481901716854838,0.25911684047717315,23
CUT-3D-T2,CUT,GAN,3D,t2,t2,tumor,5.0,all,30,0.5970076757246195,0.062210636224745146,0.025424756146620306,0.5813530547948327,0.5049568772287896,0.742908531534492,23,15.033034054950285,2.38824953895592,0.9760495283454464,14.17122425612288,12.017689227693467,20.19417985754483,23,0.1316503072562425,0.03896769636250938,0.015925639693397987,0.13751618564128876,0.06109537184238434,0.19050757586956024,23,0.1352756856354314,0.03338335945565056,0.013643386806857298,0.12925657060216456,0.07928739962993003,0.22221031369498143,23
CUT-3D-T2+FLAIR,CUT,GAN,3D,t2_flair,t2,tumor,5.0,all,20,0.5938707299303106,0.05042295381430144,0.024707247369007704,0.5875542226594173,0.5154824118174794,0.6864525632644721,16,15.100419936098122,2.372747100590121,1.1626460792891593,14.211065505886022,11.840004940343379,19.925244599442685,16,0.1305623142980039,0.039648400734401526,0.019427716359856746,0.1353711038827896,0.06370903551578522,0.19193755090236664,16,0.13656932935491467,0.02782487426046541,0.01363418838762805,0.1254830390548528,0.10156999495742869,0.20100903849710117,16
CycleGAN-2D-T2,CycleGAN,GAN,2D,t2,t2,tumor,5.0,all,30,0.5735369014955713,0.08628651872771324,0.03526428647132651,0.5675528958302195,0.4110276543165999,0.7791826912724793,23,14.11473085515102,3.2853111960274615,1.3426680885082347,13.374407188393505,10.139070221168321,21.024622802812317,23,0.15794321910842604,0.060035660774532026,0.024535869232704476,0.16517958045005798,0.05899050831794739,0.2565610110759735,23,0.18516928185915732,0.041592326184911155,0.016998295066486258,0.1828243781167727,0.12665276679520807,0.2628495376557112,23
ResViT-2D+3D-refine-T2+FLAIR,ResViT,ResViT,2D+3D-refine,t2_flair,flair,tumor,5.0,all,20,0.6282970087167141,0.07257849220769645,0.03556346118177126,0.627995776466374,0.5309691337487574,0.7491650097631253,16,15.324563754519696,2.2359694829393533,1.095625046640283,15.47385090822536,11.956174860825259,19.227263950258774,16,0.13216003961861134,0.03748672143895416,0.018368493505087537,0.12996957451105118,0.0762968510389328,0.20487716794013977,16,0.1553347518906518,0.038201959100395054,0.018718959959193576,0.14536572960237942,0.10513372291275795,0.22289390045972096,16
ResViT-3D-T2+FLAIR,ResViT,ResViT,3D,t2_flair,flair,tumor,5.0,all,20,0.6180306542825674,0.07886892379449204,0.038645772659301095,0.6210169070167678,0.47708758015826697,0.7445904697496717,16,15.00077607424599,2.643753925189402,1.295439423342807,15.368078395935504,9.655952930087391,19.32313592430915,16,0.1382039408199489,0.048955893892173426,0.02398838800716498,0.13138354197144508,0.07507854700088501,0.2626277804374695,16,0.16606126819002415,0.040955569954780585,0.020068229277842485,0.16663092618215491,0.10210347808897495,0.23355123191140592,16
SwinPix2Pix-2D+3D-post-T2+FLAIR,SwinPix2Pix,GAN,2D+3D-post,t2_flair,flair,tumor,5.0,all,20,0.6176228482492803,0.06677243263978642,0.03271849199349535,0.5967014515293048,0.5358669973891731,0.767443827023059,16,15.097765763095184,2.4349164983369436,1.1931090841851024,14.863840982868172,11.532290217524437,19.01531919538889,16,0.13662672182545066,0.040082938835061005,0.019640640029179892,0.14755617827177048,0.07331396639347076,0.19033105671405792,16,0.1981666102305013,0.05360689245531508,0.02626737730310439,0.19262499486577217,0.1228304165316389,0.30063565217313315,16
pix2pix-2D+3D-post-T2+FLAIR,pix2pix,GAN,2D+3D-post,t2_flair,flair,tumor,5.0,all,20,0.617426389927837,0.06712535066409482,0.03289142182540646,0.60075929903456,0.5270343041565645,0.7640595572704507,16,15.226102677660588,2.4482548120547283,1.1996448579068169,14.989049444038077,10.94571626879681,18.894645836956613,16,0.13497175090014935,0.03928799428611199,0.019251117200194873,0.13315488398075104,0.07177680730819702,0.19262516498565674,16,0.20453170030975926,0.053599923099666234,0.026263962318836456,0.18827653390478222,0.12068054654655304,0.3188820857377279,16
CycleGAN-2D+3D-post-T2+FLAIR,CycleGAN,GAN,2D+3D-post,t2_flair,flair,tumor,5.0,all,20,0.6140323663310605,0.06635001364128754,0.03251150668423089,0.5939132084182335,0.5102191857088805,0.7614537459008712,16,14.979242340371023,2.253751071708101,1.1043380251369694,14.810385314133129,12.04925238745316,18.90655217405859,16,0.13899800833314657,0.03876146000967234,0.018993115404739445,0.14307279139757156,0.072248175740242,0.2086610496044159,16,0.21882768499189809,0.05600943879917284,0.02744462501159469,0.2103599223705346,0.14689553980814649,0.3201542688267572,16
ResViT-2D-T2+FLAIR,ResViT,ResViT,2D,t2_flair,flair,tumor,5.0,all,20,0.6136850106394354,0.07705196026124787,0.03775546052801146,0.6200427211190505,0.5048884948935818,0.7454665557211524,16,14.843687212621017,2.249204380649154,1.1021101465180856,14.94935591782556,11.376876076857577,19.078144709855643,16,0.13870079210028052,0.038113795073886785,0.018675759586204523,0.13570495694875717,0.07859057933092117,0.20970577001571655,16,0.14940220117066394,0.03559856196681432,0.017443295363739016,0.13293987435494312,0.10326521990316657,0.20819382582392013,16
CUT-2D+3D-post-T2+FLAIR,CUT,GAN,2D+3D-post,t2_flair,flair,tumor,5.0,all,20,0.6106983041233434,0.06510338790243729,0.03190066007219427,0.5877919773473418,0.515883247163141,0.7509976574062531,16,14.934846086091973,2.3293722176648934,1.1413923866557978,14.594582897547333,11.133811689379874,18.49685550336438,16,0.1435031876899302,0.03791316074113569,0.018577448763156486,0.1539899930357933,0.08742696046829224,0.19752390682697296,16,0.2095473215038161,0.05450725943549219,0.026708557123391173,0.20249982616619683,0.127950399242183,0.3131463360928354,16
pix2pix-2D-T2+FLAIR,pix2pix,GAN,2D,t2_flair,flair,tumor,5.0,all,20,0.6020533243637493,0.07731985249964872,0.03788672772482787,0.5942108084672417,0.4256093948514021,0.7365035344571415,16,14.889441039221897,2.264582800532868,1.1096455722611052,14.615852936458502,11.374751579536795,18.589374990640028,16,0.14765800023451447,0.040950469964424474,0.02006573028256799,0.1467328518629074,0.08727778494358063,0.21356800198554993,16,0.21335247551774397,0.05507961297172093,0.026989010356143258,0.20597260150458102,0.12645970070932774,0.32717039578017737,16
SwinPix2Pix-2D-T2+FLAIR,SwinPix2Pix,GAN,2D,t2_flair,flair,tumor,5.0,all,20,0.6000607538239799,0.06717896234576382,0.03291769154942427,0.5814080229776053,0.49137159685293186,0.7460466778789061,16,14.792979004900463,2.4941079784548217,1.2221129094428627,14.08469911055562,11.041862704439385,19.203365547535828,16,0.14716577250510454,0.0439959838793972,0.02155803210090463,0.15661733597517014,0.07294420152902603,0.20179155468940735,16,0.19515745680469374,0.05628125347310817,0.027577814201823002,0.19384412448843685,0.12013584918322716,0.2972134869723093,16
ResViT-2.5D-T2+FLAIR,ResViT,ResViT,2.5D,t2_flair,flair,tumor,5.0,all,20,0.5994887369961143,0.07459210289585613,0.036550130418969505,0.5991730436191762,0.490086275835476,0.7301161633032383,16,14.762422013851346,2.3889822952325495,1.1706013246639493,14.740181675300448,11.037597131566825,18.791811917708074,16,0.14034311706200242,0.04103396683439292,0.020106643748852532,0.1368485689163208,0.0762961208820343,0.22029265761375427,16,0.14866086695640662,0.035859361407657865,0.017571087089752354,0.145668656528519,0.08805885091423989,0.22426834915365493,16
CycleGAN-2D-T2+FLAIR,CycleGAN,GAN,2D,t2_flair,flair,tumor,5.0,all,20,0.5988347608477065,0.07475027946019165,0.03662763693549391,0.5951922907100333,0.44337973837693634,0.7455882081624687,16,14.631168462621122,2.3375280948580004,1.14538876648042,13.899497789257289,11.357227640787537,18.97474595514678,16,0.15213536424562335,0.04308086836736695,0.021109625500009804,0.15724944323301315,0.0803452730178833,0.2163582146167755,16,0.21826554295453177,0.056574041583295105,0.027721280375814603,0.20963950104966617,0.1408751497560359,0.3204793553976786,16
pix2pix-2.5D-T2+FLAIR,pix2pix,GAN,2.5D,t2_flair,flair,tumor,5.0,all,20,0.5956695783520006,0.0833051534764105,0.04081952520344115,0.5923878672905964,0.3930068341966448,0.739045233438018,16,14.842510779106762,2.5037194576595545,1.2268225342531818,13.947315927879474,11.114058912276974,19.24742064639603,16,0.14800949022173882,0.04660332915400127,0.022835631285460622,0.15409955382347107,0.0747142806649208,0.21871411800384521,16,0.2039251261315844,0.05588840571932473,0.027385318802469114,0.19867944397108003,0.12169353378579971,0.3198783504111426,16
CycleGAN-2.5D-T2+FLAIR,CycleGAN,GAN,2.5D,t2_flair,flair,tumor,5.0,all,20,0.5937092399807081,0.0688520239599532,0.03373749174037707,0.5887608417713136,0.454737058183564,0.7242656059453386,16,14.203368732513805,2.015088713543408,0.9873934696362698,13.99001756504922,10.733334956138656,17.768962466871145,16,0.1599153853021562,0.03690513424487762,0.018083515779990032,0.1625019907951355,0.10131598263978958,0.21373209357261658,16,0.2310546857699302,0.05529672272672617,0.027095394136095824,0.2251558426611437,0.15471287071704865,0.3249677600605147,16
CUT-2.5D-T2+FLAIR,CUT,GAN,2.5D,t2_flair,flair,tumor,5.0,all,20,0.5924247234631816,0.07693216261714642,0.03769675968240174,0.5912494070110763,0.417321074315373,0.7352544697147734,16,14.472567572950632,2.163456207937277,1.0600935418892659,13.895320004377924,11.683113857507534,18.080605914160365,16,0.15545544540509582,0.03998789873710898,0.0195940703811834,0.1573796346783638,0.09676247090101242,0.2044931799173355,16,0.22366723992884838,0.05473881281664978,0.026822018280158393,0.2133382395093996,0.14173708459798326,0.329760525907789,16
CycleGAN-3D-T2+FLAIR,CycleGAN,GAN,3D,t2_flair,flair,tumor,5.0,all,20,0.5915585553078933,0.06290434632244117,0.030823129697996172,0.5695247144434258,0.4966663175333339,0.7233518822276223,16,14.469885785325665,1.9104920436870114,0.9361411014066355,14.448123521050398,11.404471046256223,18.17602583285196,16,0.15016788197681308,0.03155101890349164,0.015459999262710905,0.15326332300901413,0.09304988384246826,0.2021821141242981,16,0.17350953972444688,0.05539665843253516,0.02714436263194223,0.16641831112933195,0.08755285820613305,0.280791570742925,16
CUT-2D-T2+FLAIR,CUT,GAN,2D,t2_flair,flair,tumor,5.0,all,20,0.590311294009499,0.07733177293360842,0.03789256873746812,0.5798063255750779,0.41918828862008617,0.7387296166035981,16,14.27269447167397,2.433889255763659,1.1926057353241928,13.737247197599856,10.54943401443911,18.13808231276169,16,0.16177556617185473,0.048971572402875876,0.02399607047740918,0.1622670218348503,0.09506629407405853,0.24083715677261353,16,0.19888974962642114,0.056285333956959546,0.027579813638910176,0.18756339845318032,0.1252370257960989,0.3076700021823247,16
SynDiff-2D-T2+FLAIR,SynDiff,SynDiff,2D,t2_flair,flair,tumor,5.0,all,20,0.5886333035276547,0.06512858648640378,0.031913007378337854,0.5906453769107441,0.4977216042158949,0.6943398251147969,16,14.210161839703279,1.9718691378056774,0.9662158775247819,14.249342248576005,11.242458735288745,17.87833233188763,16,0.1491839080117643,0.03707989491223038,0.018169148506992885,0.148397296667099,0.08532020449638367,0.2185487449169159,16,0.14317979890162152,0.028811064852764523,0.014117421777854616,0.13847920922588225,0.10014246101491153,0.20305897011643365,16
SwinPix2Pix-2.5D-T2+FLAIR,SwinPix2Pix,GAN,2.5D,t2_flair,flair,tumor,5.0,all,20,0.5845780136292498,0.07944491375915216,0.03892800774198456,0.5743275736715099,0.41264027005380566,0.7348849056243947,16,14.4189063898395,2.5622253903660126,1.2554904412793462,13.580756817669723,10.310191956908428,18.95538772924146,16,0.15470799524337053,0.047697452370759466,0.023371751661672137,0.16375085711479187,0.07658261805772781,0.22555364668369293,16,0.1927829368957304,0.054282178557650315,0.026598267493248656,0.18948809354706314,0.114158733189106,0.27842486259483157,16
SynDiff-2.5D-T2+FLAIR,SynDiff,SynDiff,2.5D,t2_flair,flair,tumor,5.0,all,20,0.583746059658574,0.06580230038525878,0.0322431271887768,0.5963032422219874,0.48151769496576124,0.6870980182695529,16,14.179671370661955,1.8348792641223215,0.8990908394199375,14.382628873304853,11.496274023075859,17.51566073545599,16,0.15052179247140884,0.0351324532564819,0.01721490209567613,0.14829768240451813,0.09280658513307571,0.2136336714029312,16,0.13481082032392508,0.030646756808237353,0.015016910836036302,0.1274086752211738,0.0945098883821629,0.18709342487688577,16
SynDiff-3D+3D-refine-T2+FLAIR,SynDiff,SynDiff,3D+3D-refine,t2_flair,flair,tumor,5.0,all,20,0.5821822632068769,0.061550240149229524,0.030159617673122467,0.5928282027591509,0.4738162264317133,0.6703214785361987,16,14.39024923571569,1.9219499275108451,0.9417554644803141,14.500217144822646,10.862835346023953,17.439048856623224,16,0.14433628972619772,0.03810272993206344,0.018670337666711088,0.1412075012922287,0.08580788969993591,0.2272222340106964,16,0.15013042224788756,0.033373391104188924,0.01635296164105257,0.1471778488712569,0.08575191845496495,0.20296523990109563,16
pix2pix-3D-T2+FLAIR,pix2pix,GAN,3D,t2_flair,flair,tumor,5.0,all,20,0.5749289105897759,0.07371735048866793,0.03612150173944728,0.5632756017444077,0.4309978006179536,0.7193255867133067,16,14.327417060298133,1.8904525009081494,0.9263217254449932,14.232294467301891,10.862828241579667,17.812683149925643,16,0.15188921615481377,0.03188941914995865,0.01562581538347974,0.15736376494169235,0.09726822376251221,0.20158794522285461,16,0.1967461270380888,0.05875848911915562,0.028791659668386253,0.1953805620304633,0.1107444304972887,0.2899309517372222,16
SwinPix2Pix-3D-T2+FLAIR,SwinPix2Pix,GAN,3D,t2_flair,flair,tumor,5.0,all,20,0.5739068119333846,0.06633856319922227,0.03250589596761891,0.5595770015613785,0.477706894981987,0.7073735442335874,16,14.479066446491464,2.036857458863784,0.9980601548432543,14.518902928394784,10.793552604983827,17.95368898051309,16,0.1489420421421528,0.03423277675242813,0.016774060608689786,0.1509047970175743,0.0943036749958992,0.205692857503891,16,0.19286853293329403,0.05674515898905857,0.027805127904638696,0.1929929092259739,0.11715182177722454,0.28114308949027744,16
SynDiff-3D-T2+FLAIR,SynDiff,SynDiff,3D,t2_flair,flair,tumor,5.0,all,20,0.5711921061262879,0.05020826802071758,0.024602051330151614,0.5663113052523896,0.4901270967370235,0.6532255342162954,16,14.358868769535906,1.8220416543821754,0.8928004106472659,14.672970842457552,11.067317774783124,16.968857426661113,16,0.1452117832377553,0.035456861210648526,0.017373861993217776,0.13907723873853683,0.09816349297761917,0.218895822763443,16,0.15516511542949973,0.030566619233472286,0.01497764342440142,0.14972060749671895,0.11379593540914357,0.20980367586016654,16
CUT-3D-T2+FLAIR,CUT,GAN,3D,t2_flair,flair,tumor,5.0,all,20,0.5637727588828276,0.05471342600385881,0.026809578741890817,0.5508134753263413,0.48683708596853675,0.6818786297532945,16,14.411182814893703,1.789091694827133,0.8766549304652951,14.382680599704777,11.979387090103465,17.984005106795387,16,0.14760772977024317,0.030431109905567053,0.014911243853727855,0.15073179453611374,0.09030725061893463,0.19053207337856293,16,0.15007792277703635,0.04641687521287167,0.022744268854307116,0.15798822265816198,0.08782641836054002,0.22777533602146877,16
ResViT-2D+3D-refine-T2,ResViT,ResViT,2D+3D-refine,t2,t2,tumor,5.0,post,14,0.6438453291856405,0.06224851177097532,0.04611434285636571,0.6237344020716808,0.5705818852554871,0.7631805757367478,7,14.654987214955566,1.8530340823367353,1.3727468587811404,15.243062829398202,12.068723917250026,16.597382101693718,7,0.13306105775492533,0.030094731934201716,0.022294489411894443,0.11928527802228928,0.10659945011138916,0.17500200867652893,7,0.11365054775656559,0.0262323705793315,0.019433212078727582,0.12463114325973121,0.06438115994549459,0.13834115259704136,7
CUT-2D+3D-post-T2,CUT,GAN,2D+3D-post,t2,t2,tumor,5.0,post,14,0.6417304870944971,0.04713201339699754,0.034915884146701624,0.6419273239940367,0.592387366805235,0.706857180751598,7,14.16044544072034,1.4924932927859011,1.1056545041201535,13.840573260952702,12.142786522289173,16.568939037128736,7,0.13867081914629256,0.025808659589259604,0.019119322584628926,0.14135688543319702,0.10155697911977768,0.17978858947753906,7,0.17877500419959744,0.048433437549274226,0.03587999265070003,0.20661109138061018,0.12512687924835417,0.24227672460533323,7
ResViT-2D-T2,ResViT,ResViT,2D,t2,t2,tumor,5.0,post,14,0.6412045241032941,0.06264099864104179,0.04640510119866083,0.6264783734113659,0.5836474271637291,0.7733604502488585,7,14.511801273532466,1.850088187191186,1.3705645091169336,15.148984577006638,12.014034288937971,16.29195636015361,7,0.13651384838989802,0.029230029758591288,0.02165390907574997,0.12556545436382294,0.10605689138174057,0.17965500056743622,7,0.11471079986463682,0.028001288738088284,0.02074364498928266,0.13019976527853447,0.06762035097926855,0.1373006857055075,7
SwinPix2Pix-2D+3D-post-T2+FLAIR,SwinPix2Pix,GAN,2D+3D-post,t2_flair,t2,tumor,5.0,post,8,0.6407172859175928,0.04798884519005561,0.0470290682862545,0.6301473243004769,0.5972898113143935,0.7052846837550238,4,14.455970621551991,1.7832277112139028,1.7475631569896246,14.46282316569976,12.628451359059573,16.26978479574887,4,0.1289747804403305,0.028593821044733233,0.028021944623838568,0.1276015117764473,0.10114757716655731,0.15954852104187012,4,0.1638228853604401,0.06054640429202465,0.05933547620618416,0.16092081928755192,0.1021896528545767,0.23126025001207987,4
SwinPix2Pix-2D+3D-post-T2,SwinPix2Pix,GAN,2D+3D-post,t2,t2,tumor,5.0,post,14,0.6388200926432338,0.04454782485307978,0.03300149048283124,0.6362936052068967,0.5856069553128096,0.6988161842866579,7,13.845961916091692,1.5298618345935568,1.133337507294603,14.03799341763632,11.762919799307339,16.06561735217719,7,0.14580831357410975,0.027636728088446035,0.02047357468059167,0.15107767283916473,0.10763983428478241,0.18950322270393372,7,0.17289859745388858,0.05222361178583633,0.03868779301825331,0.19786903344922596,0.11592625725703935,0.23593570646785555,7
pix2pix-2D+3D-post-T2,pix2pix,GAN,2D+3D-post,t2,t2,tumor,5.0,post,14,0.6376280864642386,0.03868191507881122,0.028655963709591104,0.639061596625372,0.5954119535781557,0.6968823292112651,7,13.911418800310242,1.2581770852408523,0.9320706283916748,13.917842830382893,11.849891447860157,15.432318650803651,7,0.14541695160525187,0.022698075933126154,0.016814969964439402,0.1434987485408783,0.12072055041790009,0.1877027153968811,7,0.17625222364727974,0.05125611623932336,0.03797106228727527,0.20732280405031311,0.12152080695060166,0.23792476916597002,7
CycleGAN-2D+3D-post-T2+FLAIR,CycleGAN,GAN,2D+3D-post,t2_flair,t2,tumor,5.0,post,8,0.6368169708212069,0.0459595910660022,0.04504039924468215,0.6238050252445403,0.5990249826277112,0.7006328501680358,4,14.427654776806776,1.568779825180818,1.5374042286772016,14.27450358957514,12.853649387897983,16.30796254017884,4,0.12966705486178398,0.023648204022909534,0.023175239942451343,0.12992730364203453,0.1035851314663887,0.15522848069667816,4,0.17253312055842807,0.06224643358780789,0.06100150491605173,0.1667518208331284,0.11200362412879865,0.24462521643865676,4
pix2pix-2D+3D-post-T2+FLAIR,pix2pix,GAN,2D+3D-post,t2_flair,t2,tumor,5.0,post,8,0.6364473568666962,0.04418632866628982,0.04330260209296402,0.6224257168353238,0.6004036503565264,0.7005343434396109,4,14.219064076998738,1.3211104678022356,1.294688258446191,13.924507062904457,13.058726492499845,15.968515689686189,4,0.1345703098922968,0.019041310000887154,0.01866048380086941,0.1389792039990425,0.11012660712003708,0.15019622445106506,4,0.17531939530022408,0.060892080176069306,0.059674238572547916,0.16893762746807553,0.12113054316829551,0.24227178309644973,4
ResViT-2.5D-T2,ResViT,ResViT,2.5D,t2,t2,tumor,5.0,post,14,0.6358394108581186,0.053886441847460366,0.03991963476662674,0.6201867372857571,0.5737944646345841,0.7402461358911656,7,14.490203139520593,1.5190803820539702,1.1253504954809013,15.28796078225164,12.251227279737781,16.30591262394263,7,0.13509246706962585,0.024389044525681754,0.018067657028241847,0.12576042115688324,0.10596323013305664,0.17419320344924927,7,0.10827485160163765,0.02434734634354226,0.018036766582623768,0.11117488435573047,0.073689680132601,0.14219457800076765,7
SynDiff-2D-T2,SynDiff,SynDiff,2D,t2,t2,tumor,5.0,post,14,0.6355297140160561,0.07772155952076083,0.05757693704001052,0.6054824885431165,0.5561541022962062,0.792994640524155,7,14.24257626548931,1.6036710361336637,1.1880161289827462,14.546609193008262,11.931394144411554,16.794991675013488,7,0.13805246672460011,0.02528820707736328,0.018733765968233892,0.1274278461933136,0.10584630817174911,0.18062901496887207,7,0.11944248182576778,0.030233878033754425,0.022397570284984354,0.1297559073815743,0.06763988453894854,0.15204976905475964,7
SynDiff-3D+3D-refine-T2,SynDiff,SynDiff,3D+3D-refine,t2,t2,tumor,5.0,post,14,0.634404960740938,0.06697454407915363,0.0496154365855047,0.622713091183495,0.5646955373917898,0.7755999248778099,7,14.575607022706311,1.7881835677906277,1.3247049252937388,14.555934418278937,12.084554735808343,16.765855163981804,7,0.1337962704045432,0.027360735226673302,0.020269116307345365,0.12603877484798431,0.10642409324645996,0.1790957897901535,7,0.11673184939427286,0.029733681291314866,0.022027019352596437,0.1251808974891901,0.07111059336198701,0.14936251015890212,7
CUT-2D+3D-post-T2+FLAIR,CUT,GAN,2D+3D-post,t2_flair,t2,tumor,5.0,post,8,0.6328724216116212,0.04367473233598091,0.04280123768926129,0.6217120915468404,0.5939899417122465,0.6940755616405575,4,14.416064645164429,1.591526683998436,1.5596961503184674,14.05219862087272,12.979425043672252,16.58043629524002,4,0.13108452782034874,0.02128236582349023,0.020856718507020422,0.13346390426158905,0.10433827340602875,0.1530720293521881,4,0.16762550816111607,0.056413738875609326,0.05528546409809714,0.16252642466542236,0.11804575473070145,0.22740342858291807,4
SwinPix2Pix-2D-T2,SwinPix2Pix,GAN,2D,t2,t2,tumor,5.0,post,14,0.6310595160741158,0.050309659892874684,0.037269917613820314,0.6325483328418753,0.5745404065250883,0.702112814290026,7,13.603058741976426,1.5717310073727846,1.164354624551276,13.67895806435693,11.551536796638109,16.223537331587053,7,0.1510663852095604,0.028865129784689154,0.02138358739212945,0.1528688222169876,0.10358395427465439,0.19589820504188538,7,0.176006635709133,0.05009037951506006,0.03710747243663406,0.19811891929970848,0.12210707863171895,0.2379285189367476,7
CycleGAN-2D+3D-post-T2,CycleGAN,GAN,2D+3D-post,t2,t2,tumor,5.0,post,14,0.6297157792734597,0.04657613082699779,0.034504080575956685,0.6116622339390085,0.5829275937600586,0.6963004241078685,7,14.243987424365743,1.4727564071533628,1.0910332146293398,14.268787830485284,12.1716317700235,16.605888566043284,7,0.13613696183477128,0.024418427681359836,0.01808942437458623,0.14167499542236328,0.10132540017366409,0.17815105617046356,7,0.16078604983970238,0.039372569957307674,0.029167608003668143,0.18027503832298167,0.10794954829745823,0.20493726077533903,7
pix2pix-2D-T2,pix2pix,GAN,2D,t2,t2,tumor,5.0,post,14,0.627776915962395,0.053183387204627654,0.03939880459857983,0.6239546982390272,0.5714568304189234,0.7037840274830663,7,13.572306905653079,1.7259638905429102,1.278611943351133,13.349518924976369,11.392900321483543,16.797801827846705,7,0.15496365193809783,0.0302001829546166,0.02237260862103886,0.16119502484798431,0.10155441612005234,0.20169027149677277,7,0.18320781819136195,0.05354998369182863,0.03967038307684005,0.21158386394381523,0.1209479717707092,0.2488033508970624,7
pix2pix-2D-T2+FLAIR,pix2pix,GAN,2D,t2_flair,t2,tumor,5.0,post,8,0.6271336584967984,0.06280080729117103,0.06154479114534761,0.6069003678432137,0.5801283687142429,0.7146055295865231,4,13.832933015828122,1.877563306774052,1.840012040638571,13.20935199565554,12.381433022259245,16.531595049742165,4,0.14575794525444508,0.03027009703720033,0.029664695096456323,0.15706031769514084,0.10226532071828842,0.1666458249092102,4,0.18609269933756628,0.06460043529157762,0.06330842658574606,0.17955524265519618,0.1285513253374533,0.2567089867024195,4
pix2pix-2.5D-T2,pix2pix,GAN,2.5D,t2,t2,tumor,5.0,post,14,0.6270501647755563,0.05650667475484948,0.04186073046863215,0.623660362367877,0.5668979859306924,0.7118862715666995,7,13.577937348080534,1.7340750174257227,1.2846207502347682,13.279581320658842,11.34052833946768,16.673024419563227,7,0.15381887342248643,0.03168206772502008,0.023470404221798528,0.16340771317481995,0.10012894868850708,0.20272448658943176,7,0.18567995803180654,0.053206722608060864,0.039416091707363564,0.2115612667467859,0.12749832620223364,0.2550145813396999,7
CycleGAN-2.5D-T2,CycleGAN,GAN,2.5D,t2,t2,tumor,5.0,post,14,0.6264399955505244,0.05218283622740096,0.03865758606184017,0.6252473347690777,0.5770759812275419,0.6989895803294792,7,13.705587335705987,1.5272475872406097,1.1314008457533813,13.804739083902799,11.635711899074137,16.202021154881226,7,0.14907222879784449,0.02746767469340791,0.0203483381729543,0.15110988914966583,0.1053910180926323,0.19376826286315918,7,0.18243974232393875,0.05640602805314975,0.041786170348598765,0.2159751572591417,0.11233159418528278,0.24815393558570317,7
SynDiff-2.5D-T2,SynDiff,SynDiff,2.5D,t2,t2,tumor,5.0,post,14,0.6261227289884939,0.08021851531640713,0.05942670777961095,0.5827828582412552,0.5655232023911857,0.7879770043774093,7,13.85554592676653,1.6306247148601491,1.2079836936147579,13.440385050140131,11.81336738873916,16.396400108085302,7,0.1436033546924591,0.025908073828547384,0.019192969683730483,0.14266163110733032,0.10954305529594421,0.18333600461483002,7,0.12389812111599527,0.03164060644694315,0.023439689277166,0.1273945152759552,0.07498220292230447,0.17123681797899984,7
SwinPix2Pix-2D-T2+FLAIR,SwinPix2Pix,GAN,2D,t2_flair,t2,tumor,5.0,post,8,0.6257630505085116,0.05290773121574386,0.051849576591428984,0.6088654622627296,0.5862744969264254,0.6990467805821617,4,13.760321850008639,1.6804259975418216,1.6468174775909852,13.297199444037293,12.380757824055802,16.06613068790417,4,0.14328160881996155,0.02779234229957983,0.027236495453588232,0.15080378949642181,0.10532180964946747,0.1661970466375351,4,0.17082550673025085,0.055998115694921004,0.05487815338102258,0.16530618928173646,0.1189990487570564,0.23369059960047403,4
CUT-2D-T2,CUT,GAN,2D,t2,t2,tumor,5.0,post,14,0.6256864357838321,0.054666150208539106,0.04049725080382693,0.6223784558622917,0.5681800556078642,0.7043283508014768,7,13.485788049098561,1.6375267501500552,1.213096792911597,13.164544255089227,11.472412960094774,16.404596814105858,7,0.1546448650104659,0.029544466565982953,0.02188684712246294,0.16061709821224213,0.10339295119047165,0.19869917631149292,7,0.18236128146449457,0.04982516083883338,0.0369109956917373,0.209584641456604,0.1291492749005556,0.24646859438646407,7
CUT-2.5D-T2,CUT,GAN,2.5D,t2,t2,tumor,5.0,post,14,0.625571436787961,0.055318516563631785,0.04098053056282558,0.6198169840794189,0.5641655047525408,0.7052718594115104,7,13.622453643180672,1.6333913504210666,1.2100332459202678,13.377139280820014,11.467087029721622,16.557926554494934,7,0.15153018278735025,0.029298419320993797,0.021704572772579048,0.15869098901748657,0.10202613472938538,0.19831663370132446,7,0.1873067787813545,0.05386713841648439,0.03990533458483918,0.21722966184218725,0.12878828164603975,0.2508375921419689,7
CycleGAN-2D-T2+FLAIR,CycleGAN,GAN,2D,t2_flair,t2,tumor,5.0,post,8,0.6244542929715624,0.05263834477371756,0.05158557787824321,0.6094343130119253,0.5827006962946176,0.6962478495677814,4,13.776917089585709,1.6213437958777046,1.5889169199601505,13.395370926746404,12.346070174315571,15.970856330534456,4,0.14407720044255257,0.02697638510311162,0.026436857401049386,0.15001095831394196,0.1080758273601532,0.16821105778217316,4,0.17360814363408245,0.062233047878454205,0.06098838692088512,0.1688903255916056,0.1121626878157258,0.24448923553739274,4
ResViT-2D+3D-refine-T2+FLAIR,ResViT,ResViT,2D+3D-refine,t2_flair,t2,tumor,5.0,post,8,0.6219453437571028,0.01897220115144935,0.018592757128420363,0.6170024534888021,0.6047536702171818,0.6490227978336247,4,14.087678432902088,1.7428956110023577,1.7080376987823105,13.490394372174094,12.789490532486912,16.580434454773258,4,0.13971976563334465,0.02572741782132145,0.02521286946489502,0.14646697789430618,0.10347460210323334,0.1624705046415329,4,0.13599290838340586,0.013166829391504013,0.012903492803673932,0.1387229976949818,0.11898564516256253,0.14753999298109727,4
CUT-2.5D-T2+FLAIR,CUT,GAN,2.5D,t2_flair,t2,tumor,5.0,post,8,0.6218044332011368,0.05308157333453148,0.05201994186784085,0.6086727941566961,0.5796539892375006,0.6902181552536542,4,13.983353952395849,1.7161365781972964,1.6818138466333503,13.508195973135098,12.538745240436008,16.37827862287719,4,0.14160138554871082,0.02642232752636743,0.025893880975840083,0.14839060604572296,0.10531599074602127,0.1643083393573761,4,0.1805720915806374,0.06548835964823234,0.06417859245526769,0.17510622625244174,0.12341243657283485,0.24866347724483126,4
SwinPix2Pix-2.5D-T2,SwinPix2Pix,GAN,2.5D,t2,t2,tumor,5.0,post,14,0.6204368914473605,0.05445153739451558,0.04033826340628621,0.6121309660739177,0.5665119331734003,0.6984883134051365,7,13.581351629715797,1.6449943571657966,1.2186288736062727,13.747067662371848,11.560487864206808,16.394881479151735,7,0.15203952150685446,0.029400174082293718,0.021779953754651624,0.1512051224708557,0.10321840643882751,0.1960931420326233,7,0.17476610859948455,0.050486707291746445,0.03740107616237226,0.19616417917940351,0.11859569698572159,0.2402234219369434,7
ResViT-3D-T2,ResViT,ResViT,3D,t2,t2,tumor,5.0,post,14,0.6201636199753067,0.06801776259846959,0.05038826367976267,0.6197688030511751,0.5427181233970734,0.7439920485388573,7,14.428944273914428,1.5827834313558602,1.1725423748195019,14.653137452943685,11.605877029423903,16.174757041568128,7,0.13504554969923838,0.02556741782232779,0.01894060818270878,0.1292411834001541,0.10663411021232605,0.17963506281375885,7,0.1072137480335531,0.027263332460244517,0.020196959328190888,0.11236563055879539,0.058558853136168584,0.14203328182074157,7
pix2pix-2.5D-T2+FLAIR,pix2pix,GAN,2.5D,t2_flair,t2,tumor,5.0,post,8,0.6176770067294786,0.05529691422013106,0.05419097593572844,0.6041310150103263,0.5704405824822939,0.692005414414968,4,13.952890991570118,1.8307203728759394,1.7941059654184206,13.360846432406042,12.583428862796504,16.506442238671884,4,0.14250626973807812,0.028431811891593682,0.02786317565376181,0.15114828199148178,0.10340163856744766,0.16432687640190125,4,0.17505866518589924,0.06310254189762929,0.0618404910596767,0.16669709312126918,0.11968542974103581,0.24715504476002284,4
CycleGAN-2.5D-T2+FLAIR,CycleGAN,GAN,2.5D,t2_flair,t2,tumor,5.0,post,8,0.6173995725907668,0.05472480956934949,0.0536303133779625,0.5962856264564417,0.5800967968384987,0.6969302406116852,4,13.738995890813907,1.6827619438066965,1.6491067049305626,13.130589529553154,12.517767722769728,16.177036781379602,4,0.14545230939984322,0.027083702633939968,0.026542028581261166,0.15572592616081238,0.10589738190174103,0.16446000337600708,4,0.1747537836151602,0.06487646706123958,0.06357893772001479,0.16962184456680068,0.11060236813500524,0.24916907719203404,4
SynDiff-2D-T2+FLAIR,SynDiff,SynDiff,2D,t2_flair,t2,tumor,5.0,post,8,0.614679117397086,0.03464826849532323,0.033955303125416766,0.6186399900350688,0.5765370158690825,0.6448994736491245,4,14.204617676046055,1.5913765388420698,1.5595490080652283,14.561946306580804,12.17302790738568,15.521550183636935,4,0.13640671223402023,0.02664021163956985,0.02610740740677845,0.13019341230392456,0.11405280232429504,0.17118722200393677,4,0.1302378821555029,0.029689060353104854,0.029095279146042756,0.13159083051079098,0.09956913813948631,0.15820072946094332,4
ResViT-2.5D-T2+FLAIR,ResViT,ResViT,2.5D,t2_flair,t2,tumor,5.0,post,8,0.6128705994417468,0.02299198238078844,0.02253214273317267,0.6178972066587072,0.5837491848913333,0.6319387995582397,4,13.992735130154596,1.8628741534245603,1.825616670356069,13.23478482297299,12.781644736712119,16.719726137960283,4,0.14145899005234241,0.02824011696008993,0.027675314620888132,0.1504945009946823,0.10131161659955978,0.16353534162044525,4,0.13267499589650467,0.016573476334836443,0.016242006808139715,0.13364227276474716,0.11207397421821952,0.1513414638383048,4
SynDiff-3D-T2,SynDiff,SynDiff,3D,t2,t2,tumor,5.0,post,14,0.6056141746627534,0.05462583525566749,0.040467385068790565,0.579547604835306,0.5572464177221256,0.7038430664741936,7,13.78701191179724,0.8352077765079444,0.6187305795180259,13.935946646957206,12.611760442047705,15.069048081727239,7,0.14906500705650874,0.014459915507590923,0.010712055315385728,0.14205268025398254,0.12926605343818665,0.16986611485481262,7,0.12880651888619266,0.026790236972373184,0.019846485286148477,0.13272356351508813,0.08028171045912637,0.158597546544942,7
SynDiff-3D-T2+FLAIR,SynDiff,SynDiff,3D,t2_flair,t2,tumor,5.0,post,8,0.6054839107413633,0.02795618884280293,0.02739706506594687,0.6057267748477404,0.5728638549634203,0.6376182383065521,4,14.260381023123536,1.0670989850359267,1.045757005335208,14.28523954569399,13.103368686041861,15.367676315064303,4,0.1347779743373394,0.017781866250946007,0.017426228925927087,0.13432864472270012,0.11768104881048203,0.15277355909347534,4,0.12703315496894355,0.02962577918933558,0.029033263605548868,0.13061490639814644,0.08870815237363179,0.15819465470584956,4
CycleGAN-3D-T2,CycleGAN,GAN,3D,t2,t2,tumor,5.0,post,14,0.6053069649745187,0.052249194622774,0.03870674504907651,0.5919466603019168,0.5321064532591354,0.671338387792849,7,13.990096575768153,1.3964834730544162,1.0345294343198512,13.631722682688054,12.120278204659664,16.4240978999496,7,0.14267278888395854,0.02349864950741304,0.017408043167895897,0.14239691197872162,0.10588886588811874,0.1782558709383011,7,0.13363151497803402,0.03776528770568784,0.027976916648815423,0.14481471727291742,0.08705905990468131,0.19730294247468314,7
ResViT-2D-T2+FLAIR,ResViT,ResViT,2D,t2_flair,t2,tumor,5.0,post,8,0.605123088916381,0.01968309089587719,0.019289429077959646,0.613486046618587,0.5759686369229977,0.6175516255053525,4,13.561798647772683,1.3601871824022596,1.3329834387542143,13.451553174301681,12.357409489130177,14.986678753357193,4,0.14919358491897583,0.023667026923990284,0.02319368638551048,0.14765101671218872,0.12673750519752502,0.17473480105400085,4,0.1311482396559303,0.022700336568361058,0.022246329836993838,0.13713540131833785,0.10059627781932552,0.14972587816772007,4
CUT-2D-T2+FLAIR,CUT,GAN,2D,t2_flair,t2,tumor,5.0,post,8,0.6028916022191051,0.043182756670497965,0.042319101537088004,0.5890967602493851,0.569432999556101,0.6639398888215493,4,13.493630996371266,1.6835977703818052,1.6499258149741691,13.020362625278674,12.044513976996356,15.88928475793136,4,0.15274836122989655,0.028316567331612412,0.02775023598498016,0.1604222059249878,0.11225850880146027,0.17789052426815033,4,0.15255153636899993,0.04990917143665702,0.04891098800792388,0.14789957742400986,0.10358923068270087,0.21081775994527907,4
SwinPix2Pix-2.5D-T2+FLAIR,SwinPix2Pix,GAN,2.5D,t2_flair,t2,tumor,5.0,post,8,0.6022847884302428,0.05782329935471304,0.056666833367618775,0.5773289846452556,0.5659889716896466,0.6884922127408134,4,13.486436525931367,1.8546621978088533,1.8175689538526763,13.095780145651304,11.765311484591388,15.988874327831475,4,0.1479376032948494,0.03012485733053106,0.029522360183920435,0.15477341413497925,0.10673098266124725,0.17547260224819183,4,0.17316482844234826,0.04602789874395817,0.045107340769079005,0.1699650106842027,0.12413240427320654,0.2285968881277811,4
pix2pix-3D-T2,pix2pix,GAN,3D,t2,t2,tumor,5.0,post,14,0.6000898723393174,0.05479845466921833,0.04059526331991142,0.5818178387325471,0.5461203805080843,0.6938841897378878,7,14.03531240516872,1.3024444808771076,0.9648643740034453,13.7535139340437,12.362533312125375,15.847496395652803,7,0.1417692420738084,0.02277333584667462,0.01687072328862301,0.14135242998600006,0.11089950054883957,0.17532005906105042,7,0.15289093783131585,0.042106747632645235,0.031193115171046355,0.15830306559801102,0.09481901716854838,0.2146272680589131,7
SwinPix2Pix-3D-T2,SwinPix2Pix,GAN,3D,t2,t2,tumor,5.0,post,14,0.5980261612708823,0.059104889527835415,0.043785514908407534,0.5912286914552619,0.510605917969967,0.6835700107285339,7,13.99161601500202,1.2689806200112668,0.9400739989509024,13.615783395443621,12.64783902067096,16.41110302815037,7,0.14201869922024862,0.01918791984777298,0.01421460994627734,0.1442776322364807,0.10598687827587128,0.16588449478149414,7,0.1538427582721132,0.04362027803676895,0.03231435418533935,0.17251519465612042,0.09446067114671071,0.20913696927683695,7
SynDiff-3D+3D-refine-T2+FLAIR,SynDiff,SynDiff,3D+3D-refine,t2_flair,t2,tumor,5.0,post,8,0.5979864703046291,0.03718579602379442,0.03644208010331853,0.5976012658118999,0.561630218495164,0.6351131310995528,4,13.93377216254806,1.6194942306410962,1.5871043460282743,14.384265563574782,11.767325329456197,15.19923219358648,4,0.1424504704773426,0.028717188343884335,0.028142844577006648,0.13569846749305725,0.1170930415391922,0.18131190538406372,4,0.13671639794836554,0.03396955351776253,0.033290162447407276,0.14722313173115253,0.08794905602311094,0.16447027230804617,4
SwinPix2Pix-3D-T2+FLAIR,SwinPix2Pix,GAN,3D,t2_flair,t2,tumor,5.0,post,8,0.5961263396692332,0.05382406515968538,0.05274758385649167,0.5745085863627414,0.5601324839097476,0.6753557020417026,4,14.374319696123393,1.6287736910025854,1.5961982171825337,14.151974932963409,12.829864348368323,16.363464570198435,4,0.13225181214511395,0.025383241445238323,0.024875576616333557,0.13249380141496658,0.1044459417462349,0.15957370400428772,4,0.16285904785370356,0.045843712469733906,0.04492683822033923,0.15752105863180524,0.12149529345333576,0.214898780697868,4
ResViT-3D-T2+FLAIR,ResViT,ResViT,3D,t2_flair,t2,tumor,5.0,post,8,0.5947716631397548,0.051041659095780775,0.05002082591386516,0.5990771357147121,0.5358720192760822,0.6450603618535129,4,14.196211927670392,1.56329392668754,1.5320280481537893,13.804640969609542,12.8106551686888,16.364910602773683,4,0.13848502933979034,0.02571687446473253,0.02520253697543788,0.14213862270116806,0.1051134467124939,0.16454942524433136,4,0.11586083299526626,0.019435890552619142,0.01904717274156676,0.11535114688532694,0.0945714718716986,0.13816956633871252,4
CUT-3D-T2,CUT,GAN,3D,t2,t2,tumor,5.0,post,14,0.5924505321423245,0.04956137495986292,0.0367155803779019,0.5813530547948327,0.5303741791472264,0.6619569227698597,7,14.022486087883857,1.2923903653318762,0.9574161809755358,13.861286260452221,12.189378442492282,16.02231934076264,7,0.14394031571490423,0.023294255933814498,0.01725662628960587,0.14076511561870575,0.11075787991285324,0.18096260726451874,7,0.12615877781878693,0.026671580076759436,0.019758583027750135,0.1265656010558208,0.09193829778167936,0.16995398487363542,7
SynDiff-2.5D-T2+FLAIR,SynDiff,SynDiff,2.5D,t2_flair,t2,tumor,5.0,post,8,0.5914821072376683,0.029421530597089473,0.028833099985147683,0.5869886748145479,0.5627093169621684,0.6292417623594089,4,13.349188545143775,1.444433687602439,1.4155450138503902,13.436418321288542,11.667664332255278,14.856253205742737,4,0.1509038545191288,0.025400500943907584,0.02489249092502943,0.14610709995031357,0.12935252487659454,0.18204869329929352,4,0.12629851404158196,0.03317155103882204,0.0325081200180456,0.1281229964542118,0.09120056716104348,0.15774749609686078,4
CycleGAN-3D-T2+FLAIR,CycleGAN,GAN,3D,t2_flair,t2,tumor,5.0,post,8,0.5898378661055564,0.051710446387619534,0.05067623745986714,0.5866808289044081,0.5299805775704605,0.656009229042949,4,14.245975079535267,1.4448539693269185,1.41595688994038,13.640042754421408,13.30493789718064,16.39887691211762,4,0.13649312406778336,0.020071532694429486,0.019670102040540895,0.14484966546297073,0.10696280002593994,0.14931036531925201,4,0.14338368394105927,0.03329772274205922,0.03263176828721804,0.13369523606025704,0.11720776828852567,0.18893649535519735,4
pix2pix-3D-T2+FLAIR,pix2pix,GAN,3D,t2_flair,t2,tumor,5.0,post,8,0.5870305334863086,0.0680136142293685,0.06665334194478112,0.5789971267105325,0.51296437187237,0.6771635086517993,4,14.153179182556705,1.6435351284164408,1.610664425848112,13.538781756229046,12.952238578636546,16.582914639132188,4,0.14049654081463814,0.025964468617294133,0.02544517924494825,0.14959609508514404,0.10312165319919586,0.1596723198890686,4,0.1626448020255295,0.04827505989261032,0.047309558694758114,0.15809876229713626,0.12026320708294709,0.21411847642489842,4
CUT-3D-T2+FLAIR,CUT,GAN,3D,t2_flair,t2,tumor,5.0,post,8,0.5784855968853537,0.044499933407323354,0.04360993473917689,0.5685580430637984,0.5357598243174432,0.641066477096375,4,14.032392621137461,1.3702700427872474,1.3428646419315025,13.498648636847612,13.093098696980359,16.039174513874254,4,0.14179346896708012,0.021485394777506123,0.021055686881956002,0.15090463310480118,0.10981159657239914,0.15555301308631897,4,0.13690169085618056,0.029898558088627476,0.029300586926854926,0.12655764001914682,0.11384483147412539,0.1806466519123032,4
CycleGAN-2D-T2,CycleGAN,GAN,2D,t2,t2,tumor,5.0,post,14,0.5157519523562784,0.06727053112507135,0.04983470685764728,0.5091491394093565,0.4110276543165999,0.6024076962315256,7,11.639489905485174,1.030091521545469,0.7631024782207241,11.0644276633464,10.851828330669719,13.374407188393505,7,0.20095072473798478,0.02731020636927977,0.020231684005950615,0.212331622838974,0.15712420642375946,0.22973868250846863,7,0.1723865897470935,0.028581268721528736,0.021173300173724725,0.17358188889920712,0.1348373351825608,0.2070466379324595,7
ResViT-2D+3D-refine-T2+FLAIR,ResViT,ResViT,2D+3D-refine,t2_flair,flair,tumor,5.0,post,8,0.5965642706285722,0.042236962773937244,0.0413922235184585,0.6042699653929544,0.5403785077045493,0.637338644023831,4,14.101967618792045,1.6437259073475992,1.610851389200647,13.973824533186539,12.324090797833236,16.13613061096187,4,0.1501909401267767,0.029597212867871526,0.029005268610514095,0.14998286217451096,0.11485268920660019,0.18594534695148468,4,0.15690815497449684,0.038889904024465405,0.0381121059439761,0.14499139209043851,0.12452007085084915,0.21312976486626126,4
ResViT-3D-T2+FLAIR,ResViT,ResViT,3D,t2_flair,flair,tumor,5.0,post,8,0.5870735796012791,0.05517906985449685,0.054075488457406916,0.6077329982055342,0.505926789816414,0.626901532177634,4,14.28305516857718,2.63798188159625,2.585222243964325,14.05172698916326,11.765974239700707,17.262792456281492,4,0.14937272109091282,0.04427264489534438,0.04338719199743749,0.1499534659087658,0.10090683400630951,0.19667711853981018,4,0.1757337529629221,0.04761291728199761,0.04666065893635766,0.1783212846491167,0.11536242781827848,0.23093001473517644,4
SwinPix2Pix-2D+3D-post-T2+FLAIR,SwinPix2Pix,GAN,2D+3D-post,t2_flair,flair,tumor,5.0,post,8,0.5841769925303514,0.033385108524560635,0.032717406354069424,0.5945145149563981,0.537425062775135,0.6102538774334745,4,14.380783596537421,2.5699311141593486,2.5185324918761616,13.472654522178964,12.529365359779213,18.04845998201255,4,0.1532209049910307,0.039278685136794875,0.03849311143405898,0.16928007453680038,0.09507390111684799,0.179249569773674,4,0.22432285763729085,0.059455915957372034,0.05826679763822459,0.22046072506669528,0.1557343282426397,0.30063565217313315,4
CycleGAN-2D+3D-post-T2+FLAIR,CycleGAN,GAN,2D+3D-post,t2_flair,flair,tumor,5.0,post,8,0.5816938338325581,0.03480221719043796,0.0341061728466292,0.5888046109349279,0.5348215459965453,0.6143445674638314,4,14.216294207520967,2.393755591933475,2.345880480094806,13.445819847930156,12.386467845046417,17.587069289177137,4,0.15730360709130764,0.0392669151355207,0.03848157683281028,0.1724812611937523,0.0997377410531044,0.18451416492462158,4,0.23610884922542114,0.0642461282171119,0.06296120565276966,0.23009830549419086,0.16408451708654562,0.3201542688267572,4
pix2pix-2D+3D-post-T2+FLAIR,pix2pix,GAN,2D+3D-post,t2_flair,flair,tumor,5.0,post,8,0.5785994835280326,0.02937634589449469,0.028788818976604794,0.5882562385199723,0.5357599090607218,0.6021255480114642,4,14.306355583383937,2.56762606468935,2.516273543395563,13.173162562327143,12.752422157928088,18.12667505095337,4,0.15466542169451714,0.03963881700321723,0.038846040663152885,0.17269086092710495,0.09558242559432983,0.1776975393295288,4,0.2357580170844311,0.060318705839748486,0.059112331722953514,0.2242717209426477,0.17560654071470103,0.3188820857377279,4
CUT-2D+3D-post-T2+FLAIR,CUT,GAN,2D+3D-post,t2_flair,flair,tumor,5.0,post,8,0.5781607916778633,0.0330455343318051,0.032384623645168996,0.5825757340614929,0.5355760751945475,0.6119156233939197,4,14.38713925212292,2.80527540407092,2.7491698959895015,13.461128782069308,12.2254508355749,18.400848608778166,4,0.15540843456983566,0.04246588853140619,0.041616570760778064,0.17149869352579117,0.09293350577354431,0.185702845454216,4,0.23085185526863078,0.0630875615251707,0.061825810294667286,0.22484103970747582,0.16057900556673607,0.3131463360928354,4
ResViT-2D-T2+FLAIR,ResViT,ResViT,2D,t2_flair,flair,tumor,5.0,post,8,0.5777185056208107,0.05413259578984083,0.05304994387404401,0.5741353731093604,0.5206927063784962,0.6419105698860261,4,13.590119296943623,1.1976825220488931,1.1737288716079153,13.595314979192612,12.119977956077857,15.049869273311415,4,0.1597459316253662,0.023219590597484616,0.022755198785534923,0.15660274773836136,0.13495363295078278,0.19082459807395935,4,0.14691074482106697,0.03592302138035843,0.03520456095275126,0.14348924269072988,0.10923317198952039,0.19143132191328777,4
SynDiff-3D+3D-refine-T2+FLAIR,SynDiff,SynDiff,3D+3D-refine,t2_flair,flair,tumor,5.0,post,8,0.5758506281014905,0.040776481007493204,0.03996095138734334,0.5730079005121151,0.5336491498762242,0.6237375615055074,4,13.319314669142608,1.1474042629194656,1.1244561776610762,13.408520996929466,11.966233530473591,14.493983152237913,4,0.16327416524291039,0.018428196173212744,0.01805963224974849,0.1579095795750618,0.1480860859155655,0.18919141590595245,4,0.1551391742331421,0.046476642261281086,0.04554710941605546,0.17625085982371447,0.08575191845496495,0.18230305883017453,4
CycleGAN-2D-T2+FLAIR,CycleGAN,GAN,2D,t2_flair,flair,tumor,5.0,post,8,0.5709883407253308,0.046487406893894294,0.04555765875601641,0.5810186207306177,0.5126578792510488,0.6092582421890389,4,13.848133810482029,3.0575615554882782,2.9964103243785125,12.909650221374644,11.357227640787537,18.216007158391292,4,0.17069193720817566,0.05321893955944724,0.05215456076825829,0.18621398508548737,0.09398156404495239,0.2163582146167755,4,0.2401227339021819,0.06358945913354683,0.06231766995087589,0.23663281456114138,0.16674595108876625,0.3204793553976786,4
pix2pix-2D-T2+FLAIR,pix2pix,GAN,2D,t2_flair,flair,tumor,5.0,post,8,0.568757199398397,0.04669412962768458,0.04576024703513089,0.5803085101925043,0.5049703163934599,0.6094414608151194,4,14.135098187868763,2.8792021247210653,2.821618082226644,13.075490449886384,12.060951662179903,18.328460189522385,4,0.1638750359416008,0.047450660905646494,0.046501647687533565,0.1826956421136856,0.09351277351379395,0.19659608602523804,4,0.24416358528757406,0.06232399548510546,0.061077515575403356,0.23597692146917237,0.17753010243177414,0.32717039578017737,4
SynDiff-2D-T2+FLAIR,SynDiff,SynDiff,2D,t2_flair,flair,tumor,5.0,post,8,0.5650796938370535,0.03750779151326808,0.03675763568300272,0.5679161937412492,0.5243480786223879,0.6001383092433277,4,12.902450070908722,1.2111004101503469,1.18687840194734,12.981382299961245,11.539617904473536,14.107417779238862,4,0.17264052480459213,0.018389899258280124,0.018022101273114523,0.1685950681567192,0.1559254229068756,0.1974465399980545,4,0.1538429514269352,0.019046596909136685,0.01866566497095395,0.16069366146665925,0.12590087143083414,0.16808361134358815,4
SwinPix2Pix-2D-T2+FLAIR,SwinPix2Pix,GAN,2D,t2_flair,flair,tumor,5.0,post,8,0.5647529517060664,0.03755782528608311,0.03680666878036145,0.5707444767304395,0.5140205298327658,0.6035023235306206,4,13.998320224320217,2.8367553210337504,2.7800202146130752,13.184534036114092,11.6082484186161,18.015964406436588,4,0.1644531562924385,0.04620459465589059,0.04528050276277278,0.17936649173498154,0.0972880870103836,0.20179155468940735,4,0.22301658514173484,0.057599985256389576,0.056447985551261785,0.21833470573818142,0.1581834421182672,0.2972134869723093,4
CycleGAN-2.5D-T2+FLAIR,CycleGAN,GAN,2.5D,t2_flair,flair,tumor,5.0,post,8,0.5640330789965348,0.04487979185991542,0.04398219602271711,0.567325237497744,0.5080754259439789,0.6134064150466719,4,13.831854262229928,2.7917990206366317,2.735963040223899,13.049374841539866,11.459704898968832,17.768962466871145,4,0.16989986039698124,0.04802377101517793,0.04706329559487437,0.18283382058143616,0.10131598263978958,0.21261581778526306,4,0.24021345363663776,0.07024566645087733,0.06884075312185979,0.24058659188449383,0.15471287071704865,0.3249677600605147,4
CUT-2.5D-T2+FLAIR,CUT,GAN,2.5D,t2_flair,flair,tumor,5.0,post,8,0.562380263516069,0.04439314625155407,0.04350528332652299,0.5736229200975851,0.5038296823227365,0.598445531546369,4,13.830118815468875,2.8936820314218457,2.835808390793409,12.710248781895078,11.819371783924975,18.080605914160365,4,0.17021307162940502,0.048769526616665004,0.0477941360843317,0.18997560441493988,0.09766527265310287,0.20323580503463745,4,0.2511506128494979,0.06103735512818878,0.059816608025625,0.24513566322664526,0.18457059903691211,0.329760525907789,4
ResViT-2.5D-T2+FLAIR,ResViT,ResViT,2.5D,t2_flair,flair,tumor,5.0,post,8,0.5620930181129995,0.03808418218454128,0.03732249854085045,0.558935049980116,0.5188504370969271,0.6116515353948386,4,13.701178981541675,2.0391000202271248,1.9983180198225823,13.39607257715127,11.74476965921096,16.267801112653203,4,0.15848152339458466,0.033728007557016576,0.03305344740587624,0.15919659286737442,0.11938625574111938,0.1961466521024704,4,0.15236825637146367,0.030813260294386486,0.030196995088498754,0.145668656528519,0.12295285891741514,0.19518285351140158,4
CycleGAN-3D-T2+FLAIR,CycleGAN,GAN,3D,t2_flair,flair,tumor,5.0,post,8,0.5573787045590333,0.039156375854155934,0.03837324833707281,0.5490613902907007,0.5198827358891488,0.6115093017655828,4,13.817199710769213,1.882586663808298,1.844934930532132,13.560485396317988,12.015467383042857,16.13236066739801,4,0.1624942533671856,0.03105082945473534,0.030429812865640633,0.17041438072919846,0.12027311325073242,0.18887513875961304,4,0.18891142175612563,0.07971772154159255,0.0781233671107607,0.19365062903772223,0.08755285820613305,0.280791570742925,4
SynDiff-3D-T2+FLAIR,SynDiff,SynDiff,3D,t2_flair,flair,tumor,5.0,post,8,0.5535676326874749,0.027900995912274875,0.027342975994029378,0.5502942361095009,0.5230532795144799,0.5906287790164181,4,13.43304607258491,1.3975331610369202,1.3695824978161817,13.335977698514858,12.133182394095083,14.927046499214846,4,0.16411059349775314,0.024686754575170732,0.024193019483667318,0.1651938408613205,0.13808810710906982,0.18796658515930176,4,0.1608329934610169,0.030619829843731194,0.03000743324685657,0.1710385557284011,0.11602274638911088,0.1852321159981546,4
CUT-2D-T2+FLAIR,CUT,GAN,2D,t2_flair,flair,tumor,5.0,post,8,0.5519527279976612,0.039416138054894384,0.0386278152937965,0.557554226444484,0.5050824953618547,0.587619963739822,4,12.86183651099931,2.6807466920848735,2.627131758243176,12.09090047400231,10.54943401443911,16.716111081553514,4,0.1906769685447216,0.054207379697347645,0.05312323210340069,0.20398051291704178,0.11390969157218933,0.24083715677261353,4,0.22551684657862134,0.06728153126967698,0.06593590064428344,0.22511194836607273,0.1441734874000152,0.3076700021823247,4
pix2pix-2.5D-T2+FLAIR,pix2pix,GAN,2.5D,t2_flair,flair,tumor,5.0,post,8,0.5514643223984358,0.04084096518911139,0.04002414588532916,0.558783110084806,0.4988625746135874,0.5894284948105438,4,13.695936902468308,2.8504330713370662,2.7934244099103247,12.715470420704497,11.50002626863499,17.852780499829247,4,0.1725791785866022,0.04920717050757876,0.04822302709742718,0.18938419967889786,0.10039187222719193,0.2111564427614212,4,0.2317619866833588,0.06683114036102593,0.0654945175538054,0.2240846395333183,0.15900031725565592,0.3198783504111426,4
SynDiff-2.5D-T2+FLAIR,SynDiff,SynDiff,2.5D,t2_flair,flair,tumor,5.0,post,8,0.5448219145368399,0.04258385924895027,0.041732182063971265,0.5259475235388928,0.5189752379053509,0.6084173731642231,4,12.839656442748286,1.1674912024673108,1.1441413784179646,12.612621396757003,11.673346816055579,14.460036161423558,4,0.1758076176047325,0.023011095072484142,0.02255087317103446,0.17922189831733704,0.1468871384859085,0.19789953529834747,4,0.1466863718427393,0.027646874625303738,0.027093937132797664,0.14960633540729515,0.11711941659450531,0.1704133999618617,4
SwinPix2Pix-2.5D-T2+FLAIR,SwinPix2Pix,GAN,2.5D,t2_flair,flair,tumor,5.0,post,8,0.5439536056186398,0.03845112727475481,0.037682104729259716,0.5358840378488829,0.506335465452081,0.5977108813247124,4,13.358363990724229,2.759496045384417,2.704306124476729,12.839363279568142,10.642262668022413,17.11246673573822,4,0.1769279893487692,0.04941310344879455,0.04842484137981866,0.18702826648950577,0.10810177773237228,0.22555364668369293,4,0.21657078297866159,0.04383293113356769,0.042956272510896336,0.20584312842830138,0.176172012463212,0.27842486259483157,4
SwinPix2Pix-3D-T2+FLAIR,SwinPix2Pix,GAN,3D,t2_flair,flair,tumor,5.0,post,8,0.5432029693605581,0.04035178556326114,0.039544749851995915,0.5452088610177803,0.4938295365281671,0.5885646188785049,4,14.108038494812725,2.2631861618966793,2.2179224386587455,13.498320160536924,12.240340353655565,17.19517330452149,4,0.15710408799350262,0.03738064441937834,0.036633031530990776,0.16909514367580414,0.10455263406038284,0.18567343056201935,4,0.20715254424634333,0.05822605630814054,0.05706153518197773,0.2033283105618096,0.14081046637147665,0.28114308949027744,4
pix2pix-3D-T2+FLAIR,pix2pix,GAN,3D,t2_flair,flair,tumor,5.0,post,8,0.5422501862276479,0.04384611621634523,0.04296919389201832,0.5355441899556891,0.5012127389540146,0.5966996260451987,4,13.35869237470151,1.0270998321765041,1.006557835532974,13.37527651494668,12.301938140609273,14.382278328303407,4,0.17138060554862022,0.014292835850823403,0.014006979133806935,0.1704549789428711,0.15847747027873993,0.18613499402999878,4,0.21057266168807887,0.06690485886663149,0.06556676168929886,0.21205534138542448,0.12824901224424443,0.2899309517372222,4
CUT-3D-T2+FLAIR,CUT,GAN,3D,t2_flair,flair,tumor,5.0,post,8,0.5218587604076881,0.03963528166072858,0.038842576027514,0.5117603546052649,0.48683708596853675,0.577077246451686,4,13.2072334839349,1.0837501881912803,1.0620751844274547,13.270907804452225,12.091797896158095,14.195320430677059,4,0.17020774632692337,0.017005816663995962,0.016665700330716043,0.17174380272626877,0.150966614484787,0.18637676537036896,4,0.1643890630075438,0.05129502116384833,0.05026912074057136,0.16380923722975232,0.1021624415492018,0.22777533602146877,4
ResViT-2D+3D-refine-T2+FLAIR,ResViT,ResViT,2D+3D-refine,t2_flair,t2,tumor,5.0,pre,12,0.6706038511966645,0.05511065711144805,0.031181789664141462,0.6703730429803028,0.5592438110121473,0.7665456607047819,12,17.02028705312753,2.3293595748041307,1.3179592500015451,16.740311441617052,13.750264087281927,19.97659843771443,12,0.10239900648593903,0.03467158531366761,0.01961729613179553,0.09323485195636749,0.05571822077035904,0.15098978579044342,12,0.1561709169624335,0.02644526132962758,0.014962815172501474,0.16065089638744082,0.10807229075184528,0.19611259743019385,12
ResViT-2.5D-T2+FLAIR,ResViT,ResViT,2.5D,t2_flair,t2,tumor,5.0,pre,12,0.6615765375167975,0.06210563158211331,0.035139569049882344,0.6658838959715435,0.5352861419542946,0.737937886535656,12,16.982054006085,2.3426744349549065,1.3254928413319724,16.885352181717124,14.113220284446049,20.302711194310078,12,0.10329197564472754,0.03568647313358429,0.020191522972701173,0.09538064152002335,0.06110570207238197,0.15132446587085724,12,0.1342151333649311,0.03528708620583418,0.019965548545458775,0.12464603032207205,0.08171807821998571,0.18281703384127468,12
ResViT-2.5D-T2,ResViT,ResViT,2.5D,t2,t2,tumor,5.0,pre,16,0.6594556084496588,0.0649949310006923,0.03184751619033922,0.6617498865835241,0.5220983542962219,0.7863297867869384,16,17.113429545486984,2.5384024900520985,1.2438172201255282,16.81101713679132,13.224436157434452,21.833860049047793,16,0.10142061859369278,0.035651837093943026,0.01746940017603208,0.09650877490639687,0.05067938193678856,0.16429147124290466,16,0.10762619018335931,0.028892162099951994,0.014157159428976477,0.10466738768542806,0.06164404184348562,0.15792324900627136,16
ResViT-2D+3D-refine-T2,ResViT,ResViT,2D+3D-refine,t2,t2,tumor,5.0,pre,16,0.6582568219663134,0.06335037188704613,0.031041682224652607,0.6637856664682958,0.53454723161519,0.7727967411959522,16,16.490308886869357,2.685483492651716,1.3158869113993408,16.30567063962938,12.778657322223454,20.85254500877124,16,0.1106831906363368,0.04036635602360598,0.019779514451566928,0.10300436615943909,0.057441968470811844,0.1741759330034256,16,0.1360305970689048,0.032296721953981665,0.015825393757451015,0.13326661938890105,0.08117931852625175,0.2005483974516392,16
SwinPix2Pix-2D+3D-post-T2+FLAIR,SwinPix2Pix,GAN,2D+3D-post,t2_flair,t2,tumor,5.0,pre,12,0.6553151099582103,0.05411746259735847,0.030619836966475533,0.6515906781414902,0.5583700771557389,0.7490159071521857,12,16.52786220456898,2.7360073795076234,1.5480419051222583,16.38494166071813,12.875569251213491,20.387322193698147,12,0.11029323035230239,0.04039811598409087,0.022857385875405214,0.09254941716790199,0.061380784958601,0.1821065992116928,12,0.1914599620862688,0.027790787701665393,0.015724118385337292,0.19086534671737077,0.13544352163474277,0.22628781176172197,12
pix2pix-2D+3D-post-T2+FLAIR,pix2pix,GAN,2D+3D-post,t2_flair,t2,tumor,5.0,pre,12,0.6543232366471888,0.0487194452330735,0.02756562112368253,0.6505187666031181,0.5597609197659131,0.7346012359256381,12,16.539174195266188,2.3100998779915636,1.307062050685084,16.36300470805699,13.574272364776796,20.281394692630123,12,0.10959608294069767,0.03260999168805696,0.018450839729783723,0.10081466287374496,0.0623989999294281,0.15466366708278656,12,0.19687314920780274,0.02389204610100294,0.013518197662946896,0.2029726901948137,0.14636659105524383,0.22896068313136875,12
CycleGAN-2D+3D-post-T2+FLAIR,CycleGAN,GAN,2D+3D-post,t2_flair,t2,tumor,5.0,pre,12,0.653063120383792,0.05331410908789502,0.03016529692883124,0.6482222931330172,0.5706996308763961,0.7439509697000994,12,16.36895496677602,2.5035060654514902,1.4164919027901532,16.596213114378422,13.10514329072719,20.4032625760859,12,0.1138717212403814,0.040211745120643655,0.02275193663258847,0.10084288567304611,0.0619254969060421,0.17813259363174438,12,0.20244433929820413,0.02883703902939046,0.01631609080132532,0.19892489204260833,0.14974799179880083,0.2421652289562016,12
SynDiff-2.5D-T2,SynDiff,SynDiff,2.5D,t2,t2,tumor,5.0,pre,16,0.6526260770981963,0.06463385540733588,0.03167058914959458,0.6633759699736592,0.5124345528065921,0.7622612125966084,16,16.22990850235549,2.5360631610675557,1.2426709489231023,16.049954382899685,12.868406079318797,20.67550807154482,16,0.11293626087717712,0.039457430858074544,0.019334141120456526,0.10719553008675575,0.0607646144926548,0.16967719793319702,16,0.11577834478740047,0.02309415126048147,0.01131613411763592,0.11464135258351094,0.07128537168668544,0.16317167114898776,16
ResViT-2D-T2+FLAIR,ResViT,ResViT,2D,t2_flair,t2,tumor,5.0,pre,12,0.6525993760440162,0.051429377650867414,0.02909890973036356,0.6534104200140476,0.5502407457246389,0.7176835315045015,12,16.497588255629875,2.1266294534794374,1.2032538856842812,16.421163860793083,13.657391190222901,19.626639743921217,12,0.10796805533270042,0.03496496448268956,0.01978329102316079,0.09962204843759537,0.06617651879787445,0.1540001481771469,12,0.13809494721750037,0.028385590617817664,0.016060659816617473,0.13484633238598082,0.10025028355340375,0.18178769515361637,12
CUT-2D+3D-post-T2+FLAIR,CUT,GAN,2D+3D-post,t2_flair,t2,tumor,5.0,pre,12,0.6500786037829036,0.05017948990749486,0.02839171916577246,0.6497196379506842,0.5639241579410109,0.7374625080561267,12,16.239673754669624,2.7032362795192073,1.5294999097903053,15.872713886858623,12.801445759535943,20.617084787376825,12,0.11664947960525751,0.04275749185822396,0.024192328445534456,0.09926120191812515,0.0597849003970623,0.18632358312606812,12,0.18762534361838526,0.02369221651692369,0.013405133432069895,0.185970049831226,0.14521785623624384,0.22530289832502604,12
ResViT-2D-T2,ResViT,ResViT,2D,t2,t2,tumor,5.0,pre,16,0.6491087456770513,0.06319640396691135,0.030966237943786563,0.652586906691171,0.5317091029078189,0.7766733006976869,16,16.658578594469077,2.1754440296660715,1.065967574536375,16.167025347804554,13.608475994210307,20.555736376730493,16,0.10627152817323804,0.032018468817581296,0.015689049720614835,0.10915591195225716,0.055527880787849426,0.15393121540546417,16,0.12002714304164845,0.03098267385522582,0.015181510189060651,0.11454210631707881,0.06291291865548401,0.1820724806189537,16
SwinPix2Pix-2D+3D-post-T2,SwinPix2Pix,GAN,2D+3D-post,t2,t2,tumor,5.0,pre,16,0.6476004855723905,0.06826733033837261,0.033450991865802575,0.6420802092015008,0.5477504557581854,0.7924675381309443,16,16.554561744538795,2.827291769785507,1.3853729671948984,15.215196026345776,13.104277224793439,21.26582727780937,16,0.11101204622536898,0.039710556190035017,0.019458172533117157,0.11041993275284767,0.055992595851421356,0.17717605829238892,16,0.19550189699653053,0.041796393565313034,0.020480232847003385,0.1868935553384723,0.12634108849691555,0.2838554069256553,16
pix2pix-2D+3D-post-T2,pix2pix,GAN,2D+3D-post,t2,t2,tumor,5.0,pre,16,0.6468448995221266,0.068861422192339,0.033742096874246105,0.6362783810802017,0.5483055723920471,0.793786731794719,16,16.38823445232705,2.6969007868895742,1.3214813855758913,14.925402544557379,13.185700143131463,21.155168157902104,16,0.11426382884383202,0.038652414507774194,0.018939683108809356,0.11759116128087044,0.05680159106850624,0.17717692255973816,16,0.20639246528567223,0.03825418960319148,0.018744552905563823,0.20937703370321276,0.13162071776905043,0.280152943271857,16
CUT-2D+3D-post-T2,CUT,GAN,2D+3D-post,t2,t2,tumor,5.0,pre,16,0.6458868198804542,0.06958181192480575,0.03409508784315482,0.6492140637493516,0.5389501068146395,0.7928383468005803,16,16.473311895614334,2.766977416833333,1.355818934248333,15.046580714846854,13.061825554573064,21.49240541709967,16,0.11393111455254257,0.03970221254150906,0.01945408414533944,0.1138916052877903,0.05565888434648514,0.18112912774085999,16,0.20590945584003556,0.03704804628370698,0.01815354267901642,0.20534439495887247,0.13302811610457652,0.2772678594606427,16
SwinPix2Pix-2D-T2+FLAIR,SwinPix2Pix,GAN,2D,t2_flair,t2,tumor,5.0,pre,12,0.6437977305733176,0.04800798902884135,0.02716307688127307,0.6401812349140323,0.5622360728333662,0.7159161703086158,12,16.422062160232862,3.0772393735353396,1.7411120810581129,16.169858764353872,12.40667753586412,21.070691728056012,12,0.11543980147689581,0.04790197489024608,0.027103093735646303,0.09923862293362617,0.05826254561543465,0.19756479561328888,12,0.18996248326878362,0.025548924824665215,0.014455665052525456,0.19236977987147713,0.13769618180441218,0.2213357312915226,12
SynDiff-2D-T2,SynDiff,SynDiff,2D,t2,t2,tumor,5.0,pre,16,0.642466335075143,0.06238021167272411,0.030566303719634813,0.6580577008485488,0.5194687544762582,0.7562655664762709,16,16.010732668590084,2.3474111343966952,1.1502314558543807,15.923526387688208,12.299042178700843,19.91444108063487,16,0.11501753004267812,0.03870761916513191,0.018966733390914634,0.10719772428274155,0.06482070684432983,0.18361443281173706,16,0.12493044964629607,0.024849938499376893,0.012176469864694678,0.12238471564792451,0.0735515266587134,0.16275482833385468,16
pix2pix-2D-T2+FLAIR,pix2pix,GAN,2D,t2_flair,t2,tumor,5.0,pre,12,0.6402276253016452,0.05131469250790897,0.029034020502167635,0.6422745775788593,0.5595518639742543,0.7223240393506611,12,16.289737737061184,2.7780327748179214,1.5718200109515554,16.180846709475922,12.90282395381939,20.77534217057544,12,0.11984330943475167,0.044647090673564344,0.025261469622537686,0.11075971648097038,0.059250447899103165,0.18891054391860962,12,0.19956465887227556,0.0232643284265192,0.013163032953975388,0.20926593564171442,0.1463585335763709,0.21857714319291213,12
pix2pix-2.5D-T2+FLAIR,pix2pix,GAN,2.5D,t2_flair,t2,tumor,5.0,pre,12,0.6391355738609906,0.06242844288288302,0.035322216737451256,0.646682188057401,0.5109896643217923,0.7369030875377987,12,16.460994380406795,2.907009464495244,1.6447954429258567,16.074031526473433,12.043661762108433,21.10854614034551,12,0.11760232380280893,0.04736817711280685,0.02680106921095889,0.10955879092216492,0.05895427241921425,0.21089304983615875,12,0.196254243178368,0.026565265788251486,0.015030714086862133,0.1961311958009458,0.14222446912251527,0.22991718132314937,12
pix2pix-2.5D-T2,pix2pix,GAN,2.5D,t2,t2,tumor,5.0,pre,16,0.6388204783307534,0.07179619020759152,0.035180133201719845,0.6359140310795094,0.5534075103147299,0.7957003098989619,16,16.253813494263063,2.982032676489326,1.4611960114797697,15.628265841721975,12.408472740671524,21.27889393238986,16,0.12139857606962323,0.04671589887997783,0.022890790451189136,0.12023036926984787,0.055382758378982544,0.20168952643871307,16,0.2058729509817589,0.03785047173427403,0.018546731149794275,0.20784579500087075,0.1285145129620043,0.2722205718835959,16
SwinPix2Pix-2.5D-T2,SwinPix2Pix,GAN,2.5D,t2,t2,tumor,5.0,pre,16,0.6382928292416475,0.07172458477467221,0.03514504653958938,0.6272187387681329,0.545456232790963,0.7998570970686087,16,16.418461711596876,3.067969528609793,1.5033050690187986,15.982281080359478,12.000721677083042,21.80814567485549,16,0.11786222457885742,0.047322290707408204,0.02318792244663002,0.11057718470692635,0.0517902709543705,0.2103240191936493,16,0.1927712729932396,0.0427840685428393,0.020964193585991258,0.19446714531656592,0.11771602000951917,0.28026059757058436,16
SwinPix2Pix-2D-T2,SwinPix2Pix,GAN,2D,t2,t2,tumor,5.0,pre,16,0.6382171444864198,0.06944903010358039,0.03403002475075439,0.6289729525636498,0.5498531674713498,0.7928904718410678,16,16.45071062060135,3.0334616501901532,1.486396208593175,15.656898940402783,12.469848048524186,21.56032316107689,16,0.11678549670614302,0.04517139294061086,0.02213398254089932,0.11497526615858078,0.054519880563020706,0.1972154974937439,16,0.19613351903792267,0.04040532469608473,0.019798609101081516,0.19220460927448213,0.12260337696817422,0.2798430524909726,16
CycleGAN-2D-T2+FLAIR,CycleGAN,GAN,2D,t2_flair,t2,tumor,5.0,pre,12,0.6378288049471571,0.049917837445964446,0.028243675349055725,0.6372213352667013,0.5688135136879559,0.7059518293565572,12,16.285035750935204,2.8175673896888163,1.5941888250788143,16.97978829869857,12.259884753307922,20.70413157447311,12,0.11918127288420995,0.046998603645472266,0.026591963336924943,0.09854159131646156,0.060749612748622894,0.20348447561264038,12,0.1960935871556541,0.02655714108070082,0.015026117100812498,0.1916486853850074,0.148366680884849,0.23467146465554833,12
CycleGAN-2.5D-T2+FLAIR,CycleGAN,GAN,2.5D,t2_flair,t2,tumor,5.0,pre,12,0.6373742758113953,0.046993314742209004,0.026588970858196635,0.6342876743720911,0.572311284227146,0.7124458427911845,12,15.900740574037941,2.874500350799764,1.6264016802935193,15.689334811920993,12.2697410575217,20.703581745094873,12,0.12350164446979761,0.0481812353166839,0.027261100196376627,0.1090962179005146,0.05842522159218788,0.20220425724983215,12,0.20551714523005926,0.024897931644294567,0.014087330986356403,0.20334366030736073,0.16093364378110958,0.24498162255622447,12
pix2pix-2D-T2,pix2pix,GAN,2D,t2,t2,tumor,5.0,pre,16,0.6372204902653804,0.07297333383099813,0.035756933577189086,0.6347910746684794,0.5378971229732937,0.7922470252983459,16,16.22620359740042,3.034920837538052,1.4871112103936455,15.493693023103088,12.405243932870658,21.36912588435715,16,0.1219925950281322,0.04687363400245897,0.022968080661204895,0.12284504622220993,0.05517159402370453,0.20195384323596954,16,0.20764967056810774,0.039585289707630845,0.019396791956739115,0.21125431480859197,0.12871710646936643,0.28089054064968455,16
SynDiff-2D-T2+FLAIR,SynDiff,SynDiff,2D,t2_flair,t2,tumor,5.0,pre,12,0.6345198623647191,0.06173979712287934,0.03493257871883512,0.6318233260415655,0.5191887334004713,0.7391734728928528,12,15.79067337564713,2.272236587883807,1.2856388775636882,15.676942132448524,13.03572722416658,18.82920912345067,12,0.11847593418012063,0.040201585329499835,0.02274618818959971,0.1103312261402607,0.06132861599326134,0.17985431849956512,12,0.13247013688164863,0.019949056090528307,0.011287241045866552,0.12856055730685084,0.10569335597547445,0.16619278264363402,12
SynDiff-2.5D-T2+FLAIR,SynDiff,SynDiff,2.5D,t2_flair,t2,tumor,5.0,pre,12,0.6343825670955662,0.06314148898340896,0.03572566054837286,0.6420149589767419,0.5149448246206413,0.7472987594322075,12,15.980660622729497,2.4098453958154837,1.363498390219861,15.907193233533786,13.044932282060985,19.0878308764722,12,0.11867428198456764,0.04140517092255047,0.02342718084641744,0.10753895342350006,0.06679058820009232,0.1789296716451645,12,0.11913418858586915,0.024742862516615567,0.013999592367800101,0.11620455003606203,0.08560398213541537,0.17401057889060634,12
CycleGAN-2D+3D-post-T2,CycleGAN,GAN,2D+3D-post,t2,t2,tumor,5.0,pre,16,0.634219190329205,0.06634330183660492,0.03250821789993641,0.6271271932353761,0.5245406119862286,0.7794692498630202,16,15.941706959921511,2.7105241064502774,1.328156812160636,15.057222678393444,12.922779371372062,20.80524255690001,16,0.12035783473402262,0.043307436175761785,0.021220643726123273,0.11627690494060516,0.060240160673856735,0.17690609395503998,16,0.21049830905351657,0.04440033565353572,0.0217561644702325,0.19099883699700945,0.1544346185401082,0.2854204944406564,16
CUT-2D-T2,CUT,GAN,2D,t2,t2,tumor,5.0,pre,16,0.6322386337295754,0.0725415073435639,0.03554533859834631,0.6265938725798788,0.5295223086876364,0.7909682946906353,16,16.269913261688092,3.022510377547764,1.4810300849984044,15.594550086342801,12.15742780751034,21.773572169505492,16,0.12260275543667376,0.04695236605441172,0.02300665936666174,0.12309496104717255,0.053758662194013596,0.21011149883270264,16,0.20237564062860905,0.037487868089541125,0.01836905536387515,0.20035654465583236,0.12601755443836526,0.2728179580746935,16
CUT-2.5D-T2+FLAIR,CUT,GAN,2.5D,t2_flair,t2,tumor,5.0,pre,12,0.6322213337391672,0.05076801149214944,0.028724706599190204,0.6415494898816463,0.5619578805707792,0.7104112449263281,12,16.09663545600131,2.752660441486327,1.55746426194217,16.709826983941845,12.503315317866887,20.27986471126723,12,0.1230657206227382,0.04673279136825075,0.026441565882913347,0.10137790814042091,0.06452213227748871,0.19917985796928406,12,0.19558995823706052,0.023783962494604793,0.01345704360568292,0.20130931406434793,0.14726517958801777,0.22488226369023323,12
SwinPix2Pix-2.5D-T2+FLAIR,SwinPix2Pix,GAN,2.5D,t2_flair,t2,tumor,5.0,pre,12,0.6306203446739159,0.06278679439946637,0.035524973195123884,0.6294871635304575,0.5214856982259367,0.734064366559131,12,16.194657655265157,3.186169959591917,1.8027453621772067,16.04502618940369,11.687935945074834,21.161150256517217,12,0.11985414816687505,0.050599307406686174,0.028629253277017708,0.11153023689985275,0.05650052800774574,0.21324065327644348,12,0.18658579628012814,0.029477633682557996,0.016678541346864077,0.19117669950050492,0.1279519235589446,0.22737036909287175,12
SynDiff-3D+3D-refine-T2,SynDiff,SynDiff,3D+3D-refine,t2,t2,tumor,5.0,pre,16,0.6301895058138103,0.05854526790612759,0.028687181274002518,0.6302326746207256,0.5230768796421079,0.7505867327892166,16,16.08605460744394,2.21094789262684,1.0833644673871516,15.805101881404124,12.637863514697713,19.602949817487247,16,0.11437903787009418,0.03675967249356487,0.018012239521846787,0.11224300041794777,0.05794352665543556,0.17118600010871887,16,0.12722672639365276,0.022028944977435877,0.01079418303894358,0.12904641558088473,0.08855324304507424,0.1679492426663637,16
ResViT-3D-T2,ResViT,ResViT,3D,t2,t2,tumor,5.0,pre,16,0.6300788839956237,0.06304589221592377,0.030892487185802647,0.622920774852114,0.4922173011194167,0.7501183559115937,16,16.119548051019812,2.4782688818524727,1.2143517521077116,16.07125443472905,12.058743186842808,21.01411002879005,16,0.11419024621136487,0.04015980378621752,0.019678303855246587,0.1082102544605732,0.05506529286503792,0.19002777338027954,16,0.11363901175609815,0.026129568912465866,0.012803488767108274,0.11202776325600489,0.07456787218424407,0.1689793864885966,16
CycleGAN-2.5D-T2,CycleGAN,GAN,2.5D,t2,t2,tumor,5.0,pre,16,0.6294331381404537,0.06847742904399819,0.03355394023155911,0.6206356510580462,0.5358223341843209,0.7825362754322452,16,16.005541741592076,2.887084126118374,1.4146712217980033,15.871398915722782,12.668427550088694,21.08072932742923,16,0.12326966342516243,0.04635737305734919,0.0227151127981011,0.11517604067921638,0.057954028248786926,0.19256192445755005,16,0.2124659467637114,0.03710313683863956,0.018180537050933386,0.20969973080945015,0.13677989559070683,0.27022628418635575,16
CUT-2D-T2+FLAIR,CUT,GAN,2D,t2_flair,t2,tumor,5.0,pre,12,0.6277619510054674,0.05475412812040837,0.030980064397369812,0.6361362014921228,0.5494606450670697,0.7232322383594839,12,15.925621560868626,2.948307175577971,1.6681618226441741,16.153705174776118,11.780821850543195,20.53193956776688,12,0.12730942107737064,0.05116430481035638,0.028948930652056133,0.11179870739579201,0.06089693307876587,0.21986699104309082,12,0.15797639132473326,0.021080174351875362,0.011927231449887096,0.16497895581008565,0.12276089794658199,0.19066892525491616,12
CUT-2.5D-T2,CUT,GAN,2.5D,t2,t2,tumor,5.0,pre,16,0.6267295611737392,0.07174642083306355,0.03515574620820114,0.6238150367177735,0.525983203819839,0.785340465367365,16,16.14925649156771,2.864940642661481,1.4038209149041259,15.433866407658318,12.366474797417071,21.24877163647593,16,0.12364001851528883,0.044749534266602456,0.0219272717906352,0.12316246330738068,0.055870525538921356,0.20237033069133759,16,0.1990136344615568,0.03498376898195886,0.01714204680115984,0.20363482785259568,0.12081475759317861,0.2519112778827548,16
SynDiff-3D-T2+FLAIR,SynDiff,SynDiff,3D,t2_flair,t2,tumor,5.0,pre,12,0.6192700133529015,0.047570511098110106,0.02691555044022231,0.6215854935723154,0.5411484474075787,0.6900660005383978,12,15.577542532505271,2.0447686482036223,1.1569367748814512,15.663572066531891,12.45277120207422,18.53522313337683,12,0.12167336046695709,0.038208394658549354,0.021618434402588593,0.11257576942443848,0.07628614455461502,0.19131843745708466,12,0.14017017417957053,0.02581657221696385,0.014607100820637141,0.13693601077026862,0.09692506137071177,0.18951875184854552,12
ResViT-3D-T2+FLAIR,ResViT,ResViT,3D,t2_flair,t2,tumor,5.0,pre,12,0.6176894588109876,0.059677447304666724,0.03376569446058106,0.6243745112857142,0.5043876732088451,0.6963285579188934,12,15.870269048532037,2.5255364832453644,1.4289567850809335,16.362297528724135,11.673979032373904,20.036494883594923,12,0.11966851943482955,0.046483084655144245,0.02630028100964346,0.10371411219239235,0.0593058280646801,0.19956836104393005,12,0.11507778253897709,0.027985816736916566,0.01583446645001931,0.10894072441468862,0.07923409350691958,0.16878048277326993,12
CycleGAN-3D-T2+FLAIR,CycleGAN,GAN,3D,t2_flair,t2,tumor,5.0,pre,12,0.6144568146215227,0.05415173743286352,0.030639229780270696,0.6192580218957855,0.5245823050263937,0.700403533362654,12,15.570696610858803,2.494110481721221,1.4111758508502061,15.380754175256435,12.089855606788465,19.73581987659537,12,0.12450261041522026,0.04223489886961385,0.023896643626936817,0.11144375056028366,0.06640128791332245,0.1871255487203598,12,0.1495505344934979,0.02245288492588692,0.012703915572923613,0.14794332766073887,0.10554047312554314,0.1783005173007647,12
SwinPix2Pix-3D-T2+FLAIR,SwinPix2Pix,GAN,3D,t2_flair,t2,tumor,5.0,pre,12,0.6126065345501032,0.05092020995661742,0.028810820987132422,0.6093302889513807,0.5346312555734443,0.7056230229427263,12,15.32569101877734,2.630754330023843,1.4884893861988187,14.728002363469331,11.588279226107076,19.76087483946957,12,0.12729483904937902,0.044802307238936016,0.025349291661821708,0.11501587182283401,0.066072016954422,0.19372454285621643,12,0.18155956459556769,0.026323770409358842,0.014894075213290649,0.18469892476403332,0.13805443508448087,0.21964881430531658,12
pix2pix-3D-T2+FLAIR,pix2pix,GAN,3D,t2_flair,t2,tumor,5.0,pre,12,0.6089216951594886,0.06316425672433715,0.03573854261049951,0.6140496968252911,0.4898312203082378,0.7171052455984709,12,15.529749214382925,2.6728396865737505,1.5123014182931884,15.208208110324295,12.10979945516953,20.10168682850486,12,0.1257178864131371,0.04399444397798943,0.024892199992069305,0.12072266638278961,0.06312683969736099,0.185148224234581,12,0.18296257231039026,0.026437818226035345,0.014958603840196143,0.19337378739857192,0.1369369625900298,0.21319807724406323,12
SynDiff-3D+3D-refine-T2+FLAIR,SynDiff,SynDiff,3D+3D-refine,t2_flair,t2,tumor,5.0,pre,12,0.6068865243173538,0.04852538048644666,0.027455818656651414,0.6214382378299901,0.5143519944805236,0.6620676056620914,12,15.520665362388188,2.054484759490259,1.162434182358931,15.512533419302828,12.743346540543028,18.313109024251546,12,0.12135700508952141,0.0384831543880469,0.02177389435430071,0.11137234792113304,0.07201333343982697,0.17019875347614288,12,0.1415110629131178,0.02276502475886158,0.012880525309184484,0.1333360128065056,0.11799417232925241,0.18551423000516715,12
SwinPix2Pix-3D-T2,SwinPix2Pix,GAN,3D,t2,t2,tumor,5.0,pre,16,0.6027676094904924,0.06869601846047853,0.03366104904563448,0.602713570958864,0.5245146943912338,0.749628862901431,16,15.35565670646628,2.7711303885774496,1.3578538904029502,14.374888425001227,11.71753259238873,19.88410004228297,16,0.1296893898397684,0.04580863311042549,0.02244623022410849,0.1350022405385971,0.06486041098833084,0.1904338300228119,16,0.17827843039878447,0.03742945062794406,0.01834043080769259,0.18030723530108367,0.11655020722950857,0.25259399750771433,16
SynDiff-3D-T2,SynDiff,SynDiff,3D,t2,t2,tumor,5.0,pre,16,0.6024785624328262,0.056752392699082034,0.027808672422550196,0.5969455158568178,0.5167549803914311,0.7064096035191132,16,15.404160817305275,2.0723540386279433,1.015453478927692,14.865986413812145,12.631429406668062,18.36590263578344,16,0.12441600393503904,0.036252492105142996,0.01776372113152007,0.12883847579360008,0.0744023472070694,0.17847692966461182,16,0.13763912493240277,0.021102127750561958,0.01034004259777536,0.12903257423560252,0.11389615404558309,0.17604170893290613,16
CycleGAN-3D-T2,CycleGAN,GAN,3D,t2,t2,tumor,5.0,pre,16,0.6002015160514108,0.06287803199326333,0.030810235676699032,0.5934988777995212,0.5063530329192715,0.7222254315276345,16,15.2917677166627,2.48578736935408,1.2180358109834992,14.2240110988174,12.322116654944752,20.232006861318403,16,0.12991249142214656,0.04168451275914386,0.02042541125198049,0.13177305087447166,0.06507469713687897,0.190824493765831,16,0.14372644475657592,0.03297029380953057,0.01615544396666998,0.13518380459049115,0.09010528806624386,0.23127925052092627,16
CUT-3D-T2,CUT,GAN,3D,t2,t2,tumor,5.0,pre,16,0.5990014260418735,0.06840888774255652,0.03352035499385269,0.5843374446096198,0.5049568772287896,0.742908531534492,16,15.475148790541844,2.6480767159288003,1.2975575908051122,14.178420950360115,12.017689227693467,20.19417985754483,16,0.126273428555578,0.04368903173579633,0.0214076255505402,0.1264268048107624,0.06109537184238434,0.19050757586956024,16,0.1392643328052134,0.03597522952288825,0.01762786246621524,0.13390681644373154,0.07928739962993003,0.22221031369498143,16
CUT-3D-T2+FLAIR,CUT,GAN,3D,t2_flair,t2,tumor,5.0,pre,12,0.5989991076119631,0.05302998250014872,0.030004537178150364,0.6058492839763896,0.5154824118174794,0.6864525632644721,12,15.456429041085011,2.571387543789094,1.4548994647855344,15.086700453119107,11.840004940343379,19.925244599442685,12,0.1268185960749785,0.04423319217643909,0.02502728450197989,0.11609912663698196,0.06370903551578522,0.19193755090236664,12,0.13645854218782602,0.028494008851298692,0.0161220032069771,0.1254830390548528,0.10156999495742869,0.20100903849710117,12
CycleGAN-2D-T2,CycleGAN,GAN,2D,t2,t2,tumor,5.0,pre,16,0.5988178167440122,0.08288399504615457,0.040613157572615737,0.5895907652626187,0.4872296294992625,0.7791826912724793,16,15.197648770629831,3.360895688640525,1.646838887433857,14.674958262484752,10.139070221168321,21.024622802812317,16,0.1391274353954941,0.0612138491624905,0.029994786089620345,0.1388782635331154,0.05899050831794739,0.2565610110759735,16,0.19076170965818529,0.04583503544347666,0.022459167367303565,0.19318959291010718,0.12665276679520807,0.2628495376557112,16
pix2pix-3D-T2,pix2pix,GAN,3D,t2,t2,tumor,5.0,pre,16,0.595759897200524,0.06676891981105569,0.03271677070741729,0.5941479790942314,0.48628956783993027,0.7341086483329616,16,14.959263617028231,2.4916867218850642,1.2209264937236814,14.124551095419468,11.387262996275444,19.18284949426633,16,0.133027080912143,0.04312745838058023,0.021132454606484313,0.13457659631967545,0.07103410363197327,0.197726771235466,16,0.17890277291511858,0.03611564249036202,0.01769666482027739,0.18540327593425554,0.11669045462011768,0.25911684047717315,16
ResViT-2D+3D-refine-T2+FLAIR,ResViT,ResViT,2D+3D-refine,t2_flair,flair,tumor,5.0,pre,12,0.638874588079428,0.07879328017359578,0.04458149508818795,0.6577215575120601,0.5309691337487574,0.7491650097631253,12,15.732095799762249,2.3143020682644546,1.3094396636566188,15.961548841701477,11.956174860825259,19.227263950258774,12,0.1261497394492229,0.03898355276142705,0.02205702138716233,0.1184871532022953,0.0762968510389328,0.20487716794013977,12,0.1548102841960368,0.03970386756535313,0.022464577854191363,0.14536572960237942,0.10513372291275795,0.22289390045972096,12
pix2pix-2D+3D-post-T2+FLAIR,pix2pix,GAN,2D+3D-post,t2_flair,flair,tumor,5.0,pre,12,0.630368692061105,0.07195840248865011,0.040714298986332026,0.6252277679009132,0.5270343041565645,0.7640595572704507,12,15.532685042419473,2.4424189150163382,1.3819285936973464,15.805573371019019,10.94571626879681,18.894645836956613,12,0.1284071939686934,0.03857814550332898,0.021827640637359865,0.12561699375510216,0.07177680730819702,0.19262516498565674,12,0.1941229280515353,0.049523911217873716,0.02802079060350327,0.18477575115232683,0.12068054654655304,0.26660171151161194,12
SwinPix2Pix-2D+3D-post-T2+FLAIR,SwinPix2Pix,GAN,2D+3D-post,t2_flair,flair,tumor,5.0,pre,12,0.6287714668222567,0.07234303923531021,0.040931927712971966,0.6163505700722316,0.5358669973891731,0.767443827023059,12,15.336759818614437,2.4564750410811085,1.3898815957012596,15.203618510704768,11.532290217524437,19.01531919538889,12,0.13109532743692398,0.040454869265632784,0.02288949706733332,0.1414586305618286,0.07331396639347076,0.19033105671405792,12,0.18944786109490477,0.05121405151842535,0.028977077501845153,0.17840328120495785,0.1228304165316389,0.2749390891126712,12
ResViT-3D-T2+FLAIR,ResViT,ResViT,3D,t2_flair,flair,tumor,5.0,pre,12,0.6283496791763303,0.08477739228500931,0.04796732525180574,0.6525696064764654,0.47708758015826697,0.7445904697496717,12,15.240016376135594,2.7172404580099996,1.537423519687315,15.368078395935504,9.655952930087391,19.32313592430915,12,0.13448101406296095,0.051702561154268224,0.02925347784820565,0.12970957159996033,0.07507854700088501,0.2626277804374695,12,0.16283710659905817,0.040294868290688374,0.02279896799349766,0.16109567426610738,0.10210347808897495,0.23355123191140592,12
ResViT-2D-T2+FLAIR,ResViT,ResViT,2D,t2_flair,flair,tumor,5.0,pre,12,0.6256738456456434,0.08166723556325332,0.046207588427688545,0.6385069689116196,0.5048884948935818,0.7454665557211524,12,15.26154318451348,2.396958327894459,1.3562068451292575,15.314397291049962,11.376876076857577,19.078144709855643,12,0.13168574559191862,0.04023832449608447,0.022766975329962805,0.12536689639091492,0.07859057933092117,0.20970577001571655,12,0.1502326866205296,0.03705569263632864,0.020966231836220525,0.13293987435494312,0.10326521990316657,0.20819382582392013,12
CycleGAN-2D+3D-post-T2+FLAIR,CycleGAN,GAN,2D+3D-post,t2_flair,flair,tumor,5.0,pre,12,0.6248118771638947,0.07187349031249617,0.04066625539992727,0.6121573005476751,0.5102191857088805,0.7614537459008712,12,15.233558384654373,2.254212857546472,1.2754409921128678,15.38240858798558,12.04925238745316,18.90655217405859,12,0.13289614208042622,0.03828590627664995,0.02166229072909278,0.13747678697109222,0.072248175740242,0.2086610496044159,12,0.21306729691405704,0.05483895774120106,0.031028061273681726,0.19779368444263912,0.14689553980814649,0.3130186600394027,12
CUT-2D+3D-post-T2+FLAIR,CUT,GAN,2D+3D-post,t2_flair,flair,tumor,5.0,pre,12,0.62154414160517,0.07048816765635807,0.03988243531966017,0.6097979822615585,0.515883247163141,0.7509976574062531,12,15.117415030748326,2.2599478173750214,1.2786858511016563,15.201560014035723,11.133811689379874,18.49685550336438,12,0.13953477206329504,0.0374106715576619,0.021167080068493164,0.1426490917801857,0.08742696046829224,0.19752390682697296,12,0.2024458102488779,0.05240123916729756,0.029648792148327024,0.19633995130485327,0.127950399242183,0.2801946840833786,12
pix2pix-2D-T2+FLAIR,pix2pix,GAN,2D,t2_flair,flair,tumor,5.0,pre,12,0.6131520326855333,0.08378634352038337,0.04740658662618965,0.6167711594033655,0.4256093948514021,0.7365035344571415,12,15.140888656339607,2.111026697274102,1.1944257952989357,15.403613071587808,11.374751579536795,18.589374990640028,12,0.1422523216654857,0.03930856242076734,0.02224091291318549,0.1358867958188057,0.08727778494358063,0.21356800198554993,12,0.2030821055944673,0.05115977762737829,0.028946369157151285,0.19446715976147155,0.12645970070932774,0.28152762759815564,12
ResViT-2.5D-T2+FLAIR,ResViT,ResViT,2.5D,t2_flair,flair,tumor,5.0,pre,12,0.611953976623819,0.0807071962926033,0.04566439507497299,0.6155385940967658,0.490086275835476,0.7301161633032383,12,15.116169691287906,2.4703360702644104,1.3977242112528796,15.182127347593564,11.037597131566825,18.791811917708074,12,0.13429698161780834,0.04273532161438534,0.024179784449211195,0.12642685323953629,0.0762961208820343,0.22029265761375427,12,0.14742507048472095,0.038573107351712155,0.021824790034731516,0.1457188091956562,0.08805885091423989,0.22426834915365493,12
SwinPix2Pix-2D-T2+FLAIR,SwinPix2Pix,GAN,2D,t2_flair,flair,tumor,5.0,pre,12,0.6118300211966179,0.0718677273580296,0.04066299470148092,0.6088268857005015,0.49137159685293186,0.7460466778789061,12,15.05786526509388,2.445760149326249,1.3838190749750339,14.729569064371336,11.041862704439385,19.203365547535828,12,0.1414033112426599,0.043730807936262224,0.024743033859203203,0.14293771982192993,0.07294420152902603,0.20113879442214966,12,0.18587108069234673,0.05512057195619298,0.03118739951565827,0.18658075956324918,0.12013584918322716,0.2616648162000401,12
pix2pix-2.5D-T2+FLAIR,pix2pix,GAN,2.5D,t2_flair,flair,tumor,5.0,pre,12,0.6104046636698555,0.0897827601064297,0.05079937870171409,0.6162583991705235,0.3930068341966448,0.739045233438018,12,15.224702071319578,2.38637975970737,1.3502214567226103,14.968116946084397,11.114058912276974,19.24742064639603,12,0.13981959410011768,0.04481725145549487,0.025357747148325734,0.13146107271313667,0.0747142806649208,0.21871411800384521,12,0.19464617261432626,0.05162870367945556,0.029211689047900186,0.1933517965151985,0.12169353378579971,0.27520477771759033,12
CycleGAN-2D-T2+FLAIR,CycleGAN,GAN,2D,t2_flair,flair,tumor,5.0,pre,12,0.6081169008884983,0.08157274347149293,0.04615412449376668,0.6033005364141392,0.44337973837693634,0.7455882081624687,12,14.892180013334153,2.145702226563762,1.2140453229452202,14.667224835486845,11.98869711330971,18.97474595514678,12,0.1459498399247726,0.03989319555998074,0.022571700251481478,0.14189697057008743,0.0803452730178833,0.2093564122915268,12,0.21097981263864832,0.05504588598120783,0.031145141947251154,0.2038108384019557,0.1408751497560359,0.3070902921432673,12
CycleGAN-2.5D-T2+FLAIR,CycleGAN,GAN,2.5D,t2_flair,flair,tumor,5.0,pre,12,0.6036012936420994,0.07408195711375655,0.04191581312408722,0.6033333434705175,0.454737058183564,0.7242656059453386,12,14.327206889275098,1.8288145654172663,1.0347492500087359,14.417095789018521,10.733334956138656,17.25320147419811,12,0.15658722693721452,0.03435021189299413,0.01943546200147803,0.15111128240823746,0.10886271297931671,0.21373209357261658,12,0.22800176314769438,0.05275602166885315,0.029849529245648373,0.21846779818302986,0.15756947845220565,0.3147273654074863,12
CUT-2D-T2+FLAIR,CUT,GAN,2D,t2_flair,flair,tumor,5.0,pre,12,0.6030974826801115,0.08377176404523509,0.04739833751156617,0.6033621977738481,0.41918828862008617,0.7387296166035981,12,14.742980458565524,2.270000750982249,1.284373833747449,14.685372561295331,10.945930295710466,18.13808231276169,12,0.1521417653808991,0.04543028411709853,0.025704603029080654,0.14294113218784332,0.09506629407405853,0.22861647605895996,12,0.1900140506423544,0.05236135230895081,0.029626224033691473,0.18020984060181666,0.1252370257960989,0.2630754241416621,12
CycleGAN-3D-T2+FLAIR,CycleGAN,GAN,3D,t2_flair,flair,tumor,5.0,pre,12,0.6029518388908468,0.06641738187418324,0.037579171437851264,0.5784143307792242,0.4966663175333339,0.7233518822276223,12,14.687447810177815,1.9504149868693714,1.1035511653465018,14.758654489830349,11.404471046256223,18.17602583285196,12,0.14605909151335558,0.03195052459771536,0.018077711097695907,0.14875873923301697,0.09304988384246826,0.2021821141242981,12,0.16837557904722064,0.04833776858704438,0.027349667231640794,0.15890074908341428,0.11560963944935088,0.26402230014981226,12
CUT-2.5D-T2+FLAIR,CUT,GAN,2.5D,t2_flair,flair,tumor,5.0,pre,12,0.6024395434455525,0.08423553161254252,0.047660738714796,0.6035740044499746,0.417321074315373,0.7352544697147734,12,14.686717158777883,1.9745349784589088,1.1171983353108312,14.42226679858965,11.683113857507534,17.86051094103091,12,0.15053623666365942,0.03776548087039139,0.021367832335664208,0.14381279051303864,0.09676247090101242,0.2044931799173355,12,0.2145061156219652,0.05199644282792419,0.029419757058332916,0.20122059990294588,0.14173708459798326,0.29812504892999475,12
SwinPix2Pix-2.5D-T2+FLAIR,SwinPix2Pix,GAN,2.5D,t2_flair,flair,tumor,5.0,pre,12,0.5981194829661197,0.0860418082627816,0.04868273593883754,0.6015048844270575,0.41264027005380566,0.7348849056243947,12,14.772420522877923,2.5159827532955585,1.4235512534938135,14.182798957962259,10.310191956908428,18.95538772924146,12,0.147301330541571,0.04687267407694128,0.026520711976040452,0.1454327553510666,0.07658261805772781,0.22538922727108002,12,0.18485365486808666,0.056742174015806994,0.03210490725358214,0.17609824151695608,0.114158733189106,0.2631635205312209,12
SynDiff-2.5D-T2+FLAIR,SynDiff,SynDiff,2.5D,t2_flair,flair,tumor,5.0,pre,12,0.5967207746991519,0.0683763055556479,0.03868753685037051,0.6032840290252572,0.48151769496576124,0.6870980182695529,12,14.626343013299847,1.8299496982879933,1.0353915118918464,14.790426807066014,11.496274023075859,17.51566073545599,12,0.14209318409363428,0.035052970963510455,0.01983308537724532,0.1365780457854271,0.09280658513307571,0.2136336714029312,12,0.130852303150987,0.0316847444210523,0.017927331806285057,0.1250675521888534,0.0945098883821629,0.18709342487688577,12
SynDiff-2D-T2+FLAIR,SynDiff,SynDiff,2D,t2_flair,flair,tumor,5.0,pre,12,0.5964845067578552,0.07163461680283217,0.04053109998852263,0.5981452012439379,0.4977216042158949,0.6943398251147969,12,14.6460657626348,2.018170611712011,1.1418875190236708,14.73836937705165,11.242458735288745,17.87833233188763,12,0.14136503574748835,0.03893437984032597,0.02202919918791247,0.13847985118627548,0.08532020449638367,0.2185487449169159,12,0.139625414726517,0.031270706969815036,0.017693068065037166,0.13584416493188145,0.10014246101491153,0.20305897011643365,12
pix2pix-3D-T2+FLAIR,pix2pix,GAN,3D,t2_flair,flair,tumor,5.0,pre,12,0.5858218187104853,0.07980134952869275,0.04515186401944445,0.5858175255923681,0.4309978006179536,0.7193255867133067,12,14.650325288830343,2.0324058945561925,1.1499418885181079,15.047148733669482,10.862828241579667,17.812683149925643,12,0.14539208635687828,0.03386465165184901,0.019160730432263774,0.14144182950258255,0.09726822376251221,0.20158794522285461,12,0.19213728215475878,0.05826275168889846,0.032965255063887575,0.18758653364794942,0.1107444304972887,0.26934542784164117,12
SynDiff-3D+3D-refine-T2+FLAIR,SynDiff,SynDiff,3D+3D-refine,t2_flair,flair,tumor,5.0,pre,12,0.5842928082420057,0.06850647315783663,0.03876118610453068,0.5928282027591509,0.4738162264317133,0.6703214785361987,12,14.747227424573383,2.0302699936623108,1.148733388821184,15.197838421132278,10.862835346023953,17.439048856623224,12,0.13802366455396017,0.04139138231170742,0.023419379205399098,0.13159707933664322,0.08580788969993591,0.2272222340106964,12,0.1484608382528027,0.030290582342085315,0.017138510351731213,0.1375258823048999,0.10639286488294601,0.20296523990109563,12
SwinPix2Pix-3D-T2+FLAIR,SwinPix2Pix,GAN,3D,t2_flair,flair,tumor,5.0,pre,12,0.5841414261243267,0.07141390429234033,0.040406220129723565,0.5759574768576838,0.477706894981987,0.7073735442335874,12,14.602742430384376,2.0478723738225884,1.15869287296662,14.92896114811413,10.793552604983827,17.95368898051309,12,0.14622136019170284,0.034418554771142584,0.01947413062499231,0.1442004293203354,0.0943036749958992,0.205692857503891,12,0.18810719582894428,0.05802914568777751,0.03283308002600871,0.18633158133804828,0.11715182177722454,0.2692202217876911,12
CUT-3D-T2+FLAIR,CUT,GAN,3D,t2_flair,flair,tumor,5.0,pre,12,0.5777440917078741,0.052933068677361986,0.029949703020909737,0.5591055847930693,0.5072919653055998,0.6818786297532945,12,14.812499258546636,1.8280282063384328,1.0343043254754085,14.788859613917179,11.979387090103465,17.984005106795387,12,0.14007439091801643,0.030598776008562065,0.017312887334108046,0.1417011171579361,0.09030725061893463,0.19053207337856293,12,0.1453075427002005,0.04605534588217241,0.02605826501583969,0.13798219068361114,0.08782641836054002,0.2247434788231933,12
SynDiff-3D-T2+FLAIR,SynDiff,SynDiff,3D,t2_flair,flair,tumor,5.0,pre,12,0.5770669306058922,0.05544940768430037,0.0313734558438774,0.5916010714672569,0.4901270967370235,0.6532255342162954,12,14.667476335186237,1.8917713158520018,1.0703703848833184,14.889402065024036,11.067317774783124,16.968857426661113,12,0.13891217981775603,0.03708056020139117,0.02098030198569581,0.13101765513420105,0.09816349297761917,0.218895822763443,12,0.15327582275232735,0.031666900907763425,0.01791723588822845,0.1431454466669093,0.11379593540914357,0.20980367586016654,12
