phase,roi,dilation_mm,comparison,metric,n,mean_A,mean_B,stat,p
all,lesion,0.0,CycleGAN-2D+3D-post-T2+FLAIR  vs  BEST(SwinPix2Pix-2D+3D-post-T2+FLAIR),ssim,20,0.7525559604389179,0.7566241829868274,82.0,0.40909767150878906
all,lesion,0.0,CycleGAN-2D+3D-post-T2+FLAIR  vs  BEST(SwinPix2Pix-2D+3D-post-T2+FLAIR),psnr,20,14.883432007296744,15.36103028228957,53.0,0.05316925048828125
all,lesion,0.0,CycleGAN-2D+3D-post-T2+FLAIR  vs  BEST(SwinPix2Pix-2D+3D-post-T2+FLAIR),lpips,20,0.10797410639089218,0.10499907631036795,76.0,0.2942523956298828
all,lesion,0.0,ResViT-2D+3D-refine-T2+FLAIR  vs  BEST(SwinPix2Pix-2D+3D-post-T2+FLAIR),ssim,20,0.7496045858763464,0.7566241829868274,73.0,0.24548721313476562
all,lesion,0.0,ResViT-2D+3D-refine-T2+FLAIR  vs  BEST(SwinPix2Pix-2D+3D-post-T2+FLAIR),psnr,20,14.715685583058933,15.36103028228957,56.0,0.069580078125
all,lesion,0.0,ResViT-2D+3D-refine-T2+FLAIR  vs  BEST(SwinPix2Pix-2D+3D-post-T2+FLAIR),lpips,20,0.10716156974249891,0.10499907631036795,97.0,0.7841262817382812
all,lesion,0.0,pix2pix-2D+3D-post-T2+FLAIR  vs  BEST(SwinPix2Pix-2D+3D-post-T2+FLAIR),ssim,20,0.7481903607001167,0.7566241829868274,55.0,0.06372261047363281
all,lesion,0.0,pix2pix-2D+3D-post-T2+FLAIR  vs  BEST(SwinPix2Pix-2D+3D-post-T2+FLAIR),psnr,20,14.471557219497262,15.36103028228957,37.0,0.009435653686523438
all,lesion,0.0,pix2pix-2D+3D-post-T2+FLAIR  vs  BEST(SwinPix2Pix-2D+3D-post-T2+FLAIR),lpips,20,0.11176272935575186,0.10499907631036795,24.0,0.0014324188232421875
all,lesion,0.0,CUT-2D+3D-post-T2+FLAIR  vs  BEST(SwinPix2Pix-2D+3D-post-T2+FLAIR),ssim,20,0.7458596333878671,0.7566241829868274,31.0,0.0042209625244140625
all,lesion,0.0,CUT-2D+3D-post-T2+FLAIR  vs  BEST(SwinPix2Pix-2D+3D-post-T2+FLAIR),psnr,20,14.516938849225891,15.36103028228957,34.0,0.006389617919921875
all,lesion,0.0,CUT-2D+3D-post-T2+FLAIR  vs  BEST(SwinPix2Pix-2D+3D-post-T2+FLAIR),lpips,20,0.10678531842508454,0.10499907631036795,98.0,0.8123550415039062
all,lesion,0.0,CUT-2D+3D-post-T2  vs  BEST(SwinPix2Pix-2D+3D-post-T2+FLAIR),ssim,20,0.7525366393029358,0.7566241829868274,80.0,0.36827659606933594
all,lesion,0.0,CUT-2D+3D-post-T2  vs  BEST(SwinPix2Pix-2D+3D-post-T2+FLAIR),psnr,20,14.767264747144646,15.36103028228957,44.0,0.021484375
all,lesion,0.0,CUT-2D+3D-post-T2  vs  BEST(SwinPix2Pix-2D+3D-post-T2+FLAIR),lpips,20,0.11081590248256756,0.10499907631036795,65.0,0.14290618896484375
all,lesion,0.0,pix2pix-2D+3D-post-T2  vs  BEST(SwinPix2Pix-2D+3D-post-T2+FLAIR),ssim,20,0.7525994613518593,0.7566241829868274,86.0,0.49800872802734375
all,lesion,0.0,pix2pix-2D+3D-post-T2  vs  BEST(SwinPix2Pix-2D+3D-post-T2+FLAIR),psnr,20,14.626298499964406,15.36103028228957,45.0,0.023950576782226562
all,lesion,0.0,pix2pix-2D+3D-post-T2  vs  BEST(SwinPix2Pix-2D+3D-post-T2+FLAIR),lpips,20,0.11019216358963191,0.10499907631036795,56.0,0.069580078125
all,lesion,0.0,SwinPix2Pix-2D+3D-post-T2  vs  BEST(SwinPix2Pix-2D+3D-post-T2+FLAIR),ssim,20,0.7533145236283033,0.7566241829868274,70.0,0.20244979858398438
all,lesion,0.0,SwinPix2Pix-2D+3D-post-T2  vs  BEST(SwinPix2Pix-2D+3D-post-T2+FLAIR),psnr,20,14.95767551787431,15.36103028228957,61.0,0.10539817810058594
all,lesion,0.0,SwinPix2Pix-2D+3D-post-T2  vs  BEST(SwinPix2Pix-2D+3D-post-T2+FLAIR),lpips,20,0.10759814363623892,0.10499907631036795,72.0,0.2305126190185547
all,lesion,0.0,SwinPix2Pix-2D-T2+FLAIR  vs  BEST(SwinPix2Pix-2D+3D-post-T2+FLAIR),ssim,20,0.7412381845725884,0.7566241829868274,15.0,0.0002613067626953125
all,lesion,0.0,SwinPix2Pix-2D-T2+FLAIR  vs  BEST(SwinPix2Pix-2D+3D-post-T2+FLAIR),psnr,20,14.391987218941093,15.36103028228957,33.0,0.005580902099609375
all,lesion,0.0,SwinPix2Pix-2D-T2+FLAIR  vs  BEST(SwinPix2Pix-2D+3D-post-T2+FLAIR),lpips,20,0.11120849842571252,0.10499907631036795,51.0,0.04405403137207031
all,lesion,0.0,CycleGAN-2D-T2+FLAIR  vs  BEST(SwinPix2Pix-2D+3D-post-T2+FLAIR),ssim,20,0.7390928871921045,0.7566241829868274,22.0,0.0010166168212890625
all,lesion,0.0,CycleGAN-2D-T2+FLAIR  vs  BEST(SwinPix2Pix-2D+3D-post-T2+FLAIR),psnr,20,14.234845627526223,15.36103028228957,22.0,0.0010166168212890625
all,lesion,0.0,CycleGAN-2D-T2+FLAIR  vs  BEST(SwinPix2Pix-2D+3D-post-T2+FLAIR),lpips,20,0.11017302249560516,0.10499907631036795,59.0,0.08969497680664062
all,lesion,0.0,CUT-2.5D-T2+FLAIR  vs  BEST(SwinPix2Pix-2D+3D-post-T2+FLAIR),ssim,20,0.7390564013234967,0.7566241829868274,21.0,0.000850677490234375
all,lesion,0.0,CUT-2.5D-T2+FLAIR  vs  BEST(SwinPix2Pix-2D+3D-post-T2+FLAIR),psnr,20,13.958075004121586,15.36103028228957,10.0,8.20159912109375e-05
all,lesion,0.0,CUT-2.5D-T2+FLAIR  vs  BEST(SwinPix2Pix-2D+3D-post-T2+FLAIR),lpips,20,0.11097658391999128,0.10499907631036795,64.0,0.13272666931152344
all,lesion,0.0,pix2pix-2.5D-T2+FLAIR  vs  BEST(SwinPix2Pix-2D+3D-post-T2+FLAIR),ssim,20,0.739042669757566,0.7566241829868274,39.0,0.012079238891601562
all,lesion,0.0,pix2pix-2.5D-T2+FLAIR  vs  BEST(SwinPix2Pix-2D+3D-post-T2+FLAIR),psnr,20,14.25906269145167,15.36103028228957,28.0,0.002712249755859375
all,lesion,0.0,pix2pix-2.5D-T2+FLAIR  vs  BEST(SwinPix2Pix-2D+3D-post-T2+FLAIR),lpips,20,0.11162791457643192,0.10499907631036795,59.0,0.08969497680664062
all,lesion,0.0,pix2pix-2D-T2+FLAIR  vs  BEST(SwinPix2Pix-2D+3D-post-T2+FLAIR),ssim,20,0.7374816981498478,0.7566241829868274,19.0,0.0005855560302734375
all,lesion,0.0,pix2pix-2D-T2+FLAIR  vs  BEST(SwinPix2Pix-2D+3D-post-T2+FLAIR),psnr,20,13.865045480945108,15.36103028228957,6.0,2.6702880859375e-05
all,lesion,0.0,pix2pix-2D-T2+FLAIR  vs  BEST(SwinPix2Pix-2D+3D-post-T2+FLAIR),lpips,20,0.11687500843028198,0.10499907631036795,22.0,0.0010166168212890625
all,lesion,0.0,ResViT-2D+3D-refine-T2  vs  BEST(SwinPix2Pix-2D+3D-post-T2+FLAIR),ssim,20,0.7363271728093379,0.7566241829868274,35.0,0.0072956085205078125
all,lesion,0.0,ResViT-2D+3D-refine-T2  vs  BEST(SwinPix2Pix-2D+3D-post-T2+FLAIR),psnr,20,14.37127600376993,15.36103028228957,25.0,0.001689910888671875
all,lesion,0.0,ResViT-2D+3D-refine-T2  vs  BEST(SwinPix2Pix-2D+3D-post-T2+FLAIR),lpips,20,0.10029690021371049,0.10499907631036795,83.0,0.4304332733154297
all,lesion,0.0,CycleGAN-2D+3D-post-T2  vs  BEST(SwinPix2Pix-2D+3D-post-T2+FLAIR),ssim,20,0.7452404699992454,0.7566241829868274,56.0,0.069580078125
all,lesion,0.0,CycleGAN-2D+3D-post-T2  vs  BEST(SwinPix2Pix-2D+3D-post-T2+FLAIR),psnr,20,14.597875092034169,15.36103028228957,49.0,0.03623390197753906
all,lesion,0.0,CycleGAN-2D+3D-post-T2  vs  BEST(SwinPix2Pix-2D+3D-post-T2+FLAIR),lpips,20,0.10747217041983119,0.10499907631036795,85.0,0.47490501403808594
all,lesion,0.0,ResViT-2.5D-T2+FLAIR  vs  BEST(SwinPix2Pix-2D+3D-post-T2+FLAIR),ssim,20,0.7354581030415676,0.7566241829868274,46.0,0.026641845703125
all,lesion,0.0,ResViT-2.5D-T2+FLAIR  vs  BEST(SwinPix2Pix-2D+3D-post-T2+FLAIR),psnr,20,14.42254567468419,15.36103028228957,36.0,0.00830841064453125
all,lesion,0.0,ResViT-2.5D-T2+FLAIR  vs  BEST(SwinPix2Pix-2D+3D-post-T2+FLAIR),lpips,20,0.10299712093772004,0.10499907631036795,99.0,0.8408222198486328
all,lesion,0.0,CycleGAN-2.5D-T2+FLAIR  vs  BEST(SwinPix2Pix-2D+3D-post-T2+FLAIR),ssim,20,0.7353473984737647,0.7566241829868274,29.0,0.0031528472900390625
all,lesion,0.0,CycleGAN-2.5D-T2+FLAIR  vs  BEST(SwinPix2Pix-2D+3D-post-T2+FLAIR),psnr,20,13.893969825392386,15.36103028228957,21.0,0.000850677490234375
all,lesion,0.0,CycleGAN-2.5D-T2+FLAIR  vs  BEST(SwinPix2Pix-2D+3D-post-T2+FLAIR),lpips,20,0.11300405582524023,0.10499907631036795,38.0,0.01068878173828125
all,lesion,0.0,SwinPix2Pix-2D-T2  vs  BEST(SwinPix2Pix-2D+3D-post-T2+FLAIR),ssim,20,0.7444789752391128,0.7566241829868274,44.0,0.021484375
all,lesion,0.0,SwinPix2Pix-2D-T2  vs  BEST(SwinPix2Pix-2D+3D-post-T2+FLAIR),psnr,20,14.42803833462419,15.36103028228957,40.0,0.013616561889648438
all,lesion,0.0,SwinPix2Pix-2D-T2  vs  BEST(SwinPix2Pix-2D+3D-post-T2+FLAIR),lpips,20,0.11174030699885754,0.10499907631036795,46.0,0.026641845703125
all,lesion,0.0,pix2pix-2.5D-T2  vs  BEST(SwinPix2Pix-2D+3D-post-T2+FLAIR),ssim,20,0.7429738654475321,0.7566241829868274,53.0,0.05316925048828125
all,lesion,0.0,pix2pix-2.5D-T2  vs  BEST(SwinPix2Pix-2D+3D-post-T2+FLAIR),psnr,20,14.1991777104185,15.36103028228957,38.0,0.01068878173828125
all,lesion,0.0,pix2pix-2.5D-T2  vs  BEST(SwinPix2Pix-2D+3D-post-T2+FLAIR),lpips,20,0.11567787722363043,0.10499907631036795,27.0,0.0023250579833984375
all,lesion,0.0,ResViT-2D-T2  vs  BEST(SwinPix2Pix-2D+3D-post-T2+FLAIR),ssim,20,0.7373849066965266,0.7566241829868274,64.0,0.13272666931152344
all,lesion,0.0,ResViT-2D-T2  vs  BEST(SwinPix2Pix-2D+3D-post-T2+FLAIR),psnr,20,14.856209382729352,15.36103028228957,64.0,0.13272666931152344
all,lesion,0.0,ResViT-2D-T2  vs  BEST(SwinPix2Pix-2D+3D-post-T2+FLAIR),lpips,20,0.09468515180063056,0.10499907631036795,57.0,0.0758514404296875
all,lesion,0.0,pix2pix-2D-T2  vs  BEST(SwinPix2Pix-2D+3D-post-T2+FLAIR),ssim,20,0.7424487581109134,0.7566241829868274,43.0,0.01923370361328125
all,lesion,0.0,pix2pix-2D-T2  vs  BEST(SwinPix2Pix-2D+3D-post-T2+FLAIR),psnr,20,14.169602400173266,15.36103028228957,24.0,0.0014324188232421875
all,lesion,0.0,pix2pix-2D-T2  vs  BEST(SwinPix2Pix-2D+3D-post-T2+FLAIR),lpips,20,0.11586765395137248,0.10499907631036795,19.0,0.0005855560302734375
all,lesion,0.0,SwinPix2Pix-2.5D-T2  vs  BEST(SwinPix2Pix-2D+3D-post-T2+FLAIR),ssim,20,0.742044480108393,0.7566241829868274,30.0,0.00365447998046875
all,lesion,0.0,SwinPix2Pix-2.5D-T2  vs  BEST(SwinPix2Pix-2D+3D-post-T2+FLAIR),psnr,20,14.34733410271517,15.36103028228957,35.0,0.0072956085205078125
all,lesion,0.0,SwinPix2Pix-2.5D-T2  vs  BEST(SwinPix2Pix-2D+3D-post-T2+FLAIR),lpips,20,0.11072912460062909,0.10499907631036795,65.0,0.14290618896484375
all,lesion,0.0,CycleGAN-2.5D-T2  vs  BEST(SwinPix2Pix-2D+3D-post-T2+FLAIR),ssim,20,0.7417594288698552,0.7566241829868274,39.0,0.012079238891601562
all,lesion,0.0,CycleGAN-2.5D-T2  vs  BEST(SwinPix2Pix-2D+3D-post-T2+FLAIR),psnr,20,14.135247298536319,15.36103028228957,22.0,0.0010166168212890625
all,lesion,0.0,CycleGAN-2.5D-T2  vs  BEST(SwinPix2Pix-2D+3D-post-T2+FLAIR),lpips,20,0.113020867182521,0.10499907631036795,34.0,0.006389617919921875
all,lesion,0.0,SwinPix2Pix-3D-T2+FLAIR  vs  BEST(SwinPix2Pix-2D+3D-post-T2+FLAIR),ssim,20,0.7318190328952359,0.7566241829868274,3.0,9.5367431640625e-06
all,lesion,0.0,SwinPix2Pix-3D-T2+FLAIR  vs  BEST(SwinPix2Pix-2D+3D-post-T2+FLAIR),psnr,20,14.15228454074747,15.36103028228957,32.0,0.00485992431640625
all,lesion,0.0,SwinPix2Pix-3D-T2+FLAIR  vs  BEST(SwinPix2Pix-2D+3D-post-T2+FLAIR),lpips,20,0.10347219952293718,0.10499907631036795,81.0,0.38837623596191406
all,lesion,0.0,ResViT-2.5D-T2  vs  BEST(SwinPix2Pix-2D+3D-post-T2+FLAIR),ssim,20,0.7321109322478432,0.7566241829868274,47.0,0.029575347900390625
all,lesion,0.0,ResViT-2.5D-T2  vs  BEST(SwinPix2Pix-2D+3D-post-T2+FLAIR),psnr,20,14.725227081877652,15.36103028228957,65.0,0.14290618896484375
all,lesion,0.0,ResViT-2.5D-T2  vs  BEST(SwinPix2Pix-2D+3D-post-T2+FLAIR),lpips,20,0.09288835977997358,0.10499907631036795,53.0,0.05316925048828125
all,lesion,0.0,SwinPix2Pix-2.5D-T2+FLAIR  vs  BEST(SwinPix2Pix-2D+3D-post-T2+FLAIR),ssim,20,0.7308772849028282,0.7566241829868274,25.0,0.001689910888671875
all,lesion,0.0,SwinPix2Pix-2.5D-T2+FLAIR  vs  BEST(SwinPix2Pix-2D+3D-post-T2+FLAIR),psnr,20,14.16886744201139,15.36103028228957,27.0,0.0023250579833984375
all,lesion,0.0,SwinPix2Pix-2.5D-T2+FLAIR  vs  BEST(SwinPix2Pix-2D+3D-post-T2+FLAIR),lpips,20,0.11228154826224226,0.10499907631036795,66.0,0.15364646911621094
all,lesion,0.0,CUT-2D-T2  vs  BEST(SwinPix2Pix-2D+3D-post-T2+FLAIR),ssim,20,0.7379087017256631,0.7566241829868274,24.0,0.0014324188232421875
all,lesion,0.0,CUT-2D-T2  vs  BEST(SwinPix2Pix-2D+3D-post-T2+FLAIR),psnr,20,13.989480423031562,15.36103028228957,20.0,0.0007076263427734375
all,lesion,0.0,CUT-2D-T2  vs  BEST(SwinPix2Pix-2D+3D-post-T2+FLAIR),lpips,20,0.11467647925706348,0.10499907631036795,51.0,0.04405403137207031
all,lesion,0.0,CUT-2.5D-T2  vs  BEST(SwinPix2Pix-2D+3D-post-T2+FLAIR),ssim,20,0.7373307759136661,0.7566241829868274,13.0,0.0001678466796875
all,lesion,0.0,CUT-2.5D-T2  vs  BEST(SwinPix2Pix-2D+3D-post-T2+FLAIR),psnr,20,13.974125030882993,15.36103028228957,19.0,0.0005855560302734375
all,lesion,0.0,CUT-2.5D-T2  vs  BEST(SwinPix2Pix-2D+3D-post-T2+FLAIR),lpips,20,0.11231016636801942,0.10499907631036795,58.0,0.082550048828125
all,lesion,0.0,pix2pix-3D-T2+FLAIR  vs  BEST(SwinPix2Pix-2D+3D-post-T2+FLAIR),ssim,20,0.7289231996408776,0.7566241829868274,12.0,0.000133514404296875
all,lesion,0.0,pix2pix-3D-T2+FLAIR  vs  BEST(SwinPix2Pix-2D+3D-post-T2+FLAIR),psnr,20,14.441125439832586,15.36103028228957,39.0,0.012079238891601562
all,lesion,0.0,pix2pix-3D-T2+FLAIR  vs  BEST(SwinPix2Pix-2D+3D-post-T2+FLAIR),lpips,20,0.10364813078446741,0.10499907631036795,88.0,0.5458755493164062
all,lesion,0.0,ResViT-2D-T2+FLAIR  vs  BEST(SwinPix2Pix-2D+3D-post-T2+FLAIR),ssim,20,0.7271062759803913,0.7566241829868274,24.0,0.0014324188232421875
all,lesion,0.0,ResViT-2D-T2+FLAIR  vs  BEST(SwinPix2Pix-2D+3D-post-T2+FLAIR),psnr,20,13.960254402318899,15.36103028228957,18.0,0.0004825592041015625
all,lesion,0.0,ResViT-2D-T2+FLAIR  vs  BEST(SwinPix2Pix-2D+3D-post-T2+FLAIR),lpips,20,0.10970309659451434,0.10499907631036795,81.0,0.38837623596191406
all,lesion,0.0,SynDiff-2D-T2+FLAIR  vs  BEST(SwinPix2Pix-2D+3D-post-T2+FLAIR),ssim,20,0.7230773036370108,0.7566241829868274,35.0,0.0072956085205078125
all,lesion,0.0,SynDiff-2D-T2+FLAIR  vs  BEST(SwinPix2Pix-2D+3D-post-T2+FLAIR),psnr,20,14.124975186264843,15.36103028228957,24.0,0.0014324188232421875
all,lesion,0.0,SynDiff-2D-T2+FLAIR  vs  BEST(SwinPix2Pix-2D+3D-post-T2+FLAIR),lpips,20,0.10937852476345888,0.10499907631036795,98.0,0.8123550415039062
all,lesion,0.0,SynDiff-2D-T2  vs  BEST(SwinPix2Pix-2D+3D-post-T2+FLAIR),ssim,20,0.7249449958360475,0.7566241829868274,37.0,0.009435653686523438
all,lesion,0.0,SynDiff-2D-T2  vs  BEST(SwinPix2Pix-2D+3D-post-T2+FLAIR),psnr,20,14.198622139976973,15.36103028228957,30.0,0.00365447998046875
all,lesion,0.0,SynDiff-2D-T2  vs  BEST(SwinPix2Pix-2D+3D-post-T2+FLAIR),lpips,20,0.10406815762465779,0.10499907631036795,84.0,0.4523754119873047
all,lesion,0.0,CUT-2D-T2+FLAIR  vs  BEST(SwinPix2Pix-2D+3D-post-T2+FLAIR),ssim,20,0.7205268050334818,0.7566241829868274,2.0,5.7220458984375e-06
all,lesion,0.0,CUT-2D-T2+FLAIR  vs  BEST(SwinPix2Pix-2D+3D-post-T2+FLAIR),psnr,20,13.663603211489388,15.36103028228957,12.0,0.000133514404296875
all,lesion,0.0,CUT-2D-T2+FLAIR  vs  BEST(SwinPix2Pix-2D+3D-post-T2+FLAIR),lpips,20,0.10319317992554296,0.10499907631036795,84.0,0.4523754119873047
all,lesion,0.0,SynDiff-3D+3D-refine-T2  vs  BEST(SwinPix2Pix-2D+3D-post-T2+FLAIR),ssim,20,0.7223594379446683,0.7566241829868274,21.0,0.000850677490234375
all,lesion,0.0,SynDiff-3D+3D-refine-T2  vs  BEST(SwinPix2Pix-2D+3D-post-T2+FLAIR),psnr,20,14.265390825880633,15.36103028228957,19.0,0.0005855560302734375
all,lesion,0.0,SynDiff-3D+3D-refine-T2  vs  BEST(SwinPix2Pix-2D+3D-post-T2+FLAIR),lpips,20,0.09831427514872387,0.10499907631036795,67.0,0.16495704650878906
all,lesion,0.0,CycleGAN-3D-T2+FLAIR  vs  BEST(SwinPix2Pix-2D+3D-post-T2+FLAIR),ssim,20,0.719648025232309,0.7566241829868274,3.0,9.5367431640625e-06
all,lesion,0.0,CycleGAN-3D-T2+FLAIR  vs  BEST(SwinPix2Pix-2D+3D-post-T2+FLAIR),psnr,20,14.256667398422632,15.36103028228957,12.0,0.000133514404296875
all,lesion,0.0,CycleGAN-3D-T2+FLAIR  vs  BEST(SwinPix2Pix-2D+3D-post-T2+FLAIR),lpips,20,0.09841164873378487,0.10499907631036795,72.0,0.2305126190185547
all,lesion,0.0,SynDiff-3D-T2+FLAIR  vs  BEST(SwinPix2Pix-2D+3D-post-T2+FLAIR),ssim,20,0.7188646453381955,0.7566241829868274,37.0,0.009435653686523438
all,lesion,0.0,SynDiff-3D-T2+FLAIR  vs  BEST(SwinPix2Pix-2D+3D-post-T2+FLAIR),psnr,20,14.110712135953003,15.36103028228957,37.0,0.009435653686523438
all,lesion,0.0,SynDiff-3D-T2+FLAIR  vs  BEST(SwinPix2Pix-2D+3D-post-T2+FLAIR),lpips,20,0.10866388664377902,0.10499907631036795,100.0,0.8694877624511719
all,lesion,0.0,ResViT-3D-T2  vs  BEST(SwinPix2Pix-2D+3D-post-T2+FLAIR),ssim,20,0.7203000186922888,0.7566241829868274,40.0,0.013616561889648438
all,lesion,0.0,ResViT-3D-T2  vs  BEST(SwinPix2Pix-2D+3D-post-T2+FLAIR),psnr,20,14.3099626730583,15.36103028228957,50.0,0.039989471435546875
all,lesion,0.0,ResViT-3D-T2  vs  BEST(SwinPix2Pix-2D+3D-post-T2+FLAIR),lpips,20,0.09766817560999264,0.10499907631036795,85.0,0.47490501403808594
all,lesion,0.0,SynDiff-2.5D-T2  vs  BEST(SwinPix2Pix-2D+3D-post-T2+FLAIR),ssim,20,0.7173799420339165,0.7566241829868274,26.0,0.0019855499267578125
all,lesion,0.0,SynDiff-2.5D-T2  vs  BEST(SwinPix2Pix-2D+3D-post-T2+FLAIR),psnr,20,14.013245082157724,15.36103028228957,20.0,0.0007076263427734375
all,lesion,0.0,SynDiff-2.5D-T2  vs  BEST(SwinPix2Pix-2D+3D-post-T2+FLAIR),lpips,20,0.10686916305170358,0.10499907631036795,98.0,0.8123550415039062
all,lesion,0.0,SwinPix2Pix-3D-T2  vs  BEST(SwinPix2Pix-2D+3D-post-T2+FLAIR),ssim,20,0.7222871946907513,0.7566241829868274,9.0,6.29425048828125e-05
all,lesion,0.0,SwinPix2Pix-3D-T2  vs  BEST(SwinPix2Pix-2D+3D-post-T2+FLAIR),psnr,20,14.224096438239153,15.36103028228957,31.0,0.0042209625244140625
all,lesion,0.0,SwinPix2Pix-3D-T2  vs  BEST(SwinPix2Pix-2D+3D-post-T2+FLAIR),lpips,20,0.10219938011165756,0.10499907631036795,66.0,0.15364646911621094
all,lesion,0.0,ResViT-3D-T2+FLAIR  vs  BEST(SwinPix2Pix-2D+3D-post-T2+FLAIR),ssim,20,0.7135658268376431,0.7566241829868274,28.0,0.002712249755859375
all,lesion,0.0,ResViT-3D-T2+FLAIR  vs  BEST(SwinPix2Pix-2D+3D-post-T2+FLAIR),psnr,20,14.184113275775639,15.36103028228957,40.0,0.013616561889648438
all,lesion,0.0,ResViT-3D-T2+FLAIR  vs  BEST(SwinPix2Pix-2D+3D-post-T2+FLAIR),lpips,20,0.09848215074558966,0.10499907631036795,89.0,0.5705966949462891
all,lesion,0.0,pix2pix-3D-T2  vs  BEST(SwinPix2Pix-2D+3D-post-T2+FLAIR),ssim,20,0.7205380490867574,0.7566241829868274,8.0,4.76837158203125e-05
all,lesion,0.0,pix2pix-3D-T2  vs  BEST(SwinPix2Pix-2D+3D-post-T2+FLAIR),psnr,20,14.05763650492123,15.36103028228957,19.0,0.0005855560302734375
all,lesion,0.0,pix2pix-3D-T2  vs  BEST(SwinPix2Pix-2D+3D-post-T2+FLAIR),lpips,20,0.10094078959434274,0.10499907631036795,73.0,0.24548721313476562
all,lesion,0.0,CUT-3D-T2+FLAIR  vs  BEST(SwinPix2Pix-2D+3D-post-T2+FLAIR),ssim,20,0.713194060227291,0.7566241829868274,4.0,1.33514404296875e-05
all,lesion,0.0,CUT-3D-T2+FLAIR  vs  BEST(SwinPix2Pix-2D+3D-post-T2+FLAIR),psnr,20,14.3432876346407,15.36103028228957,24.0,0.0014324188232421875
all,lesion,0.0,CUT-3D-T2+FLAIR  vs  BEST(SwinPix2Pix-2D+3D-post-T2+FLAIR),lpips,20,0.095366826587714,0.10499907631036795,62.0,0.11398696899414062
all,lesion,0.0,SynDiff-3D-T2  vs  BEST(SwinPix2Pix-2D+3D-post-T2+FLAIR),ssim,20,0.7120496697702907,0.7566241829868274,28.0,0.002712249755859375
all,lesion,0.0,SynDiff-3D-T2  vs  BEST(SwinPix2Pix-2D+3D-post-T2+FLAIR),psnr,20,13.877711266346532,15.36103028228957,30.0,0.00365447998046875
all,lesion,0.0,SynDiff-3D-T2  vs  BEST(SwinPix2Pix-2D+3D-post-T2+FLAIR),lpips,20,0.10579290828271326,0.10499907631036795,103.0,0.956329345703125
all,lesion,0.0,SynDiff-2.5D-T2+FLAIR  vs  BEST(SwinPix2Pix-2D+3D-post-T2+FLAIR),ssim,20,0.7104951808768819,0.7566241829868274,16.0,0.0003223419189453125
all,lesion,0.0,SynDiff-2.5D-T2+FLAIR  vs  BEST(SwinPix2Pix-2D+3D-post-T2+FLAIR),psnr,20,13.562686169656143,15.36103028228957,7.0,3.62396240234375e-05
all,lesion,0.0,SynDiff-2.5D-T2+FLAIR  vs  BEST(SwinPix2Pix-2D+3D-post-T2+FLAIR),lpips,20,0.10888444804407019,0.10499907631036795,104.0,0.9854354858398438
all,lesion,0.0,CycleGAN-3D-T2  vs  BEST(SwinPix2Pix-2D+3D-post-T2+FLAIR),ssim,20,0.7151722931478466,0.7566241829868274,2.0,5.7220458984375e-06
all,lesion,0.0,CycleGAN-3D-T2  vs  BEST(SwinPix2Pix-2D+3D-post-T2+FLAIR),psnr,20,13.90649290617274,15.36103028228957,12.0,0.000133514404296875
all,lesion,0.0,CycleGAN-3D-T2  vs  BEST(SwinPix2Pix-2D+3D-post-T2+FLAIR),lpips,20,0.0980109081672671,0.10499907631036795,66.0,0.15364646911621094
all,lesion,0.0,CUT-3D-T2  vs  BEST(SwinPix2Pix-2D+3D-post-T2+FLAIR),ssim,20,0.7198032756495361,0.7566241829868274,11.0,0.0001049041748046875
all,lesion,0.0,CUT-3D-T2  vs  BEST(SwinPix2Pix-2D+3D-post-T2+FLAIR),psnr,20,14.583974193325087,15.36103028228957,33.0,0.005580902099609375
all,lesion,0.0,CUT-3D-T2  vs  BEST(SwinPix2Pix-2D+3D-post-T2+FLAIR),lpips,20,0.09381085471148784,0.10499907631036795,54.0,0.058258056640625
all,lesion,0.0,SynDiff-3D+3D-refine-T2+FLAIR  vs  BEST(SwinPix2Pix-2D+3D-post-T2+FLAIR),ssim,20,0.7047465970667377,0.7566241829868274,18.0,0.0004825592041015625
all,lesion,0.0,SynDiff-3D+3D-refine-T2+FLAIR  vs  BEST(SwinPix2Pix-2D+3D-post-T2+FLAIR),psnr,20,13.81138460118824,15.36103028228957,16.0,0.0003223419189453125
all,lesion,0.0,SynDiff-3D+3D-refine-T2+FLAIR  vs  BEST(SwinPix2Pix-2D+3D-post-T2+FLAIR),lpips,20,0.10784246334857758,0.10499907631036795,103.0,0.956329345703125
all,lesion,0.0,CycleGAN-2D-T2  vs  BEST(SwinPix2Pix-2D+3D-post-T2+FLAIR),ssim,20,0.6701097441625931,0.7566241829868274,15.0,0.0002613067626953125
all,lesion,0.0,CycleGAN-2D-T2  vs  BEST(SwinPix2Pix-2D+3D-post-T2+FLAIR),psnr,20,12.990325226437609,15.36103028228957,7.0,3.62396240234375e-05
all,lesion,0.0,CycleGAN-2D-T2  vs  BEST(SwinPix2Pix-2D+3D-post-T2+FLAIR),lpips,20,0.12982426599730584,0.10499907631036795,57.0,0.0758514404296875
all,lesion,5.0,ResViT-2.5D-T2+FLAIR  vs  BEST(ResViT-2D+3D-refine-T2+FLAIR),ssim,20,0.6567089665290415,0.667356082721337,44.0,0.021484375
all,lesion,5.0,ResViT-2.5D-T2+FLAIR  vs  BEST(ResViT-2D+3D-refine-T2+FLAIR),psnr,20,15.521250198310232,15.644272983206955,80.0,0.36827659606933594
all,lesion,5.0,ResViT-2.5D-T2+FLAIR  vs  BEST(ResViT-2D+3D-refine-T2+FLAIR),lpips,20,0.13892870600965423,0.15443222072268697,13.0,0.0001678466796875
all,lesion,5.0,SwinPix2Pix-2D+3D-post-T2+FLAIR  vs  BEST(ResViT-2D+3D-refine-T2+FLAIR),ssim,20,0.6546459217398232,0.667356082721337,87.0,0.5216732025146484
all,lesion,5.0,SwinPix2Pix-2D+3D-post-T2+FLAIR  vs  BEST(ResViT-2D+3D-refine-T2+FLAIR),psnr,20,15.320349084380524,15.644272983206955,86.0,0.49800872802734375
all,lesion,5.0,SwinPix2Pix-2D+3D-post-T2+FLAIR  vs  BEST(ResViT-2D+3D-refine-T2+FLAIR),lpips,20,0.19081594366018084,0.15443222072268697,1.0,3.814697265625e-06
all,lesion,5.0,pix2pix-2D+3D-post-T2+FLAIR  vs  BEST(ResViT-2D+3D-refine-T2+FLAIR),ssim,20,0.6531489497258784,0.667356082721337,78.0,0.3299827575683594
all,lesion,5.0,pix2pix-2D+3D-post-T2+FLAIR  vs  BEST(ResViT-2D+3D-refine-T2+FLAIR),psnr,20,15.10458212922948,15.644272983206955,52.0,0.04844093322753906
all,lesion,5.0,pix2pix-2D+3D-post-T2+FLAIR  vs  BEST(ResViT-2D+3D-refine-T2+FLAIR),lpips,20,0.20159777620601896,0.15443222072268697,1.0,3.814697265625e-06
all,lesion,5.0,ResViT-2D+3D-refine-T2  vs  BEST(ResViT-2D+3D-refine-T2+FLAIR),ssim,20,0.6533929308284113,0.667356082721337,26.0,0.0019855499267578125
all,lesion,5.0,ResViT-2D+3D-refine-T2  vs  BEST(ResViT-2D+3D-refine-T2+FLAIR),psnr,20,15.341925207215786,15.644272983206955,49.0,0.03623390197753906
all,lesion,5.0,ResViT-2D+3D-refine-T2  vs  BEST(ResViT-2D+3D-refine-T2+FLAIR),lpips,20,0.13651910989156474,0.15443222072268697,11.0,0.0001049041748046875
all,lesion,5.0,CycleGAN-2D+3D-post-T2+FLAIR  vs  BEST(ResViT-2D+3D-refine-T2+FLAIR),ssim,20,0.6503924638749278,0.667356082721337,75.0,0.2773551940917969
all,lesion,5.0,CycleGAN-2D+3D-post-T2+FLAIR  vs  BEST(ResViT-2D+3D-refine-T2+FLAIR),psnr,20,15.095615816496078,15.644272983206955,53.0,0.05316925048828125
all,lesion,5.0,CycleGAN-2D+3D-post-T2+FLAIR  vs  BEST(ResViT-2D+3D-refine-T2+FLAIR),lpips,20,0.20336101433527234,0.15443222072268697,1.0,3.814697265625e-06
all,lesion,5.0,ResViT-2.5D-T2  vs  BEST(ResViT-2D+3D-refine-T2+FLAIR),ssim,20,0.6494224575819204,0.667356082721337,30.0,0.00365447998046875
all,lesion,5.0,ResViT-2.5D-T2  vs  BEST(ResViT-2D+3D-refine-T2+FLAIR),psnr,20,15.594537247605231,15.644272983206955,95.0,0.7285060882568359
all,lesion,5.0,ResViT-2.5D-T2  vs  BEST(ResViT-2D+3D-refine-T2+FLAIR),lpips,20,0.11702660694825444,0.15443222072268697,8.0,4.76837158203125e-05
all,lesion,5.0,CUT-2D+3D-post-T2+FLAIR  vs  BEST(ResViT-2D+3D-refine-T2+FLAIR),ssim,20,0.6471276473367649,0.667356082721337,64.0,0.13272666931152344
all,lesion,5.0,CUT-2D+3D-post-T2+FLAIR  vs  BEST(ResViT-2D+3D-refine-T2+FLAIR),psnr,20,15.01135933283689,15.644272983206955,61.0,0.10539817810058594
all,lesion,5.0,CUT-2D+3D-post-T2+FLAIR  vs  BEST(ResViT-2D+3D-refine-T2+FLAIR),lpips,20,0.19252150987956418,0.15443222072268697,1.0,3.814697265625e-06
all,lesion,5.0,ResViT-2D-T2  vs  BEST(ResViT-2D+3D-refine-T2+FLAIR),ssim,20,0.6467704893466636,0.667356082721337,29.0,0.0031528472900390625
all,lesion,5.0,ResViT-2D-T2  vs  BEST(ResViT-2D+3D-refine-T2+FLAIR),psnr,20,15.417804093120733,15.644272983206955,72.0,0.2305126190185547
all,lesion,5.0,ResViT-2D-T2  vs  BEST(ResViT-2D+3D-refine-T2+FLAIR),lpips,20,0.12447827052419773,0.15443222072268697,2.0,5.7220458984375e-06
all,lesion,5.0,SwinPix2Pix-2D+3D-post-T2  vs  BEST(ResViT-2D+3D-refine-T2+FLAIR),ssim,20,0.6530345554242752,0.667356082721337,79.0,0.34881019592285156
all,lesion,5.0,SwinPix2Pix-2D+3D-post-T2  vs  BEST(ResViT-2D+3D-refine-T2+FLAIR),psnr,20,15.222633984277707,15.644272983206955,75.0,0.2773551940917969
all,lesion,5.0,SwinPix2Pix-2D+3D-post-T2  vs  BEST(ResViT-2D+3D-refine-T2+FLAIR),lpips,20,0.19333532121734637,0.15443222072268697,1.0,3.814697265625e-06
all,lesion,5.0,ResViT-2D-T2+FLAIR  vs  BEST(ResViT-2D+3D-refine-T2+FLAIR),ssim,20,0.6423314368002695,0.667356082721337,4.0,1.33514404296875e-05
all,lesion,5.0,ResViT-2D-T2+FLAIR  vs  BEST(ResViT-2D+3D-refine-T2+FLAIR),psnr,20,15.065070195960132,15.644272983206955,3.0,9.5367431640625e-06
all,lesion,5.0,ResViT-2D-T2+FLAIR  vs  BEST(ResViT-2D+3D-refine-T2+FLAIR),lpips,20,0.14456254982927205,0.15443222072268697,49.0,0.03623390197753906
all,lesion,5.0,pix2pix-2D+3D-post-T2  vs  BEST(ResViT-2D+3D-refine-T2+FLAIR),ssim,20,0.6526515715142033,0.667356082721337,82.0,0.40909767150878906
all,lesion,5.0,pix2pix-2D+3D-post-T2  vs  BEST(ResViT-2D+3D-refine-T2+FLAIR),psnr,20,15.180740883037856,15.644272983206955,69.0,0.1893482208251953
all,lesion,5.0,pix2pix-2D+3D-post-T2  vs  BEST(ResViT-2D+3D-refine-T2+FLAIR),lpips,20,0.2023756769578932,0.15443222072268697,1.0,3.814697265625e-06
all,lesion,5.0,CUT-2D+3D-post-T2  vs  BEST(ResViT-2D+3D-refine-T2+FLAIR),ssim,20,0.6495000398377279,0.667356082721337,75.0,0.2773551940917969
all,lesion,5.0,CUT-2D+3D-post-T2  vs  BEST(ResViT-2D+3D-refine-T2+FLAIR),psnr,20,15.158837977112302,15.644272983206955,67.0,0.16495704650878906
all,lesion,5.0,CUT-2D+3D-post-T2  vs  BEST(ResViT-2D+3D-refine-T2+FLAIR),lpips,20,0.20642836044869556,0.15443222072268697,1.0,3.814697265625e-06
all,lesion,5.0,SynDiff-2.5D-T2  vs  BEST(ResViT-2D+3D-refine-T2+FLAIR),ssim,20,0.6401810315622488,0.667356082721337,13.0,0.0001678466796875
all,lesion,5.0,SynDiff-2.5D-T2  vs  BEST(ResViT-2D+3D-refine-T2+FLAIR),psnr,20,14.868171745520005,15.644272983206955,5.0,1.9073486328125e-05
all,lesion,5.0,SynDiff-2.5D-T2  vs  BEST(ResViT-2D+3D-refine-T2+FLAIR),lpips,20,0.12794332795918129,0.15443222072268697,27.0,0.0023250579833984375
all,lesion,5.0,SwinPix2Pix-2D-T2+FLAIR  vs  BEST(ResViT-2D+3D-refine-T2+FLAIR),ssim,20,0.637238901590983,0.667356082721337,55.0,0.06372261047363281
all,lesion,5.0,SwinPix2Pix-2D-T2+FLAIR  vs  BEST(ResViT-2D+3D-refine-T2+FLAIR),psnr,20,14.944969432488358,15.644272983206955,51.0,0.04405403137207031
all,lesion,5.0,SwinPix2Pix-2D-T2+FLAIR  vs  BEST(ResViT-2D+3D-refine-T2+FLAIR),lpips,20,0.19517075985543178,0.15443222072268697,1.0,3.814697265625e-06
all,lesion,5.0,SynDiff-2D-T2+FLAIR  vs  BEST(ResViT-2D+3D-refine-T2+FLAIR),ssim,20,0.6368063841215298,0.667356082721337,11.0,0.0001049041748046875
all,lesion,5.0,SynDiff-2D-T2+FLAIR  vs  BEST(ResViT-2D+3D-refine-T2+FLAIR),psnr,20,14.714730711959794,15.644272983206955,13.0,0.0001678466796875
all,lesion,5.0,SynDiff-2D-T2+FLAIR  vs  BEST(ResViT-2D+3D-refine-T2+FLAIR),lpips,20,0.13985318627861015,0.15443222072268697,38.0,0.01068878173828125
all,lesion,5.0,SynDiff-2D-T2  vs  BEST(ResViT-2D+3D-refine-T2+FLAIR),ssim,20,0.6376192468992928,0.667356082721337,9.0,6.29425048828125e-05
all,lesion,5.0,SynDiff-2D-T2  vs  BEST(ResViT-2D+3D-refine-T2+FLAIR),psnr,20,14.786423473303575,15.644272983206955,8.0,4.76837158203125e-05
all,lesion,5.0,SynDiff-2D-T2  vs  BEST(ResViT-2D+3D-refine-T2+FLAIR),lpips,20,0.13255338631220498,0.15443222072268697,24.0,0.0014324188232421875
all,lesion,5.0,CycleGAN-2D-T2+FLAIR  vs  BEST(ResViT-2D+3D-refine-T2+FLAIR),ssim,20,0.6328573618063003,0.667356082721337,45.0,0.023950576782226562
all,lesion,5.0,CycleGAN-2D-T2+FLAIR  vs  BEST(ResViT-2D+3D-refine-T2+FLAIR),psnr,20,14.838854766328188,15.644272983206955,41.0,0.01531219482421875
all,lesion,5.0,CycleGAN-2D-T2+FLAIR  vs  BEST(ResViT-2D+3D-refine-T2+FLAIR),lpips,20,0.20035377076215033,0.15443222072268697,1.0,3.814697265625e-06
all,lesion,5.0,SynDiff-2.5D-T2+FLAIR  vs  BEST(ResViT-2D+3D-refine-T2+FLAIR),ssim,20,0.6325856928885656,0.667356082721337,1.0,3.814697265625e-06
all,lesion,5.0,SynDiff-2.5D-T2+FLAIR  vs  BEST(ResViT-2D+3D-refine-T2+FLAIR),psnr,20,14.65367755301799,15.644272983206955,0.0,1.9073486328125e-06
all,lesion,5.0,SynDiff-2.5D-T2+FLAIR  vs  BEST(ResViT-2D+3D-refine-T2+FLAIR),lpips,20,0.12747677426929374,0.15443222072268697,22.0,0.0010166168212890625
all,lesion,5.0,CycleGAN-2.5D-T2+FLAIR  vs  BEST(ResViT-2D+3D-refine-T2+FLAIR),ssim,20,0.6313968582485046,0.667356082721337,42.0,0.017181396484375
all,lesion,5.0,CycleGAN-2.5D-T2+FLAIR  vs  BEST(ResViT-2D+3D-refine-T2+FLAIR),psnr,20,14.573651957264094,15.644272983206955,27.0,0.0023250579833984375
all,lesion,5.0,CycleGAN-2.5D-T2+FLAIR  vs  BEST(ResViT-2D+3D-refine-T2+FLAIR),lpips,20,0.20647131980134797,0.15443222072268697,1.0,3.814697265625e-06
all,lesion,5.0,pix2pix-2D-T2+FLAIR  vs  BEST(ResViT-2D+3D-refine-T2+FLAIR),ssim,20,0.6292476664127686,0.667356082721337,47.0,0.029575347900390625
all,lesion,5.0,pix2pix-2D-T2+FLAIR  vs  BEST(ResViT-2D+3D-refine-T2+FLAIR),psnr,20,14.82672285173491,15.644272983206955,39.0,0.012079238891601562
all,lesion,5.0,pix2pix-2D-T2+FLAIR  vs  BEST(ResViT-2D+3D-refine-T2+FLAIR),lpips,20,0.21156940734268148,0.15443222072268697,1.0,3.814697265625e-06
all,lesion,5.0,CycleGAN-2D+3D-post-T2  vs  BEST(ResViT-2D+3D-refine-T2+FLAIR),ssim,20,0.6382648009806627,0.667356082721337,48.0,0.03276824951171875
all,lesion,5.0,CycleGAN-2D+3D-post-T2  vs  BEST(ResViT-2D+3D-refine-T2+FLAIR),psnr,20,14.925390133138887,15.644272983206955,43.0,0.01923370361328125
all,lesion,5.0,CycleGAN-2D+3D-post-T2  vs  BEST(ResViT-2D+3D-refine-T2+FLAIR),lpips,20,0.20100233045558175,0.15443222072268697,2.0,5.7220458984375e-06
all,lesion,5.0,pix2pix-2.5D-T2+FLAIR  vs  BEST(ResViT-2D+3D-refine-T2+FLAIR),ssim,20,0.6277473201400345,0.667356082721337,54.0,0.058258056640625
all,lesion,5.0,pix2pix-2.5D-T2+FLAIR  vs  BEST(ResViT-2D+3D-refine-T2+FLAIR),psnr,20,14.998185157826999,15.644272983206955,61.0,0.10539817810058594
all,lesion,5.0,pix2pix-2.5D-T2+FLAIR  vs  BEST(ResViT-2D+3D-refine-T2+FLAIR),lpips,20,0.203914799204501,0.15443222072268697,1.0,3.814697265625e-06
all,lesion,5.0,SynDiff-3D+3D-refine-T2  vs  BEST(ResViT-2D+3D-refine-T2+FLAIR),ssim,20,0.6289270084551811,0.667356082721337,5.0,1.9073486328125e-05
all,lesion,5.0,SynDiff-3D+3D-refine-T2  vs  BEST(ResViT-2D+3D-refine-T2+FLAIR),psnr,20,14.992912022002631,15.644272983206955,15.0,0.0002613067626953125
all,lesion,5.0,SynDiff-3D+3D-refine-T2  vs  BEST(ResViT-2D+3D-refine-T2+FLAIR),lpips,20,0.13762978470094586,0.15443222072268697,38.0,0.01068878173828125
all,lesion,5.0,SwinPix2Pix-2.5D-T2  vs  BEST(ResViT-2D+3D-refine-T2+FLAIR),ssim,20,0.6372000438170559,0.667356082721337,56.0,0.069580078125
all,lesion,5.0,SwinPix2Pix-2.5D-T2  vs  BEST(ResViT-2D+3D-refine-T2+FLAIR),psnr,20,15.04200631252418,15.644272983206955,53.0,0.05316925048828125
all,lesion,5.0,SwinPix2Pix-2.5D-T2  vs  BEST(ResViT-2D+3D-refine-T2+FLAIR),lpips,20,0.19251586535156365,0.15443222072268697,3.0,9.5367431640625e-06
all,lesion,5.0,SwinPix2Pix-2D-T2  vs  BEST(ResViT-2D+3D-refine-T2+FLAIR),ssim,20,0.6353687112564806,0.667356082721337,58.0,0.082550048828125
all,lesion,5.0,SwinPix2Pix-2D-T2  vs  BEST(ResViT-2D+3D-refine-T2+FLAIR),psnr,20,15.036231090441044,15.644272983206955,55.0,0.06372261047363281
all,lesion,5.0,SwinPix2Pix-2D-T2  vs  BEST(ResViT-2D+3D-refine-T2+FLAIR),lpips,20,0.19768940484269643,0.15443222072268697,1.0,3.814697265625e-06
all,lesion,5.0,pix2pix-2.5D-T2  vs  BEST(ResViT-2D+3D-refine-T2+FLAIR),ssim,20,0.6331102670569403,0.667356082721337,55.0,0.06372261047363281
all,lesion,5.0,pix2pix-2.5D-T2  vs  BEST(ResViT-2D+3D-refine-T2+FLAIR),psnr,20,14.925500043846387,15.644272983206955,52.0,0.04844093322753906
all,lesion,5.0,pix2pix-2.5D-T2  vs  BEST(ResViT-2D+3D-refine-T2+FLAIR),lpips,20,0.21043314148199213,0.15443222072268697,1.0,3.814697265625e-06
all,lesion,5.0,SwinPix2Pix-2.5D-T2+FLAIR  vs  BEST(ResViT-2D+3D-refine-T2+FLAIR),ssim,20,0.6252190547031495,0.667356082721337,39.0,0.012079238891601562
all,lesion,5.0,SwinPix2Pix-2.5D-T2+FLAIR  vs  BEST(ResViT-2D+3D-refine-T2+FLAIR),psnr,20,14.720866548685915,15.644272983206955,43.0,0.01923370361328125
all,lesion,5.0,SwinPix2Pix-2.5D-T2+FLAIR  vs  BEST(ResViT-2D+3D-refine-T2+FLAIR),lpips,20,0.1922834844344978,0.15443222072268697,3.0,9.5367431640625e-06
all,lesion,5.0,ResViT-3D-T2  vs  BEST(ResViT-2D+3D-refine-T2+FLAIR),ssim,20,0.6279798012716747,0.667356082721337,11.0,0.0001049041748046875
all,lesion,5.0,ResViT-3D-T2  vs  BEST(ResViT-2D+3D-refine-T2+FLAIR),psnr,20,14.83236023572967,15.644272983206955,43.0,0.01923370361328125
all,lesion,5.0,ResViT-3D-T2  vs  BEST(ResViT-2D+3D-refine-T2+FLAIR),lpips,20,0.12062218731451935,0.15443222072268697,10.0,8.20159912109375e-05
all,lesion,5.0,CUT-2.5D-T2+FLAIR  vs  BEST(ResViT-2D+3D-refine-T2+FLAIR),ssim,20,0.6248658540117299,0.667356082721337,35.0,0.0072956085205078125
all,lesion,5.0,CUT-2.5D-T2+FLAIR  vs  BEST(ResViT-2D+3D-refine-T2+FLAIR),psnr,20,14.78958371623069,15.644272983206955,28.0,0.002712249755859375
all,lesion,5.0,CUT-2.5D-T2+FLAIR  vs  BEST(ResViT-2D+3D-refine-T2+FLAIR),lpips,20,0.20578503932514297,0.15443222072268697,1.0,3.814697265625e-06
all,lesion,5.0,CycleGAN-2.5D-T2  vs  BEST(ResViT-2D+3D-refine-T2+FLAIR),ssim,20,0.6312297788017331,0.667356082721337,44.0,0.021484375
all,lesion,5.0,CycleGAN-2.5D-T2  vs  BEST(ResViT-2D+3D-refine-T2+FLAIR),psnr,20,14.794602375000858,15.644272983206955,28.0,0.002712249755859375
all,lesion,5.0,CycleGAN-2.5D-T2  vs  BEST(ResViT-2D+3D-refine-T2+FLAIR),lpips,20,0.210429642544098,0.15443222072268697,1.0,3.814697265625e-06
all,lesion,5.0,pix2pix-2D-T2  vs  BEST(ResViT-2D+3D-refine-T2+FLAIR),ssim,20,0.6307376523215058,0.667356082721337,55.0,0.06372261047363281
all,lesion,5.0,pix2pix-2D-T2  vs  BEST(ResViT-2D+3D-refine-T2+FLAIR),psnr,20,14.927037816607514,15.644272983206955,47.0,0.029575347900390625
all,lesion,5.0,pix2pix-2D-T2  vs  BEST(ResViT-2D+3D-refine-T2+FLAIR),lpips,20,0.2107503412448155,0.15443222072268697,1.0,3.814697265625e-06
all,lesion,5.0,CUT-2D-T2  vs  BEST(ResViT-2D+3D-refine-T2+FLAIR),ssim,20,0.6283706230461854,0.667356082721337,50.0,0.039989471435546875
all,lesion,5.0,CUT-2D-T2  vs  BEST(ResViT-2D+3D-refine-T2+FLAIR),psnr,20,14.841200527825247,15.644272983206955,45.0,0.023950576782226562
all,lesion,5.0,CUT-2D-T2  vs  BEST(ResViT-2D+3D-refine-T2+FLAIR),lpips,20,0.2062423058325658,0.15443222072268697,0.0,1.9073486328125e-06
all,lesion,5.0,ResViT-3D-T2+FLAIR  vs  BEST(ResViT-2D+3D-refine-T2+FLAIR),ssim,20,0.6206277340084922,0.667356082721337,5.0,1.9073486328125e-05
all,lesion,5.0,ResViT-3D-T2+FLAIR  vs  BEST(ResViT-2D+3D-refine-T2+FLAIR),psnr,20,14.688206770708366,15.644272983206955,20.0,0.0007076263427734375
all,lesion,5.0,ResViT-3D-T2+FLAIR  vs  BEST(ResViT-2D+3D-refine-T2+FLAIR),lpips,20,0.12422389050715632,0.15443222072268697,12.0,0.000133514404296875
all,lesion,5.0,SynDiff-3D-T2+FLAIR  vs  BEST(ResViT-2D+3D-refine-T2+FLAIR),ssim,20,0.6177320865948813,0.667356082721337,2.0,5.7220458984375e-06
all,lesion,5.0,SynDiff-3D-T2+FLAIR  vs  BEST(ResViT-2D+3D-refine-T2+FLAIR),psnr,20,14.40420014923723,15.644272983206955,10.0,8.20159912109375e-05
all,lesion,5.0,SynDiff-3D-T2+FLAIR  vs  BEST(ResViT-2D+3D-refine-T2+FLAIR),lpips,20,0.14654834049178062,0.15443222072268697,68.0,0.17685317993164062
all,lesion,5.0,CUT-2.5D-T2  vs  BEST(ResViT-2D+3D-refine-T2+FLAIR),ssim,20,0.623856809640907,0.667356082721337,41.0,0.01531219482421875
all,lesion,5.0,CUT-2.5D-T2  vs  BEST(ResViT-2D+3D-refine-T2+FLAIR),psnr,20,14.80180968835387,15.644272983206955,43.0,0.01923370361328125
all,lesion,5.0,CUT-2.5D-T2  vs  BEST(ResViT-2D+3D-refine-T2+FLAIR),lpips,20,0.20751794253694444,0.15443222072268697,1.0,3.814697265625e-06
all,lesion,5.0,CUT-2D-T2+FLAIR  vs  BEST(ResViT-2D+3D-refine-T2+FLAIR),ssim,20,0.6142893973014578,0.667356082721337,34.0,0.006389617919921875
all,lesion,5.0,CUT-2D-T2+FLAIR  vs  BEST(ResViT-2D+3D-refine-T2+FLAIR),psnr,20,14.54189105770468,15.644272983206955,21.0,0.000850677490234375
all,lesion,5.0,CUT-2D-T2+FLAIR  vs  BEST(ResViT-2D+3D-refine-T2+FLAIR),lpips,20,0.16825221824453518,0.15443222072268697,48.0,0.03276824951171875
all,lesion,5.0,SwinPix2Pix-3D-T2+FLAIR  vs  BEST(ResViT-2D+3D-refine-T2+FLAIR),ssim,20,0.6140627974593553,0.667356082721337,14.0,0.000209808349609375
all,lesion,5.0,SwinPix2Pix-3D-T2+FLAIR  vs  BEST(ResViT-2D+3D-refine-T2+FLAIR),psnr,20,14.458955142704216,15.644272983206955,17.0,0.0003948211669921875
all,lesion,5.0,SwinPix2Pix-3D-T2+FLAIR  vs  BEST(ResViT-2D+3D-refine-T2+FLAIR),lpips,20,0.18371817356879278,0.15443222072268697,6.0,2.6702880859375e-05
all,lesion,5.0,SynDiff-3D+3D-refine-T2+FLAIR  vs  BEST(ResViT-2D+3D-refine-T2+FLAIR),ssim,20,0.6114609797034836,0.667356082721337,1.0,3.814697265625e-06
all,lesion,5.0,SynDiff-3D+3D-refine-T2+FLAIR  vs  BEST(ResViT-2D+3D-refine-T2+FLAIR),psnr,20,14.432425680458556,15.644272983206955,5.0,1.9073486328125e-05
all,lesion,5.0,SynDiff-3D+3D-refine-T2+FLAIR  vs  BEST(ResViT-2D+3D-refine-T2+FLAIR),lpips,20,0.15271128132919431,0.15443222072268697,94.0,0.7011814117431641
all,lesion,5.0,SynDiff-3D-T2  vs  BEST(ResViT-2D+3D-refine-T2+FLAIR),ssim,20,0.6069373350300121,0.667356082721337,0.0,1.9073486328125e-06
all,lesion,5.0,SynDiff-3D-T2  vs  BEST(ResViT-2D+3D-refine-T2+FLAIR),psnr,20,14.41401459335446,15.644272983206955,9.0,6.29425048828125e-05
all,lesion,5.0,SynDiff-3D-T2  vs  BEST(ResViT-2D+3D-refine-T2+FLAIR),lpips,20,0.1442054838419865,0.15443222072268697,63.0,0.1230926513671875
all,lesion,5.0,pix2pix-3D-T2+FLAIR  vs  BEST(ResViT-2D+3D-refine-T2+FLAIR),ssim,20,0.6055990861231784,0.667356082721337,18.0,0.0004825592041015625
all,lesion,5.0,pix2pix-3D-T2+FLAIR  vs  BEST(ResViT-2D+3D-refine-T2+FLAIR),psnr,20,14.535159016560073,15.644272983206955,18.0,0.0004825592041015625
all,lesion,5.0,pix2pix-3D-T2+FLAIR  vs  BEST(ResViT-2D+3D-refine-T2+FLAIR),lpips,20,0.1856841424011604,0.15443222072268697,6.0,2.6702880859375e-05
all,lesion,5.0,CycleGAN-3D-T2+FLAIR  vs  BEST(ResViT-2D+3D-refine-T2+FLAIR),ssim,20,0.6055345662894346,0.667356082721337,15.0,0.0002613067626953125
all,lesion,5.0,CycleGAN-3D-T2+FLAIR  vs  BEST(ResViT-2D+3D-refine-T2+FLAIR),psnr,20,14.466913273178651,15.644272983206955,15.0,0.0002613067626953125
all,lesion,5.0,CycleGAN-3D-T2+FLAIR  vs  BEST(ResViT-2D+3D-refine-T2+FLAIR),lpips,20,0.15668285186926995,0.15443222072268697,100.0,0.8694877624511719
all,lesion,5.0,SwinPix2Pix-3D-T2  vs  BEST(ResViT-2D+3D-refine-T2+FLAIR),ssim,20,0.6004697068781261,0.667356082721337,9.0,6.29425048828125e-05
all,lesion,5.0,SwinPix2Pix-3D-T2  vs  BEST(ResViT-2D+3D-refine-T2+FLAIR),psnr,20,14.472198821086536,15.644272983206955,17.0,0.0003948211669921875
all,lesion,5.0,SwinPix2Pix-3D-T2  vs  BEST(ResViT-2D+3D-refine-T2+FLAIR),lpips,20,0.17501557897665537,0.15443222072268697,23.0,0.001209259033203125
all,lesion,5.0,CycleGAN-3D-T2  vs  BEST(ResViT-2D+3D-refine-T2+FLAIR),ssim,20,0.6049403059618355,0.667356082721337,11.0,0.0001049041748046875
all,lesion,5.0,CycleGAN-3D-T2  vs  BEST(ResViT-2D+3D-refine-T2+FLAIR),psnr,20,14.345616007892446,15.644272983206955,14.0,0.000209808349609375
all,lesion,5.0,CycleGAN-3D-T2  vs  BEST(ResViT-2D+3D-refine-T2+FLAIR),lpips,20,0.15063872530888642,0.15443222072268697,92.0,0.6476554870605469
all,lesion,5.0,CUT-3D-T2+FLAIR  vs  BEST(ResViT-2D+3D-refine-T2+FLAIR),ssim,20,0.5921218094137393,0.667356082721337,2.0,5.7220458984375e-06
all,lesion,5.0,CUT-3D-T2+FLAIR  vs  BEST(ResViT-2D+3D-refine-T2+FLAIR),psnr,20,14.47399101872584,15.644272983206955,16.0,0.0003223419189453125
all,lesion,5.0,CUT-3D-T2+FLAIR  vs  BEST(ResViT-2D+3D-refine-T2+FLAIR),lpips,20,0.14648919427007107,0.15443222072268697,68.0,0.17685317993164062
all,lesion,5.0,CUT-3D-T2  vs  BEST(ResViT-2D+3D-refine-T2+FLAIR),ssim,20,0.5973918753034037,0.667356082721337,2.0,5.7220458984375e-06
all,lesion,5.0,CUT-3D-T2  vs  BEST(ResViT-2D+3D-refine-T2+FLAIR),psnr,20,14.52567183363214,15.644272983206955,24.0,0.0014324188232421875
all,lesion,5.0,CUT-3D-T2  vs  BEST(ResViT-2D+3D-refine-T2+FLAIR),lpips,20,0.14447256954276935,0.15443222072268697,53.0,0.05316925048828125
all,lesion,5.0,pix2pix-3D-T2  vs  BEST(ResViT-2D+3D-refine-T2+FLAIR),ssim,20,0.5925774300626406,0.667356082721337,2.0,5.7220458984375e-06
all,lesion,5.0,pix2pix-3D-T2  vs  BEST(ResViT-2D+3D-refine-T2+FLAIR),psnr,20,14.169400212687822,15.644272983206955,5.0,1.9073486328125e-05
all,lesion,5.0,pix2pix-3D-T2  vs  BEST(ResViT-2D+3D-refine-T2+FLAIR),lpips,20,0.17710197879308556,0.15443222072268697,19.0,0.0005855560302734375
all,lesion,5.0,CycleGAN-2D-T2  vs  BEST(ResViT-2D+3D-refine-T2+FLAIR),ssim,20,0.568773714703046,0.667356082721337,9.0,6.29425048828125e-05
all,lesion,5.0,CycleGAN-2D-T2  vs  BEST(ResViT-2D+3D-refine-T2+FLAIR),psnr,20,13.453413468697462,15.644272983206955,11.0,0.0001049041748046875
all,lesion,5.0,CycleGAN-2D-T2  vs  BEST(ResViT-2D+3D-refine-T2+FLAIR),lpips,20,0.19626942328062186,0.15443222072268697,12.0,0.000133514404296875
all,tumor,0.0,SwinPix2Pix-2D+3D-post-T2+FLAIR  vs  BEST(CycleGAN-2D+3D-post-T2+FLAIR),ssim,16,0.7948227944758508,0.7958976900204539,65.0,0.899932861328125
all,tumor,0.0,SwinPix2Pix-2D+3D-post-T2+FLAIR  vs  BEST(CycleGAN-2D+3D-post-T2+FLAIR),psnr,16,18.400456226191434,18.07941553059004,43.0,0.21142578125
all,tumor,0.0,SwinPix2Pix-2D+3D-post-T2+FLAIR  vs  BEST(CycleGAN-2D+3D-post-T2+FLAIR),lpips,16,0.07644302087414712,0.0775996344423239,53.0,0.4637451171875
all,tumor,0.0,ResViT-2D+3D-refine-T2+FLAIR  vs  BEST(CycleGAN-2D+3D-post-T2+FLAIR),ssim,16,0.7925605269733957,0.7958976900204539,61.0,0.743560791015625
all,tumor,0.0,ResViT-2D+3D-refine-T2+FLAIR  vs  BEST(CycleGAN-2D+3D-post-T2+FLAIR),psnr,16,17.45079783715037,18.07941553059004,38.0,0.129730224609375
all,tumor,0.0,ResViT-2D+3D-refine-T2+FLAIR  vs  BEST(CycleGAN-2D+3D-post-T2+FLAIR),lpips,16,0.0848812105696583,0.0775996344423239,44.0,0.231201171875
all,tumor,0.0,pix2pix-2D+3D-post-T2+FLAIR  vs  BEST(CycleGAN-2D+3D-post-T2+FLAIR),ssim,16,0.7903623522861865,0.7958976900204539,31.0,0.05767822265625
all,tumor,0.0,pix2pix-2D+3D-post-T2+FLAIR  vs  BEST(CycleGAN-2D+3D-post-T2+FLAIR),psnr,16,17.596408503891602,18.07941553059004,50.0,0.375457763671875
all,tumor,0.0,pix2pix-2D+3D-post-T2+FLAIR  vs  BEST(CycleGAN-2D+3D-post-T2+FLAIR),lpips,16,0.08089560576404188,0.0775996344423239,26.0,0.02899169921875
all,tumor,0.0,ResViT-2D+3D-refine-T2  vs  BEST(CycleGAN-2D+3D-post-T2+FLAIR),ssim,16,0.7851234873131772,0.7958976900204539,48.0,0.322509765625
all,tumor,0.0,ResViT-2D+3D-refine-T2  vs  BEST(CycleGAN-2D+3D-post-T2+FLAIR),psnr,16,17.18682638799757,18.07941553059004,25.0,0.02496337890625
all,tumor,0.0,ResViT-2D+3D-refine-T2  vs  BEST(CycleGAN-2D+3D-post-T2+FLAIR),lpips,16,0.07452259720766552,0.0775996344423239,55.0,0.528167724609375
all,tumor,0.0,CUT-2D+3D-post-T2+FLAIR  vs  BEST(CycleGAN-2D+3D-post-T2+FLAIR),ssim,16,0.7889242732067498,0.7958976900204539,12.0,0.00213623046875
all,tumor,0.0,CUT-2D+3D-post-T2+FLAIR  vs  BEST(CycleGAN-2D+3D-post-T2+FLAIR),psnr,16,17.819672665907557,18.07941553059004,53.0,0.4637451171875
all,tumor,0.0,CUT-2D+3D-post-T2+FLAIR  vs  BEST(CycleGAN-2D+3D-post-T2+FLAIR),lpips,16,0.07577015732684783,0.0775996344423239,35.0,0.09344482421875
all,tumor,0.0,SwinPix2Pix-2D-T2+FLAIR  vs  BEST(CycleGAN-2D+3D-post-T2+FLAIR),ssim,16,0.7872186810811229,0.7958976900204539,20.0,0.010986328125
all,tumor,0.0,SwinPix2Pix-2D-T2+FLAIR  vs  BEST(CycleGAN-2D+3D-post-T2+FLAIR),psnr,16,17.59055205150592,18.07941553059004,47.0,0.2978515625
all,tumor,0.0,SwinPix2Pix-2D-T2+FLAIR  vs  BEST(CycleGAN-2D+3D-post-T2+FLAIR),lpips,16,0.07994616122766127,0.0775996344423239,49.0,0.348388671875
all,tumor,0.0,CycleGAN-2D-T2+FLAIR  vs  BEST(CycleGAN-2D+3D-post-T2+FLAIR),ssim,16,0.7870859541625947,0.7958976900204539,3.0,0.000152587890625
all,tumor,0.0,CycleGAN-2D-T2+FLAIR  vs  BEST(CycleGAN-2D+3D-post-T2+FLAIR),psnr,16,17.403623729806363,18.07941553059004,28.0,0.03863525390625
all,tumor,0.0,CycleGAN-2D-T2+FLAIR  vs  BEST(CycleGAN-2D+3D-post-T2+FLAIR),lpips,16,0.07914376031992693,0.0775996344423239,47.0,0.2978515625
all,tumor,0.0,CUT-2D+3D-post-T2  vs  BEST(CycleGAN-2D+3D-post-T2+FLAIR),ssim,16,0.7972102512489863,0.7958976900204539,46.0,0.274444580078125
all,tumor,0.0,CUT-2D+3D-post-T2  vs  BEST(CycleGAN-2D+3D-post-T2+FLAIR),psnr,16,18.21356033002372,18.07941553059004,65.0,0.899932861328125
all,tumor,0.0,CUT-2D+3D-post-T2  vs  BEST(CycleGAN-2D+3D-post-T2+FLAIR),lpips,16,0.07833460624312855,0.0775996344423239,67.0,0.979949951171875
all,tumor,0.0,CycleGAN-2.5D-T2+FLAIR  vs  BEST(CycleGAN-2D+3D-post-T2+FLAIR),ssim,16,0.7853771541860795,0.7958976900204539,29.0,0.0443115234375
all,tumor,0.0,CycleGAN-2.5D-T2+FLAIR  vs  BEST(CycleGAN-2D+3D-post-T2+FLAIR),psnr,16,17.240647431499657,18.07941553059004,36.0,0.104583740234375
all,tumor,0.0,CycleGAN-2.5D-T2+FLAIR  vs  BEST(CycleGAN-2D+3D-post-T2+FLAIR),lpips,16,0.08252679929751051,0.0775996344423239,14.0,0.00335693359375
all,tumor,0.0,ResViT-2.5D-T2+FLAIR  vs  BEST(CycleGAN-2D+3D-post-T2+FLAIR),ssim,16,0.7850415741629371,0.7958976900204539,50.0,0.375457763671875
all,tumor,0.0,ResViT-2.5D-T2+FLAIR  vs  BEST(CycleGAN-2D+3D-post-T2+FLAIR),psnr,16,17.319303326762267,18.07941553059004,30.0,0.0506591796875
all,tumor,0.0,ResViT-2.5D-T2+FLAIR  vs  BEST(CycleGAN-2D+3D-post-T2+FLAIR),lpips,16,0.0776345874173536,0.0775996344423239,66.0,0.93988037109375
all,tumor,0.0,CUT-2.5D-T2+FLAIR  vs  BEST(CycleGAN-2D+3D-post-T2+FLAIR),ssim,16,0.783347664348226,0.7958976900204539,7.0,0.000579833984375
all,tumor,0.0,CUT-2.5D-T2+FLAIR  vs  BEST(CycleGAN-2D+3D-post-T2+FLAIR),psnr,16,17.195261571745213,18.07941553059004,32.0,0.065399169921875
all,tumor,0.0,CUT-2.5D-T2+FLAIR  vs  BEST(CycleGAN-2D+3D-post-T2+FLAIR),lpips,16,0.0792638985798642,0.0775996344423239,51.0,0.40374755859375
all,tumor,0.0,pix2pix-2.5D-T2+FLAIR  vs  BEST(CycleGAN-2D+3D-post-T2+FLAIR),ssim,16,0.7822539022529867,0.7958976900204539,26.0,0.02899169921875
all,tumor,0.0,pix2pix-2.5D-T2+FLAIR  vs  BEST(CycleGAN-2D+3D-post-T2+FLAIR),psnr,16,17.525046815683847,18.07941553059004,49.0,0.348388671875
all,tumor,0.0,pix2pix-2.5D-T2+FLAIR  vs  BEST(CycleGAN-2D+3D-post-T2+FLAIR),lpips,16,0.08065067240594506,0.0775996344423239,44.0,0.231201171875
all,tumor,0.0,pix2pix-2D-T2+FLAIR  vs  BEST(CycleGAN-2D+3D-post-T2+FLAIR),ssim,16,0.7820934236582382,0.7958976900204539,11.0,0.001678466796875
all,tumor,0.0,pix2pix-2D-T2+FLAIR  vs  BEST(CycleGAN-2D+3D-post-T2+FLAIR),psnr,16,17.030981722426553,18.07941553059004,25.0,0.02496337890625
all,tumor,0.0,pix2pix-2D-T2+FLAIR  vs  BEST(CycleGAN-2D+3D-post-T2+FLAIR),lpips,16,0.08501947263015072,0.0775996344423239,24.0,0.021392822265625
all,tumor,0.0,SwinPix2Pix-2D+3D-post-T2  vs  BEST(CycleGAN-2D+3D-post-T2+FLAIR),ssim,16,0.7920959731804036,0.7958976900204539,38.0,0.129730224609375
all,tumor,0.0,SwinPix2Pix-2D+3D-post-T2  vs  BEST(CycleGAN-2D+3D-post-T2+FLAIR),psnr,16,18.06368815071558,18.07941553059004,58.0,0.632171630859375
all,tumor,0.0,SwinPix2Pix-2D+3D-post-T2  vs  BEST(CycleGAN-2D+3D-post-T2+FLAIR),lpips,16,0.07849977625785623,0.0775996344423239,51.0,0.40374755859375
all,tumor,0.0,pix2pix-2D+3D-post-T2  vs  BEST(CycleGAN-2D+3D-post-T2+FLAIR),ssim,16,0.7920407419310969,0.7958976900204539,66.0,0.93988037109375
all,tumor,0.0,pix2pix-2D+3D-post-T2  vs  BEST(CycleGAN-2D+3D-post-T2+FLAIR),psnr,16,17.682986910609525,18.07941553059004,47.0,0.2978515625
all,tumor,0.0,pix2pix-2D+3D-post-T2  vs  BEST(CycleGAN-2D+3D-post-T2+FLAIR),lpips,16,0.08188474206246352,0.0775996344423239,35.0,0.09344482421875
all,tumor,0.0,ResViT-2D-T2  vs  BEST(CycleGAN-2D+3D-post-T2+FLAIR),ssim,16,0.7772575922879303,0.7958976900204539,45.0,0.252227783203125
all,tumor,0.0,ResViT-2D-T2  vs  BEST(CycleGAN-2D+3D-post-T2+FLAIR),psnr,16,17.379926536091375,18.07941553059004,37.0,0.116668701171875
all,tumor,0.0,ResViT-2D-T2  vs  BEST(CycleGAN-2D+3D-post-T2+FLAIR),lpips,16,0.07080225278566818,0.0775996344423239,47.0,0.2978515625
all,tumor,0.0,ResViT-2.5D-T2  vs  BEST(CycleGAN-2D+3D-post-T2+FLAIR),ssim,16,0.7773253614143529,0.7958976900204539,41.0,0.17535400390625
all,tumor,0.0,ResViT-2.5D-T2  vs  BEST(CycleGAN-2D+3D-post-T2+FLAIR),psnr,16,17.562072615106295,18.07941553059004,46.0,0.274444580078125
all,tumor,0.0,ResViT-2.5D-T2  vs  BEST(CycleGAN-2D+3D-post-T2+FLAIR),lpips,16,0.06492701477843317,0.0775996344423239,26.0,0.02899169921875
all,tumor,0.0,SwinPix2Pix-2D-T2  vs  BEST(CycleGAN-2D+3D-post-T2+FLAIR),ssim,16,0.7887874345001448,0.7958976900204539,38.0,0.129730224609375
all,tumor,0.0,SwinPix2Pix-2D-T2  vs  BEST(CycleGAN-2D+3D-post-T2+FLAIR),psnr,16,17.6419260371121,18.07941553059004,48.0,0.322509765625
all,tumor,0.0,SwinPix2Pix-2D-T2  vs  BEST(CycleGAN-2D+3D-post-T2+FLAIR),lpips,16,0.08073338476508374,0.0775996344423239,41.0,0.17535400390625
all,tumor,0.0,CycleGAN-2D+3D-post-T2  vs  BEST(CycleGAN-2D+3D-post-T2+FLAIR),ssim,16,0.7898637777301685,0.7958976900204539,49.0,0.348388671875
all,tumor,0.0,CycleGAN-2D+3D-post-T2  vs  BEST(CycleGAN-2D+3D-post-T2+FLAIR),psnr,16,18.00218711522613,18.07941553059004,59.0,0.668548583984375
all,tumor,0.0,CycleGAN-2D+3D-post-T2  vs  BEST(CycleGAN-2D+3D-post-T2+FLAIR),lpips,16,0.07661888707643959,0.0775996344423239,63.0,0.820892333984375
all,tumor,0.0,CycleGAN-2.5D-T2  vs  BEST(CycleGAN-2D+3D-post-T2+FLAIR),ssim,16,0.7897358236685977,0.7958976900204539,32.0,0.065399169921875
all,tumor,0.0,CycleGAN-2.5D-T2  vs  BEST(CycleGAN-2D+3D-post-T2+FLAIR),psnr,16,17.486347875975085,18.07941553059004,37.0,0.116668701171875
all,tumor,0.0,CycleGAN-2.5D-T2  vs  BEST(CycleGAN-2D+3D-post-T2+FLAIR),lpips,16,0.08219582610372783,0.0775996344423239,14.0,0.00335693359375
all,tumor,0.0,pix2pix-2.5D-T2  vs  BEST(CycleGAN-2D+3D-post-T2+FLAIR),ssim,16,0.7889143552838721,0.7958976900204539,41.0,0.17535400390625
all,tumor,0.0,pix2pix-2.5D-T2  vs  BEST(CycleGAN-2D+3D-post-T2+FLAIR),psnr,16,17.454603976255765,18.07941553059004,47.0,0.2978515625
all,tumor,0.0,pix2pix-2.5D-T2  vs  BEST(CycleGAN-2D+3D-post-T2+FLAIR),lpips,16,0.08364772468294918,0.0775996344423239,31.0,0.05767822265625
all,tumor,0.0,SwinPix2Pix-2.5D-T2+FLAIR  vs  BEST(CycleGAN-2D+3D-post-T2+FLAIR),ssim,16,0.777480382793022,0.7958976900204539,17.0,0.00628662109375
all,tumor,0.0,SwinPix2Pix-2.5D-T2+FLAIR  vs  BEST(CycleGAN-2D+3D-post-T2+FLAIR),psnr,16,17.377987705589724,18.07941553059004,45.0,0.252227783203125
all,tumor,0.0,SwinPix2Pix-2.5D-T2+FLAIR  vs  BEST(CycleGAN-2D+3D-post-T2+FLAIR),lpips,16,0.08068949664847555,0.0775996344423239,61.0,0.743560791015625
all,tumor,0.0,ResViT-2D-T2+FLAIR  vs  BEST(CycleGAN-2D+3D-post-T2+FLAIR),ssim,16,0.7773671697685183,0.7958976900204539,37.0,0.116668701171875
all,tumor,0.0,ResViT-2D-T2+FLAIR  vs  BEST(CycleGAN-2D+3D-post-T2+FLAIR),psnr,16,16.63459227901852,18.07941553059004,15.0,0.004180908203125
all,tumor,0.0,ResViT-2D-T2+FLAIR  vs  BEST(CycleGAN-2D+3D-post-T2+FLAIR),lpips,16,0.08401183147391195,0.0775996344423239,50.0,0.375457763671875
all,tumor,0.0,pix2pix-2D-T2  vs  BEST(CycleGAN-2D+3D-post-T2+FLAIR),ssim,16,0.7874792560541881,0.7958976900204539,29.0,0.0443115234375
all,tumor,0.0,pix2pix-2D-T2  vs  BEST(CycleGAN-2D+3D-post-T2+FLAIR),psnr,16,17.386481201949554,18.07941553059004,46.0,0.274444580078125
all,tumor,0.0,pix2pix-2D-T2  vs  BEST(CycleGAN-2D+3D-post-T2+FLAIR),lpips,16,0.0847893967212826,0.0775996344423239,20.0,0.010986328125
all,tumor,0.0,SwinPix2Pix-2.5D-T2  vs  BEST(CycleGAN-2D+3D-post-T2+FLAIR),ssim,16,0.7859829263748662,0.7958976900204539,29.0,0.0443115234375
all,tumor,0.0,SwinPix2Pix-2.5D-T2  vs  BEST(CycleGAN-2D+3D-post-T2+FLAIR),psnr,16,17.507369220453008,18.07941553059004,49.0,0.348388671875
all,tumor,0.0,SwinPix2Pix-2.5D-T2  vs  BEST(CycleGAN-2D+3D-post-T2+FLAIR),lpips,16,0.07929646071733015,0.0775996344423239,61.0,0.743560791015625
all,tumor,0.0,CUT-2D-T2  vs  BEST(CycleGAN-2D+3D-post-T2+FLAIR),ssim,16,0.7858270940156213,0.7958976900204539,25.0,0.02496337890625
all,tumor,0.0,CUT-2D-T2  vs  BEST(CycleGAN-2D+3D-post-T2+FLAIR),psnr,16,17.236883842640065,18.07941553059004,31.0,0.05767822265625
all,tumor,0.0,CUT-2D-T2  vs  BEST(CycleGAN-2D+3D-post-T2+FLAIR),lpips,16,0.08164910675815018,0.0775996344423239,40.0,0.1590576171875
all,tumor,0.0,SynDiff-3D+3D-refine-T2  vs  BEST(CycleGAN-2D+3D-post-T2+FLAIR),ssim,16,0.7772743070136715,0.7958976900204539,37.0,0.116668701171875
all,tumor,0.0,SynDiff-3D+3D-refine-T2  vs  BEST(CycleGAN-2D+3D-post-T2+FLAIR),psnr,16,17.13492163914369,18.07941553059004,26.0,0.02899169921875
all,tumor,0.0,SynDiff-3D+3D-refine-T2  vs  BEST(CycleGAN-2D+3D-post-T2+FLAIR),lpips,16,0.06697570408535652,0.0775996344423239,35.0,0.09344482421875
all,tumor,0.0,CUT-2.5D-T2  vs  BEST(CycleGAN-2D+3D-post-T2+FLAIR),ssim,16,0.78501837539545,0.7958976900204539,7.0,0.000579833984375
all,tumor,0.0,CUT-2.5D-T2  vs  BEST(CycleGAN-2D+3D-post-T2+FLAIR),psnr,16,17.220505256656008,18.07941553059004,31.0,0.05767822265625
all,tumor,0.0,CUT-2.5D-T2  vs  BEST(CycleGAN-2D+3D-post-T2+FLAIR),lpips,16,0.07932581420637233,0.0775996344423239,56.0,0.5618896484375
all,tumor,0.0,SwinPix2Pix-3D-T2+FLAIR  vs  BEST(CycleGAN-2D+3D-post-T2+FLAIR),ssim,16,0.7724353343440727,0.7958976900204539,2.0,9.1552734375e-05
all,tumor,0.0,SwinPix2Pix-3D-T2+FLAIR  vs  BEST(CycleGAN-2D+3D-post-T2+FLAIR),psnr,16,17.310093600399902,18.07941553059004,40.0,0.1590576171875
all,tumor,0.0,SwinPix2Pix-3D-T2+FLAIR  vs  BEST(CycleGAN-2D+3D-post-T2+FLAIR),lpips,16,0.07347301077590279,0.0775996344423239,29.0,0.0443115234375
all,tumor,0.0,SynDiff-2D-T2  vs  BEST(CycleGAN-2D+3D-post-T2+FLAIR),ssim,16,0.7712044103815459,0.7958976900204539,34.0,0.083251953125
all,tumor,0.0,SynDiff-2D-T2  vs  BEST(CycleGAN-2D+3D-post-T2+FLAIR),psnr,16,16.87127900922846,18.07941553059004,19.0,0.009185791015625
all,tumor,0.0,SynDiff-2D-T2  vs  BEST(CycleGAN-2D+3D-post-T2+FLAIR),lpips,16,0.07707210849653247,0.0775996344423239,54.0,0.49542236328125
all,tumor,0.0,SynDiff-2.5D-T2  vs  BEST(CycleGAN-2D+3D-post-T2+FLAIR),ssim,16,0.7680188552249395,0.7958976900204539,29.0,0.0443115234375
all,tumor,0.0,SynDiff-2.5D-T2  vs  BEST(CycleGAN-2D+3D-post-T2+FLAIR),psnr,16,16.715886860175644,18.07941553059004,17.0,0.00628662109375
all,tumor,0.0,SynDiff-2.5D-T2  vs  BEST(CycleGAN-2D+3D-post-T2+FLAIR),lpips,16,0.07946946805508784,0.0775996344423239,65.0,0.899932861328125
all,tumor,0.0,SynDiff-2D-T2+FLAIR  vs  BEST(CycleGAN-2D+3D-post-T2+FLAIR),ssim,16,0.7704533933065953,0.7958976900204539,32.0,0.065399169921875
all,tumor,0.0,SynDiff-2D-T2+FLAIR  vs  BEST(CycleGAN-2D+3D-post-T2+FLAIR),psnr,16,16.6508726030985,18.07941553059004,14.0,0.00335693359375
all,tumor,0.0,SynDiff-2D-T2+FLAIR  vs  BEST(CycleGAN-2D+3D-post-T2+FLAIR),lpips,16,0.0835649020652596,0.0775996344423239,54.0,0.49542236328125
all,tumor,0.0,pix2pix-3D-T2+FLAIR  vs  BEST(CycleGAN-2D+3D-post-T2+FLAIR),ssim,16,0.7678601672110688,0.7958976900204539,1.0,6.103515625e-05
all,tumor,0.0,pix2pix-3D-T2+FLAIR  vs  BEST(CycleGAN-2D+3D-post-T2+FLAIR),psnr,16,17.481871966100964,18.07941553059004,45.0,0.252227783203125
all,tumor,0.0,pix2pix-3D-T2+FLAIR  vs  BEST(CycleGAN-2D+3D-post-T2+FLAIR),lpips,16,0.07781907749676459,0.0775996344423239,53.0,0.4637451171875
all,tumor,0.0,CUT-2D-T2+FLAIR  vs  BEST(CycleGAN-2D+3D-post-T2+FLAIR),ssim,16,0.7667269291909585,0.7958976900204539,1.0,6.103515625e-05
all,tumor,0.0,CUT-2D-T2+FLAIR  vs  BEST(CycleGAN-2D+3D-post-T2+FLAIR),psnr,16,16.712302563228597,18.07941553059004,24.0,0.021392822265625
all,tumor,0.0,CUT-2D-T2+FLAIR  vs  BEST(CycleGAN-2D+3D-post-T2+FLAIR),lpips,16,0.07200604628676562,0.0775996344423239,40.0,0.1590576171875
all,tumor,0.0,ResViT-3D-T2  vs  BEST(CycleGAN-2D+3D-post-T2+FLAIR),ssim,16,0.7592794526801705,0.7958976900204539,24.0,0.021392822265625
all,tumor,0.0,ResViT-3D-T2  vs  BEST(CycleGAN-2D+3D-post-T2+FLAIR),psnr,16,16.85454085905283,18.07941553059004,30.0,0.0506591796875
all,tumor,0.0,ResViT-3D-T2  vs  BEST(CycleGAN-2D+3D-post-T2+FLAIR),lpips,16,0.07552626659709369,0.0775996344423239,61.0,0.743560791015625
all,tumor,0.0,CycleGAN-3D-T2+FLAIR  vs  BEST(CycleGAN-2D+3D-post-T2+FLAIR),ssim,16,0.763843289793398,0.7958976900204539,6.0,0.00042724609375
all,tumor,0.0,CycleGAN-3D-T2+FLAIR  vs  BEST(CycleGAN-2D+3D-post-T2+FLAIR),psnr,16,17.484604033556785,18.07941553059004,39.0,0.14385986328125
all,tumor,0.0,CycleGAN-3D-T2+FLAIR  vs  BEST(CycleGAN-2D+3D-post-T2+FLAIR),lpips,16,0.06890503239669735,0.0775996344423239,36.0,0.104583740234375
all,tumor,0.0,SynDiff-2.5D-T2+FLAIR  vs  BEST(CycleGAN-2D+3D-post-T2+FLAIR),ssim,16,0.762371781174529,0.7958976900204539,28.0,0.03863525390625
all,tumor,0.0,SynDiff-2.5D-T2+FLAIR  vs  BEST(CycleGAN-2D+3D-post-T2+FLAIR),psnr,16,16.182304608049826,18.07941553059004,2.0,9.1552734375e-05
all,tumor,0.0,SynDiff-2.5D-T2+FLAIR  vs  BEST(CycleGAN-2D+3D-post-T2+FLAIR),lpips,16,0.08030544261496403,0.0775996344423239,61.0,0.743560791015625
all,tumor,0.0,SynDiff-3D-T2+FLAIR  vs  BEST(CycleGAN-2D+3D-post-T2+FLAIR),ssim,16,0.757810919774056,0.7958976900204539,27.0,0.033538818359375
all,tumor,0.0,SynDiff-3D-T2+FLAIR  vs  BEST(CycleGAN-2D+3D-post-T2+FLAIR),psnr,16,16.418444944066177,18.07941553059004,7.0,0.000579833984375
all,tumor,0.0,SynDiff-3D-T2+FLAIR  vs  BEST(CycleGAN-2D+3D-post-T2+FLAIR),lpips,16,0.0851981053889958,0.0775996344423239,54.0,0.49542236328125
all,tumor,0.0,SwinPix2Pix-3D-T2  vs  BEST(CycleGAN-2D+3D-post-T2+FLAIR),ssim,16,0.7618035001769294,0.7958976900204539,0.0,3.0517578125e-05
all,tumor,0.0,SwinPix2Pix-3D-T2  vs  BEST(CycleGAN-2D+3D-post-T2+FLAIR),psnr,16,17.202862140197333,18.07941553059004,36.0,0.104583740234375
all,tumor,0.0,SwinPix2Pix-3D-T2  vs  BEST(CycleGAN-2D+3D-post-T2+FLAIR),lpips,16,0.07599607624170525,0.0775996344423239,41.0,0.17535400390625
all,tumor,0.0,pix2pix-3D-T2  vs  BEST(CycleGAN-2D+3D-post-T2+FLAIR),ssim,16,0.7622375743348326,0.7958976900204539,4.0,0.000213623046875
all,tumor,0.0,pix2pix-3D-T2  vs  BEST(CycleGAN-2D+3D-post-T2+FLAIR),psnr,16,16.96281133524515,18.07941553059004,18.0,0.00762939453125
all,tumor,0.0,pix2pix-3D-T2  vs  BEST(CycleGAN-2D+3D-post-T2+FLAIR),lpips,16,0.07372894671139568,0.0775996344423239,39.0,0.14385986328125
all,tumor,0.0,SynDiff-3D-T2  vs  BEST(CycleGAN-2D+3D-post-T2+FLAIR),ssim,16,0.7541382919690316,0.7958976900204539,29.0,0.0443115234375
all,tumor,0.0,SynDiff-3D-T2  vs  BEST(CycleGAN-2D+3D-post-T2+FLAIR),psnr,16,16.300954409880283,18.07941553059004,8.0,0.000762939453125
all,tumor,0.0,SynDiff-3D-T2  vs  BEST(CycleGAN-2D+3D-post-T2+FLAIR),lpips,16,0.08234237693636706,0.0775996344423239,55.0,0.528167724609375
all,tumor,0.0,SynDiff-3D+3D-refine-T2+FLAIR  vs  BEST(CycleGAN-2D+3D-post-T2+FLAIR),ssim,16,0.7507232266043814,0.7958976900204539,22.0,0.0155029296875
all,tumor,0.0,SynDiff-3D+3D-refine-T2+FLAIR  vs  BEST(CycleGAN-2D+3D-post-T2+FLAIR),psnr,16,16.187416551335545,18.07941553059004,10.0,0.001312255859375
all,tumor,0.0,SynDiff-3D+3D-refine-T2+FLAIR  vs  BEST(CycleGAN-2D+3D-post-T2+FLAIR),lpips,16,0.07891045491710576,0.0775996344423239,64.0,0.860260009765625
all,tumor,0.0,ResViT-3D-T2+FLAIR  vs  BEST(CycleGAN-2D+3D-post-T2+FLAIR),ssim,16,0.7504808354154886,0.7958976900204539,15.0,0.004180908203125
all,tumor,0.0,ResViT-3D-T2+FLAIR  vs  BEST(CycleGAN-2D+3D-post-T2+FLAIR),psnr,16,16.65789761882884,18.07941553059004,20.0,0.010986328125
all,tumor,0.0,ResViT-3D-T2+FLAIR  vs  BEST(CycleGAN-2D+3D-post-T2+FLAIR),lpips,16,0.07572999614765204,0.0775996344423239,64.0,0.860260009765625
all,tumor,0.0,CUT-3D-T2+FLAIR  vs  BEST(CycleGAN-2D+3D-post-T2+FLAIR),ssim,16,0.7486893659221406,0.7958976900204539,0.0,3.0517578125e-05
all,tumor,0.0,CUT-3D-T2+FLAIR  vs  BEST(CycleGAN-2D+3D-post-T2+FLAIR),psnr,16,16.992511668681242,18.07941553059004,20.0,0.010986328125
all,tumor,0.0,CUT-3D-T2+FLAIR  vs  BEST(CycleGAN-2D+3D-post-T2+FLAIR),lpips,16,0.06935376532089049,0.0775996344423239,48.0,0.322509765625
all,tumor,0.0,CycleGAN-3D-T2  vs  BEST(CycleGAN-2D+3D-post-T2+FLAIR),ssim,16,0.7602161732692871,0.7958976900204539,4.0,0.000213623046875
all,tumor,0.0,CycleGAN-3D-T2  vs  BEST(CycleGAN-2D+3D-post-T2+FLAIR),psnr,16,17.117182141025413,18.07941553059004,22.0,0.0155029296875
all,tumor,0.0,CycleGAN-3D-T2  vs  BEST(CycleGAN-2D+3D-post-T2+FLAIR),lpips,16,0.06529615950060291,0.0775996344423239,25.0,0.02496337890625
all,tumor,0.0,CUT-3D-T2  vs  BEST(CycleGAN-2D+3D-post-T2+FLAIR),ssim,16,0.7594547028053942,0.7958976900204539,1.0,6.103515625e-05
all,tumor,0.0,CUT-3D-T2  vs  BEST(CycleGAN-2D+3D-post-T2+FLAIR),psnr,16,17.386359469535883,18.07941553059004,33.0,0.07391357421875
all,tumor,0.0,CUT-3D-T2  vs  BEST(CycleGAN-2D+3D-post-T2+FLAIR),lpips,16,0.06616120171791284,0.0775996344423239,37.0,0.116668701171875
all,tumor,0.0,CycleGAN-2D-T2  vs  BEST(CycleGAN-2D+3D-post-T2+FLAIR),ssim,16,0.7192179098634859,0.7958976900204539,15.0,0.004180908203125
all,tumor,0.0,CycleGAN-2D-T2  vs  BEST(CycleGAN-2D+3D-post-T2+FLAIR),psnr,16,16.083235147757208,18.07941553059004,24.0,0.021392822265625
all,tumor,0.0,CycleGAN-2D-T2  vs  BEST(CycleGAN-2D+3D-post-T2+FLAIR),lpips,16,0.09521854191863557,0.0775996344423239,44.0,0.231201171875
all,tumor,5.0,ResViT-2D+3D-refine-T2  vs  BEST(ResViT-2D+3D-refine-T2+FLAIR),ssim,16,0.6471631580110997,0.658439224336774,28.0,0.03863525390625
all,tumor,5.0,ResViT-2D+3D-refine-T2  vs  BEST(ResViT-2D+3D-refine-T2+FLAIR),psnr,16,16.038360547715612,16.28713489807117,34.0,0.083251953125
all,tumor,5.0,ResViT-2D+3D-refine-T2  vs  BEST(ResViT-2D+3D-refine-T2+FLAIR),lpips,16,0.1296848152733971,0.1511264148176766,0.0,3.0517578125e-05
all,tumor,5.0,ResViT-2.5D-T2  vs  BEST(ResViT-2D+3D-refine-T2+FLAIR),ssim,16,0.6423022344664653,0.658439224336774,23.0,0.01824951171875
all,tumor,5.0,ResViT-2.5D-T2  vs  BEST(ResViT-2D+3D-refine-T2+FLAIR),psnr,16,16.40555540687071,16.28713489807117,60.0,0.705718994140625
all,tumor,5.0,ResViT-2.5D-T2  vs  BEST(ResViT-2D+3D-refine-T2+FLAIR),lpips,16,0.10710085317708193,0.1511264148176766,1.0,6.103515625e-05
all,tumor,5.0,SwinPix2Pix-2D+3D-post-T2+FLAIR  vs  BEST(ResViT-2D+3D-refine-T2+FLAIR),ssim,16,0.651665653948056,0.658439224336774,66.0,0.93988037109375
all,tumor,5.0,SwinPix2Pix-2D+3D-post-T2+FLAIR  vs  BEST(ResViT-2D+3D-refine-T2+FLAIR),psnr,16,16.00988930881473,16.28713489807117,68.0,1.0
all,tumor,5.0,SwinPix2Pix-2D+3D-post-T2+FLAIR  vs  BEST(ResViT-2D+3D-refine-T2+FLAIR),lpips,16,0.18455069290481163,0.1511264148176766,4.0,0.000213623046875
all,tumor,5.0,pix2pix-2D+3D-post-T2+FLAIR  vs  BEST(ResViT-2D+3D-refine-T2+FLAIR),ssim,16,0.6498542667020657,0.658439224336774,59.0,0.668548583984375
all,tumor,5.0,pix2pix-2D+3D-post-T2+FLAIR  vs  BEST(ResViT-2D+3D-refine-T2+FLAIR),psnr,16,15.959146665699327,16.28713489807117,55.0,0.528167724609375
all,tumor,5.0,pix2pix-2D+3D-post-T2+FLAIR  vs  BEST(ResViT-2D+3D-refine-T2+FLAIR),lpips,16,0.1914847107309081,0.1511264148176766,2.0,9.1552734375e-05
all,tumor,5.0,ResViT-2.5D-T2+FLAIR  vs  BEST(ResViT-2D+3D-refine-T2+FLAIR),ssim,16,0.6494000529980348,0.658439224336774,28.0,0.03863525390625
all,tumor,5.0,ResViT-2.5D-T2+FLAIR  vs  BEST(ResViT-2D+3D-refine-T2+FLAIR),psnr,16,16.2347242871024,16.28713489807117,62.0,0.781951904296875
all,tumor,5.0,ResViT-2.5D-T2+FLAIR  vs  BEST(ResViT-2D+3D-refine-T2+FLAIR),lpips,16,0.13383009899782447,0.1511264148176766,7.0,0.000579833984375
all,tumor,5.0,CycleGAN-2D+3D-post-T2+FLAIR  vs  BEST(ResViT-2D+3D-refine-T2+FLAIR),ssim,16,0.6490015829931457,0.658439224336774,62.0,0.781951904296875
all,tumor,5.0,CycleGAN-2D+3D-post-T2+FLAIR  vs  BEST(ResViT-2D+3D-refine-T2+FLAIR),psnr,16,15.883629919283706,16.28713489807117,47.0,0.2978515625
all,tumor,5.0,CycleGAN-2D+3D-post-T2+FLAIR  vs  BEST(ResViT-2D+3D-refine-T2+FLAIR),lpips,16,0.19496653461326008,0.1511264148176766,3.0,0.000152587890625
all,tumor,5.0,ResViT-2D-T2  vs  BEST(ResViT-2D+3D-refine-T2+FLAIR),ssim,16,0.6383214535948957,0.658439224336774,16.0,0.005157470703125
all,tumor,5.0,ResViT-2D-T2  vs  BEST(ResViT-2D+3D-refine-T2+FLAIR),psnr,16,16.13115921230594,16.28713489807117,49.0,0.348388671875
all,tumor,5.0,ResViT-2D-T2  vs  BEST(ResViT-2D+3D-refine-T2+FLAIR),lpips,16,0.11942282803319966,0.1511264148176766,0.0,3.0517578125e-05
all,tumor,5.0,CUT-2D+3D-post-T2+FLAIR  vs  BEST(ResViT-2D+3D-refine-T2+FLAIR),ssim,16,0.645777058240083,0.658439224336774,52.0,0.433197021484375
all,tumor,5.0,CUT-2D+3D-post-T2+FLAIR  vs  BEST(ResViT-2D+3D-refine-T2+FLAIR),psnr,16,15.783771477293325,16.28713489807117,47.0,0.2978515625
all,tumor,5.0,CUT-2D+3D-post-T2+FLAIR  vs  BEST(ResViT-2D+3D-refine-T2+FLAIR),lpips,16,0.18262538475406798,0.1511264148176766,4.0,0.000213623046875
all,tumor,5.0,SwinPix2Pix-2D+3D-post-T2  vs  BEST(ResViT-2D+3D-refine-T2+FLAIR),ssim,16,0.6507340207370582,0.658439224336774,67.0,0.979949951171875
all,tumor,5.0,SwinPix2Pix-2D+3D-post-T2  vs  BEST(ResViT-2D+3D-refine-T2+FLAIR),psnr,16,15.965432321480272,16.28713489807117,62.0,0.781951904296875
all,tumor,5.0,SwinPix2Pix-2D+3D-post-T2  vs  BEST(ResViT-2D+3D-refine-T2+FLAIR),lpips,16,0.1854090511903117,0.1511264148176766,3.0,0.000152587890625
all,tumor,5.0,CUT-2D+3D-post-T2  vs  BEST(ResViT-2D+3D-refine-T2+FLAIR),ssim,16,0.6499734225382352,0.658439224336774,63.0,0.820892333984375
all,tumor,5.0,CUT-2D+3D-post-T2  vs  BEST(ResViT-2D+3D-refine-T2+FLAIR),psnr,16,16.000485003569427,16.28713489807117,65.0,0.899932861328125
all,tumor,5.0,CUT-2D+3D-post-T2  vs  BEST(ResViT-2D+3D-refine-T2+FLAIR),lpips,16,0.19489177085505963,0.1511264148176766,1.0,6.103515625e-05
all,tumor,5.0,SynDiff-2.5D-T2  vs  BEST(ResViT-2D+3D-refine-T2+FLAIR),ssim,16,0.6360020298152367,0.658439224336774,13.0,0.002685546875
all,tumor,5.0,SynDiff-2.5D-T2  vs  BEST(ResViT-2D+3D-refine-T2+FLAIR),psnr,16,15.59727669989724,16.28713489807117,6.0,0.00042724609375
all,tumor,5.0,SynDiff-2.5D-T2  vs  BEST(ResViT-2D+3D-refine-T2+FLAIR),lpips,16,0.11977727401816646,0.1511264148176766,12.0,0.00213623046875
all,tumor,5.0,pix2pix-2D+3D-post-T2  vs  BEST(ResViT-2D+3D-refine-T2+FLAIR),ssim,16,0.6495748744598199,0.658439224336774,67.0,0.979949951171875
all,tumor,5.0,pix2pix-2D+3D-post-T2  vs  BEST(ResViT-2D+3D-refine-T2+FLAIR),psnr,16,15.915324589515357,16.28713489807117,58.0,0.632171630859375
all,tumor,5.0,pix2pix-2D+3D-post-T2  vs  BEST(ResViT-2D+3D-refine-T2+FLAIR),lpips,16,0.19390425371338188,0.1511264148176766,2.0,9.1552734375e-05
all,tumor,5.0,ResViT-2D-T2+FLAIR  vs  BEST(ResViT-2D+3D-refine-T2+FLAIR),ssim,16,0.6407303042621074,0.658439224336774,8.0,0.000762939453125
all,tumor,5.0,ResViT-2D-T2+FLAIR  vs  BEST(ResViT-2D+3D-refine-T2+FLAIR),psnr,16,15.763640853665574,16.28713489807117,11.0,0.001678466796875
all,tumor,5.0,ResViT-2D-T2+FLAIR  vs  BEST(ResViT-2D+3D-refine-T2+FLAIR),lpips,16,0.13635827032710784,0.1511264148176766,13.0,0.002685546875
all,tumor,5.0,SynDiff-2D-T2  vs  BEST(ResViT-2D+3D-refine-T2+FLAIR),ssim,16,0.6316621038480155,0.658439224336774,8.0,0.000762939453125
all,tumor,5.0,SynDiff-2D-T2  vs  BEST(ResViT-2D+3D-refine-T2+FLAIR),psnr,16,15.56912047224005,16.28713489807117,14.0,0.00335693359375
all,tumor,5.0,SynDiff-2D-T2  vs  BEST(ResViT-2D+3D-refine-T2+FLAIR),lpips,16,0.124253856480536,0.1511264148176766,8.0,0.000762939453125
all,tumor,5.0,SwinPix2Pix-2D-T2+FLAIR  vs  BEST(ResViT-2D+3D-refine-T2+FLAIR),ssim,16,0.6392890605571162,0.658439224336774,38.0,0.129730224609375
all,tumor,5.0,SwinPix2Pix-2D-T2+FLAIR  vs  BEST(ResViT-2D+3D-refine-T2+FLAIR),psnr,16,15.756627082676806,16.28713489807117,48.0,0.322509765625
all,tumor,5.0,SwinPix2Pix-2D-T2+FLAIR  vs  BEST(ResViT-2D+3D-refine-T2+FLAIR),lpips,16,0.18517823913415044,0.1511264148176766,2.0,9.1552734375e-05
all,tumor,5.0,pix2pix-2D-T2+FLAIR  vs  BEST(ResViT-2D+3D-refine-T2+FLAIR),ssim,16,0.6369541336004334,0.658439224336774,43.0,0.21142578125
all,tumor,5.0,pix2pix-2D-T2+FLAIR  vs  BEST(ResViT-2D+3D-refine-T2+FLAIR),psnr,16,15.675536556752919,16.28713489807117,33.0,0.07391357421875
all,tumor,5.0,pix2pix-2D-T2+FLAIR  vs  BEST(ResViT-2D+3D-refine-T2+FLAIR),lpips,16,0.19619666898859822,0.1511264148176766,1.0,6.103515625e-05
all,tumor,5.0,SwinPix2Pix-2D-T2  vs  BEST(ResViT-2D+3D-refine-T2+FLAIR),ssim,16,0.6412258589156881,0.658439224336774,54.0,0.49542236328125
all,tumor,5.0,SwinPix2Pix-2D-T2  vs  BEST(ResViT-2D+3D-refine-T2+FLAIR),psnr,16,15.874156758825675,16.28713489807117,51.0,0.40374755859375
all,tumor,5.0,SwinPix2Pix-2D-T2  vs  BEST(ResViT-2D+3D-refine-T2+FLAIR),lpips,16,0.1857920927356105,0.1511264148176766,2.0,9.1552734375e-05
all,tumor,5.0,pix2pix-2.5D-T2  vs  BEST(ResViT-2D+3D-refine-T2+FLAIR),ssim,16,0.6410138274832076,0.658439224336774,56.0,0.5618896484375
all,tumor,5.0,pix2pix-2.5D-T2  vs  BEST(ResViT-2D+3D-refine-T2+FLAIR),psnr,16,15.767990327410041,16.28713489807117,47.0,0.2978515625
all,tumor,5.0,pix2pix-2.5D-T2  vs  BEST(ResViT-2D+3D-refine-T2+FLAIR),lpips,16,0.19630998844510855,0.1511264148176766,1.0,6.103515625e-05
all,tumor,5.0,CycleGAN-2D-T2+FLAIR  vs  BEST(ResViT-2D+3D-refine-T2+FLAIR),ssim,16,0.6344851769532585,0.658439224336774,35.0,0.09344482421875
all,tumor,5.0,CycleGAN-2D-T2+FLAIR  vs  BEST(ResViT-2D+3D-refine-T2+FLAIR),psnr,16,15.658006085597833,16.28713489807117,36.0,0.104583740234375
all,tumor,5.0,CycleGAN-2D-T2+FLAIR  vs  BEST(ResViT-2D+3D-refine-T2+FLAIR),lpips,16,0.19047222627526117,0.1511264148176766,3.0,0.000152587890625
all,tumor,5.0,pix2pix-2D-T2  vs  BEST(ResViT-2D+3D-refine-T2+FLAIR),ssim,16,0.6407195261963126,0.658439224336774,56.0,0.5618896484375
all,tumor,5.0,pix2pix-2D-T2  vs  BEST(ResViT-2D+3D-refine-T2+FLAIR),psnr,16,15.779042651648455,16.28713489807117,45.0,0.252227783203125
all,tumor,5.0,pix2pix-2D-T2  vs  BEST(ResViT-2D+3D-refine-T2+FLAIR),lpips,16,0.19606969902289123,0.1511264148176766,1.0,6.103515625e-05
all,tumor,5.0,pix2pix-2.5D-T2+FLAIR  vs  BEST(ResViT-2D+3D-refine-T2+FLAIR),ssim,16,0.6337709320781126,0.658439224336774,48.0,0.322509765625
all,tumor,5.0,pix2pix-2.5D-T2+FLAIR  vs  BEST(ResViT-2D+3D-refine-T2+FLAIR),psnr,16,15.833968533197627,16.28713489807117,57.0,0.596588134765625
all,tumor,5.0,pix2pix-2.5D-T2+FLAIR  vs  BEST(ResViT-2D+3D-refine-T2+FLAIR),lpips,16,0.19095534868025082,0.1511264148176766,2.0,9.1552734375e-05
all,tumor,5.0,SwinPix2Pix-2.5D-T2  vs  BEST(ResViT-2D+3D-refine-T2+FLAIR),ssim,16,0.6386101406989437,0.658439224336774,42.0,0.19281005859375
all,tumor,5.0,SwinPix2Pix-2.5D-T2  vs  BEST(ResViT-2D+3D-refine-T2+FLAIR),psnr,16,15.849528138184969,16.28713489807117,49.0,0.348388671875
all,tumor,5.0,SwinPix2Pix-2.5D-T2  vs  BEST(ResViT-2D+3D-refine-T2+FLAIR),lpips,16,0.18227506166970653,0.1511264148176766,3.0,0.000152587890625
all,tumor,5.0,CycleGAN-2D+3D-post-T2  vs  BEST(ResViT-2D+3D-refine-T2+FLAIR),ssim,16,0.6379082822650428,0.658439224336774,30.0,0.0506591796875
all,tumor,5.0,CycleGAN-2D+3D-post-T2  vs  BEST(ResViT-2D+3D-refine-T2+FLAIR),psnr,16,15.664461472866662,16.28713489807117,39.0,0.14385986328125
all,tumor,5.0,CycleGAN-2D+3D-post-T2  vs  BEST(ResViT-2D+3D-refine-T2+FLAIR),lpips,16,0.19344273283944058,0.1511264148176766,2.0,9.1552734375e-05
all,tumor,5.0,CycleGAN-2.5D-T2+FLAIR  vs  BEST(ResViT-2D+3D-refine-T2+FLAIR),ssim,16,0.6323806000062382,0.658439224336774,27.0,0.033538818359375
all,tumor,5.0,CycleGAN-2.5D-T2+FLAIR  vs  BEST(ResViT-2D+3D-refine-T2+FLAIR),psnr,16,15.360304403231936,16.28713489807117,23.0,0.01824951171875
all,tumor,5.0,CycleGAN-2.5D-T2+FLAIR  vs  BEST(ResViT-2D+3D-refine-T2+FLAIR),lpips,16,0.19782630482633448,0.1511264148176766,3.0,0.000152587890625
all,tumor,5.0,SynDiff-3D+3D-refine-T2  vs  BEST(ResViT-2D+3D-refine-T2+FLAIR),ssim,16,0.6240531570009566,0.658439224336774,3.0,0.000152587890625
all,tumor,5.0,SynDiff-3D+3D-refine-T2  vs  BEST(ResViT-2D+3D-refine-T2+FLAIR),psnr,16,15.757272863649307,16.28713489807117,16.0,0.005157470703125
all,tumor,5.0,SynDiff-3D+3D-refine-T2  vs  BEST(ResViT-2D+3D-refine-T2+FLAIR),lpips,16,0.12598767436371372,0.1511264148176766,6.0,0.00042724609375
all,tumor,5.0,CUT-2D-T2  vs  BEST(ResViT-2D+3D-refine-T2+FLAIR),ssim,16,0.6356675194130047,0.658439224336774,43.0,0.21142578125
all,tumor,5.0,CUT-2D-T2  vs  BEST(ResViT-2D+3D-refine-T2+FLAIR),psnr,16,15.704976631137761,16.28713489807117,41.0,0.17535400390625
all,tumor,5.0,CUT-2D-T2  vs  BEST(ResViT-2D+3D-refine-T2+FLAIR),lpips,16,0.1926245869939215,0.1511264148176766,0.0,3.0517578125e-05
all,tumor,5.0,CUT-2.5D-T2+FLAIR  vs  BEST(ResViT-2D+3D-refine-T2+FLAIR),ssim,16,0.6296171086046596,0.658439224336774,29.0,0.0443115234375
all,tumor,5.0,CUT-2.5D-T2+FLAIR  vs  BEST(ResViT-2D+3D-refine-T2+FLAIR),psnr,16,15.568315080099943,16.28713489807117,22.0,0.0155029296875
all,tumor,5.0,CUT-2.5D-T2+FLAIR  vs  BEST(ResViT-2D+3D-refine-T2+FLAIR),lpips,16,0.19183549157295474,0.1511264148176766,2.0,9.1552734375e-05
all,tumor,5.0,SynDiff-2D-T2+FLAIR  vs  BEST(ResViT-2D+3D-refine-T2+FLAIR),ssim,16,0.6295596761228108,0.658439224336774,8.0,0.000762939453125
all,tumor,5.0,SynDiff-2D-T2+FLAIR  vs  BEST(ResViT-2D+3D-refine-T2+FLAIR),psnr,16,15.394159450746862,16.28713489807117,17.0,0.00628662109375
all,tumor,5.0,SynDiff-2D-T2+FLAIR  vs  BEST(ResViT-2D+3D-refine-T2+FLAIR),lpips,16,0.1319120732001122,0.1511264148176766,15.0,0.004180908203125
all,tumor,5.0,CycleGAN-2.5D-T2  vs  BEST(ResViT-2D+3D-refine-T2+FLAIR),ssim,16,0.6328843536534565,0.658439224336774,35.0,0.09344482421875
all,tumor,5.0,CycleGAN-2.5D-T2  vs  BEST(ResViT-2D+3D-refine-T2+FLAIR),psnr,16,15.559546133408972,16.28713489807117,24.0,0.021392822265625
all,tumor,5.0,CycleGAN-2.5D-T2  vs  BEST(ResViT-2D+3D-refine-T2+FLAIR),lpips,16,0.1996784119935534,0.1511264148176766,3.0,0.000152587890625
all,tumor,5.0,ResViT-3D-T2  vs  BEST(ResViT-2D+3D-refine-T2+FLAIR),ssim,16,0.6193861580791499,0.658439224336774,9.0,0.001007080078125
all,tumor,5.0,ResViT-3D-T2  vs  BEST(ResViT-2D+3D-refine-T2+FLAIR),psnr,16,15.735237568463498,16.28713489807117,37.0,0.116668701171875
all,tumor,5.0,ResViT-3D-T2  vs  BEST(ResViT-2D+3D-refine-T2+FLAIR),lpips,16,0.11290795858203082,0.1511264148176766,3.0,0.000152587890625
all,tumor,5.0,CUT-2.5D-T2  vs  BEST(ResViT-2D+3D-refine-T2+FLAIR),ssim,16,0.6312723179151348,0.658439224336774,35.0,0.09344482421875
all,tumor,5.0,CUT-2.5D-T2  vs  BEST(ResViT-2D+3D-refine-T2+FLAIR),psnr,16,15.654223939660966,16.28713489807117,39.0,0.14385986328125
all,tumor,5.0,CUT-2.5D-T2  vs  BEST(ResViT-2D+3D-refine-T2+FLAIR),lpips,16,0.19267944240915846,0.1511264148176766,1.0,6.103515625e-05
all,tumor,5.0,SynDiff-2.5D-T2+FLAIR  vs  BEST(ResViT-2D+3D-refine-T2+FLAIR),ssim,16,0.6236574521310918,0.658439224336774,1.0,6.103515625e-05
all,tumor,5.0,SynDiff-2.5D-T2+FLAIR  vs  BEST(ResViT-2D+3D-refine-T2+FLAIR),psnr,16,15.322792603333067,16.28713489807117,2.0,9.1552734375e-05
all,tumor,5.0,SynDiff-2.5D-T2+FLAIR  vs  BEST(ResViT-2D+3D-refine-T2+FLAIR),lpips,16,0.12092526994979735,0.1511264148176766,7.0,0.000579833984375
all,tumor,5.0,SwinPix2Pix-2.5D-T2+FLAIR  vs  BEST(ResViT-2D+3D-refine-T2+FLAIR),ssim,16,0.6235364556129976,0.658439224336774,21.0,0.013092041015625
all,tumor,5.0,SwinPix2Pix-2.5D-T2+FLAIR  vs  BEST(ResViT-2D+3D-refine-T2+FLAIR),psnr,16,15.517602372931709,16.28713489807117,41.0,0.17535400390625
all,tumor,5.0,SwinPix2Pix-2.5D-T2+FLAIR  vs  BEST(ResViT-2D+3D-refine-T2+FLAIR),lpips,16,0.1832305543206832,0.1511264148176766,3.0,0.000152587890625
all,tumor,5.0,CUT-2D-T2+FLAIR  vs  BEST(ResViT-2D+3D-refine-T2+FLAIR),ssim,16,0.6215443638088769,0.658439224336774,21.0,0.013092041015625
all,tumor,5.0,CUT-2D-T2+FLAIR  vs  BEST(ResViT-2D+3D-refine-T2+FLAIR),psnr,16,15.317623919744285,16.28713489807117,13.0,0.002685546875
all,tumor,5.0,CUT-2D-T2+FLAIR  vs  BEST(ResViT-2D+3D-refine-T2+FLAIR),lpips,16,0.15662017758579994,0.1511264148176766,57.0,0.596588134765625
all,tumor,5.0,SynDiff-3D-T2+FLAIR  vs  BEST(ResViT-2D+3D-refine-T2+FLAIR),ssim,16,0.615823487700017,0.658439224336774,5.0,0.00030517578125
all,tumor,5.0,SynDiff-3D-T2+FLAIR  vs  BEST(ResViT-2D+3D-refine-T2+FLAIR),psnr,16,15.248252155159836,16.28713489807117,8.0,0.000762939453125
all,tumor,5.0,SynDiff-3D-T2+FLAIR  vs  BEST(ResViT-2D+3D-refine-T2+FLAIR),lpips,16,0.1368859193769138,0.1511264148176766,20.0,0.010986328125
all,tumor,5.0,ResViT-3D-T2+FLAIR  vs  BEST(ResViT-2D+3D-refine-T2+FLAIR),ssim,16,0.6119600098931794,0.658439224336774,4.0,0.000213623046875
all,tumor,5.0,ResViT-3D-T2+FLAIR  vs  BEST(ResViT-2D+3D-refine-T2+FLAIR),psnr,16,15.45175476831663,16.28713489807117,12.0,0.00213623046875
all,tumor,5.0,ResViT-3D-T2+FLAIR  vs  BEST(ResViT-2D+3D-refine-T2+FLAIR),lpips,16,0.11527354515304937,0.1511264148176766,3.0,0.000152587890625
all,tumor,5.0,SwinPix2Pix-3D-T2+FLAIR  vs  BEST(ResViT-2D+3D-refine-T2+FLAIR),ssim,16,0.6084864858298857,0.658439224336774,5.0,0.00030517578125
all,tumor,5.0,SwinPix2Pix-3D-T2+FLAIR  vs  BEST(ResViT-2D+3D-refine-T2+FLAIR),psnr,16,15.087848188113853,16.28713489807117,20.0,0.010986328125
all,tumor,5.0,SwinPix2Pix-3D-T2+FLAIR  vs  BEST(ResViT-2D+3D-refine-T2+FLAIR),lpips,16,0.17688443541010168,0.1511264148176766,9.0,0.001007080078125
all,tumor,5.0,CycleGAN-3D-T2+FLAIR  vs  BEST(ResViT-2D+3D-refine-T2+FLAIR),ssim,16,0.6083020774925312,0.658439224336774,4.0,0.000213623046875
all,tumor,5.0,CycleGAN-3D-T2+FLAIR  vs  BEST(ResViT-2D+3D-refine-T2+FLAIR),psnr,16,15.239516228027918,16.28713489807117,20.0,0.010986328125
all,tumor,5.0,CycleGAN-3D-T2+FLAIR  vs  BEST(ResViT-2D+3D-refine-T2+FLAIR),lpips,16,0.14800882185538822,0.1511264148176766,57.0,0.596588134765625
all,tumor,5.0,SynDiff-3D+3D-refine-T2+FLAIR  vs  BEST(ResViT-2D+3D-refine-T2+FLAIR),ssim,16,0.6046615108141726,0.658439224336774,3.0,0.000152587890625
all,tumor,5.0,SynDiff-3D+3D-refine-T2+FLAIR  vs  BEST(ResViT-2D+3D-refine-T2+FLAIR),psnr,16,15.123942062428156,16.28713489807117,7.0,0.000579833984375
all,tumor,5.0,SynDiff-3D+3D-refine-T2+FLAIR  vs  BEST(ResViT-2D+3D-refine-T2+FLAIR),lpips,16,0.14031239667192974,0.1511264148176766,36.0,0.104583740234375
all,tumor,5.0,pix2pix-3D-T2+FLAIR  vs  BEST(ResViT-2D+3D-refine-T2+FLAIR),ssim,16,0.6034489047411937,0.658439224336774,7.0,0.000579833984375
all,tumor,5.0,pix2pix-3D-T2+FLAIR  vs  BEST(ResViT-2D+3D-refine-T2+FLAIR),psnr,16,15.18560670642637,16.28713489807117,19.0,0.009185791015625
all,tumor,5.0,pix2pix-3D-T2+FLAIR  vs  BEST(ResViT-2D+3D-refine-T2+FLAIR),lpips,16,0.17788312973917508,0.1511264148176766,10.0,0.001312255859375
all,tumor,5.0,SynDiff-3D-T2  vs  BEST(ResViT-2D+3D-refine-T2+FLAIR),ssim,16,0.6002051989758135,0.658439224336774,0.0,3.0517578125e-05
all,tumor,5.0,SynDiff-3D-T2  vs  BEST(ResViT-2D+3D-refine-T2+FLAIR),psnr,16,15.137078974954248,16.28713489807117,10.0,0.001312255859375
all,tumor,5.0,SynDiff-3D-T2  vs  BEST(ResViT-2D+3D-refine-T2+FLAIR),lpips,16,0.13454835529054912,0.1511264148176766,19.0,0.009185791015625
all,tumor,5.0,CycleGAN-3D-T2  vs  BEST(ResViT-2D+3D-refine-T2+FLAIR),ssim,16,0.6062507692289129,0.658439224336774,3.0,0.000152587890625
all,tumor,5.0,CycleGAN-3D-T2  vs  BEST(ResViT-2D+3D-refine-T2+FLAIR),psnr,16,15.037693121561034,16.28713489807117,14.0,0.00335693359375
all,tumor,5.0,CycleGAN-3D-T2  vs  BEST(ResViT-2D+3D-refine-T2+FLAIR),lpips,16,0.13899423997839888,0.1511264148176766,37.0,0.116668701171875
all,tumor,5.0,SwinPix2Pix-3D-T2  vs  BEST(ResViT-2D+3D-refine-T2+FLAIR),ssim,16,0.6006230459138276,0.658439224336774,3.0,0.000152587890625
all,tumor,5.0,SwinPix2Pix-3D-T2  vs  BEST(ResViT-2D+3D-refine-T2+FLAIR),psnr,16,15.097234498954077,16.28713489807117,18.0,0.00762939453125
all,tumor,5.0,SwinPix2Pix-3D-T2  vs  BEST(ResViT-2D+3D-refine-T2+FLAIR),lpips,16,0.1686259472062215,0.1511264148176766,22.0,0.0155029296875
all,tumor,5.0,pix2pix-3D-T2  vs  BEST(ResViT-2D+3D-refine-T2+FLAIR),ssim,16,0.5967766573397908,0.658439224336774,0.0,3.0517578125e-05
all,tumor,5.0,pix2pix-3D-T2  vs  BEST(ResViT-2D+3D-refine-T2+FLAIR),psnr,16,14.862120456114745,16.28713489807117,10.0,0.001312255859375
all,tumor,5.0,pix2pix-3D-T2  vs  BEST(ResViT-2D+3D-refine-T2+FLAIR),lpips,16,0.1703637957440106,0.1511264148176766,21.0,0.013092041015625
all,tumor,5.0,CUT-3D-T2  vs  BEST(ResViT-2D+3D-refine-T2+FLAIR),ssim,16,0.5997568333555422,0.658439224336774,0.0,3.0517578125e-05
all,tumor,5.0,CUT-3D-T2  vs  BEST(ResViT-2D+3D-refine-T2+FLAIR),psnr,16,15.206699018966326,16.28713489807117,19.0,0.009185791015625
all,tumor,5.0,CUT-3D-T2  vs  BEST(ResViT-2D+3D-refine-T2+FLAIR),lpips,16,0.13363296272707614,0.1511264148176766,21.0,0.013092041015625
all,tumor,5.0,CUT-3D-T2+FLAIR  vs  BEST(ResViT-2D+3D-refine-T2+FLAIR),ssim,16,0.5938707299303106,0.658439224336774,0.0,3.0517578125e-05
all,tumor,5.0,CUT-3D-T2+FLAIR  vs  BEST(ResViT-2D+3D-refine-T2+FLAIR),psnr,16,15.100419936098122,16.28713489807117,11.0,0.001678466796875
all,tumor,5.0,CUT-3D-T2+FLAIR  vs  BEST(ResViT-2D+3D-refine-T2+FLAIR),lpips,16,0.13656932935491467,0.1511264148176766,31.0,0.05767822265625
all,tumor,5.0,CycleGAN-2D-T2  vs  BEST(ResViT-2D+3D-refine-T2+FLAIR),ssim,16,0.574126564183715,0.658439224336774,5.0,0.00030517578125
all,tumor,5.0,CycleGAN-2D-T2  vs  BEST(ResViT-2D+3D-refine-T2+FLAIR),psnr,16,14.272632592283955,16.28713489807117,9.0,0.001007080078125
all,tumor,5.0,CycleGAN-2D-T2  vs  BEST(ResViT-2D+3D-refine-T2+FLAIR),lpips,16,0.1879631177866744,0.1511264148176766,8.0,0.000762939453125
all,cavity,0.0,CycleGAN-2D+3D-post-T2+FLAIR  vs  BEST(SwinPix2Pix-2D+3D-post-T2+FLAIR),ssim,10,0.6966586727185138,0.7020696497173636,24.0,0.76953125
all,cavity,0.0,CycleGAN-2D+3D-post-T2+FLAIR  vs  BEST(SwinPix2Pix-2D+3D-post-T2+FLAIR),psnr,10,9.760584740343749,10.359683813164025,17.0,0.322265625
all,cavity,0.0,CycleGAN-2D+3D-post-T2+FLAIR  vs  BEST(SwinPix2Pix-2D+3D-post-T2+FLAIR),lpips,10,0.13936015093839502,0.13760823746909906,24.0,0.76953125
all,cavity,0.0,ResViT-2D+3D-refine-T2+FLAIR  vs  BEST(SwinPix2Pix-2D+3D-post-T2+FLAIR),ssim,10,0.6949094424644742,0.7020696497173636,20.0,0.4921875
all,cavity,0.0,ResViT-2D+3D-refine-T2+FLAIR  vs  BEST(SwinPix2Pix-2D+3D-post-T2+FLAIR),psnr,10,10.11641524718573,10.359683813164025,22.0,0.625
all,cavity,0.0,ResViT-2D+3D-refine-T2+FLAIR  vs  BEST(SwinPix2Pix-2D+3D-post-T2+FLAIR),lpips,10,0.13306574720725828,0.13760823746909906,22.0,0.625
all,cavity,0.0,CUT-2D+3D-post-T2+FLAIR  vs  BEST(SwinPix2Pix-2D+3D-post-T2+FLAIR),ssim,10,0.6920244328819026,0.7020696497173636,19.0,0.431640625
all,cavity,0.0,CUT-2D+3D-post-T2+FLAIR  vs  BEST(SwinPix2Pix-2D+3D-post-T2+FLAIR),psnr,10,9.671948684174966,10.359683813164025,13.0,0.16015625
all,cavity,0.0,CUT-2D+3D-post-T2+FLAIR  vs  BEST(SwinPix2Pix-2D+3D-post-T2+FLAIR),lpips,10,0.13833615243817038,0.13760823746909906,23.0,0.6953125
all,cavity,0.0,pix2pix-2D+3D-post-T2+FLAIR  vs  BEST(SwinPix2Pix-2D+3D-post-T2+FLAIR),ssim,10,0.6919160550196132,0.7020696497173636,18.0,0.375
all,cavity,0.0,pix2pix-2D+3D-post-T2+FLAIR  vs  BEST(SwinPix2Pix-2D+3D-post-T2+FLAIR),psnr,10,9.518175332824196,10.359683813164025,8.0,0.048828125
all,cavity,0.0,pix2pix-2D+3D-post-T2+FLAIR  vs  BEST(SwinPix2Pix-2D+3D-post-T2+FLAIR),lpips,10,0.1440566376609888,0.13760823746909906,12.0,0.130859375
all,cavity,0.0,pix2pix-2D+3D-post-T2  vs  BEST(SwinPix2Pix-2D+3D-post-T2+FLAIR),ssim,10,0.7016092760465947,0.7020696497173636,26.0,0.921875
all,cavity,0.0,pix2pix-2D+3D-post-T2  vs  BEST(SwinPix2Pix-2D+3D-post-T2+FLAIR),psnr,10,10.0191287393574,10.359683813164025,11.0,0.10546875
all,cavity,0.0,pix2pix-2D+3D-post-T2  vs  BEST(SwinPix2Pix-2D+3D-post-T2+FLAIR),lpips,10,0.13838520804704788,0.13760823746909906,25.0,0.845703125
all,cavity,0.0,CUT-2D+3D-post-T2  vs  BEST(SwinPix2Pix-2D+3D-post-T2+FLAIR),ssim,10,0.6941675670541765,0.7020696497173636,20.0,0.4921875
all,cavity,0.0,CUT-2D+3D-post-T2  vs  BEST(SwinPix2Pix-2D+3D-post-T2+FLAIR),psnr,10,9.625553463872436,10.359683813164025,9.0,0.064453125
all,cavity,0.0,CUT-2D+3D-post-T2  vs  BEST(SwinPix2Pix-2D+3D-post-T2+FLAIR),lpips,10,0.14516653144184163,0.13760823746909906,17.0,0.322265625
all,cavity,0.0,SynDiff-3D-T2+FLAIR  vs  BEST(SwinPix2Pix-2D+3D-post-T2+FLAIR),ssim,10,0.6859280117355502,0.7020696497173636,24.0,0.76953125
all,cavity,0.0,SynDiff-3D-T2+FLAIR  vs  BEST(SwinPix2Pix-2D+3D-post-T2+FLAIR),psnr,10,10.36756923231084,10.359683813164025,26.0,0.921875
all,cavity,0.0,SynDiff-3D-T2+FLAIR  vs  BEST(SwinPix2Pix-2D+3D-post-T2+FLAIR),lpips,10,0.14821549412302754,0.13760823746909906,21.0,0.556640625
all,cavity,0.0,ResViT-3D-T2+FLAIR  vs  BEST(SwinPix2Pix-2D+3D-post-T2+FLAIR),ssim,10,0.6847800063184456,0.7020696497173636,19.0,0.431640625
all,cavity,0.0,ResViT-3D-T2+FLAIR  vs  BEST(SwinPix2Pix-2D+3D-post-T2+FLAIR),psnr,10,10.035653303789896,10.359683813164025,21.0,0.556640625
all,cavity,0.0,ResViT-3D-T2+FLAIR  vs  BEST(SwinPix2Pix-2D+3D-post-T2+FLAIR),lpips,10,0.13655343213753499,0.13760823746909906,26.0,0.921875
all,cavity,0.0,SwinPix2Pix-2D+3D-post-T2  vs  BEST(SwinPix2Pix-2D+3D-post-T2+FLAIR),ssim,10,0.6983996555454908,0.7020696497173636,24.0,0.76953125
all,cavity,0.0,SwinPix2Pix-2D+3D-post-T2  vs  BEST(SwinPix2Pix-2D+3D-post-T2+FLAIR),psnr,10,10.076735420699706,10.359683813164025,9.0,0.064453125
all,cavity,0.0,SwinPix2Pix-2D+3D-post-T2  vs  BEST(SwinPix2Pix-2D+3D-post-T2+FLAIR),lpips,10,0.13998116922980458,0.13760823746909906,26.0,0.921875
all,cavity,0.0,ResViT-2D+3D-refine-T2  vs  BEST(SwinPix2Pix-2D+3D-post-T2+FLAIR),ssim,10,0.6822276337881389,0.7020696497173636,10.0,0.083984375
all,cavity,0.0,ResViT-2D+3D-refine-T2  vs  BEST(SwinPix2Pix-2D+3D-post-T2+FLAIR),psnr,10,9.78836441751138,10.359683813164025,8.0,0.048828125
all,cavity,0.0,ResViT-2D+3D-refine-T2  vs  BEST(SwinPix2Pix-2D+3D-post-T2+FLAIR),lpips,10,0.13430046215208633,0.13760823746909906,26.0,0.921875
all,cavity,0.0,pix2pix-3D-T2+FLAIR  vs  BEST(SwinPix2Pix-2D+3D-post-T2+FLAIR),ssim,10,0.6829919150122158,0.7020696497173636,9.0,0.064453125
all,cavity,0.0,pix2pix-3D-T2+FLAIR  vs  BEST(SwinPix2Pix-2D+3D-post-T2+FLAIR),psnr,10,9.850224656575929,10.359683813164025,13.0,0.16015625
all,cavity,0.0,pix2pix-3D-T2+FLAIR  vs  BEST(SwinPix2Pix-2D+3D-post-T2+FLAIR),lpips,10,0.1371872353781125,0.13760823746909906,23.0,0.6953125
all,cavity,0.0,ResViT-2.5D-T2  vs  BEST(SwinPix2Pix-2D+3D-post-T2+FLAIR),ssim,10,0.6833258540349473,0.7020696497173636,17.0,0.322265625
all,cavity,0.0,ResViT-2.5D-T2  vs  BEST(SwinPix2Pix-2D+3D-post-T2+FLAIR),psnr,10,10.286982470467903,10.359683813164025,23.0,0.6953125
all,cavity,0.0,ResViT-2.5D-T2  vs  BEST(SwinPix2Pix-2D+3D-post-T2+FLAIR),lpips,10,0.14233797146047683,0.13760823746909906,21.0,0.556640625
all,cavity,0.0,SynDiff-3D-T2  vs  BEST(SwinPix2Pix-2D+3D-post-T2+FLAIR),ssim,10,0.6844026329118795,0.7020696497173636,23.0,0.6953125
all,cavity,0.0,SynDiff-3D-T2  vs  BEST(SwinPix2Pix-2D+3D-post-T2+FLAIR),psnr,10,10.186879880986854,10.359683813164025,21.0,0.556640625
all,cavity,0.0,SynDiff-3D-T2  vs  BEST(SwinPix2Pix-2D+3D-post-T2+FLAIR),lpips,10,0.14352055130433672,0.13760823746909906,25.0,0.845703125
all,cavity,0.0,pix2pix-2.5D-T2+FLAIR  vs  BEST(SwinPix2Pix-2D+3D-post-T2+FLAIR),ssim,10,0.6818643545287736,0.7020696497173636,12.0,0.130859375
all,cavity,0.0,pix2pix-2.5D-T2+FLAIR  vs  BEST(SwinPix2Pix-2D+3D-post-T2+FLAIR),psnr,10,9.366820348970814,10.359683813164025,6.0,0.02734375
all,cavity,0.0,pix2pix-2.5D-T2+FLAIR  vs  BEST(SwinPix2Pix-2D+3D-post-T2+FLAIR),lpips,10,0.14395631678086843,0.13760823746909906,17.0,0.322265625
all,cavity,0.0,CycleGAN-2D+3D-post-T2  vs  BEST(SwinPix2Pix-2D+3D-post-T2+FLAIR),ssim,10,0.6916997472282922,0.7020696497173636,20.0,0.4921875
all,cavity,0.0,CycleGAN-2D+3D-post-T2  vs  BEST(SwinPix2Pix-2D+3D-post-T2+FLAIR),psnr,10,9.635582741273547,10.359683813164025,14.0,0.193359375
all,cavity,0.0,CycleGAN-2D+3D-post-T2  vs  BEST(SwinPix2Pix-2D+3D-post-T2+FLAIR),lpips,10,0.14046784716626298,0.13760823746909906,22.0,0.625
all,cavity,0.0,CUT-2.5D-T2+FLAIR  vs  BEST(SwinPix2Pix-2D+3D-post-T2+FLAIR),ssim,10,0.6810386179292973,0.7020696497173636,15.0,0.232421875
all,cavity,0.0,CUT-2.5D-T2+FLAIR  vs  BEST(SwinPix2Pix-2D+3D-post-T2+FLAIR),psnr,10,9.220036962031214,10.359683813164025,7.0,0.037109375
all,cavity,0.0,CUT-2.5D-T2+FLAIR  vs  BEST(SwinPix2Pix-2D+3D-post-T2+FLAIR),lpips,10,0.1439391337764602,0.13760823746909906,19.0,0.431640625
all,cavity,0.0,ResViT-2D-T2  vs  BEST(SwinPix2Pix-2D+3D-post-T2+FLAIR),ssim,10,0.6936498612787791,0.7020696497173636,23.0,0.6953125
all,cavity,0.0,ResViT-2D-T2  vs  BEST(SwinPix2Pix-2D+3D-post-T2+FLAIR),psnr,10,10.361037938804454,10.359683813164025,25.0,0.845703125
all,cavity,0.0,ResViT-2D-T2  vs  BEST(SwinPix2Pix-2D+3D-post-T2+FLAIR),lpips,10,0.13188295503674766,0.13760823746909906,25.0,0.845703125
all,cavity,0.0,SwinPix2Pix-3D-T2+FLAIR  vs  BEST(SwinPix2Pix-2D+3D-post-T2+FLAIR),ssim,10,0.6786191191738074,0.7020696497173636,5.0,0.01953125
all,cavity,0.0,SwinPix2Pix-3D-T2+FLAIR  vs  BEST(SwinPix2Pix-2D+3D-post-T2+FLAIR),psnr,10,9.485841867632518,10.359683813164025,6.0,0.02734375
all,cavity,0.0,SwinPix2Pix-3D-T2+FLAIR  vs  BEST(SwinPix2Pix-2D+3D-post-T2+FLAIR),lpips,10,0.14251741874501248,0.13760823746909906,21.0,0.556640625
all,cavity,0.0,SynDiff-3D+3D-refine-T2  vs  BEST(SwinPix2Pix-2D+3D-post-T2+FLAIR),ssim,10,0.6658062443512616,0.7020696497173636,3.0,0.009765625
all,cavity,0.0,SynDiff-3D+3D-refine-T2  vs  BEST(SwinPix2Pix-2D+3D-post-T2+FLAIR),psnr,10,9.490072860444684,10.359683813164025,8.0,0.048828125
all,cavity,0.0,SynDiff-3D+3D-refine-T2  vs  BEST(SwinPix2Pix-2D+3D-post-T2+FLAIR),lpips,10,0.14711882852089955,0.13760823746909906,14.0,0.193359375
all,cavity,0.0,pix2pix-2D-T2+FLAIR  vs  BEST(SwinPix2Pix-2D+3D-post-T2+FLAIR),ssim,10,0.6762574759570676,0.7020696497173636,10.0,0.083984375
all,cavity,0.0,pix2pix-2D-T2+FLAIR  vs  BEST(SwinPix2Pix-2D+3D-post-T2+FLAIR),psnr,10,9.068401168020731,10.359683813164025,4.0,0.013671875
all,cavity,0.0,pix2pix-2D-T2+FLAIR  vs  BEST(SwinPix2Pix-2D+3D-post-T2+FLAIR),lpips,10,0.14820850454801035,0.13760823746909906,11.0,0.10546875
all,cavity,0.0,SwinPix2Pix-2D-T2+FLAIR  vs  BEST(SwinPix2Pix-2D+3D-post-T2+FLAIR),ssim,10,0.6743338193707604,0.7020696497173636,5.0,0.01953125
all,cavity,0.0,SwinPix2Pix-2D-T2+FLAIR  vs  BEST(SwinPix2Pix-2D+3D-post-T2+FLAIR),psnr,10,9.390960968287128,10.359683813164025,7.0,0.037109375
all,cavity,0.0,SwinPix2Pix-2D-T2+FLAIR  vs  BEST(SwinPix2Pix-2D+3D-post-T2+FLAIR),lpips,10,0.14427128754356916,0.13760823746909906,16.0,0.275390625
all,cavity,0.0,CycleGAN-2D-T2+FLAIR  vs  BEST(SwinPix2Pix-2D+3D-post-T2+FLAIR),ssim,10,0.6734034573207757,0.7020696497173636,9.0,0.064453125
all,cavity,0.0,CycleGAN-2D-T2+FLAIR  vs  BEST(SwinPix2Pix-2D+3D-post-T2+FLAIR),psnr,10,9.233601251745148,10.359683813164025,6.0,0.02734375
all,cavity,0.0,CycleGAN-2D-T2+FLAIR  vs  BEST(SwinPix2Pix-2D+3D-post-T2+FLAIR),lpips,10,0.14363414208415418,0.13760823746909906,14.0,0.193359375
all,cavity,0.0,pix2pix-2.5D-T2  vs  BEST(SwinPix2Pix-2D+3D-post-T2+FLAIR),ssim,10,0.6798446126251291,0.7020696497173636,11.0,0.10546875
all,cavity,0.0,pix2pix-2.5D-T2  vs  BEST(SwinPix2Pix-2D+3D-post-T2+FLAIR),psnr,10,9.310313934341021,10.359683813164025,7.0,0.037109375
all,cavity,0.0,pix2pix-2.5D-T2  vs  BEST(SwinPix2Pix-2D+3D-post-T2+FLAIR),lpips,10,0.14536303816857576,0.13760823746909906,15.0,0.232421875
all,cavity,0.0,SynDiff-2D-T2  vs  BEST(SwinPix2Pix-2D+3D-post-T2+FLAIR),ssim,10,0.6692008076500977,0.7020696497173636,8.0,0.048828125
all,cavity,0.0,SynDiff-2D-T2  vs  BEST(SwinPix2Pix-2D+3D-post-T2+FLAIR),psnr,10,9.65718634316442,10.359683813164025,12.0,0.130859375
all,cavity,0.0,SynDiff-2D-T2  vs  BEST(SwinPix2Pix-2D+3D-post-T2+FLAIR),lpips,10,0.15175394822604743,0.13760823746909906,14.0,0.193359375
all,cavity,0.0,pix2pix-2D-T2  vs  BEST(SwinPix2Pix-2D+3D-post-T2+FLAIR),ssim,10,0.6800322064346993,0.7020696497173636,11.0,0.10546875
all,cavity,0.0,pix2pix-2D-T2  vs  BEST(SwinPix2Pix-2D+3D-post-T2+FLAIR),psnr,10,9.282979471693483,10.359683813164025,6.0,0.02734375
all,cavity,0.0,pix2pix-2D-T2  vs  BEST(SwinPix2Pix-2D+3D-post-T2+FLAIR),lpips,10,0.1465464676645485,0.13760823746909906,13.0,0.16015625
all,cavity,0.0,CUT-3D-T2+FLAIR  vs  BEST(SwinPix2Pix-2D+3D-post-T2+FLAIR),ssim,10,0.6710019287953907,0.7020696497173636,7.0,0.037109375
all,cavity,0.0,CUT-3D-T2+FLAIR  vs  BEST(SwinPix2Pix-2D+3D-post-T2+FLAIR),psnr,10,10.048146980811305,10.359683813164025,17.0,0.322265625
all,cavity,0.0,CUT-3D-T2+FLAIR  vs  BEST(SwinPix2Pix-2D+3D-post-T2+FLAIR),lpips,10,0.1371550062937706,0.13760823746909906,27.0,1.0
all,cavity,0.0,ResViT-3D-T2  vs  BEST(SwinPix2Pix-2D+3D-post-T2+FLAIR),ssim,10,0.6886509638752849,0.7020696497173636,22.0,0.625
all,cavity,0.0,ResViT-3D-T2  vs  BEST(SwinPix2Pix-2D+3D-post-T2+FLAIR),psnr,10,10.332095884458585,10.359683813164025,26.0,0.921875
all,cavity,0.0,ResViT-3D-T2  vs  BEST(SwinPix2Pix-2D+3D-post-T2+FLAIR),lpips,10,0.13591633770493594,0.13760823746909906,22.0,0.625
all,cavity,0.0,SwinPix2Pix-2D-T2  vs  BEST(SwinPix2Pix-2D+3D-post-T2+FLAIR),ssim,10,0.6820117142646877,0.7020696497173636,12.0,0.130859375
all,cavity,0.0,SwinPix2Pix-2D-T2  vs  BEST(SwinPix2Pix-2D+3D-post-T2+FLAIR),psnr,10,9.515455886398623,10.359683813164025,7.0,0.037109375
all,cavity,0.0,SwinPix2Pix-2D-T2  vs  BEST(SwinPix2Pix-2D+3D-post-T2+FLAIR),lpips,10,0.14291752537638075,0.13760823746909906,16.0,0.275390625
all,cavity,0.0,SwinPix2Pix-3D-T2  vs  BEST(SwinPix2Pix-2D+3D-post-T2+FLAIR),ssim,10,0.6759753913168862,0.7020696497173636,8.0,0.048828125
all,cavity,0.0,SwinPix2Pix-3D-T2  vs  BEST(SwinPix2Pix-2D+3D-post-T2+FLAIR),psnr,10,9.812145929312688,10.359683813164025,11.0,0.10546875
all,cavity,0.0,SwinPix2Pix-3D-T2  vs  BEST(SwinPix2Pix-2D+3D-post-T2+FLAIR),lpips,10,0.13899820475520133,0.13760823746909906,26.0,0.921875
all,cavity,0.0,CUT-2.5D-T2  vs  BEST(SwinPix2Pix-2D+3D-post-T2+FLAIR),ssim,10,0.6732445599270275,0.7020696497173636,7.0,0.037109375
all,cavity,0.0,CUT-2.5D-T2  vs  BEST(SwinPix2Pix-2D+3D-post-T2+FLAIR),psnr,10,9.08589147380317,10.359683813164025,5.0,0.01953125
all,cavity,0.0,CUT-2.5D-T2  vs  BEST(SwinPix2Pix-2D+3D-post-T2+FLAIR),lpips,10,0.14764161254353522,0.13760823746909906,14.0,0.193359375
all,cavity,0.0,SynDiff-2D-T2+FLAIR  vs  BEST(SwinPix2Pix-2D+3D-post-T2+FLAIR),ssim,10,0.6680683166806686,0.7020696497173636,9.0,0.064453125
all,cavity,0.0,SynDiff-2D-T2+FLAIR  vs  BEST(SwinPix2Pix-2D+3D-post-T2+FLAIR),psnr,10,9.755225226612561,10.359683813164025,14.0,0.193359375
all,cavity,0.0,SynDiff-2D-T2+FLAIR  vs  BEST(SwinPix2Pix-2D+3D-post-T2+FLAIR),lpips,10,0.15284955371135384,0.13760823746909906,15.0,0.232421875
all,cavity,0.0,SwinPix2Pix-2.5D-T2  vs  BEST(SwinPix2Pix-2D+3D-post-T2+FLAIR),ssim,10,0.6797293353397946,0.7020696497173636,6.0,0.02734375
all,cavity,0.0,SwinPix2Pix-2.5D-T2  vs  BEST(SwinPix2Pix-2D+3D-post-T2+FLAIR),psnr,10,9.552831636761878,10.359683813164025,8.0,0.048828125
all,cavity,0.0,SwinPix2Pix-2.5D-T2  vs  BEST(SwinPix2Pix-2D+3D-post-T2+FLAIR),lpips,10,0.14490116971059772,0.13760823746909906,15.0,0.232421875
all,cavity,0.0,SwinPix2Pix-2.5D-T2+FLAIR  vs  BEST(SwinPix2Pix-2D+3D-post-T2+FLAIR),ssim,10,0.6664363669562614,0.7020696497173636,6.0,0.02734375
all,cavity,0.0,SwinPix2Pix-2.5D-T2+FLAIR  vs  BEST(SwinPix2Pix-2D+3D-post-T2+FLAIR),psnr,10,9.252722302254522,10.359683813164025,4.0,0.013671875
all,cavity,0.0,SwinPix2Pix-2.5D-T2+FLAIR  vs  BEST(SwinPix2Pix-2D+3D-post-T2+FLAIR),lpips,10,0.14759932327166778,0.13760823746909906,15.0,0.232421875
all,cavity,0.0,CycleGAN-2.5D-T2  vs  BEST(SwinPix2Pix-2D+3D-post-T2+FLAIR),ssim,10,0.6742593002357226,0.7020696497173636,10.0,0.083984375
all,cavity,0.0,CycleGAN-2.5D-T2  vs  BEST(SwinPix2Pix-2D+3D-post-T2+FLAIR),psnr,10,9.149078520024617,10.359683813164025,5.0,0.01953125
all,cavity,0.0,CycleGAN-2.5D-T2  vs  BEST(SwinPix2Pix-2D+3D-post-T2+FLAIR),lpips,10,0.14484551843203783,0.13760823746909906,16.0,0.275390625
all,cavity,0.0,pix2pix-3D-T2  vs  BEST(SwinPix2Pix-2D+3D-post-T2+FLAIR),ssim,10,0.6679318959265121,0.7020696497173636,4.0,0.013671875
all,cavity,0.0,pix2pix-3D-T2  vs  BEST(SwinPix2Pix-2D+3D-post-T2+FLAIR),psnr,10,9.599115616177283,10.359683813164025,8.0,0.048828125
all,cavity,0.0,pix2pix-3D-T2  vs  BEST(SwinPix2Pix-2D+3D-post-T2+FLAIR),lpips,10,0.1405913535628009,0.13760823746909906,24.0,0.76953125
all,cavity,0.0,SynDiff-2.5D-T2  vs  BEST(SwinPix2Pix-2D+3D-post-T2+FLAIR),ssim,10,0.6588413478128095,0.7020696497173636,1.0,0.00390625
all,cavity,0.0,SynDiff-2.5D-T2  vs  BEST(SwinPix2Pix-2D+3D-post-T2+FLAIR),psnr,10,9.496908023629356,10.359683813164025,6.0,0.02734375
all,cavity,0.0,SynDiff-2.5D-T2  vs  BEST(SwinPix2Pix-2D+3D-post-T2+FLAIR),lpips,10,0.15431170001740405,0.13760823746909906,10.0,0.083984375
all,cavity,0.0,CycleGAN-2.5D-T2+FLAIR  vs  BEST(SwinPix2Pix-2D+3D-post-T2+FLAIR),ssim,10,0.6662227315453528,0.7020696497173636,7.0,0.037109375
all,cavity,0.0,CycleGAN-2.5D-T2+FLAIR  vs  BEST(SwinPix2Pix-2D+3D-post-T2+FLAIR),psnr,10,8.983028582793654,10.359683813164025,5.0,0.01953125
all,cavity,0.0,CycleGAN-2.5D-T2+FLAIR  vs  BEST(SwinPix2Pix-2D+3D-post-T2+FLAIR),lpips,10,0.14513814813578513,0.13760823746909906,16.0,0.275390625
all,cavity,0.0,CUT-2D-T2  vs  BEST(SwinPix2Pix-2D+3D-post-T2+FLAIR),ssim,10,0.6711651843358915,0.7020696497173636,5.0,0.01953125
all,cavity,0.0,CUT-2D-T2  vs  BEST(SwinPix2Pix-2D+3D-post-T2+FLAIR),psnr,10,9.083312562889784,10.359683813164025,5.0,0.01953125
all,cavity,0.0,CUT-2D-T2  vs  BEST(SwinPix2Pix-2D+3D-post-T2+FLAIR),lpips,10,0.14940936934355428,0.13760823746909906,11.0,0.10546875
all,cavity,0.0,ResViT-2.5D-T2+FLAIR  vs  BEST(SwinPix2Pix-2D+3D-post-T2+FLAIR),ssim,10,0.66455367879345,0.7020696497173636,4.0,0.013671875
all,cavity,0.0,ResViT-2.5D-T2+FLAIR  vs  BEST(SwinPix2Pix-2D+3D-post-T2+FLAIR),psnr,10,9.519094262525075,10.359683813164025,8.0,0.048828125
all,cavity,0.0,ResViT-2.5D-T2+FLAIR  vs  BEST(SwinPix2Pix-2D+3D-post-T2+FLAIR),lpips,10,0.1375930213022957,0.13760823746909906,27.0,1.0
all,cavity,0.0,CycleGAN-3D-T2+FLAIR  vs  BEST(SwinPix2Pix-2D+3D-post-T2+FLAIR),ssim,10,0.6620233979000478,0.7020696497173636,2.0,0.005859375
all,cavity,0.0,CycleGAN-3D-T2+FLAIR  vs  BEST(SwinPix2Pix-2D+3D-post-T2+FLAIR),psnr,10,9.361918193465355,10.359683813164025,4.0,0.013671875
all,cavity,0.0,CycleGAN-3D-T2+FLAIR  vs  BEST(SwinPix2Pix-2D+3D-post-T2+FLAIR),lpips,10,0.14381782300924958,0.13760823746909906,22.0,0.625
all,cavity,0.0,ResViT-2D-T2+FLAIR  vs  BEST(SwinPix2Pix-2D+3D-post-T2+FLAIR),ssim,10,0.6620029083209845,0.7020696497173636,0.0,0.001953125
all,cavity,0.0,ResViT-2D-T2+FLAIR  vs  BEST(SwinPix2Pix-2D+3D-post-T2+FLAIR),psnr,10,9.36672208688299,10.359683813164025,4.0,0.013671875
all,cavity,0.0,ResViT-2D-T2+FLAIR  vs  BEST(SwinPix2Pix-2D+3D-post-T2+FLAIR),lpips,10,0.1449470661173393,0.13760823746909906,15.0,0.232421875
all,cavity,0.0,SynDiff-3D+3D-refine-T2+FLAIR  vs  BEST(SwinPix2Pix-2D+3D-post-T2+FLAIR),ssim,10,0.6607308494670141,0.7020696497173636,5.0,0.01953125
all,cavity,0.0,SynDiff-3D+3D-refine-T2+FLAIR  vs  BEST(SwinPix2Pix-2D+3D-post-T2+FLAIR),psnr,10,9.685448269277243,10.359683813164025,11.0,0.10546875
all,cavity,0.0,SynDiff-3D+3D-refine-T2+FLAIR  vs  BEST(SwinPix2Pix-2D+3D-post-T2+FLAIR),lpips,10,0.1583553410032351,0.13760823746909906,6.0,0.02734375
all,cavity,0.0,CUT-3D-T2  vs  BEST(SwinPix2Pix-2D+3D-post-T2+FLAIR),ssim,10,0.6713332754037513,0.7020696497173636,8.0,0.048828125
all,cavity,0.0,CUT-3D-T2  vs  BEST(SwinPix2Pix-2D+3D-post-T2+FLAIR),psnr,10,10.138236575870852,10.359683813164025,20.0,0.4921875
all,cavity,0.0,CUT-3D-T2  vs  BEST(SwinPix2Pix-2D+3D-post-T2+FLAIR),lpips,10,0.13891976563413566,0.13760823746909906,26.0,0.921875
all,cavity,0.0,CycleGAN-3D-T2  vs  BEST(SwinPix2Pix-2D+3D-post-T2+FLAIR),ssim,10,0.6619871008020993,0.7020696497173636,2.0,0.005859375
all,cavity,0.0,CycleGAN-3D-T2  vs  BEST(SwinPix2Pix-2D+3D-post-T2+FLAIR),psnr,10,9.211885638735577,10.359683813164025,4.0,0.013671875
all,cavity,0.0,CycleGAN-3D-T2  vs  BEST(SwinPix2Pix-2D+3D-post-T2+FLAIR),lpips,10,0.14551368854238175,0.13760823746909906,19.0,0.431640625
all,cavity,0.0,CUT-2D-T2+FLAIR  vs  BEST(SwinPix2Pix-2D+3D-post-T2+FLAIR),ssim,10,0.6551426232269486,0.7020696497173636,4.0,0.013671875
all,cavity,0.0,CUT-2D-T2+FLAIR  vs  BEST(SwinPix2Pix-2D+3D-post-T2+FLAIR),psnr,10,9.042198043429497,10.359683813164025,8.0,0.048828125
all,cavity,0.0,CUT-2D-T2+FLAIR  vs  BEST(SwinPix2Pix-2D+3D-post-T2+FLAIR),lpips,10,0.14125174538313914,0.13760823746909906,21.0,0.556640625
all,cavity,0.0,SynDiff-2.5D-T2+FLAIR  vs  BEST(SwinPix2Pix-2D+3D-post-T2+FLAIR),ssim,10,0.6441897933187146,0.7020696497173636,0.0,0.001953125
all,cavity,0.0,SynDiff-2.5D-T2+FLAIR  vs  BEST(SwinPix2Pix-2D+3D-post-T2+FLAIR),psnr,10,9.069867381951532,10.359683813164025,2.0,0.005859375
all,cavity,0.0,SynDiff-2.5D-T2+FLAIR  vs  BEST(SwinPix2Pix-2D+3D-post-T2+FLAIR),lpips,10,0.15361626497372458,0.13760823746909906,12.0,0.130859375
all,cavity,0.0,CycleGAN-2D-T2  vs  BEST(SwinPix2Pix-2D+3D-post-T2+FLAIR),ssim,10,0.609120844792929,0.7020696497173636,3.0,0.009765625
all,cavity,0.0,CycleGAN-2D-T2  vs  BEST(SwinPix2Pix-2D+3D-post-T2+FLAIR),psnr,10,8.424586310370529,10.359683813164025,2.0,0.005859375
all,cavity,0.0,CycleGAN-2D-T2  vs  BEST(SwinPix2Pix-2D+3D-post-T2+FLAIR),lpips,10,0.17942806853624116,0.13760823746909906,9.0,0.064453125
all,cavity,5.0,ResViT-2.5D-T2+FLAIR  vs  BEST(ResViT-2D+3D-refine-T2+FLAIR),ssim,10,0.6370414222273295,0.6505048978300131,8.0,0.048828125
all,cavity,5.0,ResViT-2.5D-T2+FLAIR  vs  BEST(ResViT-2D+3D-refine-T2+FLAIR),psnr,10,13.048315412141951,13.377679008417994,10.0,0.083984375
all,cavity,5.0,ResViT-2.5D-T2+FLAIR  vs  BEST(ResViT-2D+3D-refine-T2+FLAIR),lpips,10,0.15637840832960934,0.1678810989750268,5.0,0.01953125
all,cavity,5.0,ResViT-2D+3D-refine-T2  vs  BEST(ResViT-2D+3D-refine-T2+FLAIR),ssim,10,0.6363210472534747,0.6505048978300131,8.0,0.048828125
all,cavity,5.0,ResViT-2D+3D-refine-T2  vs  BEST(ResViT-2D+3D-refine-T2+FLAIR),psnr,10,13.248362147581522,13.377679008417994,22.0,0.625
all,cavity,5.0,ResViT-2D+3D-refine-T2  vs  BEST(ResViT-2D+3D-refine-T2+FLAIR),lpips,10,0.15693130411513104,0.1678810989750268,12.0,0.130859375
all,cavity,5.0,ResViT-2.5D-T2  vs  BEST(ResViT-2D+3D-refine-T2+FLAIR),ssim,10,0.6403092916144353,0.6505048978300131,19.0,0.431640625
all,cavity,5.0,ResViT-2.5D-T2  vs  BEST(ResViT-2D+3D-refine-T2+FLAIR),psnr,10,13.362176674721152,13.377679008417994,27.0,1.0
all,cavity,5.0,ResViT-2.5D-T2  vs  BEST(ResViT-2D+3D-refine-T2+FLAIR),lpips,10,0.146387460054047,0.1678810989750268,8.0,0.048828125
all,cavity,5.0,ResViT-2D-T2  vs  BEST(ResViT-2D+3D-refine-T2+FLAIR),ssim,10,0.6398750286258362,0.6505048978300131,16.0,0.275390625
all,cavity,5.0,ResViT-2D-T2  vs  BEST(ResViT-2D+3D-refine-T2+FLAIR),psnr,10,13.188228555847308,13.377679008417994,23.0,0.6953125
all,cavity,5.0,ResViT-2D-T2  vs  BEST(ResViT-2D+3D-refine-T2+FLAIR),lpips,10,0.14371473514286387,0.1678810989750268,1.0,0.00390625
all,cavity,5.0,SynDiff-2D-T2+FLAIR  vs  BEST(ResViT-2D+3D-refine-T2+FLAIR),ssim,10,0.6254820355020835,0.6505048978300131,9.0,0.064453125
all,cavity,5.0,SynDiff-2D-T2+FLAIR  vs  BEST(ResViT-2D+3D-refine-T2+FLAIR),psnr,10,12.748410632321187,13.377679008417994,12.0,0.130859375
all,cavity,5.0,SynDiff-2D-T2+FLAIR  vs  BEST(ResViT-2D+3D-refine-T2+FLAIR),lpips,10,0.1598929645096921,0.1678810989750268,13.0,0.16015625
all,cavity,5.0,SynDiff-2D-T2  vs  BEST(ResViT-2D+3D-refine-T2+FLAIR),ssim,10,0.6265644163833346,0.6505048978300131,6.0,0.02734375
all,cavity,5.0,SynDiff-2D-T2  vs  BEST(ResViT-2D+3D-refine-T2+FLAIR),psnr,10,12.693267424266327,13.377679008417994,7.0,0.037109375
all,cavity,5.0,SynDiff-2D-T2  vs  BEST(ResViT-2D+3D-refine-T2+FLAIR),lpips,10,0.15045112915527117,0.1678810989750268,7.0,0.037109375
all,cavity,5.0,SwinPix2Pix-2D+3D-post-T2+FLAIR  vs  BEST(ResViT-2D+3D-refine-T2+FLAIR),ssim,10,0.6244617805724196,0.6505048978300131,7.0,0.037109375
all,cavity,5.0,SwinPix2Pix-2D+3D-post-T2+FLAIR  vs  BEST(ResViT-2D+3D-refine-T2+FLAIR),psnr,10,13.512909614552779,13.377679008417994,23.0,0.6953125
all,cavity,5.0,SwinPix2Pix-2D+3D-post-T2+FLAIR  vs  BEST(ResViT-2D+3D-refine-T2+FLAIR),lpips,10,0.2055284582676789,0.1678810989750268,0.0,0.001953125
all,cavity,5.0,pix2pix-2D+3D-post-T2+FLAIR  vs  BEST(ResViT-2D+3D-refine-T2+FLAIR),ssim,10,0.624061863607569,0.6505048978300131,10.0,0.083984375
all,cavity,5.0,pix2pix-2D+3D-post-T2+FLAIR  vs  BEST(ResViT-2D+3D-refine-T2+FLAIR),psnr,10,12.981381010762107,13.377679008417994,16.0,0.275390625
all,cavity,5.0,pix2pix-2D+3D-post-T2+FLAIR  vs  BEST(ResViT-2D+3D-refine-T2+FLAIR),lpips,10,0.22147899442918742,0.1678810989750268,0.0,0.001953125
all,cavity,5.0,SynDiff-3D+3D-refine-T2  vs  BEST(ResViT-2D+3D-refine-T2+FLAIR),ssim,10,0.6234510265021621,0.6505048978300131,10.0,0.083984375
all,cavity,5.0,SynDiff-3D+3D-refine-T2  vs  BEST(ResViT-2D+3D-refine-T2+FLAIR),psnr,10,12.900505284613127,13.377679008417994,12.0,0.130859375
all,cavity,5.0,SynDiff-3D+3D-refine-T2  vs  BEST(ResViT-2D+3D-refine-T2+FLAIR),lpips,10,0.161942455036874,0.1678810989750268,21.0,0.556640625
all,cavity,5.0,CycleGAN-2D+3D-post-T2+FLAIR  vs  BEST(ResViT-2D+3D-refine-T2+FLAIR),ssim,10,0.6190785082204353,0.6505048978300131,9.0,0.064453125
all,cavity,5.0,CycleGAN-2D+3D-post-T2+FLAIR  vs  BEST(ResViT-2D+3D-refine-T2+FLAIR),psnr,10,13.211560770924489,13.377679008417994,24.0,0.76953125
all,cavity,5.0,CycleGAN-2D+3D-post-T2+FLAIR  vs  BEST(ResViT-2D+3D-refine-T2+FLAIR),lpips,10,0.22088632961946603,0.1678810989750268,0.0,0.001953125
all,cavity,5.0,SynDiff-2.5D-T2+FLAIR  vs  BEST(ResViT-2D+3D-refine-T2+FLAIR),ssim,10,0.6186934660985581,0.6505048978300131,0.0,0.001953125
all,cavity,5.0,SynDiff-2.5D-T2+FLAIR  vs  BEST(ResViT-2D+3D-refine-T2+FLAIR),psnr,10,12.446348378468024,13.377679008417994,0.0,0.001953125
all,cavity,5.0,SynDiff-2.5D-T2+FLAIR  vs  BEST(ResViT-2D+3D-refine-T2+FLAIR),lpips,10,0.1489351698074814,0.1678810989750268,9.0,0.064453125
all,cavity,5.0,pix2pix-2D+3D-post-T2  vs  BEST(ResViT-2D+3D-refine-T2+FLAIR),ssim,10,0.6268767718159831,0.6505048978300131,11.0,0.10546875
all,cavity,5.0,pix2pix-2D+3D-post-T2  vs  BEST(ResViT-2D+3D-refine-T2+FLAIR),psnr,10,13.357424684693092,13.377679008417994,22.0,0.625
all,cavity,5.0,pix2pix-2D+3D-post-T2  vs  BEST(ResViT-2D+3D-refine-T2+FLAIR),lpips,10,0.21716926406074855,0.1678810989750268,1.0,0.00390625
all,cavity,5.0,SwinPix2Pix-2D+3D-post-T2  vs  BEST(ResViT-2D+3D-refine-T2+FLAIR),ssim,10,0.6235442043467664,0.6505048978300131,8.0,0.048828125
all,cavity,5.0,SwinPix2Pix-2D+3D-post-T2  vs  BEST(ResViT-2D+3D-refine-T2+FLAIR),psnr,10,13.319506830891044,13.377679008417994,19.0,0.431640625
all,cavity,5.0,SwinPix2Pix-2D+3D-post-T2  vs  BEST(ResViT-2D+3D-refine-T2+FLAIR),lpips,10,0.2108027187406078,0.1678810989750268,0.0,0.001953125
all,cavity,5.0,CUT-2D+3D-post-T2+FLAIR  vs  BEST(ResViT-2D+3D-refine-T2+FLAIR),ssim,10,0.6165362999634986,0.6505048978300131,7.0,0.037109375
all,cavity,5.0,CUT-2D+3D-post-T2+FLAIR  vs  BEST(ResViT-2D+3D-refine-T2+FLAIR),psnr,10,13.17901961562966,13.377679008417994,21.0,0.556640625
all,cavity,5.0,CUT-2D+3D-post-T2+FLAIR  vs  BEST(ResViT-2D+3D-refine-T2+FLAIR),lpips,10,0.21146198492772408,0.1678810989750268,1.0,0.00390625
all,cavity,5.0,SynDiff-2.5D-T2  vs  BEST(ResViT-2D+3D-refine-T2+FLAIR),ssim,10,0.6173995797177151,0.6505048978300131,3.0,0.009765625
all,cavity,5.0,SynDiff-2.5D-T2  vs  BEST(ResViT-2D+3D-refine-T2+FLAIR),psnr,10,12.57432259662975,13.377679008417994,4.0,0.013671875
all,cavity,5.0,SynDiff-2.5D-T2  vs  BEST(ResViT-2D+3D-refine-T2+FLAIR),lpips,10,0.15003061252675226,0.1678810989750268,8.0,0.048828125
all,cavity,5.0,ResViT-3D-T2+FLAIR  vs  BEST(ResViT-2D+3D-refine-T2+FLAIR),ssim,10,0.615431954587158,0.6505048978300131,3.0,0.009765625
all,cavity,5.0,ResViT-3D-T2+FLAIR  vs  BEST(ResViT-2D+3D-refine-T2+FLAIR),psnr,10,12.688454573729462,13.377679008417994,13.0,0.16015625
all,cavity,5.0,ResViT-3D-T2+FLAIR  vs  BEST(ResViT-2D+3D-refine-T2+FLAIR),lpips,10,0.14194470743966472,0.1678810989750268,5.0,0.01953125
all,cavity,5.0,CUT-2D+3D-post-T2  vs  BEST(ResViT-2D+3D-refine-T2+FLAIR),ssim,10,0.6177045355488591,0.6505048978300131,7.0,0.037109375
all,cavity,5.0,CUT-2D+3D-post-T2  vs  BEST(ResViT-2D+3D-refine-T2+FLAIR),psnr,10,13.187785728845279,13.377679008417994,25.0,0.845703125
all,cavity,5.0,CUT-2D+3D-post-T2  vs  BEST(ResViT-2D+3D-refine-T2+FLAIR),lpips,10,0.22684445764989536,0.1678810989750268,0.0,0.001953125
all,cavity,5.0,ResViT-2D-T2+FLAIR  vs  BEST(ResViT-2D+3D-refine-T2+FLAIR),ssim,10,0.6136998274650513,0.6505048978300131,1.0,0.00390625
all,cavity,5.0,ResViT-2D-T2+FLAIR  vs  BEST(ResViT-2D+3D-refine-T2+FLAIR),psnr,10,12.807592580999948,13.377679008417994,0.0,0.001953125
all,cavity,5.0,ResViT-2D-T2+FLAIR  vs  BEST(ResViT-2D+3D-refine-T2+FLAIR),lpips,10,0.1633825859209185,0.1678810989750268,15.0,0.232421875
all,cavity,5.0,SynDiff-3D+3D-refine-T2+FLAIR  vs  BEST(ResViT-2D+3D-refine-T2+FLAIR),ssim,10,0.610235424204062,0.6505048978300131,1.0,0.00390625
all,cavity,5.0,SynDiff-3D+3D-refine-T2+FLAIR  vs  BEST(ResViT-2D+3D-refine-T2+FLAIR),psnr,10,12.60062314448289,13.377679008417994,8.0,0.048828125
all,cavity,5.0,SynDiff-3D+3D-refine-T2+FLAIR  vs  BEST(ResViT-2D+3D-refine-T2+FLAIR),lpips,10,0.173998109593989,0.1678810989750268,21.0,0.556640625
all,cavity,5.0,ResViT-3D-T2  vs  BEST(ResViT-2D+3D-refine-T2+FLAIR),ssim,10,0.6233106175478162,0.6505048978300131,7.0,0.037109375
all,cavity,5.0,ResViT-3D-T2  vs  BEST(ResViT-2D+3D-refine-T2+FLAIR),psnr,10,12.829512132220946,13.377679008417994,19.0,0.431640625
all,cavity,5.0,ResViT-3D-T2  vs  BEST(ResViT-2D+3D-refine-T2+FLAIR),lpips,10,0.1362518073252582,0.1678810989750268,2.0,0.005859375
all,cavity,5.0,SynDiff-3D-T2+FLAIR  vs  BEST(ResViT-2D+3D-refine-T2+FLAIR),ssim,10,0.6082723161278963,0.6505048978300131,3.0,0.009765625
all,cavity,5.0,SynDiff-3D-T2+FLAIR  vs  BEST(ResViT-2D+3D-refine-T2+FLAIR),psnr,10,12.513731956149517,13.377679008417994,10.0,0.083984375
all,cavity,5.0,SynDiff-3D-T2+FLAIR  vs  BEST(ResViT-2D+3D-refine-T2+FLAIR),lpips,10,0.16826484132058195,0.1678810989750268,26.0,0.921875
all,cavity,5.0,SynDiff-3D-T2  vs  BEST(ResViT-2D+3D-refine-T2+FLAIR),ssim,10,0.6067097977014424,0.6505048978300131,3.0,0.009765625
all,cavity,5.0,SynDiff-3D-T2  vs  BEST(ResViT-2D+3D-refine-T2+FLAIR),psnr,10,12.812672459142647,13.377679008417994,16.0,0.275390625
all,cavity,5.0,SynDiff-3D-T2  vs  BEST(ResViT-2D+3D-refine-T2+FLAIR),lpips,10,0.16429984967387598,0.1678810989750268,20.0,0.4921875
all,cavity,5.0,SwinPix2Pix-2D-T2+FLAIR  vs  BEST(ResViT-2D+3D-refine-T2+FLAIR),ssim,10,0.6038972867764986,0.6505048978300131,5.0,0.01953125
all,cavity,5.0,SwinPix2Pix-2D-T2+FLAIR  vs  BEST(ResViT-2D+3D-refine-T2+FLAIR),psnr,10,12.950092960884641,13.377679008417994,15.0,0.232421875
all,cavity,5.0,SwinPix2Pix-2D-T2+FLAIR  vs  BEST(ResViT-2D+3D-refine-T2+FLAIR),lpips,10,0.21178598669797394,0.1678810989750268,1.0,0.00390625
all,cavity,5.0,CycleGAN-2D+3D-post-T2  vs  BEST(ResViT-2D+3D-refine-T2+FLAIR),ssim,10,0.6100372850361739,0.6505048978300131,8.0,0.048828125
all,cavity,5.0,CycleGAN-2D+3D-post-T2  vs  BEST(ResViT-2D+3D-refine-T2+FLAIR),psnr,10,13.194044506739928,13.377679008417994,24.0,0.76953125
all,cavity,5.0,CycleGAN-2D+3D-post-T2  vs  BEST(ResViT-2D+3D-refine-T2+FLAIR),lpips,10,0.2168756609000663,0.1678810989750268,0.0,0.001953125
all,cavity,5.0,CycleGAN-2D-T2+FLAIR  vs  BEST(ResViT-2D+3D-refine-T2+FLAIR),ssim,10,0.601350779131375,0.6505048978300131,6.0,0.02734375
all,cavity,5.0,CycleGAN-2D-T2+FLAIR  vs  BEST(ResViT-2D+3D-refine-T2+FLAIR),psnr,10,12.822596387036437,13.377679008417994,16.0,0.275390625
all,cavity,5.0,CycleGAN-2D-T2+FLAIR  vs  BEST(ResViT-2D+3D-refine-T2+FLAIR),lpips,10,0.22061039391753243,0.1678810989750268,0.0,0.001953125
all,cavity,5.0,CycleGAN-2.5D-T2+FLAIR  vs  BEST(ResViT-2D+3D-refine-T2+FLAIR),ssim,10,0.5994649100805562,0.6505048978300131,6.0,0.02734375
all,cavity,5.0,CycleGAN-2.5D-T2+FLAIR  vs  BEST(ResViT-2D+3D-refine-T2+FLAIR),psnr,10,12.693084064372474,13.377679008417994,13.0,0.16015625
all,cavity,5.0,CycleGAN-2.5D-T2+FLAIR  vs  BEST(ResViT-2D+3D-refine-T2+FLAIR),lpips,10,0.22383319341398672,0.1678810989750268,0.0,0.001953125
all,cavity,5.0,SwinPix2Pix-2.5D-T2+FLAIR  vs  BEST(ResViT-2D+3D-refine-T2+FLAIR),ssim,10,0.597891037223571,0.6505048978300131,4.0,0.013671875
all,cavity,5.0,SwinPix2Pix-2.5D-T2+FLAIR  vs  BEST(ResViT-2D+3D-refine-T2+FLAIR),psnr,10,12.76410108414215,13.377679008417994,11.0,0.10546875
all,cavity,5.0,SwinPix2Pix-2.5D-T2+FLAIR  vs  BEST(ResViT-2D+3D-refine-T2+FLAIR),lpips,10,0.21337408036780875,0.1678810989750268,0.0,0.001953125
all,cavity,5.0,SwinPix2Pix-3D-T2+FLAIR  vs  BEST(ResViT-2D+3D-refine-T2+FLAIR),ssim,10,0.5946046264688188,0.6505048978300131,3.0,0.009765625
all,cavity,5.0,SwinPix2Pix-3D-T2+FLAIR  vs  BEST(ResViT-2D+3D-refine-T2+FLAIR),psnr,10,12.93455748419785,13.377679008417994,13.0,0.16015625
all,cavity,5.0,SwinPix2Pix-3D-T2+FLAIR  vs  BEST(ResViT-2D+3D-refine-T2+FLAIR),lpips,10,0.2007116568666035,0.1678810989750268,1.0,0.00390625
all,cavity,5.0,SwinPix2Pix-2D-T2  vs  BEST(ResViT-2D+3D-refine-T2+FLAIR),ssim,10,0.5997139530260964,0.6505048978300131,7.0,0.037109375
all,cavity,5.0,SwinPix2Pix-2D-T2  vs  BEST(ResViT-2D+3D-refine-T2+FLAIR),psnr,10,13.012523707405757,13.377679008417994,15.0,0.232421875
all,cavity,5.0,SwinPix2Pix-2D-T2  vs  BEST(ResViT-2D+3D-refine-T2+FLAIR),lpips,10,0.2170505327879856,0.1678810989750268,1.0,0.00390625
all,cavity,5.0,CycleGAN-2.5D-T2  vs  BEST(ResViT-2D+3D-refine-T2+FLAIR),ssim,10,0.599186361355546,0.6505048978300131,6.0,0.02734375
all,cavity,5.0,CycleGAN-2.5D-T2  vs  BEST(ResViT-2D+3D-refine-T2+FLAIR),psnr,10,12.839846223269863,13.377679008417994,14.0,0.193359375
all,cavity,5.0,CycleGAN-2.5D-T2  vs  BEST(ResViT-2D+3D-refine-T2+FLAIR),lpips,10,0.22826611789648893,0.1678810989750268,0.0,0.001953125
all,cavity,5.0,SwinPix2Pix-2.5D-T2  vs  BEST(ResViT-2D+3D-refine-T2+FLAIR),ssim,10,0.6025088605454585,0.6505048978300131,5.0,0.01953125
all,cavity,5.0,SwinPix2Pix-2.5D-T2  vs  BEST(ResViT-2D+3D-refine-T2+FLAIR),psnr,10,13.00098505135949,13.377679008417994,15.0,0.232421875
all,cavity,5.0,SwinPix2Pix-2.5D-T2  vs  BEST(ResViT-2D+3D-refine-T2+FLAIR),lpips,10,0.2142033132005495,0.1678810989750268,2.0,0.005859375
all,cavity,5.0,pix2pix-2.5D-T2+FLAIR  vs  BEST(ResViT-2D+3D-refine-T2+FLAIR),ssim,10,0.5921270793126397,0.6505048978300131,5.0,0.01953125
all,cavity,5.0,pix2pix-2.5D-T2+FLAIR  vs  BEST(ResViT-2D+3D-refine-T2+FLAIR),psnr,10,12.938054641299825,13.377679008417994,15.0,0.232421875
all,cavity,5.0,pix2pix-2.5D-T2+FLAIR  vs  BEST(ResViT-2D+3D-refine-T2+FLAIR),lpips,10,0.22850357451010103,0.1678810989750268,0.0,0.001953125
all,cavity,5.0,pix2pix-2.5D-T2  vs  BEST(ResViT-2D+3D-refine-T2+FLAIR),ssim,10,0.5935328447986639,0.6505048978300131,7.0,0.037109375
all,cavity,5.0,pix2pix-2.5D-T2  vs  BEST(ResViT-2D+3D-refine-T2+FLAIR),psnr,10,12.870675784892573,13.377679008417994,16.0,0.275390625
all,cavity,5.0,pix2pix-2.5D-T2  vs  BEST(ResViT-2D+3D-refine-T2+FLAIR),lpips,10,0.2341539293700476,0.1678810989750268,1.0,0.00390625
all,cavity,5.0,CUT-2.5D-T2+FLAIR  vs  BEST(ResViT-2D+3D-refine-T2+FLAIR),ssim,10,0.5905490611569189,0.6505048978300131,5.0,0.01953125
all,cavity,5.0,CUT-2.5D-T2+FLAIR  vs  BEST(ResViT-2D+3D-refine-T2+FLAIR),psnr,10,12.86379301533837,13.377679008417994,16.0,0.275390625
all,cavity,5.0,CUT-2.5D-T2+FLAIR  vs  BEST(ResViT-2D+3D-refine-T2+FLAIR),lpips,10,0.22982439934505097,0.1678810989750268,1.0,0.00390625
all,cavity,5.0,pix2pix-2D-T2+FLAIR  vs  BEST(ResViT-2D+3D-refine-T2+FLAIR),ssim,10,0.5892074132341166,0.6505048978300131,7.0,0.037109375
all,cavity,5.0,pix2pix-2D-T2+FLAIR  vs  BEST(ResViT-2D+3D-refine-T2+FLAIR),psnr,10,12.712779315508262,13.377679008417994,15.0,0.232421875
all,cavity,5.0,pix2pix-2D-T2+FLAIR  vs  BEST(ResViT-2D+3D-refine-T2+FLAIR),lpips,10,0.23597417123696865,0.1678810989750268,1.0,0.00390625
all,cavity,5.0,CUT-2D-T2  vs  BEST(ResViT-2D+3D-refine-T2+FLAIR),ssim,10,0.5904727273469004,0.6505048978300131,7.0,0.037109375
all,cavity,5.0,CUT-2D-T2  vs  BEST(ResViT-2D+3D-refine-T2+FLAIR),psnr,10,12.724558035588633,13.377679008417994,13.0,0.16015625
all,cavity,5.0,CUT-2D-T2  vs  BEST(ResViT-2D+3D-refine-T2+FLAIR),lpips,10,0.22971378320425032,0.1678810989750268,1.0,0.00390625
all,cavity,5.0,pix2pix-2D-T2  vs  BEST(ResViT-2D+3D-refine-T2+FLAIR),ssim,10,0.5887704930299618,0.6505048978300131,8.0,0.048828125
all,cavity,5.0,pix2pix-2D-T2  vs  BEST(ResViT-2D+3D-refine-T2+FLAIR),psnr,10,12.837333007823862,13.377679008417994,15.0,0.232421875
all,cavity,5.0,pix2pix-2D-T2  vs  BEST(ResViT-2D+3D-refine-T2+FLAIR),lpips,10,0.2334240716563054,0.1678810989750268,1.0,0.00390625
all,cavity,5.0,pix2pix-3D-T2+FLAIR  vs  BEST(ResViT-2D+3D-refine-T2+FLAIR),ssim,10,0.5827327386526904,0.6505048978300131,3.0,0.009765625
all,cavity,5.0,pix2pix-3D-T2+FLAIR  vs  BEST(ResViT-2D+3D-refine-T2+FLAIR),psnr,10,12.958923841048485,13.377679008417994,16.0,0.275390625
all,cavity,5.0,pix2pix-3D-T2+FLAIR  vs  BEST(ResViT-2D+3D-refine-T2+FLAIR),lpips,10,0.20531033116006023,0.1678810989750268,0.0,0.001953125
all,cavity,5.0,CUT-2.5D-T2  vs  BEST(ResViT-2D+3D-refine-T2+FLAIR),ssim,10,0.5860621861639521,0.6505048978300131,5.0,0.01953125
all,cavity,5.0,CUT-2.5D-T2  vs  BEST(ResViT-2D+3D-refine-T2+FLAIR),psnr,10,12.75977559111104,13.377679008417994,14.0,0.193359375
all,cavity,5.0,CUT-2.5D-T2  vs  BEST(ResViT-2D+3D-refine-T2+FLAIR),lpips,10,0.23368088571964832,0.1678810989750268,0.0,0.001953125
all,cavity,5.0,SwinPix2Pix-3D-T2  vs  BEST(ResViT-2D+3D-refine-T2+FLAIR),ssim,10,0.5760209462117747,0.6505048978300131,3.0,0.009765625
all,cavity,5.0,SwinPix2Pix-3D-T2  vs  BEST(ResViT-2D+3D-refine-T2+FLAIR),psnr,10,12.884319545759132,13.377679008417994,14.0,0.193359375
all,cavity,5.0,SwinPix2Pix-3D-T2  vs  BEST(ResViT-2D+3D-refine-T2+FLAIR),lpips,10,0.19314220261536422,0.1678810989750268,3.0,0.009765625
all,cavity,5.0,CUT-2D-T2+FLAIR  vs  BEST(ResViT-2D+3D-refine-T2+FLAIR),ssim,10,0.5743303174352996,0.6505048978300131,3.0,0.009765625
all,cavity,5.0,CUT-2D-T2+FLAIR  vs  BEST(ResViT-2D+3D-refine-T2+FLAIR),psnr,10,12.59817644986494,13.377679008417994,11.0,0.10546875
all,cavity,5.0,CUT-2D-T2+FLAIR  vs  BEST(ResViT-2D+3D-refine-T2+FLAIR),lpips,10,0.18948898869088424,0.1678810989750268,11.0,0.10546875
all,cavity,5.0,CycleGAN-3D-T2+FLAIR  vs  BEST(ResViT-2D+3D-refine-T2+FLAIR),ssim,10,0.572471529293757,0.6505048978300131,3.0,0.009765625
all,cavity,5.0,CycleGAN-3D-T2+FLAIR  vs  BEST(ResViT-2D+3D-refine-T2+FLAIR),psnr,10,12.69787669662377,13.377679008417994,12.0,0.130859375
all,cavity,5.0,CycleGAN-3D-T2+FLAIR  vs  BEST(ResViT-2D+3D-refine-T2+FLAIR),lpips,10,0.17773442211705925,0.1678810989750268,23.0,0.6953125
all,cavity,5.0,CycleGAN-3D-T2  vs  BEST(ResViT-2D+3D-refine-T2+FLAIR),ssim,10,0.5769009358930054,0.6505048978300131,3.0,0.009765625
all,cavity,5.0,CycleGAN-3D-T2  vs  BEST(ResViT-2D+3D-refine-T2+FLAIR),psnr,10,12.759857573383233,13.377679008417994,12.0,0.130859375
all,cavity,5.0,CycleGAN-3D-T2  vs  BEST(ResViT-2D+3D-refine-T2+FLAIR),lpips,10,0.18053670789395357,0.1678810989750268,18.0,0.375
all,cavity,5.0,pix2pix-3D-T2  vs  BEST(ResViT-2D+3D-refine-T2+FLAIR),ssim,10,0.5624041688969601,0.6505048978300131,3.0,0.009765625
all,cavity,5.0,pix2pix-3D-T2  vs  BEST(ResViT-2D+3D-refine-T2+FLAIR),psnr,10,12.636523951697969,13.377679008417994,8.0,0.048828125
all,cavity,5.0,pix2pix-3D-T2  vs  BEST(ResViT-2D+3D-refine-T2+FLAIR),lpips,10,0.1930880753279916,0.1678810989750268,9.0,0.064453125
all,cavity,5.0,CUT-3D-T2  vs  BEST(ResViT-2D+3D-refine-T2+FLAIR),ssim,10,0.5682839331843379,0.6505048978300131,0.0,0.001953125
all,cavity,5.0,CUT-3D-T2  vs  BEST(ResViT-2D+3D-refine-T2+FLAIR),psnr,10,12.946124107053203,13.377679008417994,19.0,0.431640625
all,cavity,5.0,CUT-3D-T2  vs  BEST(ResViT-2D+3D-refine-T2+FLAIR),lpips,10,0.16623644022949144,0.1678810989750268,19.0,0.431640625
all,cavity,5.0,CUT-3D-T2+FLAIR  vs  BEST(ResViT-2D+3D-refine-T2+FLAIR),ssim,10,0.5636942609178381,0.6505048978300131,2.0,0.005859375
all,cavity,5.0,CUT-3D-T2+FLAIR  vs  BEST(ResViT-2D+3D-refine-T2+FLAIR),psnr,10,12.899121909868,13.377679008417994,21.0,0.556640625
all,cavity,5.0,CUT-3D-T2+FLAIR  vs  BEST(ResViT-2D+3D-refine-T2+FLAIR),lpips,10,0.16871406550269324,0.1678810989750268,22.0,0.625
all,cavity,5.0,CycleGAN-2D-T2  vs  BEST(ResViT-2D+3D-refine-T2+FLAIR),ssim,10,0.534047036797319,0.6505048978300131,3.0,0.009765625
all,cavity,5.0,CycleGAN-2D-T2  vs  BEST(ResViT-2D+3D-refine-T2+FLAIR),psnr,10,11.697542614999595,13.377679008417994,6.0,0.02734375
all,cavity,5.0,CycleGAN-2D-T2  vs  BEST(ResViT-2D+3D-refine-T2+FLAIR),lpips,10,0.2123272988281572,0.1678810989750268,2.0,0.005859375
pre,lesion,0.0,SwinPix2Pix-2D+3D-post-T2+FLAIR  vs  BEST(CycleGAN-2D+3D-post-T2+FLAIR),ssim,12,0.7644121200264307,0.7654507858088332,34.0,0.7333984375
pre,lesion,0.0,SwinPix2Pix-2D+3D-post-T2+FLAIR  vs  BEST(CycleGAN-2D+3D-post-T2+FLAIR),psnr,12,17.586407278524153,17.368727545189902,29.0,0.4697265625
pre,lesion,0.0,SwinPix2Pix-2D+3D-post-T2+FLAIR  vs  BEST(CycleGAN-2D+3D-post-T2+FLAIR),lpips,12,0.09678719482294501,0.09677733675567153,39.0,1.0
pre,lesion,0.0,pix2pix-2D+3D-post-T2+FLAIR  vs  BEST(CycleGAN-2D+3D-post-T2+FLAIR),ssim,12,0.7602837625261022,0.7654507858088332,16.0,0.0771484375
pre,lesion,0.0,pix2pix-2D+3D-post-T2+FLAIR  vs  BEST(CycleGAN-2D+3D-post-T2+FLAIR),psnr,12,16.94152531580858,17.368727545189902,32.0,0.6220703125
pre,lesion,0.0,pix2pix-2D+3D-post-T2+FLAIR  vs  BEST(CycleGAN-2D+3D-post-T2+FLAIR),lpips,12,0.10098691663840483,0.09677733675567153,8.0,0.01220703125
pre,lesion,0.0,SwinPix2Pix-2D-T2+FLAIR  vs  BEST(CycleGAN-2D+3D-post-T2+FLAIR),ssim,12,0.7588450621485484,0.7654507858088332,14.0,0.05224609375
pre,lesion,0.0,SwinPix2Pix-2D-T2+FLAIR  vs  BEST(CycleGAN-2D+3D-post-T2+FLAIR),psnr,12,16.922915436269268,17.368727545189902,25.0,0.30126953125
pre,lesion,0.0,SwinPix2Pix-2D-T2+FLAIR  vs  BEST(CycleGAN-2D+3D-post-T2+FLAIR),lpips,12,0.09786861073296349,0.09677733675567153,37.0,0.90966796875
pre,lesion,0.0,CycleGAN-2D-T2+FLAIR  vs  BEST(CycleGAN-2D+3D-post-T2+FLAIR),ssim,12,0.7585500074644204,0.7654507858088332,1.0,0.0009765625
pre,lesion,0.0,CycleGAN-2D-T2+FLAIR  vs  BEST(CycleGAN-2D+3D-post-T2+FLAIR),psnr,12,16.841576125973823,17.368727545189902,18.0,0.10986328125
pre,lesion,0.0,CycleGAN-2D-T2+FLAIR  vs  BEST(CycleGAN-2D+3D-post-T2+FLAIR),lpips,12,0.0968581184740636,0.09677733675567153,36.0,0.85009765625
pre,lesion,0.0,CUT-2D+3D-post-T2+FLAIR  vs  BEST(CycleGAN-2D+3D-post-T2+FLAIR),ssim,12,0.7578769720733066,0.7654507858088332,8.0,0.01220703125
pre,lesion,0.0,CUT-2D+3D-post-T2+FLAIR  vs  BEST(CycleGAN-2D+3D-post-T2+FLAIR),psnr,12,16.76313743529597,17.368727545189902,20.0,0.1513671875
pre,lesion,0.0,CUT-2D+3D-post-T2+FLAIR  vs  BEST(CycleGAN-2D+3D-post-T2+FLAIR),lpips,12,0.09409536176182219,0.09677733675567153,16.0,0.0771484375
pre,lesion,0.0,pix2pix-2D+3D-post-T2  vs  BEST(CycleGAN-2D+3D-post-T2+FLAIR),ssim,12,0.7639124154288375,0.7654507858088332,35.0,0.791015625
pre,lesion,0.0,pix2pix-2D+3D-post-T2  vs  BEST(CycleGAN-2D+3D-post-T2+FLAIR),psnr,12,17.076387400659765,17.368727545189902,28.0,0.423828125
pre,lesion,0.0,pix2pix-2D+3D-post-T2  vs  BEST(CycleGAN-2D+3D-post-T2+FLAIR),lpips,12,0.10074902319737539,0.09677733675567153,20.0,0.1513671875
pre,lesion,0.0,CycleGAN-2.5D-T2+FLAIR  vs  BEST(CycleGAN-2D+3D-post-T2+FLAIR),ssim,12,0.7570153888226808,0.7654507858088332,23.0,0.2333984375
pre,lesion,0.0,CycleGAN-2.5D-T2+FLAIR  vs  BEST(CycleGAN-2D+3D-post-T2+FLAIR),psnr,12,16.340630010111834,17.368727545189902,15.0,0.06396484375
pre,lesion,0.0,CycleGAN-2.5D-T2+FLAIR  vs  BEST(CycleGAN-2D+3D-post-T2+FLAIR),lpips,12,0.10115385879592227,0.09677733675567153,10.0,0.02099609375
pre,lesion,0.0,SwinPix2Pix-2D+3D-post-T2  vs  BEST(CycleGAN-2D+3D-post-T2+FLAIR),ssim,12,0.7628916354577506,0.7654507858088332,25.0,0.30126953125
pre,lesion,0.0,SwinPix2Pix-2D+3D-post-T2  vs  BEST(CycleGAN-2D+3D-post-T2+FLAIR),psnr,12,17.30779206949282,17.368727545189902,29.0,0.4697265625
pre,lesion,0.0,SwinPix2Pix-2D+3D-post-T2  vs  BEST(CycleGAN-2D+3D-post-T2+FLAIR),lpips,12,0.09767568370230677,0.09677733675567153,29.0,0.4697265625
pre,lesion,0.0,CUT-2D+3D-post-T2  vs  BEST(CycleGAN-2D+3D-post-T2+FLAIR),ssim,12,0.7632145910929102,0.7654507858088332,28.0,0.423828125
pre,lesion,0.0,CUT-2D+3D-post-T2  vs  BEST(CycleGAN-2D+3D-post-T2+FLAIR),psnr,12,17.07050566098671,17.368727545189902,20.0,0.1513671875
pre,lesion,0.0,CUT-2D+3D-post-T2  vs  BEST(CycleGAN-2D+3D-post-T2+FLAIR),lpips,12,0.09837952000757594,0.09677733675567153,24.0,0.26611328125
pre,lesion,0.0,ResViT-2D+3D-refine-T2+FLAIR  vs  BEST(CycleGAN-2D+3D-post-T2+FLAIR),ssim,12,0.7540847969200947,0.7654507858088332,19.0,0.12939453125
pre,lesion,0.0,ResViT-2D+3D-refine-T2+FLAIR  vs  BEST(CycleGAN-2D+3D-post-T2+FLAIR),psnr,12,16.63823580482364,17.368727545189902,19.0,0.12939453125
pre,lesion,0.0,ResViT-2D+3D-refine-T2+FLAIR  vs  BEST(CycleGAN-2D+3D-post-T2+FLAIR),lpips,12,0.10355361487175764,0.09677733675567153,23.0,0.2333984375
pre,lesion,0.0,CUT-2.5D-T2+FLAIR  vs  BEST(CycleGAN-2D+3D-post-T2+FLAIR),ssim,12,0.7529388547969412,0.7654507858088332,4.0,0.00341796875
pre,lesion,0.0,CUT-2.5D-T2+FLAIR  vs  BEST(CycleGAN-2D+3D-post-T2+FLAIR),psnr,12,16.225320919684886,17.368727545189902,13.0,0.04248046875
pre,lesion,0.0,CUT-2.5D-T2+FLAIR  vs  BEST(CycleGAN-2D+3D-post-T2+FLAIR),lpips,12,0.09700625964517674,0.09677733675567153,39.0,1.0
pre,lesion,0.0,SwinPix2Pix-2D-T2  vs  BEST(CycleGAN-2D+3D-post-T2+FLAIR),ssim,12,0.7593123033025893,0.7654507858088332,21.0,0.17626953125
pre,lesion,0.0,SwinPix2Pix-2D-T2  vs  BEST(CycleGAN-2D+3D-post-T2+FLAIR),psnr,12,16.877062978190484,17.368727545189902,27.0,0.38037109375
pre,lesion,0.0,SwinPix2Pix-2D-T2  vs  BEST(CycleGAN-2D+3D-post-T2+FLAIR),lpips,12,0.09892613058455858,0.09677733675567153,31.0,0.5693359375
pre,lesion,0.0,pix2pix-2.5D-T2  vs  BEST(CycleGAN-2D+3D-post-T2+FLAIR),ssim,12,0.7589784356125251,0.7654507858088332,26.0,0.33935546875
pre,lesion,0.0,pix2pix-2.5D-T2  vs  BEST(CycleGAN-2D+3D-post-T2+FLAIR),psnr,12,16.54876968766546,17.368727545189902,22.0,0.20361328125
pre,lesion,0.0,pix2pix-2.5D-T2  vs  BEST(CycleGAN-2D+3D-post-T2+FLAIR),lpips,12,0.10279053979443008,0.09677733675567153,21.0,0.17626953125
pre,lesion,0.0,pix2pix-2.5D-T2+FLAIR  vs  BEST(CycleGAN-2D+3D-post-T2+FLAIR),ssim,12,0.7518964032753938,0.7654507858088332,15.0,0.06396484375
pre,lesion,0.0,pix2pix-2.5D-T2+FLAIR  vs  BEST(CycleGAN-2D+3D-post-T2+FLAIR),psnr,12,16.597211643766823,17.368727545189902,24.0,0.26611328125
pre,lesion,0.0,pix2pix-2.5D-T2+FLAIR  vs  BEST(CycleGAN-2D+3D-post-T2+FLAIR),lpips,12,0.09913503519910409,0.09677733675567153,32.0,0.6220703125
pre,lesion,0.0,pix2pix-2D-T2  vs  BEST(CycleGAN-2D+3D-post-T2+FLAIR),ssim,12,0.757966379447287,0.7654507858088332,18.0,0.10986328125
pre,lesion,0.0,pix2pix-2D-T2  vs  BEST(CycleGAN-2D+3D-post-T2+FLAIR),psnr,12,16.518795951797216,17.368727545189902,22.0,0.20361328125
pre,lesion,0.0,pix2pix-2D-T2  vs  BEST(CycleGAN-2D+3D-post-T2+FLAIR),lpips,12,0.104124612585625,0.09677733675567153,16.0,0.0771484375
pre,lesion,0.0,pix2pix-2D-T2+FLAIR  vs  BEST(CycleGAN-2D+3D-post-T2+FLAIR),ssim,12,0.7512222907927014,0.7654507858088332,1.0,0.0009765625
pre,lesion,0.0,pix2pix-2D-T2+FLAIR  vs  BEST(CycleGAN-2D+3D-post-T2+FLAIR),psnr,12,16.146005391479207,17.368727545189902,11.0,0.02685546875
pre,lesion,0.0,pix2pix-2D-T2+FLAIR  vs  BEST(CycleGAN-2D+3D-post-T2+FLAIR),lpips,12,0.10425765815530724,0.09677733675567153,9.0,0.01611328125
pre,lesion,0.0,CycleGAN-2D+3D-post-T2  vs  BEST(CycleGAN-2D+3D-post-T2+FLAIR),ssim,12,0.7595700832075409,0.7654507858088332,32.0,0.6220703125
pre,lesion,0.0,CycleGAN-2D+3D-post-T2  vs  BEST(CycleGAN-2D+3D-post-T2+FLAIR),psnr,12,16.824416581027933,17.368727545189902,18.0,0.10986328125
pre,lesion,0.0,CycleGAN-2D+3D-post-T2  vs  BEST(CycleGAN-2D+3D-post-T2+FLAIR),lpips,12,0.09641090783900541,0.09677733675567153,38.0,0.9697265625
pre,lesion,0.0,CycleGAN-2.5D-T2  vs  BEST(CycleGAN-2D+3D-post-T2+FLAIR),ssim,12,0.7600273828667414,0.7654507858088332,20.0,0.1513671875
pre,lesion,0.0,CycleGAN-2.5D-T2  vs  BEST(CycleGAN-2D+3D-post-T2+FLAIR),psnr,12,16.529492849379906,17.368727545189902,14.0,0.05224609375
pre,lesion,0.0,CycleGAN-2.5D-T2  vs  BEST(CycleGAN-2D+3D-post-T2+FLAIR),lpips,12,0.1011597571292598,0.09677733675567153,14.0,0.05224609375
pre,lesion,0.0,ResViT-2D+3D-refine-T2  vs  BEST(CycleGAN-2D+3D-post-T2+FLAIR),ssim,12,0.7437639398571796,0.7654507858088332,14.0,0.05224609375
pre,lesion,0.0,ResViT-2D+3D-refine-T2  vs  BEST(CycleGAN-2D+3D-post-T2+FLAIR),psnr,12,16.356863042991808,17.368727545189902,12.0,0.0341796875
pre,lesion,0.0,ResViT-2D+3D-refine-T2  vs  BEST(CycleGAN-2D+3D-post-T2+FLAIR),lpips,12,0.09166195555727243,0.09677733675567153,32.0,0.6220703125
pre,lesion,0.0,SwinPix2Pix-2.5D-T2+FLAIR  vs  BEST(CycleGAN-2D+3D-post-T2+FLAIR),ssim,12,0.7496769845675542,0.7654507858088332,15.0,0.06396484375
pre,lesion,0.0,SwinPix2Pix-2.5D-T2+FLAIR  vs  BEST(CycleGAN-2D+3D-post-T2+FLAIR),psnr,12,16.64737736631071,17.368727545189902,23.0,0.2333984375
pre,lesion,0.0,SwinPix2Pix-2.5D-T2+FLAIR  vs  BEST(CycleGAN-2D+3D-post-T2+FLAIR),lpips,12,0.09793359453300253,0.09677733675567153,35.0,0.791015625
pre,lesion,0.0,CUT-2D-T2  vs  BEST(CycleGAN-2D+3D-post-T2+FLAIR),ssim,12,0.7550398623243971,0.7654507858088332,10.0,0.02099609375
pre,lesion,0.0,CUT-2D-T2  vs  BEST(CycleGAN-2D+3D-post-T2+FLAIR),psnr,12,16.391016914846684,17.368727545189902,12.0,0.0341796875
pre,lesion,0.0,CUT-2D-T2  vs  BEST(CycleGAN-2D+3D-post-T2+FLAIR),lpips,12,0.09994985952692344,0.09677733675567153,30.0,0.5185546875
pre,lesion,0.0,SwinPix2Pix-2.5D-T2  vs  BEST(CycleGAN-2D+3D-post-T2+FLAIR),ssim,12,0.7569143736073145,0.7654507858088332,18.0,0.10986328125
pre,lesion,0.0,SwinPix2Pix-2.5D-T2  vs  BEST(CycleGAN-2D+3D-post-T2+FLAIR),psnr,12,16.771683459393213,17.368727545189902,27.0,0.38037109375
pre,lesion,0.0,SwinPix2Pix-2.5D-T2  vs  BEST(CycleGAN-2D+3D-post-T2+FLAIR),lpips,12,0.09709421175554354,0.09677733675567153,36.0,0.85009765625
pre,lesion,0.0,ResViT-2.5D-T2+FLAIR  vs  BEST(CycleGAN-2D+3D-post-T2+FLAIR),ssim,12,0.7463861557398536,0.7654507858088332,20.0,0.1513671875
pre,lesion,0.0,ResViT-2.5D-T2+FLAIR  vs  BEST(CycleGAN-2D+3D-post-T2+FLAIR),psnr,12,16.503339810161165,17.368727545189902,15.0,0.06396484375
pre,lesion,0.0,ResViT-2.5D-T2+FLAIR  vs  BEST(CycleGAN-2D+3D-post-T2+FLAIR),lpips,12,0.09337552950018767,0.09677733675567153,37.0,0.90966796875
pre,lesion,0.0,CUT-2.5D-T2  vs  BEST(CycleGAN-2D+3D-post-T2+FLAIR),ssim,12,0.7528009808832269,0.7654507858088332,1.0,0.0009765625
pre,lesion,0.0,CUT-2.5D-T2  vs  BEST(CycleGAN-2D+3D-post-T2+FLAIR),psnr,12,16.274299322213096,17.368727545189902,10.0,0.02099609375
pre,lesion,0.0,CUT-2.5D-T2  vs  BEST(CycleGAN-2D+3D-post-T2+FLAIR),lpips,12,0.09721849836176828,0.09677733675567153,37.0,0.90966796875
pre,lesion,0.0,ResViT-2D-T2+FLAIR  vs  BEST(CycleGAN-2D+3D-post-T2+FLAIR),ssim,12,0.7434120520214456,0.7654507858088332,15.0,0.06396484375
pre,lesion,0.0,ResViT-2D-T2+FLAIR  vs  BEST(CycleGAN-2D+3D-post-T2+FLAIR),psnr,12,16.263103703615986,17.368727545189902,10.0,0.02099609375
pre,lesion,0.0,ResViT-2D-T2+FLAIR  vs  BEST(CycleGAN-2D+3D-post-T2+FLAIR),lpips,12,0.09801311838880265,0.09677733675567153,31.0,0.5693359375
pre,lesion,0.0,ResViT-2D-T2  vs  BEST(CycleGAN-2D+3D-post-T2+FLAIR),ssim,12,0.7351856598406316,0.7654507858088332,17.0,0.09228515625
pre,lesion,0.0,ResViT-2D-T2  vs  BEST(CycleGAN-2D+3D-post-T2+FLAIR),psnr,12,16.74860067262245,17.368727545189902,25.0,0.30126953125
pre,lesion,0.0,ResViT-2D-T2  vs  BEST(CycleGAN-2D+3D-post-T2+FLAIR),lpips,12,0.08563490974640536,0.09677733675567153,21.0,0.17626953125
pre,lesion,0.0,CUT-2D-T2+FLAIR  vs  BEST(CycleGAN-2D+3D-post-T2+FLAIR),ssim,12,0.7406674104944898,0.7654507858088332,1.0,0.0009765625
pre,lesion,0.0,CUT-2D-T2+FLAIR  vs  BEST(CycleGAN-2D+3D-post-T2+FLAIR),psnr,12,16.12312314025674,17.368727545189902,18.0,0.10986328125
pre,lesion,0.0,CUT-2D-T2+FLAIR  vs  BEST(CycleGAN-2D+3D-post-T2+FLAIR),lpips,12,0.08531541378144092,0.09677733675567153,6.0,0.0068359375
pre,lesion,0.0,ResViT-2.5D-T2  vs  BEST(CycleGAN-2D+3D-post-T2+FLAIR),ssim,12,0.7353367376936668,0.7654507858088332,14.0,0.05224609375
pre,lesion,0.0,ResViT-2.5D-T2  vs  BEST(CycleGAN-2D+3D-post-T2+FLAIR),psnr,12,16.753690845912683,17.368727545189902,23.0,0.2333984375
pre,lesion,0.0,ResViT-2.5D-T2  vs  BEST(CycleGAN-2D+3D-post-T2+FLAIR),lpips,12,0.07860057867150615,0.09677733675567153,10.0,0.02099609375
pre,lesion,0.0,SynDiff-2.5D-T2  vs  BEST(CycleGAN-2D+3D-post-T2+FLAIR),ssim,12,0.7340301944116167,0.7654507858088332,11.0,0.02685546875
pre,lesion,0.0,SynDiff-2.5D-T2  vs  BEST(CycleGAN-2D+3D-post-T2+FLAIR),psnr,12,16.35190880307043,17.368727545189902,10.0,0.02099609375
pre,lesion,0.0,SynDiff-2.5D-T2  vs  BEST(CycleGAN-2D+3D-post-T2+FLAIR),lpips,12,0.08740637584993781,0.09677733675567153,22.0,0.20361328125
pre,lesion,0.0,SwinPix2Pix-3D-T2+FLAIR  vs  BEST(CycleGAN-2D+3D-post-T2+FLAIR),ssim,12,0.7362836220504091,0.7654507858088332,1.0,0.0009765625
pre,lesion,0.0,SwinPix2Pix-3D-T2+FLAIR  vs  BEST(CycleGAN-2D+3D-post-T2+FLAIR),psnr,12,15.93280417575126,17.368727545189902,11.0,0.02685546875
pre,lesion,0.0,SwinPix2Pix-3D-T2+FLAIR  vs  BEST(CycleGAN-2D+3D-post-T2+FLAIR),lpips,12,0.09295067643008777,0.09677733675567153,23.0,0.2333984375
pre,lesion,0.0,SynDiff-2D-T2  vs  BEST(CycleGAN-2D+3D-post-T2+FLAIR),ssim,12,0.7323800094131125,0.7654507858088332,12.0,0.0341796875
pre,lesion,0.0,SynDiff-2D-T2  vs  BEST(CycleGAN-2D+3D-post-T2+FLAIR),psnr,12,16.337471010597433,17.368727545189902,10.0,0.02099609375
pre,lesion,0.0,SynDiff-2D-T2  vs  BEST(CycleGAN-2D+3D-post-T2+FLAIR),lpips,12,0.08740308751461896,0.09677733675567153,15.0,0.06396484375
pre,lesion,0.0,pix2pix-3D-T2+FLAIR  vs  BEST(CycleGAN-2D+3D-post-T2+FLAIR),ssim,12,0.7320764799121138,0.7654507858088332,1.0,0.0009765625
pre,lesion,0.0,pix2pix-3D-T2+FLAIR  vs  BEST(CycleGAN-2D+3D-post-T2+FLAIR),psnr,12,16.24221654112244,17.368727545189902,14.0,0.05224609375
pre,lesion,0.0,pix2pix-3D-T2+FLAIR  vs  BEST(CycleGAN-2D+3D-post-T2+FLAIR),lpips,12,0.09678227028565567,0.09677733675567153,34.0,0.7333984375
pre,lesion,0.0,SynDiff-2D-T2+FLAIR  vs  BEST(CycleGAN-2D+3D-post-T2+FLAIR),ssim,12,0.7314817693694097,0.7654507858088332,13.0,0.04248046875
pre,lesion,0.0,SynDiff-2D-T2+FLAIR  vs  BEST(CycleGAN-2D+3D-post-T2+FLAIR),psnr,12,16.129896850377417,17.368727545189902,6.0,0.0068359375
pre,lesion,0.0,SynDiff-2D-T2+FLAIR  vs  BEST(CycleGAN-2D+3D-post-T2+FLAIR),lpips,12,0.09415317551966429,0.09677733675567153,35.0,0.791015625
pre,lesion,0.0,CycleGAN-3D-T2+FLAIR  vs  BEST(CycleGAN-2D+3D-post-T2+FLAIR),ssim,12,0.7305015093081776,0.7654507858088332,1.0,0.0009765625
pre,lesion,0.0,CycleGAN-3D-T2+FLAIR  vs  BEST(CycleGAN-2D+3D-post-T2+FLAIR),psnr,12,16.345681713033304,17.368727545189902,10.0,0.02099609375
pre,lesion,0.0,CycleGAN-3D-T2+FLAIR  vs  BEST(CycleGAN-2D+3D-post-T2+FLAIR),lpips,12,0.08223433761432533,0.09677733675567153,16.0,0.0771484375
pre,lesion,0.0,SynDiff-3D+3D-refine-T2  vs  BEST(CycleGAN-2D+3D-post-T2+FLAIR),ssim,12,0.7310013897750137,0.7654507858088332,9.0,0.01611328125
pre,lesion,0.0,SynDiff-3D+3D-refine-T2  vs  BEST(CycleGAN-2D+3D-post-T2+FLAIR),psnr,12,16.414423916417057,17.368727545189902,12.0,0.0341796875
pre,lesion,0.0,SynDiff-3D+3D-refine-T2  vs  BEST(CycleGAN-2D+3D-post-T2+FLAIR),lpips,12,0.08037515077770603,0.09677733675567153,7.0,0.00927734375
pre,lesion,0.0,SynDiff-2.5D-T2+FLAIR  vs  BEST(CycleGAN-2D+3D-post-T2+FLAIR),ssim,12,0.7213231064648798,0.7654507858088332,8.0,0.01220703125
pre,lesion,0.0,SynDiff-2.5D-T2+FLAIR  vs  BEST(CycleGAN-2D+3D-post-T2+FLAIR),psnr,12,15.651542097067887,17.368727545189902,2.0,0.00146484375
pre,lesion,0.0,SynDiff-2.5D-T2+FLAIR  vs  BEST(CycleGAN-2D+3D-post-T2+FLAIR),lpips,12,0.0912707173621896,0.09677733675567153,29.0,0.4697265625
pre,lesion,0.0,SwinPix2Pix-3D-T2  vs  BEST(CycleGAN-2D+3D-post-T2+FLAIR),ssim,12,0.7270155445591068,0.7654507858088332,0.0,0.00048828125
pre,lesion,0.0,SwinPix2Pix-3D-T2  vs  BEST(CycleGAN-2D+3D-post-T2+FLAIR),psnr,12,15.909218830550737,17.368727545189902,11.0,0.02685546875
pre,lesion,0.0,SwinPix2Pix-3D-T2  vs  BEST(CycleGAN-2D+3D-post-T2+FLAIR),lpips,12,0.0949493000040122,0.09677733675567153,23.0,0.2333984375
pre,lesion,0.0,pix2pix-3D-T2  vs  BEST(CycleGAN-2D+3D-post-T2+FLAIR),ssim,12,0.7280928310180825,0.7654507858088332,1.0,0.0009765625
pre,lesion,0.0,pix2pix-3D-T2  vs  BEST(CycleGAN-2D+3D-post-T2+FLAIR),psnr,12,15.798603443141495,17.368727545189902,5.0,0.0048828125
pre,lesion,0.0,pix2pix-3D-T2  vs  BEST(CycleGAN-2D+3D-post-T2+FLAIR),lpips,12,0.08985131050946611,0.09677733675567153,18.0,0.10986328125
pre,lesion,0.0,ResViT-3D-T2  vs  BEST(CycleGAN-2D+3D-post-T2+FLAIR),ssim,12,0.7109100734560067,0.7654507858088332,3.0,0.00244140625
pre,lesion,0.0,ResViT-3D-T2  vs  BEST(CycleGAN-2D+3D-post-T2+FLAIR),psnr,12,15.803671305738591,17.368727545189902,13.0,0.04248046875
pre,lesion,0.0,ResViT-3D-T2  vs  BEST(CycleGAN-2D+3D-post-T2+FLAIR),lpips,12,0.08927461619504695,0.09677733675567153,28.0,0.423828125
pre,lesion,0.0,CycleGAN-3D-T2  vs  BEST(CycleGAN-2D+3D-post-T2+FLAIR),ssim,12,0.7229931610687169,0.7654507858088332,0.0,0.00048828125
pre,lesion,0.0,CycleGAN-3D-T2  vs  BEST(CycleGAN-2D+3D-post-T2+FLAIR),psnr,12,15.907066033818259,17.368727545189902,0.0,0.00048828125
pre,lesion,0.0,CycleGAN-3D-T2  vs  BEST(CycleGAN-2D+3D-post-T2+FLAIR),lpips,12,0.07881956288770998,0.09677733675567153,6.0,0.0068359375
pre,lesion,0.0,CUT-3D-T2+FLAIR  vs  BEST(CycleGAN-2D+3D-post-T2+FLAIR),ssim,12,0.7144499062574178,0.7654507858088332,0.0,0.00048828125
pre,lesion,0.0,CUT-3D-T2+FLAIR  vs  BEST(CycleGAN-2D+3D-post-T2+FLAIR),psnr,12,16.123247239712633,17.368727545189902,10.0,0.02099609375
pre,lesion,0.0,CUT-3D-T2+FLAIR  vs  BEST(CycleGAN-2D+3D-post-T2+FLAIR),lpips,12,0.08221941153566738,0.09677733675567153,20.0,0.1513671875
pre,lesion,0.0,CUT-3D-T2  vs  BEST(CycleGAN-2D+3D-post-T2+FLAIR),ssim,12,0.7228472376557331,0.7654507858088332,0.0,0.00048828125
pre,lesion,0.0,CUT-3D-T2  vs  BEST(CycleGAN-2D+3D-post-T2+FLAIR),psnr,12,16.408372521599137,17.368727545189902,8.0,0.01220703125
pre,lesion,0.0,CUT-3D-T2  vs  BEST(CycleGAN-2D+3D-post-T2+FLAIR),lpips,12,0.08052925976333576,0.09677733675567153,15.0,0.06396484375
pre,lesion,0.0,SynDiff-3D-T2+FLAIR  vs  BEST(CycleGAN-2D+3D-post-T2+FLAIR),ssim,12,0.7100103903566996,0.7654507858088332,3.0,0.00244140625
pre,lesion,0.0,SynDiff-3D-T2+FLAIR  vs  BEST(CycleGAN-2D+3D-post-T2+FLAIR),psnr,12,15.628811214388584,17.368727545189902,5.0,0.0048828125
pre,lesion,0.0,SynDiff-3D-T2+FLAIR  vs  BEST(CycleGAN-2D+3D-post-T2+FLAIR),lpips,12,0.09955565055929529,0.09677733675567153,34.0,0.7333984375
pre,lesion,0.0,SynDiff-3D-T2  vs  BEST(CycleGAN-2D+3D-post-T2+FLAIR),ssim,12,0.7073028940623324,0.7654507858088332,4.0,0.00341796875
pre,lesion,0.0,SynDiff-3D-T2  vs  BEST(CycleGAN-2D+3D-post-T2+FLAIR),psnr,12,15.541289808219416,17.368727545189902,3.0,0.00244140625
pre,lesion,0.0,SynDiff-3D-T2  vs  BEST(CycleGAN-2D+3D-post-T2+FLAIR),lpips,12,0.09554245050834209,0.09677733675567153,38.0,0.9697265625
pre,lesion,0.0,SynDiff-3D+3D-refine-T2+FLAIR  vs  BEST(CycleGAN-2D+3D-post-T2+FLAIR),ssim,12,0.7078969423983538,0.7654507858088332,5.0,0.0048828125
pre,lesion,0.0,SynDiff-3D+3D-refine-T2+FLAIR  vs  BEST(CycleGAN-2D+3D-post-T2+FLAIR),psnr,12,15.730927644533608,17.368727545189902,6.0,0.0068359375
pre,lesion,0.0,SynDiff-3D+3D-refine-T2+FLAIR  vs  BEST(CycleGAN-2D+3D-post-T2+FLAIR),lpips,12,0.09069294006416716,0.09677733675567153,26.0,0.33935546875
pre,lesion,0.0,CycleGAN-2D-T2  vs  BEST(CycleGAN-2D+3D-post-T2+FLAIR),ssim,12,0.7093491370964515,0.7654507858088332,9.0,0.01611328125
pre,lesion,0.0,CycleGAN-2D-T2  vs  BEST(CycleGAN-2D+3D-post-T2+FLAIR),psnr,12,15.788012343249413,17.368727545189902,13.0,0.04248046875
pre,lesion,0.0,CycleGAN-2D-T2  vs  BEST(CycleGAN-2D+3D-post-T2+FLAIR),lpips,12,0.10069061068958081,0.09677733675567153,38.0,0.9697265625
pre,lesion,0.0,ResViT-3D-T2+FLAIR  vs  BEST(CycleGAN-2D+3D-post-T2+FLAIR),ssim,12,0.704862091483077,0.7654507858088332,4.0,0.00341796875
pre,lesion,0.0,ResViT-3D-T2+FLAIR  vs  BEST(CycleGAN-2D+3D-post-T2+FLAIR),psnr,12,15.790300655661335,17.368727545189902,10.0,0.02099609375
pre,lesion,0.0,ResViT-3D-T2+FLAIR  vs  BEST(CycleGAN-2D+3D-post-T2+FLAIR),lpips,12,0.08887106152242412,0.09677733675567153,31.0,0.5693359375
pre,lesion,5.0,ResViT-2.5D-T2+FLAIR  vs  BEST(ResViT-2D+3D-refine-T2+FLAIR),ssim,12,0.6574639940432648,0.6665720772890998,18.0,0.10986328125
pre,lesion,5.0,ResViT-2.5D-T2+FLAIR  vs  BEST(ResViT-2D+3D-refine-T2+FLAIR),psnr,12,16.76390452515891,16.77196173488366,36.0,0.85009765625
pre,lesion,5.0,ResViT-2.5D-T2+FLAIR  vs  BEST(ResViT-2D+3D-refine-T2+FLAIR),lpips,12,0.1374234720178102,0.15921436486792465,2.0,0.00146484375
pre,lesion,5.0,ResViT-2D+3D-refine-T2  vs  BEST(ResViT-2D+3D-refine-T2+FLAIR),ssim,12,0.6529708791265909,0.6665720772890998,6.0,0.0068359375
pre,lesion,5.0,ResViT-2D+3D-refine-T2  vs  BEST(ResViT-2D+3D-refine-T2+FLAIR),psnr,12,16.3897312207029,16.77196173488366,9.0,0.01611328125
pre,lesion,5.0,ResViT-2D+3D-refine-T2  vs  BEST(ResViT-2D+3D-refine-T2+FLAIR),lpips,12,0.13482739224350052,0.15921436486792465,0.0,0.00048828125
pre,lesion,5.0,ResViT-2.5D-T2  vs  BEST(ResViT-2D+3D-refine-T2+FLAIR),ssim,12,0.6467945445041433,0.6665720772890998,7.0,0.00927734375
pre,lesion,5.0,ResViT-2.5D-T2  vs  BEST(ResViT-2D+3D-refine-T2+FLAIR),psnr,12,16.82146645776098,16.77196173488366,38.0,0.9697265625
pre,lesion,5.0,ResViT-2.5D-T2  vs  BEST(ResViT-2D+3D-refine-T2+FLAIR),lpips,12,0.10940347172128312,0.15921436486792465,0.0,0.00048828125
pre,lesion,5.0,SwinPix2Pix-2D+3D-post-T2+FLAIR  vs  BEST(ResViT-2D+3D-refine-T2+FLAIR),ssim,12,0.6549821463896334,0.6665720772890998,39.0,1.0
pre,lesion,5.0,SwinPix2Pix-2D+3D-post-T2+FLAIR  vs  BEST(ResViT-2D+3D-refine-T2+FLAIR),psnr,12,16.25380853579129,16.77196173488366,30.0,0.5185546875
pre,lesion,5.0,SwinPix2Pix-2D+3D-post-T2+FLAIR  vs  BEST(ResViT-2D+3D-refine-T2+FLAIR),lpips,12,0.19531164515518687,0.15921436486792465,0.0,0.00048828125
pre,lesion,5.0,pix2pix-2D+3D-post-T2+FLAIR  vs  BEST(ResViT-2D+3D-refine-T2+FLAIR),ssim,12,0.6548400734904076,0.6665720772890998,37.0,0.90966796875
pre,lesion,5.0,pix2pix-2D+3D-post-T2+FLAIR  vs  BEST(ResViT-2D+3D-refine-T2+FLAIR),psnr,12,16.30205035680086,16.77196173488366,24.0,0.26611328125
pre,lesion,5.0,pix2pix-2D+3D-post-T2+FLAIR  vs  BEST(ResViT-2D+3D-refine-T2+FLAIR),lpips,12,0.2007506906190816,0.15921436486792465,0.0,0.00048828125
pre,lesion,5.0,CycleGAN-2D+3D-post-T2+FLAIR  vs  BEST(ResViT-2D+3D-refine-T2+FLAIR),ssim,12,0.65370511066407,0.6665720772890998,35.0,0.791015625
pre,lesion,5.0,CycleGAN-2D+3D-post-T2+FLAIR  vs  BEST(ResViT-2D+3D-refine-T2+FLAIR),psnr,12,16.190044397368954,16.77196173488366,17.0,0.09228515625
pre,lesion,5.0,CycleGAN-2D+3D-post-T2+FLAIR  vs  BEST(ResViT-2D+3D-refine-T2+FLAIR),lpips,12,0.20673194034520312,0.15921436486792465,0.0,0.00048828125
pre,lesion,5.0,CUT-2D+3D-post-T2+FLAIR  vs  BEST(ResViT-2D+3D-refine-T2+FLAIR),ssim,12,0.6509437161573097,0.6665720772890998,31.0,0.5693359375
pre,lesion,5.0,CUT-2D+3D-post-T2+FLAIR  vs  BEST(ResViT-2D+3D-refine-T2+FLAIR),psnr,12,16.06283901540678,16.77196173488366,26.0,0.33935546875
pre,lesion,5.0,CUT-2D+3D-post-T2+FLAIR  vs  BEST(ResViT-2D+3D-refine-T2+FLAIR),lpips,12,0.18999947232432898,0.15921436486792465,0.0,0.00048828125
pre,lesion,5.0,SynDiff-2.5D-T2  vs  BEST(ResViT-2D+3D-refine-T2+FLAIR),ssim,12,0.646379475094899,0.6665720772890998,5.0,0.0048828125
pre,lesion,5.0,SynDiff-2.5D-T2  vs  BEST(ResViT-2D+3D-refine-T2+FLAIR),psnr,12,16.12091998555792,16.77196173488366,0.0,0.00048828125
pre,lesion,5.0,SynDiff-2.5D-T2  vs  BEST(ResViT-2D+3D-refine-T2+FLAIR),lpips,12,0.12046337697662156,0.15921436486792465,0.0,0.00048828125
pre,lesion,5.0,ResViT-2D-T2+FLAIR  vs  BEST(ResViT-2D+3D-refine-T2+FLAIR),ssim,12,0.6490050429282263,0.6665720772890998,3.0,0.00244140625
pre,lesion,5.0,ResViT-2D-T2+FLAIR  vs  BEST(ResViT-2D+3D-refine-T2+FLAIR),psnr,12,16.298907798261297,16.77196173488366,3.0,0.00244140625
pre,lesion,5.0,ResViT-2D-T2+FLAIR  vs  BEST(ResViT-2D+3D-refine-T2+FLAIR),lpips,12,0.14130572775094877,0.15921436486792465,4.0,0.00341796875
pre,lesion,5.0,SwinPix2Pix-2D+3D-post-T2  vs  BEST(ResViT-2D+3D-refine-T2+FLAIR),ssim,12,0.6546817088918867,0.6665720772890998,38.0,0.9697265625
pre,lesion,5.0,SwinPix2Pix-2D+3D-post-T2  vs  BEST(ResViT-2D+3D-refine-T2+FLAIR),psnr,12,16.289085027760237,16.77196173488366,32.0,0.6220703125
pre,lesion,5.0,SwinPix2Pix-2D+3D-post-T2  vs  BEST(ResViT-2D+3D-refine-T2+FLAIR),lpips,12,0.19415374033248278,0.15921436486792465,0.0,0.00048828125
pre,lesion,5.0,pix2pix-2D+3D-post-T2  vs  BEST(ResViT-2D+3D-refine-T2+FLAIR),ssim,12,0.6550271603809016,0.6665720772890998,38.0,0.9697265625
pre,lesion,5.0,pix2pix-2D+3D-post-T2  vs  BEST(ResViT-2D+3D-refine-T2+FLAIR),psnr,12,16.238320651182587,16.77196173488366,30.0,0.5185546875
pre,lesion,5.0,pix2pix-2D+3D-post-T2  vs  BEST(ResViT-2D+3D-refine-T2+FLAIR),lpips,12,0.20377219242920872,0.15921436486792465,0.0,0.00048828125
pre,lesion,5.0,ResViT-2D-T2  vs  BEST(ResViT-2D+3D-refine-T2+FLAIR),ssim,12,0.6410044974561827,0.6665720772890998,4.0,0.00341796875
pre,lesion,5.0,ResViT-2D-T2  vs  BEST(ResViT-2D+3D-refine-T2+FLAIR),psnr,12,16.52389646855163,16.77196173488366,19.0,0.12939453125
pre,lesion,5.0,ResViT-2D-T2  vs  BEST(ResViT-2D+3D-refine-T2+FLAIR),lpips,12,0.12238528500131768,0.15921436486792465,0.0,0.00048828125
pre,lesion,5.0,CUT-2D+3D-post-T2  vs  BEST(ResViT-2D+3D-refine-T2+FLAIR),ssim,12,0.6538116736881127,0.6665720772890998,35.0,0.791015625
pre,lesion,5.0,CUT-2D+3D-post-T2  vs  BEST(ResViT-2D+3D-refine-T2+FLAIR),psnr,12,16.260178705918367,16.77196173488366,30.0,0.5185546875
pre,lesion,5.0,CUT-2D+3D-post-T2  vs  BEST(ResViT-2D+3D-refine-T2+FLAIR),lpips,12,0.20427052609803933,0.15921436486792465,0.0,0.00048828125
pre,lesion,5.0,SwinPix2Pix-2D-T2+FLAIR  vs  BEST(ResViT-2D+3D-refine-T2+FLAIR),ssim,12,0.6436435459284058,0.6665720772890998,28.0,0.423828125
pre,lesion,5.0,SwinPix2Pix-2D-T2+FLAIR  vs  BEST(ResViT-2D+3D-refine-T2+FLAIR),psnr,12,16.1899017905756,16.77196173488366,30.0,0.5185546875
pre,lesion,5.0,SwinPix2Pix-2D-T2+FLAIR  vs  BEST(ResViT-2D+3D-refine-T2+FLAIR),lpips,12,0.1931364825392655,0.15921436486792465,0.0,0.00048828125
pre,lesion,5.0,SynDiff-2D-T2  vs  BEST(ResViT-2D+3D-refine-T2+FLAIR),ssim,12,0.6357537260079634,0.6665720772890998,1.0,0.0009765625
pre,lesion,5.0,SynDiff-2D-T2  vs  BEST(ResViT-2D+3D-refine-T2+FLAIR),psnr,12,15.88990950359817,16.77196173488366,0.0,0.00048828125
pre,lesion,5.0,SynDiff-2D-T2  vs  BEST(ResViT-2D+3D-refine-T2+FLAIR),lpips,12,0.1285116761131524,0.15921436486792465,1.0,0.0009765625
pre,lesion,5.0,pix2pix-2D-T2+FLAIR  vs  BEST(ResViT-2D+3D-refine-T2+FLAIR),ssim,12,0.640940736193041,0.6665720772890998,26.0,0.33935546875
pre,lesion,5.0,pix2pix-2D-T2+FLAIR  vs  BEST(ResViT-2D+3D-refine-T2+FLAIR),psnr,12,16.08478622625559,16.77196173488366,22.0,0.20361328125
pre,lesion,5.0,pix2pix-2D-T2+FLAIR  vs  BEST(ResViT-2D+3D-refine-T2+FLAIR),lpips,12,0.2029424378423228,0.15921436486792465,0.0,0.00048828125
pre,lesion,5.0,pix2pix-2.5D-T2+FLAIR  vs  BEST(ResViT-2D+3D-refine-T2+FLAIR),ssim,12,0.63921828914829,0.6665720772890998,33.0,0.67724609375
pre,lesion,5.0,pix2pix-2.5D-T2+FLAIR  vs  BEST(ResViT-2D+3D-refine-T2+FLAIR),psnr,12,16.213198885412275,16.77196173488366,35.0,0.791015625
pre,lesion,5.0,pix2pix-2.5D-T2+FLAIR  vs  BEST(ResViT-2D+3D-refine-T2+FLAIR),lpips,12,0.19906715621885573,0.15921436486792465,0.0,0.00048828125
pre,lesion,5.0,CycleGAN-2D-T2+FLAIR  vs  BEST(ResViT-2D+3D-refine-T2+FLAIR),ssim,12,0.6385175707930867,0.6665720772890998,23.0,0.2333984375
pre,lesion,5.0,CycleGAN-2D-T2+FLAIR  vs  BEST(ResViT-2D+3D-refine-T2+FLAIR),psnr,12,16.120041299538755,16.77196173488366,25.0,0.30126953125
pre,lesion,5.0,CycleGAN-2D-T2+FLAIR  vs  BEST(ResViT-2D+3D-refine-T2+FLAIR),lpips,12,0.1995907981673187,0.15921436486792465,0.0,0.00048828125
pre,lesion,5.0,pix2pix-2.5D-T2  vs  BEST(ResViT-2D+3D-refine-T2+FLAIR),ssim,12,0.645325929931644,0.6665720772890998,34.0,0.7333984375
pre,lesion,5.0,pix2pix-2.5D-T2  vs  BEST(ResViT-2D+3D-refine-T2+FLAIR),psnr,12,16.157108767892336,16.77196173488366,27.0,0.38037109375
pre,lesion,5.0,pix2pix-2.5D-T2  vs  BEST(ResViT-2D+3D-refine-T2+FLAIR),lpips,12,0.20259427817212497,0.15921436486792465,0.0,0.00048828125
pre,lesion,5.0,CycleGAN-2.5D-T2+FLAIR  vs  BEST(ResViT-2D+3D-refine-T2+FLAIR),ssim,12,0.6381972732319893,0.6665720772890998,21.0,0.17626953125
pre,lesion,5.0,CycleGAN-2.5D-T2+FLAIR  vs  BEST(ResViT-2D+3D-refine-T2+FLAIR),psnr,12,15.741949370371701,16.77196173488366,17.0,0.09228515625
pre,lesion,5.0,CycleGAN-2.5D-T2+FLAIR  vs  BEST(ResViT-2D+3D-refine-T2+FLAIR),lpips,12,0.20921495157261835,0.15921436486792465,0.0,0.00048828125
pre,lesion,5.0,SwinPix2Pix-2D-T2  vs  BEST(ResViT-2D+3D-refine-T2+FLAIR),ssim,12,0.644600383183601,0.6665720772890998,33.0,0.67724609375
pre,lesion,5.0,SwinPix2Pix-2D-T2  vs  BEST(ResViT-2D+3D-refine-T2+FLAIR),psnr,12,16.29500165745745,16.77196173488366,31.0,0.5693359375
pre,lesion,5.0,SwinPix2Pix-2D-T2  vs  BEST(ResViT-2D+3D-refine-T2+FLAIR),lpips,12,0.19310566579745625,0.15921436486792465,0.0,0.00048828125
pre,lesion,5.0,SwinPix2Pix-2.5D-T2  vs  BEST(ResViT-2D+3D-refine-T2+FLAIR),ssim,12,0.6455975852380631,0.6665720772890998,30.0,0.5185546875
pre,lesion,5.0,SwinPix2Pix-2.5D-T2  vs  BEST(ResViT-2D+3D-refine-T2+FLAIR),psnr,12,16.306660255699597,16.77196173488366,30.0,0.5185546875
pre,lesion,5.0,SwinPix2Pix-2.5D-T2  vs  BEST(ResViT-2D+3D-refine-T2+FLAIR),lpips,12,0.18805704316301597,0.15921436486792465,0.0,0.00048828125
pre,lesion,5.0,pix2pix-2D-T2  vs  BEST(ResViT-2D+3D-refine-T2+FLAIR),ssim,12,0.6451595143324226,0.6665720772890998,35.0,0.791015625
pre,lesion,5.0,pix2pix-2D-T2  vs  BEST(ResViT-2D+3D-refine-T2+FLAIR),psnr,12,16.164347708681408,16.77196173488366,25.0,0.30126953125
pre,lesion,5.0,pix2pix-2D-T2  vs  BEST(ResViT-2D+3D-refine-T2+FLAIR),lpips,12,0.2041234453801614,0.15921436486792465,0.0,0.00048828125
pre,lesion,5.0,CycleGAN-2D+3D-post-T2  vs  BEST(ResViT-2D+3D-refine-T2+FLAIR),ssim,12,0.6440308232367177,0.6665720772890998,21.0,0.17626953125
pre,lesion,5.0,CycleGAN-2D+3D-post-T2  vs  BEST(ResViT-2D+3D-refine-T2+FLAIR),psnr,12,15.903771432693787,16.77196173488366,14.0,0.05224609375
pre,lesion,5.0,CycleGAN-2D+3D-post-T2  vs  BEST(ResViT-2D+3D-refine-T2+FLAIR),lpips,12,0.20928241401886127,0.15921436486792465,0.0,0.00048828125
pre,lesion,5.0,CUT-2.5D-T2+FLAIR  vs  BEST(ResViT-2D+3D-refine-T2+FLAIR),ssim,12,0.6331972040962369,0.6665720772890998,15.0,0.06396484375
pre,lesion,5.0,CUT-2.5D-T2+FLAIR  vs  BEST(ResViT-2D+3D-refine-T2+FLAIR),psnr,12,15.924913677235187,16.77196173488366,15.0,0.06396484375
pre,lesion,5.0,CUT-2.5D-T2+FLAIR  vs  BEST(ResViT-2D+3D-refine-T2+FLAIR),lpips,12,0.1983952358905207,0.15921436486792465,0.0,0.00048828125
pre,lesion,5.0,CUT-2D-T2  vs  BEST(ResViT-2D+3D-refine-T2+FLAIR),ssim,12,0.6395403413633106,0.6665720772890998,27.0,0.38037109375
pre,lesion,5.0,CUT-2D-T2  vs  BEST(ResViT-2D+3D-refine-T2+FLAIR),psnr,12,16.130881058025665,16.77196173488366,27.0,0.38037109375
pre,lesion,5.0,CUT-2D-T2  vs  BEST(ResViT-2D+3D-refine-T2+FLAIR),lpips,12,0.19941087759743137,0.15921436486792465,0.0,0.00048828125
pre,lesion,5.0,SynDiff-2.5D-T2+FLAIR  vs  BEST(ResViT-2D+3D-refine-T2+FLAIR),ssim,12,0.6307855739360403,0.6665720772890998,0.0,0.00048828125
pre,lesion,5.0,SynDiff-2.5D-T2+FLAIR  vs  BEST(ResViT-2D+3D-refine-T2+FLAIR),psnr,12,15.786844257417632,16.77196173488366,0.0,0.00048828125
pre,lesion,5.0,SynDiff-2.5D-T2+FLAIR  vs  BEST(ResViT-2D+3D-refine-T2+FLAIR),lpips,12,0.12233339818701011,0.15921436486792465,0.0,0.00048828125
pre,lesion,5.0,SwinPix2Pix-2.5D-T2+FLAIR  vs  BEST(ResViT-2D+3D-refine-T2+FLAIR),ssim,12,0.6306000313235313,0.6665720772890998,20.0,0.1513671875
pre,lesion,5.0,SwinPix2Pix-2.5D-T2+FLAIR  vs  BEST(ResViT-2D+3D-refine-T2+FLAIR),psnr,12,15.960825319241044,16.77196173488366,30.0,0.5185546875
pre,lesion,5.0,SwinPix2Pix-2.5D-T2+FLAIR  vs  BEST(ResViT-2D+3D-refine-T2+FLAIR),lpips,12,0.19007057220846257,0.15921436486792465,1.0,0.0009765625
pre,lesion,5.0,SynDiff-2D-T2+FLAIR  vs  BEST(ResViT-2D+3D-refine-T2+FLAIR),ssim,12,0.630170056187789,0.6665720772890998,0.0,0.00048828125
pre,lesion,5.0,SynDiff-2D-T2+FLAIR  vs  BEST(ResViT-2D+3D-refine-T2+FLAIR),psnr,12,15.604632364958961,16.77196173488366,0.0,0.00048828125
pre,lesion,5.0,SynDiff-2D-T2+FLAIR  vs  BEST(ResViT-2D+3D-refine-T2+FLAIR),lpips,12,0.13633409520395728,0.15921436486792465,2.0,0.00146484375
pre,lesion,5.0,CycleGAN-2.5D-T2  vs  BEST(ResViT-2D+3D-refine-T2+FLAIR),ssim,12,0.6373697753200662,0.6665720772890998,23.0,0.2333984375
pre,lesion,5.0,CycleGAN-2.5D-T2  vs  BEST(ResViT-2D+3D-refine-T2+FLAIR),psnr,12,15.960962227433987,16.77196173488366,17.0,0.09228515625
pre,lesion,5.0,CycleGAN-2.5D-T2  vs  BEST(ResViT-2D+3D-refine-T2+FLAIR),lpips,12,0.2109527969122186,0.15921436486792465,0.0,0.00048828125
pre,lesion,5.0,CUT-2D-T2+FLAIR  vs  BEST(ResViT-2D+3D-refine-T2+FLAIR),ssim,12,0.6288895934883144,0.6665720772890998,20.0,0.1513671875
pre,lesion,5.0,CUT-2D-T2+FLAIR  vs  BEST(ResViT-2D+3D-refine-T2+FLAIR),psnr,12,15.778105847710876,16.77196173488366,17.0,0.09228515625
pre,lesion,5.0,CUT-2D-T2+FLAIR  vs  BEST(ResViT-2D+3D-refine-T2+FLAIR),lpips,12,0.16024515642917486,0.15921436486792465,38.0,0.9697265625
pre,lesion,5.0,SynDiff-3D+3D-refine-T2  vs  BEST(ResViT-2D+3D-refine-T2+FLAIR),ssim,12,0.6254045188967016,0.6665720772890998,0.0,0.00048828125
pre,lesion,5.0,SynDiff-3D+3D-refine-T2  vs  BEST(ResViT-2D+3D-refine-T2+FLAIR),psnr,12,16.044503150155126,16.77196173488366,0.0,0.00048828125
pre,lesion,5.0,SynDiff-3D+3D-refine-T2  vs  BEST(ResViT-2D+3D-refine-T2+FLAIR),lpips,12,0.1301913597152483,0.15921436486792465,2.0,0.00146484375
pre,lesion,5.0,ResViT-3D-T2  vs  BEST(ResViT-2D+3D-refine-T2+FLAIR),ssim,12,0.6197497707243292,0.6665720772890998,1.0,0.0009765625
pre,lesion,5.0,ResViT-3D-T2  vs  BEST(ResViT-2D+3D-refine-T2+FLAIR),psnr,12,15.779985194929745,16.77196173488366,9.0,0.01611328125
pre,lesion,5.0,ResViT-3D-T2  vs  BEST(ResViT-2D+3D-refine-T2+FLAIR),lpips,12,0.11736380476543347,0.15921436486792465,1.0,0.0009765625
pre,lesion,5.0,CUT-2.5D-T2  vs  BEST(ResViT-2D+3D-refine-T2+FLAIR),ssim,12,0.6336000227972631,0.6665720772890998,21.0,0.17626953125
pre,lesion,5.0,CUT-2.5D-T2  vs  BEST(ResViT-2D+3D-refine-T2+FLAIR),psnr,12,16.00040730568151,16.77196173488366,24.0,0.26611328125
pre,lesion,5.0,CUT-2.5D-T2  vs  BEST(ResViT-2D+3D-refine-T2+FLAIR),lpips,12,0.19838156792966358,0.15921436486792465,0.0,0.00048828125
pre,lesion,5.0,CycleGAN-3D-T2+FLAIR  vs  BEST(ResViT-2D+3D-refine-T2+FLAIR),ssim,12,0.6148360806610634,0.6665720772890998,4.0,0.00341796875
pre,lesion,5.0,CycleGAN-3D-T2+FLAIR  vs  BEST(ResViT-2D+3D-refine-T2+FLAIR),psnr,12,15.382058157421255,16.77196173488366,2.0,0.00146484375
pre,lesion,5.0,CycleGAN-3D-T2+FLAIR  vs  BEST(ResViT-2D+3D-refine-T2+FLAIR),lpips,12,0.15237282479662578,0.15921436486792465,29.0,0.4697265625
pre,lesion,5.0,SwinPix2Pix-3D-T2+FLAIR  vs  BEST(ResViT-2D+3D-refine-T2+FLAIR),ssim,12,0.6135820499313552,0.6665720772890998,4.0,0.00341796875
pre,lesion,5.0,SwinPix2Pix-3D-T2+FLAIR  vs  BEST(ResViT-2D+3D-refine-T2+FLAIR),psnr,12,15.179200270812904,16.77196173488366,3.0,0.00244140625
pre,lesion,5.0,SwinPix2Pix-3D-T2+FLAIR  vs  BEST(ResViT-2D+3D-refine-T2+FLAIR),lpips,12,0.18393732446121439,0.15921436486792465,3.0,0.00244140625
pre,lesion,5.0,SynDiff-3D-T2+FLAIR  vs  BEST(ResViT-2D+3D-refine-T2+FLAIR),ssim,12,0.6127896811424343,0.6665720772890998,0.0,0.00048828125
pre,lesion,5.0,SynDiff-3D-T2+FLAIR  vs  BEST(ResViT-2D+3D-refine-T2+FLAIR),psnr,12,15.258075501070337,16.77196173488366,0.0,0.00048828125
pre,lesion,5.0,SynDiff-3D-T2+FLAIR  vs  BEST(ResViT-2D+3D-refine-T2+FLAIR),lpips,12,0.14434188858628352,0.15921436486792465,13.0,0.04248046875
pre,lesion,5.0,ResViT-3D-T2+FLAIR  vs  BEST(ResViT-2D+3D-refine-T2+FLAIR),ssim,12,0.612517003427554,0.6665720772890998,0.0,0.00048828125
pre,lesion,5.0,ResViT-3D-T2+FLAIR  vs  BEST(ResViT-2D+3D-refine-T2+FLAIR),psnr,12,15.626243668003767,16.77196173488366,2.0,0.00146484375
pre,lesion,5.0,ResViT-3D-T2+FLAIR  vs  BEST(ResViT-2D+3D-refine-T2+FLAIR),lpips,12,0.12008422974024775,0.15921436486792465,1.0,0.0009765625
pre,lesion,5.0,pix2pix-3D-T2+FLAIR  vs  BEST(ResViT-2D+3D-refine-T2+FLAIR),ssim,12,0.6096874243690359,0.6665720772890998,5.0,0.0048828125
pre,lesion,5.0,pix2pix-3D-T2+FLAIR  vs  BEST(ResViT-2D+3D-refine-T2+FLAIR),psnr,12,15.353801868001845,16.77196173488366,6.0,0.0068359375
pre,lesion,5.0,pix2pix-3D-T2+FLAIR  vs  BEST(ResViT-2D+3D-refine-T2+FLAIR),lpips,12,0.18571548796715223,0.15921436486792465,3.0,0.00244140625
pre,lesion,5.0,SwinPix2Pix-3D-T2  vs  BEST(ResViT-2D+3D-refine-T2+FLAIR),ssim,12,0.6088421732586369,0.6665720772890998,3.0,0.00244140625
pre,lesion,5.0,SwinPix2Pix-3D-T2  vs  BEST(ResViT-2D+3D-refine-T2+FLAIR),psnr,12,15.252588092634076,16.77196173488366,5.0,0.0048828125
pre,lesion,5.0,SwinPix2Pix-3D-T2  vs  BEST(ResViT-2D+3D-refine-T2+FLAIR),lpips,12,0.17517267107077095,0.15921436486792465,10.0,0.02099609375
pre,lesion,5.0,SynDiff-3D+3D-refine-T2+FLAIR  vs  BEST(ResViT-2D+3D-refine-T2+FLAIR),ssim,12,0.6026421790554815,0.6665720772890998,0.0,0.00048828125
pre,lesion,5.0,SynDiff-3D+3D-refine-T2+FLAIR  vs  BEST(ResViT-2D+3D-refine-T2+FLAIR),psnr,12,15.332565384734693,16.77196173488366,0.0,0.00048828125
pre,lesion,5.0,SynDiff-3D+3D-refine-T2+FLAIR  vs  BEST(ResViT-2D+3D-refine-T2+FLAIR),lpips,12,0.14638291986322424,0.15921436486792465,17.0,0.09228515625
pre,lesion,5.0,CycleGAN-3D-T2  vs  BEST(ResViT-2D+3D-refine-T2+FLAIR),ssim,12,0.6089805963470895,0.6665720772890998,3.0,0.00244140625
pre,lesion,5.0,CycleGAN-3D-T2  vs  BEST(ResViT-2D+3D-refine-T2+FLAIR),psnr,12,15.142993911367597,16.77196173488366,3.0,0.00244140625
pre,lesion,5.0,CycleGAN-3D-T2  vs  BEST(ResViT-2D+3D-refine-T2+FLAIR),lpips,12,0.14193473828072564,0.15921436486792465,16.0,0.0771484375
pre,lesion,5.0,CycleGAN-2D-T2  vs  BEST(ResViT-2D+3D-refine-T2+FLAIR),ssim,12,0.6021239348586384,0.6665720772890998,9.0,0.01611328125
pre,lesion,5.0,CycleGAN-2D-T2  vs  BEST(ResViT-2D+3D-refine-T2+FLAIR),psnr,12,15.02396755362564,16.77196173488366,11.0,0.02685546875
pre,lesion,5.0,CycleGAN-2D-T2  vs  BEST(ResViT-2D+3D-refine-T2+FLAIR),lpips,12,0.1911579079929966,0.15921436486792465,7.0,0.00927734375
pre,lesion,5.0,CUT-3D-T2+FLAIR  vs  BEST(ResViT-2D+3D-refine-T2+FLAIR),ssim,12,0.6002620042324847,0.6665720772890998,1.0,0.0009765625
pre,lesion,5.0,CUT-3D-T2+FLAIR  vs  BEST(ResViT-2D+3D-refine-T2+FLAIR),psnr,12,15.293035641041405,16.77196173488366,2.0,0.00146484375
pre,lesion,5.0,CUT-3D-T2+FLAIR  vs  BEST(ResViT-2D+3D-refine-T2+FLAIR),lpips,12,0.1397846151628074,0.15921436486792465,15.0,0.06396484375
pre,lesion,5.0,CUT-3D-T2  vs  BEST(ResViT-2D+3D-refine-T2+FLAIR),ssim,12,0.6049732736946414,0.6665720772890998,1.0,0.0009765625
pre,lesion,5.0,CUT-3D-T2  vs  BEST(ResViT-2D+3D-refine-T2+FLAIR),psnr,12,15.34184318788698,16.77196173488366,4.0,0.00341796875
pre,lesion,5.0,CUT-3D-T2  vs  BEST(ResViT-2D+3D-refine-T2+FLAIR),lpips,12,0.13830206926009572,0.15921436486792465,8.0,0.01220703125
pre,lesion,5.0,SynDiff-3D-T2  vs  BEST(ResViT-2D+3D-refine-T2+FLAIR),ssim,12,0.6020681759792086,0.6665720772890998,0.0,0.00048828125
pre,lesion,5.0,SynDiff-3D-T2  vs  BEST(ResViT-2D+3D-refine-T2+FLAIR),psnr,12,15.319418224485148,16.77196173488366,0.0,0.00048828125
pre,lesion,5.0,SynDiff-3D-T2  vs  BEST(ResViT-2D+3D-refine-T2+FLAIR),lpips,12,0.1381864184635304,0.15921436486792465,6.0,0.0068359375
pre,lesion,5.0,pix2pix-3D-T2  vs  BEST(ResViT-2D+3D-refine-T2+FLAIR),ssim,12,0.6025393424354525,0.6665720772890998,1.0,0.0009765625
pre,lesion,5.0,pix2pix-3D-T2  vs  BEST(ResViT-2D+3D-refine-T2+FLAIR),psnr,12,14.942052763223968,16.77196173488366,1.0,0.0009765625
pre,lesion,5.0,pix2pix-3D-T2  vs  BEST(ResViT-2D+3D-refine-T2+FLAIR),lpips,12,0.17600998737089824,0.15921436486792465,11.0,0.02685546875
pre,tumor,0.0,SwinPix2Pix-2D+3D-post-T2+FLAIR  vs  BEST(CycleGAN-2D+3D-post-T2+FLAIR),ssim,12,0.7841713607712236,0.7846196922393341,35.0,0.791015625
pre,tumor,0.0,SwinPix2Pix-2D+3D-post-T2+FLAIR  vs  BEST(CycleGAN-2D+3D-post-T2+FLAIR),psnr,12,18.714440861173713,18.393747955612405,25.0,0.30126953125
pre,tumor,0.0,SwinPix2Pix-2D+3D-post-T2+FLAIR  vs  BEST(CycleGAN-2D+3D-post-T2+FLAIR),lpips,12,0.0865044385457726,0.08777387364019179,30.0,0.5185546875
pre,tumor,0.0,ResViT-2D+3D-refine-T2+FLAIR  vs  BEST(CycleGAN-2D+3D-post-T2+FLAIR),ssim,12,0.7811278124902282,0.7846196922393341,35.0,0.791015625
pre,tumor,0.0,ResViT-2D+3D-refine-T2+FLAIR  vs  BEST(CycleGAN-2D+3D-post-T2+FLAIR),psnr,12,18.057174976146023,18.393747955612405,30.0,0.5185546875
pre,tumor,0.0,ResViT-2D+3D-refine-T2+FLAIR  vs  BEST(CycleGAN-2D+3D-post-T2+FLAIR),lpips,12,0.09192382231528733,0.08777387364019179,30.0,0.5185546875
pre,tumor,0.0,pix2pix-2D+3D-post-T2+FLAIR  vs  BEST(CycleGAN-2D+3D-post-T2+FLAIR),ssim,12,0.7801230796319354,0.7846196922393341,20.0,0.1513671875
pre,tumor,0.0,pix2pix-2D+3D-post-T2+FLAIR  vs  BEST(CycleGAN-2D+3D-post-T2+FLAIR),psnr,12,18.16829036054161,18.393747955612405,36.0,0.85009765625
pre,tumor,0.0,pix2pix-2D+3D-post-T2+FLAIR  vs  BEST(CycleGAN-2D+3D-post-T2+FLAIR),lpips,12,0.09055704945622366,0.08777387364019179,19.0,0.12939453125
pre,tumor,0.0,SwinPix2Pix-2D-T2+FLAIR  vs  BEST(CycleGAN-2D+3D-post-T2+FLAIR),ssim,12,0.7782922316599797,0.7846196922393341,14.0,0.05224609375
pre,tumor,0.0,SwinPix2Pix-2D-T2+FLAIR  vs  BEST(CycleGAN-2D+3D-post-T2+FLAIR),psnr,12,18.16264075939162,18.393747955612405,35.0,0.791015625
pre,tumor,0.0,SwinPix2Pix-2D-T2+FLAIR  vs  BEST(CycleGAN-2D+3D-post-T2+FLAIR),lpips,12,0.08887320934421077,0.08777387364019179,38.0,0.9697265625
pre,tumor,0.0,CycleGAN-2D-T2+FLAIR  vs  BEST(CycleGAN-2D+3D-post-T2+FLAIR),ssim,12,0.7780890658277974,0.7846196922393341,3.0,0.00244140625
pre,tumor,0.0,CycleGAN-2D-T2+FLAIR  vs  BEST(CycleGAN-2D+3D-post-T2+FLAIR),psnr,12,17.964057250464318,18.393747955612405,25.0,0.30126953125
pre,tumor,0.0,CycleGAN-2D-T2+FLAIR  vs  BEST(CycleGAN-2D+3D-post-T2+FLAIR),lpips,12,0.08798567916985796,0.08777387364019179,37.0,0.90966796875
pre,tumor,0.0,CycleGAN-2.5D-T2+FLAIR  vs  BEST(CycleGAN-2D+3D-post-T2+FLAIR),ssim,12,0.7771695068528106,0.7846196922393341,25.0,0.30126953125
pre,tumor,0.0,CycleGAN-2.5D-T2+FLAIR  vs  BEST(CycleGAN-2D+3D-post-T2+FLAIR),psnr,12,17.74484237889349,18.393747955612405,26.0,0.33935546875
pre,tumor,0.0,CycleGAN-2.5D-T2+FLAIR  vs  BEST(CycleGAN-2D+3D-post-T2+FLAIR),lpips,12,0.09191411268031185,0.08777387364019179,12.0,0.0341796875
pre,tumor,0.0,CUT-2D+3D-post-T2+FLAIR  vs  BEST(CycleGAN-2D+3D-post-T2+FLAIR),ssim,12,0.7767553207694123,0.7846196922393341,5.0,0.0048828125
pre,tumor,0.0,CUT-2D+3D-post-T2+FLAIR  vs  BEST(CycleGAN-2D+3D-post-T2+FLAIR),psnr,12,18.050873214131553,18.393747955612405,29.0,0.4697265625
pre,tumor,0.0,CUT-2D+3D-post-T2+FLAIR  vs  BEST(CycleGAN-2D+3D-post-T2+FLAIR),lpips,12,0.08567405799768035,0.08777387364019179,18.0,0.10986328125
pre,tumor,0.0,ResViT-2.5D-T2+FLAIR  vs  BEST(CycleGAN-2D+3D-post-T2+FLAIR),ssim,12,0.7746402303298298,0.7846196922393341,30.0,0.5185546875
pre,tumor,0.0,ResViT-2.5D-T2+FLAIR  vs  BEST(CycleGAN-2D+3D-post-T2+FLAIR),psnr,12,17.838581172571182,18.393747955612405,24.0,0.26611328125
pre,tumor,0.0,ResViT-2.5D-T2+FLAIR  vs  BEST(CycleGAN-2D+3D-post-T2+FLAIR),lpips,12,0.08316537374949472,0.08777387364019179,34.0,0.7333984375
pre,tumor,0.0,pix2pix-2D+3D-post-T2  vs  BEST(CycleGAN-2D+3D-post-T2+FLAIR),ssim,12,0.7841013315746741,0.7846196922393341,35.0,0.791015625
pre,tumor,0.0,pix2pix-2D+3D-post-T2  vs  BEST(CycleGAN-2D+3D-post-T2+FLAIR),psnr,12,18.366670315352113,18.393747955612405,36.0,0.85009765625
pre,tumor,0.0,pix2pix-2D+3D-post-T2  vs  BEST(CycleGAN-2D+3D-post-T2+FLAIR),lpips,12,0.09101904774617914,0.08777387364019179,23.0,0.2333984375
pre,tumor,0.0,SwinPix2Pix-2D+3D-post-T2  vs  BEST(CycleGAN-2D+3D-post-T2+FLAIR),ssim,12,0.7830558314019446,0.7846196922393341,33.0,0.67724609375
pre,tumor,0.0,SwinPix2Pix-2D+3D-post-T2  vs  BEST(CycleGAN-2D+3D-post-T2+FLAIR),psnr,12,18.65677320275444,18.393747955612405,36.0,0.85009765625
pre,tumor,0.0,SwinPix2Pix-2D+3D-post-T2  vs  BEST(CycleGAN-2D+3D-post-T2+FLAIR),lpips,12,0.0875762742440283,0.08777387364019179,38.0,0.9697265625
pre,tumor,0.0,CUT-2D+3D-post-T2  vs  BEST(CycleGAN-2D+3D-post-T2+FLAIR),ssim,12,0.7837201398088324,0.7846196922393341,39.0,1.0
pre,tumor,0.0,CUT-2D+3D-post-T2  vs  BEST(CycleGAN-2D+3D-post-T2+FLAIR),psnr,12,18.452388719386253,18.393747955612405,36.0,0.85009765625
pre,tumor,0.0,CUT-2D+3D-post-T2  vs  BEST(CycleGAN-2D+3D-post-T2+FLAIR),lpips,12,0.08899199583001884,0.08777387364019179,34.0,0.7333984375
pre,tumor,0.0,CUT-2.5D-T2+FLAIR  vs  BEST(CycleGAN-2D+3D-post-T2+FLAIR),ssim,12,0.7728837182026868,0.7846196922393341,6.0,0.0068359375
pre,tumor,0.0,CUT-2.5D-T2+FLAIR  vs  BEST(CycleGAN-2D+3D-post-T2+FLAIR),psnr,12,17.614597489424455,18.393747955612405,22.0,0.20361328125
pre,tumor,0.0,CUT-2.5D-T2+FLAIR  vs  BEST(CycleGAN-2D+3D-post-T2+FLAIR),lpips,12,0.08810063142284018,0.08777387364019179,39.0,1.0
pre,tumor,0.0,pix2pix-2.5D-T2+FLAIR  vs  BEST(CycleGAN-2D+3D-post-T2+FLAIR),ssim,12,0.7717757081388782,0.7846196922393341,23.0,0.2333984375
pre,tumor,0.0,pix2pix-2.5D-T2+FLAIR  vs  BEST(CycleGAN-2D+3D-post-T2+FLAIR),psnr,12,18.00181987141362,18.393747955612405,35.0,0.791015625
pre,tumor,0.0,pix2pix-2.5D-T2+FLAIR  vs  BEST(CycleGAN-2D+3D-post-T2+FLAIR),lpips,12,0.08959512448572066,0.08777387364019179,36.0,0.85009765625
pre,tumor,0.0,pix2pix-2D-T2+FLAIR  vs  BEST(CycleGAN-2D+3D-post-T2+FLAIR),ssim,12,0.7713685035831399,0.7846196922393341,3.0,0.00244140625
pre,tumor,0.0,pix2pix-2D-T2+FLAIR  vs  BEST(CycleGAN-2D+3D-post-T2+FLAIR),psnr,12,17.480322680203397,18.393747955612405,19.0,0.12939453125
pre,tumor,0.0,pix2pix-2D-T2+FLAIR  vs  BEST(CycleGAN-2D+3D-post-T2+FLAIR),lpips,12,0.09471938838770094,0.08777387364019179,18.0,0.10986328125
pre,tumor,0.0,ResViT-2D+3D-refine-T2  vs  BEST(CycleGAN-2D+3D-post-T2+FLAIR),ssim,12,0.7695512180373835,0.7846196922393341,23.0,0.2333984375
pre,tumor,0.0,ResViT-2D+3D-refine-T2  vs  BEST(CycleGAN-2D+3D-post-T2+FLAIR),psnr,12,17.47634039402735,18.393747955612405,19.0,0.12939453125
pre,tumor,0.0,ResViT-2D+3D-refine-T2  vs  BEST(CycleGAN-2D+3D-post-T2+FLAIR),lpips,12,0.08152016917801512,0.08777387364019179,26.0,0.33935546875
pre,tumor,0.0,SwinPix2Pix-2D-T2  vs  BEST(CycleGAN-2D+3D-post-T2+FLAIR),ssim,12,0.7792558513999249,0.7846196922393341,28.0,0.423828125
pre,tumor,0.0,SwinPix2Pix-2D-T2  vs  BEST(CycleGAN-2D+3D-post-T2+FLAIR),psnr,12,18.18386707086191,18.393747955612405,35.0,0.791015625
pre,tumor,0.0,SwinPix2Pix-2D-T2  vs  BEST(CycleGAN-2D+3D-post-T2+FLAIR),lpips,12,0.08987273904895095,0.08777387364019179,32.0,0.6220703125
pre,tumor,0.0,ResViT-2D-T2+FLAIR  vs  BEST(CycleGAN-2D+3D-post-T2+FLAIR),ssim,12,0.769360317235189,0.7846196922393341,23.0,0.2333984375
pre,tumor,0.0,ResViT-2D-T2+FLAIR  vs  BEST(CycleGAN-2D+3D-post-T2+FLAIR),psnr,12,17.28746250345069,18.393747955612405,11.0,0.02685546875
pre,tumor,0.0,ResViT-2D-T2+FLAIR  vs  BEST(CycleGAN-2D+3D-post-T2+FLAIR),lpips,12,0.08801368651323167,0.08777387364019179,34.0,0.7333984375
pre,tumor,0.0,pix2pix-2.5D-T2  vs  BEST(CycleGAN-2D+3D-post-T2+FLAIR),ssim,12,0.7792692616606803,0.7846196922393341,29.0,0.4697265625
pre,tumor,0.0,pix2pix-2.5D-T2  vs  BEST(CycleGAN-2D+3D-post-T2+FLAIR),psnr,12,17.906324081437145,18.393747955612405,30.0,0.5185546875
pre,tumor,0.0,pix2pix-2.5D-T2  vs  BEST(CycleGAN-2D+3D-post-T2+FLAIR),lpips,12,0.09368815549073774,0.08777387364019179,24.0,0.26611328125
pre,tumor,0.0,SwinPix2Pix-2.5D-T2+FLAIR  vs  BEST(CycleGAN-2D+3D-post-T2+FLAIR),ssim,12,0.768978481968309,0.7846196922393341,15.0,0.06396484375
pre,tumor,0.0,SwinPix2Pix-2.5D-T2+FLAIR  vs  BEST(CycleGAN-2D+3D-post-T2+FLAIR),psnr,12,17.96363925932523,18.393747955612405,34.0,0.7333984375
pre,tumor,0.0,SwinPix2Pix-2.5D-T2+FLAIR  vs  BEST(CycleGAN-2D+3D-post-T2+FLAIR),lpips,12,0.08872368737170233,0.08777387364019179,31.0,0.5693359375
pre,tumor,0.0,pix2pix-2D-T2  vs  BEST(CycleGAN-2D+3D-post-T2+FLAIR),ssim,12,0.7783431878930002,0.7846196922393341,24.0,0.26611328125
pre,tumor,0.0,pix2pix-2D-T2  vs  BEST(CycleGAN-2D+3D-post-T2+FLAIR),psnr,12,17.868063280845277,18.393747955612405,33.0,0.67724609375
pre,tumor,0.0,pix2pix-2D-T2  vs  BEST(CycleGAN-2D+3D-post-T2+FLAIR),lpips,12,0.0946394099625783,0.08777387364019179,18.0,0.10986328125
pre,tumor,0.0,CycleGAN-2.5D-T2  vs  BEST(CycleGAN-2D+3D-post-T2+FLAIR),ssim,12,0.7802523232584945,0.7846196922393341,25.0,0.30126953125
pre,tumor,0.0,CycleGAN-2.5D-T2  vs  BEST(CycleGAN-2D+3D-post-T2+FLAIR),psnr,12,17.935575787400836,18.393747955612405,26.0,0.33935546875
pre,tumor,0.0,CycleGAN-2.5D-T2  vs  BEST(CycleGAN-2D+3D-post-T2+FLAIR),lpips,12,0.09221680898602176,0.08777387364019179,12.0,0.0341796875
pre,tumor,0.0,CycleGAN-2D+3D-post-T2  vs  BEST(CycleGAN-2D+3D-post-T2+FLAIR),ssim,12,0.779209034451498,0.7846196922393341,31.0,0.5693359375
pre,tumor,0.0,CycleGAN-2D+3D-post-T2  vs  BEST(CycleGAN-2D+3D-post-T2+FLAIR),psnr,12,18.191127900746633,18.393747955612405,28.0,0.423828125
pre,tumor,0.0,CycleGAN-2D+3D-post-T2  vs  BEST(CycleGAN-2D+3D-post-T2+FLAIR),lpips,12,0.08730924628438641,0.08777387364019179,38.0,0.9697265625
pre,tumor,0.0,SwinPix2Pix-2.5D-T2  vs  BEST(CycleGAN-2D+3D-post-T2+FLAIR),ssim,12,0.7772917078288285,0.7846196922393341,26.0,0.33935546875
pre,tumor,0.0,SwinPix2Pix-2.5D-T2  vs  BEST(CycleGAN-2D+3D-post-T2+FLAIR),psnr,12,18.057054768651106,18.393747955612405,36.0,0.85009765625
pre,tumor,0.0,SwinPix2Pix-2.5D-T2  vs  BEST(CycleGAN-2D+3D-post-T2+FLAIR),lpips,12,0.08796867464621004,0.08777387364019179,32.0,0.6220703125
pre,tumor,0.0,CUT-2D-T2  vs  BEST(CycleGAN-2D+3D-post-T2+FLAIR),ssim,12,0.7755913070514482,0.7846196922393341,18.0,0.10986328125
pre,tumor,0.0,CUT-2D-T2  vs  BEST(CycleGAN-2D+3D-post-T2+FLAIR),psnr,12,17.707978399277906,18.393747955612405,22.0,0.20361328125
pre,tumor,0.0,CUT-2D-T2  vs  BEST(CycleGAN-2D+3D-post-T2+FLAIR),lpips,12,0.09094111772935708,0.08777387364019179,31.0,0.5693359375
pre,tumor,0.0,ResViT-2D-T2  vs  BEST(CycleGAN-2D+3D-post-T2+FLAIR),ssim,12,0.7611766650642068,0.7846196922393341,24.0,0.26611328125
pre,tumor,0.0,ResViT-2D-T2  vs  BEST(CycleGAN-2D+3D-post-T2+FLAIR),psnr,12,17.860685202812487,18.393747955612405,27.0,0.38037109375
pre,tumor,0.0,ResViT-2D-T2  vs  BEST(CycleGAN-2D+3D-post-T2+FLAIR),lpips,12,0.07472331955065216,0.08777387364019179,17.0,0.09228515625
pre,tumor,0.0,ResViT-2.5D-T2  vs  BEST(CycleGAN-2D+3D-post-T2+FLAIR),ssim,12,0.7632582184077875,0.7846196922393341,21.0,0.17626953125
pre,tumor,0.0,ResViT-2.5D-T2  vs  BEST(CycleGAN-2D+3D-post-T2+FLAIR),psnr,12,18.030376787671766,18.393747955612405,27.0,0.38037109375
pre,tumor,0.0,ResViT-2.5D-T2  vs  BEST(CycleGAN-2D+3D-post-T2+FLAIR),lpips,12,0.06745118696853857,0.08777387364019179,5.0,0.0048828125
pre,tumor,0.0,CUT-2.5D-T2  vs  BEST(CycleGAN-2D+3D-post-T2+FLAIR),ssim,12,0.7726973122759144,0.7846196922393341,3.0,0.00244140625
pre,tumor,0.0,CUT-2.5D-T2  vs  BEST(CycleGAN-2D+3D-post-T2+FLAIR),psnr,12,17.564405646533526,18.393747955612405,21.0,0.17626953125
pre,tumor,0.0,CUT-2.5D-T2  vs  BEST(CycleGAN-2D+3D-post-T2+FLAIR),lpips,12,0.08835869394998784,0.08777387364019179,38.0,0.9697265625
pre,tumor,0.0,CUT-2D-T2+FLAIR  vs  BEST(CycleGAN-2D+3D-post-T2+FLAIR),ssim,12,0.7597338910518449,0.7846196922393341,1.0,0.0009765625
pre,tumor,0.0,CUT-2D-T2+FLAIR  vs  BEST(CycleGAN-2D+3D-post-T2+FLAIR),psnr,12,17.307291022232008,18.393747955612405,19.0,0.12939453125
pre,tumor,0.0,CUT-2D-T2+FLAIR  vs  BEST(CycleGAN-2D+3D-post-T2+FLAIR),lpips,12,0.07789325219087173,0.08777387364019179,11.0,0.02685546875
pre,tumor,0.0,SwinPix2Pix-3D-T2+FLAIR  vs  BEST(CycleGAN-2D+3D-post-T2+FLAIR),ssim,12,0.7579355223461484,0.7846196922393341,1.0,0.0009765625
pre,tumor,0.0,SwinPix2Pix-3D-T2+FLAIR  vs  BEST(CycleGAN-2D+3D-post-T2+FLAIR),psnr,12,17.29176123316436,18.393747955612405,20.0,0.1513671875
pre,tumor,0.0,SwinPix2Pix-3D-T2+FLAIR  vs  BEST(CycleGAN-2D+3D-post-T2+FLAIR),lpips,12,0.08242707175914285,0.08777387364019179,9.0,0.01611328125
pre,tumor,0.0,SynDiff-2.5D-T2  vs  BEST(CycleGAN-2D+3D-post-T2+FLAIR),ssim,12,0.7590303706616831,0.7846196922393341,16.0,0.0771484375
pre,tumor,0.0,SynDiff-2.5D-T2  vs  BEST(CycleGAN-2D+3D-post-T2+FLAIR),psnr,12,17.34162049499501,18.393747955612405,11.0,0.02685546875
pre,tumor,0.0,SynDiff-2.5D-T2  vs  BEST(CycleGAN-2D+3D-post-T2+FLAIR),lpips,12,0.07885380622791821,0.08777387364019179,23.0,0.2333984375
pre,tumor,0.0,SynDiff-2D-T2+FLAIR  vs  BEST(CycleGAN-2D+3D-post-T2+FLAIR),ssim,12,0.7557983152142419,0.7846196922393341,16.0,0.0771484375
pre,tumor,0.0,SynDiff-2D-T2+FLAIR  vs  BEST(CycleGAN-2D+3D-post-T2+FLAIR),psnr,12,16.92202344390767,18.393747955612405,6.0,0.0068359375
pre,tumor,0.0,SynDiff-2D-T2+FLAIR  vs  BEST(CycleGAN-2D+3D-post-T2+FLAIR),lpips,12,0.08601524118168195,0.08777387364019179,36.0,0.85009765625
pre,tumor,0.0,SynDiff-2D-T2  vs  BEST(CycleGAN-2D+3D-post-T2+FLAIR),ssim,12,0.7572916048659212,0.7846196922393341,18.0,0.10986328125
pre,tumor,0.0,SynDiff-2D-T2  vs  BEST(CycleGAN-2D+3D-post-T2+FLAIR),psnr,12,17.35715106866282,18.393747955612405,13.0,0.04248046875
pre,tumor,0.0,SynDiff-2D-T2  vs  BEST(CycleGAN-2D+3D-post-T2+FLAIR),lpips,12,0.07917271362737122,0.08777387364019179,16.0,0.0771484375
pre,tumor,0.0,pix2pix-3D-T2+FLAIR  vs  BEST(CycleGAN-2D+3D-post-T2+FLAIR),ssim,12,0.7539531551154594,0.7846196922393341,1.0,0.0009765625
pre,tumor,0.0,pix2pix-3D-T2+FLAIR  vs  BEST(CycleGAN-2D+3D-post-T2+FLAIR),psnr,12,17.626520123887605,18.393747955612405,23.0,0.2333984375
pre,tumor,0.0,pix2pix-3D-T2+FLAIR  vs  BEST(CycleGAN-2D+3D-post-T2+FLAIR),lpips,12,0.08622156608674025,0.08777387364019179,26.0,0.33935546875
pre,tumor,0.0,CycleGAN-3D-T2+FLAIR  vs  BEST(CycleGAN-2D+3D-post-T2+FLAIR),ssim,12,0.752798171721174,0.7846196922393341,1.0,0.0009765625
pre,tumor,0.0,CycleGAN-3D-T2+FLAIR  vs  BEST(CycleGAN-2D+3D-post-T2+FLAIR),psnr,12,17.690217365340715,18.393747955612405,19.0,0.12939453125
pre,tumor,0.0,CycleGAN-3D-T2+FLAIR  vs  BEST(CycleGAN-2D+3D-post-T2+FLAIR),lpips,12,0.07283047929172065,0.08777387364019179,13.0,0.04248046875
pre,tumor,0.0,SynDiff-2.5D-T2+FLAIR  vs  BEST(CycleGAN-2D+3D-post-T2+FLAIR),ssim,12,0.7477190563385555,0.7846196922393341,14.0,0.05224609375
pre,tumor,0.0,SynDiff-2.5D-T2+FLAIR  vs  BEST(CycleGAN-2D+3D-post-T2+FLAIR),psnr,12,16.54596972950708,18.393747955612405,2.0,0.00146484375
pre,tumor,0.0,SynDiff-2.5D-T2+FLAIR  vs  BEST(CycleGAN-2D+3D-post-T2+FLAIR),lpips,12,0.08255981280976314,0.08777387364019179,31.0,0.5693359375
pre,tumor,0.0,SynDiff-3D+3D-refine-T2  vs  BEST(CycleGAN-2D+3D-post-T2+FLAIR),ssim,12,0.7554810819593095,0.7846196922393341,13.0,0.04248046875
pre,tumor,0.0,SynDiff-3D+3D-refine-T2  vs  BEST(CycleGAN-2D+3D-post-T2+FLAIR),psnr,12,17.33293794850171,18.393747955612405,15.0,0.06396484375
pre,tumor,0.0,SynDiff-3D+3D-refine-T2  vs  BEST(CycleGAN-2D+3D-post-T2+FLAIR),lpips,12,0.07212937937735968,0.08777387364019179,12.0,0.0341796875
pre,tumor,0.0,ResViT-3D-T2  vs  BEST(CycleGAN-2D+3D-post-T2+FLAIR),ssim,12,0.737023546901224,0.7846196922393341,8.0,0.01220703125
pre,tumor,0.0,ResViT-3D-T2  vs  BEST(CycleGAN-2D+3D-post-T2+FLAIR),psnr,12,16.863100114696206,18.393747955612405,13.0,0.04248046875
pre,tumor,0.0,ResViT-3D-T2  vs  BEST(CycleGAN-2D+3D-post-T2+FLAIR),lpips,12,0.07966710375275175,0.08777387364019179,27.0,0.38037109375
pre,tumor,0.0,SwinPix2Pix-3D-T2  vs  BEST(CycleGAN-2D+3D-post-T2+FLAIR),ssim,12,0.7484473651469953,0.7846196922393341,0.0,0.00048828125
pre,tumor,0.0,SwinPix2Pix-3D-T2  vs  BEST(CycleGAN-2D+3D-post-T2+FLAIR),psnr,12,17.206533408038922,18.393747955612405,19.0,0.12939453125
pre,tumor,0.0,SwinPix2Pix-3D-T2  vs  BEST(CycleGAN-2D+3D-post-T2+FLAIR),lpips,12,0.08462983310195861,0.08777387364019179,17.0,0.09228515625
pre,tumor,0.0,pix2pix-3D-T2  vs  BEST(CycleGAN-2D+3D-post-T2+FLAIR),ssim,12,0.7502824478924534,0.7846196922393341,1.0,0.0009765625
pre,tumor,0.0,pix2pix-3D-T2  vs  BEST(CycleGAN-2D+3D-post-T2+FLAIR),psnr,12,16.971282446601226,18.393747955612405,7.0,0.00927734375
pre,tumor,0.0,pix2pix-3D-T2  vs  BEST(CycleGAN-2D+3D-post-T2+FLAIR),lpips,12,0.0800225989308265,0.08777387364019179,11.0,0.02685546875
pre,tumor,0.0,SynDiff-3D-T2+FLAIR  vs  BEST(CycleGAN-2D+3D-post-T2+FLAIR),ssim,12,0.7362170818274639,0.7846196922393341,9.0,0.01611328125
pre,tumor,0.0,SynDiff-3D-T2+FLAIR  vs  BEST(CycleGAN-2D+3D-post-T2+FLAIR),psnr,12,16.556581874443822,18.393747955612405,4.0,0.00341796875
pre,tumor,0.0,SynDiff-3D-T2+FLAIR  vs  BEST(CycleGAN-2D+3D-post-T2+FLAIR),lpips,12,0.08893542416101811,0.08777387364019179,37.0,0.90966796875
pre,tumor,0.0,CUT-3D-T2+FLAIR  vs  BEST(CycleGAN-2D+3D-post-T2+FLAIR),ssim,12,0.735923088613867,0.7846196922393341,0.0,0.00048828125
pre,tumor,0.0,CUT-3D-T2+FLAIR  vs  BEST(CycleGAN-2D+3D-post-T2+FLAIR),psnr,12,17.34813843202126,18.393747955612405,14.0,0.05224609375
pre,tumor,0.0,CUT-3D-T2+FLAIR  vs  BEST(CycleGAN-2D+3D-post-T2+FLAIR),lpips,12,0.07339720183482397,0.08777387364019179,20.0,0.1513671875
pre,tumor,0.0,CycleGAN-3D-T2  vs  BEST(CycleGAN-2D+3D-post-T2+FLAIR),ssim,12,0.7439658757454951,0.7846196922393341,0.0,0.00048828125
pre,tumor,0.0,CycleGAN-3D-T2  vs  BEST(CycleGAN-2D+3D-post-T2+FLAIR),psnr,12,17.185391946640447,18.393747955612405,7.0,0.00927734375
pre,tumor,0.0,CycleGAN-3D-T2  vs  BEST(CycleGAN-2D+3D-post-T2+FLAIR),lpips,12,0.069870917141352,0.08777387364019179,7.0,0.00927734375
pre,tumor,0.0,SynDiff-3D+3D-refine-T2+FLAIR  vs  BEST(CycleGAN-2D+3D-post-T2+FLAIR),ssim,12,0.7326842675610433,0.7846196922393341,10.0,0.02099609375
pre,tumor,0.0,SynDiff-3D+3D-refine-T2+FLAIR  vs  BEST(CycleGAN-2D+3D-post-T2+FLAIR),psnr,12,16.528626439959556,18.393747955612405,6.0,0.0068359375
pre,tumor,0.0,SynDiff-3D+3D-refine-T2+FLAIR  vs  BEST(CycleGAN-2D+3D-post-T2+FLAIR),lpips,12,0.08056890208530498,0.08777387364019179,26.0,0.33935546875
pre,tumor,0.0,CUT-3D-T2  vs  BEST(CycleGAN-2D+3D-post-T2+FLAIR),ssim,12,0.7444775529178752,0.7846196922393341,0.0,0.00048828125
pre,tumor,0.0,CUT-3D-T2  vs  BEST(CycleGAN-2D+3D-post-T2+FLAIR),psnr,12,17.693707942613457,18.393747955612405,18.0,0.10986328125
pre,tumor,0.0,CUT-3D-T2  vs  BEST(CycleGAN-2D+3D-post-T2+FLAIR),lpips,12,0.07070247774445924,0.08777387364019179,13.0,0.04248046875
pre,tumor,0.0,SynDiff-3D-T2  vs  BEST(CycleGAN-2D+3D-post-T2+FLAIR),ssim,12,0.7346155840374297,0.7846196922393341,10.0,0.02099609375
pre,tumor,0.0,SynDiff-3D-T2  vs  BEST(CycleGAN-2D+3D-post-T2+FLAIR),psnr,12,16.6524461865272,18.393747955612405,5.0,0.0048828125
pre,tumor,0.0,SynDiff-3D-T2  vs  BEST(CycleGAN-2D+3D-post-T2+FLAIR),lpips,12,0.08550770577136046,0.08777387364019179,38.0,0.9697265625
pre,tumor,0.0,ResViT-3D-T2+FLAIR  vs  BEST(CycleGAN-2D+3D-post-T2+FLAIR),ssim,12,0.7292791324186725,0.7846196922393341,6.0,0.0068359375
pre,tumor,0.0,ResViT-3D-T2+FLAIR  vs  BEST(CycleGAN-2D+3D-post-T2+FLAIR),psnr,12,16.773076541170344,18.393747955612405,9.0,0.01611328125
pre,tumor,0.0,ResViT-3D-T2+FLAIR  vs  BEST(CycleGAN-2D+3D-post-T2+FLAIR),lpips,12,0.0810527703755173,0.08777387364019179,33.0,0.67724609375
pre,tumor,0.0,CycleGAN-2D-T2  vs  BEST(CycleGAN-2D+3D-post-T2+FLAIR),ssim,12,0.7298006517393475,0.7846196922393341,15.0,0.06396484375
pre,tumor,0.0,CycleGAN-2D-T2  vs  BEST(CycleGAN-2D+3D-post-T2+FLAIR),psnr,12,17.165533478505633,18.393747955612405,22.0,0.20361328125
pre,tumor,0.0,CycleGAN-2D-T2  vs  BEST(CycleGAN-2D+3D-post-T2+FLAIR),lpips,12,0.09149116399043956,0.08777387364019179,36.0,0.85009765625
pre,tumor,5.0,ResViT-2.5D-T2+FLAIR  vs  BEST(ResViT-2D+3D-refine-T2+FLAIR),ssim,12,0.6615765375167975,0.6706038511966645,17.0,0.09228515625
pre,tumor,5.0,ResViT-2.5D-T2+FLAIR  vs  BEST(ResViT-2D+3D-refine-T2+FLAIR),psnr,12,16.982054006085,17.02028705312753,39.0,1.0
pre,tumor,5.0,ResViT-2.5D-T2+FLAIR  vs  BEST(ResViT-2D+3D-refine-T2+FLAIR),lpips,12,0.1342151333649311,0.1561709169624335,2.0,0.00146484375
pre,tumor,5.0,ResViT-2.5D-T2  vs  BEST(ResViT-2D+3D-refine-T2+FLAIR),ssim,12,0.6520338881461629,0.6706038511966645,9.0,0.01611328125
pre,tumor,5.0,ResViT-2.5D-T2  vs  BEST(ResViT-2D+3D-refine-T2+FLAIR),psnr,12,17.077626909202845,17.02028705312753,38.0,0.9697265625
pre,tumor,5.0,ResViT-2.5D-T2  vs  BEST(ResViT-2D+3D-refine-T2+FLAIR),lpips,12,0.10521389152693429,0.1561709169624335,0.0,0.00048828125
pre,tumor,5.0,ResViT-2D+3D-refine-T2  vs  BEST(ResViT-2D+3D-refine-T2+FLAIR),ssim,12,0.6565062643726923,0.6706038511966645,6.0,0.0068359375
pre,tumor,5.0,ResViT-2D+3D-refine-T2  vs  BEST(ResViT-2D+3D-refine-T2+FLAIR),psnr,12,16.60270966329027,17.02028705312753,5.0,0.0048828125
pre,tumor,5.0,ResViT-2D+3D-refine-T2  vs  BEST(ResViT-2D+3D-refine-T2+FLAIR),lpips,12,0.13257203306303664,0.1561709169624335,0.0,0.00048828125
pre,tumor,5.0,SwinPix2Pix-2D+3D-post-T2+FLAIR  vs  BEST(ResViT-2D+3D-refine-T2+FLAIR),ssim,12,0.6553151099582103,0.6706038511966645,29.0,0.4697265625
pre,tumor,5.0,SwinPix2Pix-2D+3D-post-T2+FLAIR  vs  BEST(ResViT-2D+3D-refine-T2+FLAIR),psnr,12,16.52786220456898,17.02028705312753,32.0,0.6220703125
pre,tumor,5.0,SwinPix2Pix-2D+3D-post-T2+FLAIR  vs  BEST(ResViT-2D+3D-refine-T2+FLAIR),lpips,12,0.1914599620862688,0.1561709169624335,0.0,0.00048828125
pre,tumor,5.0,pix2pix-2D+3D-post-T2+FLAIR  vs  BEST(ResViT-2D+3D-refine-T2+FLAIR),ssim,12,0.6543232366471888,0.6706038511966645,26.0,0.33935546875
pre,tumor,5.0,pix2pix-2D+3D-post-T2+FLAIR  vs  BEST(ResViT-2D+3D-refine-T2+FLAIR),psnr,12,16.539174195266188,17.02028705312753,24.0,0.26611328125
pre,tumor,5.0,pix2pix-2D+3D-post-T2+FLAIR  vs  BEST(ResViT-2D+3D-refine-T2+FLAIR),lpips,12,0.19687314920780274,0.1561709169624335,0.0,0.00048828125
pre,tumor,5.0,CycleGAN-2D+3D-post-T2+FLAIR  vs  BEST(ResViT-2D+3D-refine-T2+FLAIR),ssim,12,0.653063120383792,0.6706038511966645,28.0,0.423828125
pre,tumor,5.0,CycleGAN-2D+3D-post-T2+FLAIR  vs  BEST(ResViT-2D+3D-refine-T2+FLAIR),psnr,12,16.36895496677602,17.02028705312753,16.0,0.0771484375
pre,tumor,5.0,CycleGAN-2D+3D-post-T2+FLAIR  vs  BEST(ResViT-2D+3D-refine-T2+FLAIR),lpips,12,0.20244433929820413,0.1561709169624335,0.0,0.00048828125
pre,tumor,5.0,SynDiff-2.5D-T2  vs  BEST(ResViT-2D+3D-refine-T2+FLAIR),ssim,12,0.6501819840197168,0.6706038511966645,5.0,0.0048828125
pre,tumor,5.0,SynDiff-2.5D-T2  vs  BEST(ResViT-2D+3D-refine-T2+FLAIR),psnr,12,16.322819657970225,17.02028705312753,0.0,0.00048828125
pre,tumor,5.0,SynDiff-2.5D-T2  vs  BEST(ResViT-2D+3D-refine-T2+FLAIR),lpips,12,0.1152815774576955,0.1561709169624335,0.0,0.00048828125
pre,tumor,5.0,ResViT-2D-T2+FLAIR  vs  BEST(ResViT-2D+3D-refine-T2+FLAIR),ssim,12,0.6525993760440162,0.6706038511966645,3.0,0.00244140625
pre,tumor,5.0,ResViT-2D-T2+FLAIR  vs  BEST(ResViT-2D+3D-refine-T2+FLAIR),psnr,12,16.497588255629875,17.02028705312753,3.0,0.00244140625
pre,tumor,5.0,ResViT-2D-T2+FLAIR  vs  BEST(ResViT-2D+3D-refine-T2+FLAIR),lpips,12,0.13809494721750037,0.1561709169624335,4.0,0.00341796875
pre,tumor,5.0,CUT-2D+3D-post-T2+FLAIR  vs  BEST(ResViT-2D+3D-refine-T2+FLAIR),ssim,12,0.6500786037829036,0.6706038511966645,23.0,0.2333984375
pre,tumor,5.0,CUT-2D+3D-post-T2+FLAIR  vs  BEST(ResViT-2D+3D-refine-T2+FLAIR),psnr,12,16.239673754669624,17.02028705312753,17.0,0.09228515625
pre,tumor,5.0,CUT-2D+3D-post-T2+FLAIR  vs  BEST(ResViT-2D+3D-refine-T2+FLAIR),lpips,12,0.18762534361838526,0.1561709169624335,0.0,0.00048828125
pre,tumor,5.0,ResViT-2D-T2  vs  BEST(ResViT-2D+3D-refine-T2+FLAIR),ssim,12,0.6450298941780295,0.6706038511966645,3.0,0.00244140625
pre,tumor,5.0,ResViT-2D-T2  vs  BEST(ResViT-2D+3D-refine-T2+FLAIR),psnr,12,16.7324263704339,17.02028705312753,18.0,0.10986328125
pre,tumor,5.0,ResViT-2D-T2  vs  BEST(ResViT-2D+3D-refine-T2+FLAIR),lpips,12,0.11907470664489406,0.1561709169624335,0.0,0.00048828125
pre,tumor,5.0,SwinPix2Pix-2D+3D-post-T2  vs  BEST(ResViT-2D+3D-refine-T2+FLAIR),ssim,12,0.655305717255222,0.6706038511966645,34.0,0.7333984375
pre,tumor,5.0,SwinPix2Pix-2D+3D-post-T2  vs  BEST(ResViT-2D+3D-refine-T2+FLAIR),psnr,12,16.59773658651896,17.02028705312753,34.0,0.7333984375
pre,tumor,5.0,SwinPix2Pix-2D+3D-post-T2  vs  BEST(ResViT-2D+3D-refine-T2+FLAIR),lpips,12,0.19055890087374316,0.1561709169624335,0.0,0.00048828125
pre,tumor,5.0,pix2pix-2D+3D-post-T2  vs  BEST(ResViT-2D+3D-refine-T2+FLAIR),ssim,12,0.65509643879352,0.6706038511966645,34.0,0.7333984375
pre,tumor,5.0,pix2pix-2D+3D-post-T2  vs  BEST(ResViT-2D+3D-refine-T2+FLAIR),psnr,12,16.48621032369192,17.02028705312753,30.0,0.5185546875
pre,tumor,5.0,pix2pix-2D+3D-post-T2  vs  BEST(ResViT-2D+3D-refine-T2+FLAIR),lpips,12,0.2008256892006137,0.1561709169624335,0.0,0.00048828125
pre,tumor,5.0,CUT-2D+3D-post-T2  vs  BEST(ResViT-2D+3D-refine-T2+FLAIR),ssim,12,0.6534529233860753,0.6706038511966645,28.0,0.423828125
pre,tumor,5.0,CUT-2D+3D-post-T2  vs  BEST(ResViT-2D+3D-refine-T2+FLAIR),psnr,12,16.508816167345717,17.02028705312753,30.0,0.5185546875
pre,tumor,5.0,CUT-2D+3D-post-T2  vs  BEST(ResViT-2D+3D-refine-T2+FLAIR),lpips,12,0.20069625166533345,0.1561709169624335,0.0,0.00048828125
pre,tumor,5.0,SwinPix2Pix-2D-T2+FLAIR  vs  BEST(ResViT-2D+3D-refine-T2+FLAIR),ssim,12,0.6437977305733176,0.6706038511966645,16.0,0.0771484375
pre,tumor,5.0,SwinPix2Pix-2D-T2+FLAIR  vs  BEST(ResViT-2D+3D-refine-T2+FLAIR),psnr,12,16.422062160232862,17.02028705312753,29.0,0.4697265625
pre,tumor,5.0,SwinPix2Pix-2D-T2+FLAIR  vs  BEST(ResViT-2D+3D-refine-T2+FLAIR),lpips,12,0.18996248326878362,0.1561709169624335,0.0,0.00048828125
pre,tumor,5.0,SynDiff-2D-T2  vs  BEST(ResViT-2D+3D-refine-T2+FLAIR),ssim,12,0.6389077546676268,0.6706038511966645,1.0,0.0009765625
pre,tumor,5.0,SynDiff-2D-T2  vs  BEST(ResViT-2D+3D-refine-T2+FLAIR),psnr,12,16.092945308834324,17.02028705312753,0.0,0.00048828125
pre,tumor,5.0,SynDiff-2D-T2  vs  BEST(ResViT-2D+3D-refine-T2+FLAIR),lpips,12,0.12452110184969527,0.1561709169624335,1.0,0.0009765625
pre,tumor,5.0,pix2pix-2D-T2+FLAIR  vs  BEST(ResViT-2D+3D-refine-T2+FLAIR),ssim,12,0.6402276253016452,0.6706038511966645,19.0,0.12939453125
pre,tumor,5.0,pix2pix-2D-T2+FLAIR  vs  BEST(ResViT-2D+3D-refine-T2+FLAIR),psnr,12,16.289737737061184,17.02028705312753,20.0,0.1513671875
pre,tumor,5.0,pix2pix-2D-T2+FLAIR  vs  BEST(ResViT-2D+3D-refine-T2+FLAIR),lpips,12,0.19956465887227556,0.1561709169624335,0.0,0.00048828125
pre,tumor,5.0,pix2pix-2.5D-T2+FLAIR  vs  BEST(ResViT-2D+3D-refine-T2+FLAIR),ssim,12,0.6391355738609906,0.6706038511966645,26.0,0.33935546875
pre,tumor,5.0,pix2pix-2.5D-T2+FLAIR  vs  BEST(ResViT-2D+3D-refine-T2+FLAIR),psnr,12,16.460994380406795,17.02028705312753,34.0,0.7333984375
pre,tumor,5.0,pix2pix-2.5D-T2+FLAIR  vs  BEST(ResViT-2D+3D-refine-T2+FLAIR),lpips,12,0.196254243178368,0.1561709169624335,0.0,0.00048828125
pre,tumor,5.0,pix2pix-2.5D-T2  vs  BEST(ResViT-2D+3D-refine-T2+FLAIR),ssim,12,0.6454100195717495,0.6706038511966645,31.0,0.5693359375
pre,tumor,5.0,pix2pix-2.5D-T2  vs  BEST(ResViT-2D+3D-refine-T2+FLAIR),psnr,12,16.377159586979865,17.02028705312753,25.0,0.30126953125
pre,tumor,5.0,pix2pix-2.5D-T2  vs  BEST(ResViT-2D+3D-refine-T2+FLAIR),lpips,12,0.20035647304853477,0.1561709169624335,0.0,0.00048828125
pre,tumor,5.0,SwinPix2Pix-2.5D-T2  vs  BEST(ResViT-2D+3D-refine-T2+FLAIR),ssim,12,0.6459154387018,0.6706038511966645,24.0,0.26611328125
pre,tumor,5.0,SwinPix2Pix-2.5D-T2  vs  BEST(ResViT-2D+3D-refine-T2+FLAIR),psnr,12,16.541154246588388,17.02028705312753,30.0,0.5185546875
pre,tumor,5.0,SwinPix2Pix-2.5D-T2  vs  BEST(ResViT-2D+3D-refine-T2+FLAIR),lpips,12,0.185513435133399,0.1561709169624335,0.0,0.00048828125
pre,tumor,5.0,SwinPix2Pix-2D-T2  vs  BEST(ResViT-2D+3D-refine-T2+FLAIR),ssim,12,0.6450588247957073,0.6706038511966645,29.0,0.4697265625
pre,tumor,5.0,SwinPix2Pix-2D-T2  vs  BEST(ResViT-2D+3D-refine-T2+FLAIR),psnr,12,16.557075192793995,17.02028705312753,31.0,0.5693359375
pre,tumor,5.0,SwinPix2Pix-2D-T2  vs  BEST(ResViT-2D+3D-refine-T2+FLAIR),lpips,12,0.189938918787792,0.1561709169624335,0.0,0.00048828125
pre,tumor,5.0,CycleGAN-2D-T2+FLAIR  vs  BEST(ResViT-2D+3D-refine-T2+FLAIR),ssim,12,0.6378288049471571,0.6706038511966645,14.0,0.05224609375
pre,tumor,5.0,CycleGAN-2D-T2+FLAIR  vs  BEST(ResViT-2D+3D-refine-T2+FLAIR),psnr,12,16.285035750935204,17.02028705312753,20.0,0.1513671875
pre,tumor,5.0,CycleGAN-2D-T2+FLAIR  vs  BEST(ResViT-2D+3D-refine-T2+FLAIR),lpips,12,0.1960935871556541,0.1561709169624335,0.0,0.00048828125
pre,tumor,5.0,CycleGAN-2.5D-T2+FLAIR  vs  BEST(ResViT-2D+3D-refine-T2+FLAIR),ssim,12,0.6373742758113953,0.6706038511966645,12.0,0.0341796875
pre,tumor,5.0,CycleGAN-2.5D-T2+FLAIR  vs  BEST(ResViT-2D+3D-refine-T2+FLAIR),psnr,12,15.900740574037941,17.02028705312753,14.0,0.05224609375
pre,tumor,5.0,CycleGAN-2.5D-T2+FLAIR  vs  BEST(ResViT-2D+3D-refine-T2+FLAIR),lpips,12,0.20551714523005926,0.1561709169624335,0.0,0.00048828125
pre,tumor,5.0,pix2pix-2D-T2  vs  BEST(ResViT-2D+3D-refine-T2+FLAIR),ssim,12,0.6450882988596681,0.6706038511966645,29.0,0.4697265625
pre,tumor,5.0,pix2pix-2D-T2  vs  BEST(ResViT-2D+3D-refine-T2+FLAIR),psnr,12,16.3836711065676,17.02028705312753,24.0,0.26611328125
pre,tumor,5.0,pix2pix-2D-T2  vs  BEST(ResViT-2D+3D-refine-T2+FLAIR),lpips,12,0.2014255838111401,0.1561709169624335,0.0,0.00048828125
pre,tumor,5.0,SynDiff-2D-T2+FLAIR  vs  BEST(ResViT-2D+3D-refine-T2+FLAIR),ssim,12,0.6345198623647191,0.6706038511966645,0.0,0.00048828125
pre,tumor,5.0,SynDiff-2D-T2+FLAIR  vs  BEST(ResViT-2D+3D-refine-T2+FLAIR),psnr,12,15.79067337564713,17.02028705312753,0.0,0.00048828125
pre,tumor,5.0,SynDiff-2D-T2+FLAIR  vs  BEST(ResViT-2D+3D-refine-T2+FLAIR),lpips,12,0.13247013688164863,0.1561709169624335,2.0,0.00146484375
pre,tumor,5.0,SynDiff-2.5D-T2+FLAIR  vs  BEST(ResViT-2D+3D-refine-T2+FLAIR),ssim,12,0.6343825670955662,0.6706038511966645,0.0,0.00048828125
pre,tumor,5.0,SynDiff-2.5D-T2+FLAIR  vs  BEST(ResViT-2D+3D-refine-T2+FLAIR),psnr,12,15.980660622729497,17.02028705312753,0.0,0.00048828125
pre,tumor,5.0,SynDiff-2.5D-T2+FLAIR  vs  BEST(ResViT-2D+3D-refine-T2+FLAIR),lpips,12,0.11913418858586915,0.1561709169624335,0.0,0.00048828125
pre,tumor,5.0,CycleGAN-2D+3D-post-T2  vs  BEST(ResViT-2D+3D-refine-T2+FLAIR),ssim,12,0.6427496722524614,0.6706038511966645,11.0,0.02685546875
pre,tumor,5.0,CycleGAN-2D+3D-post-T2  vs  BEST(ResViT-2D+3D-refine-T2+FLAIR),psnr,12,16.058483417126773,17.02028705312753,12.0,0.0341796875
pre,tumor,5.0,CycleGAN-2D+3D-post-T2  vs  BEST(ResViT-2D+3D-refine-T2+FLAIR),lpips,12,0.20475524458335134,0.1561709169624335,0.0,0.00048828125
pre,tumor,5.0,CUT-2D-T2  vs  BEST(ResViT-2D+3D-refine-T2+FLAIR),ssim,12,0.639218176670322,0.6706038511966645,20.0,0.1513671875
pre,tumor,5.0,CUT-2D-T2  vs  BEST(ResViT-2D+3D-refine-T2+FLAIR),psnr,12,16.349870719560073,17.02028705312753,27.0,0.38037109375
pre,tumor,5.0,CUT-2D-T2  vs  BEST(ResViT-2D+3D-refine-T2+FLAIR),lpips,12,0.19645295213009897,0.1561709169624335,0.0,0.00048828125
pre,tumor,5.0,CUT-2.5D-T2+FLAIR  vs  BEST(ResViT-2D+3D-refine-T2+FLAIR),ssim,12,0.6322213337391672,0.6706038511966645,8.0,0.01220703125
pre,tumor,5.0,CUT-2.5D-T2+FLAIR  vs  BEST(ResViT-2D+3D-refine-T2+FLAIR),psnr,12,16.09663545600131,17.02028705312753,10.0,0.02099609375
pre,tumor,5.0,CUT-2.5D-T2+FLAIR  vs  BEST(ResViT-2D+3D-refine-T2+FLAIR),lpips,12,0.19558995823706052,0.1561709169624335,0.0,0.00048828125
pre,tumor,5.0,SwinPix2Pix-2.5D-T2+FLAIR  vs  BEST(ResViT-2D+3D-refine-T2+FLAIR),ssim,12,0.6306203446739159,0.6706038511966645,10.0,0.02099609375
pre,tumor,5.0,SwinPix2Pix-2.5D-T2+FLAIR  vs  BEST(ResViT-2D+3D-refine-T2+FLAIR),psnr,12,16.194657655265157,17.02028705312753,29.0,0.4697265625
pre,tumor,5.0,SwinPix2Pix-2.5D-T2+FLAIR  vs  BEST(ResViT-2D+3D-refine-T2+FLAIR),lpips,12,0.18658579628012814,0.1561709169624335,1.0,0.0009765625
pre,tumor,5.0,SynDiff-3D+3D-refine-T2  vs  BEST(ResViT-2D+3D-refine-T2+FLAIR),ssim,12,0.6291175501886145,0.6706038511966645,0.0,0.00048828125
pre,tumor,5.0,SynDiff-3D+3D-refine-T2  vs  BEST(ResViT-2D+3D-refine-T2+FLAIR),psnr,12,16.24372478942238,17.02028705312753,0.0,0.00048828125
pre,tumor,5.0,SynDiff-3D+3D-refine-T2  vs  BEST(ResViT-2D+3D-refine-T2+FLAIR),lpips,12,0.12701107829061056,0.1561709169624335,2.0,0.00146484375
pre,tumor,5.0,ResViT-3D-T2  vs  BEST(ResViT-2D+3D-refine-T2+FLAIR),ssim,12,0.6245110010893747,0.6706038511966645,2.0,0.00146484375
pre,tumor,5.0,ResViT-3D-T2  vs  BEST(ResViT-2D+3D-refine-T2+FLAIR),psnr,12,16.070377729738524,17.02028705312753,9.0,0.01611328125
pre,tumor,5.0,ResViT-3D-T2  vs  BEST(ResViT-2D+3D-refine-T2+FLAIR),lpips,12,0.1128073034156659,0.1561709169624335,1.0,0.0009765625
pre,tumor,5.0,CycleGAN-2.5D-T2  vs  BEST(ResViT-2D+3D-refine-T2+FLAIR),ssim,12,0.6364679247901718,0.6706038511966645,15.0,0.06396484375
pre,tumor,5.0,CycleGAN-2.5D-T2  vs  BEST(ResViT-2D+3D-refine-T2+FLAIR),psnr,12,16.11121058635761,17.02028705312753,13.0,0.04248046875
pre,tumor,5.0,CycleGAN-2.5D-T2  vs  BEST(ResViT-2D+3D-refine-T2+FLAIR),lpips,12,0.20718724560686028,0.1561709169624335,0.0,0.00048828125
pre,tumor,5.0,CUT-2D-T2+FLAIR  vs  BEST(ResViT-2D+3D-refine-T2+FLAIR),ssim,12,0.6277619510054674,0.6706038511966645,13.0,0.04248046875
pre,tumor,5.0,CUT-2D-T2+FLAIR  vs  BEST(ResViT-2D+3D-refine-T2+FLAIR),psnr,12,15.925621560868626,17.02028705312753,10.0,0.02099609375
pre,tumor,5.0,CUT-2D-T2+FLAIR  vs  BEST(ResViT-2D+3D-refine-T2+FLAIR),lpips,12,0.15797639132473326,0.1561709169624335,35.0,0.791015625
pre,tumor,5.0,CUT-2.5D-T2  vs  BEST(ResViT-2D+3D-refine-T2+FLAIR),ssim,12,0.6328419295788303,0.6706038511966645,12.0,0.0341796875
pre,tumor,5.0,CUT-2.5D-T2  vs  BEST(ResViT-2D+3D-refine-T2+FLAIR),psnr,12,16.213883189368428,17.02028705312753,22.0,0.20361328125
pre,tumor,5.0,CUT-2.5D-T2  vs  BEST(ResViT-2D+3D-refine-T2+FLAIR),lpips,12,0.19544732464627898,0.1561709169624335,0.0,0.00048828125
pre,tumor,5.0,SynDiff-3D-T2+FLAIR  vs  BEST(ResViT-2D+3D-refine-T2+FLAIR),ssim,12,0.6192700133529015,0.6706038511966645,0.0,0.00048828125
pre,tumor,5.0,SynDiff-3D-T2+FLAIR  vs  BEST(ResViT-2D+3D-refine-T2+FLAIR),psnr,12,15.577542532505271,17.02028705312753,0.0,0.00048828125
pre,tumor,5.0,SynDiff-3D-T2+FLAIR  vs  BEST(ResViT-2D+3D-refine-T2+FLAIR),lpips,12,0.14017017417957053,0.1561709169624335,8.0,0.01220703125
pre,tumor,5.0,ResViT-3D-T2+FLAIR  vs  BEST(ResViT-2D+3D-refine-T2+FLAIR),ssim,12,0.6176894588109876,0.6706038511966645,0.0,0.00048828125
pre,tumor,5.0,ResViT-3D-T2+FLAIR  vs  BEST(ResViT-2D+3D-refine-T2+FLAIR),psnr,12,15.870269048532037,17.02028705312753,2.0,0.00146484375
pre,tumor,5.0,ResViT-3D-T2+FLAIR  vs  BEST(ResViT-2D+3D-refine-T2+FLAIR),lpips,12,0.11507778253897709,0.1561709169624335,1.0,0.0009765625
pre,tumor,5.0,CycleGAN-3D-T2+FLAIR  vs  BEST(ResViT-2D+3D-refine-T2+FLAIR),ssim,12,0.6144568146215227,0.6706038511966645,2.0,0.00146484375
pre,tumor,5.0,CycleGAN-3D-T2+FLAIR  vs  BEST(ResViT-2D+3D-refine-T2+FLAIR),psnr,12,15.570696610858803,17.02028705312753,3.0,0.00244140625
pre,tumor,5.0,CycleGAN-3D-T2+FLAIR  vs  BEST(ResViT-2D+3D-refine-T2+FLAIR),lpips,12,0.1495505344934979,0.1561709169624335,30.0,0.5185546875
pre,tumor,5.0,SwinPix2Pix-3D-T2+FLAIR  vs  BEST(ResViT-2D+3D-refine-T2+FLAIR),ssim,12,0.6126065345501032,0.6706038511966645,1.0,0.0009765625
pre,tumor,5.0,SwinPix2Pix-3D-T2+FLAIR  vs  BEST(ResViT-2D+3D-refine-T2+FLAIR),psnr,12,15.32569101877734,17.02028705312753,3.0,0.00244140625
pre,tumor,5.0,SwinPix2Pix-3D-T2+FLAIR  vs  BEST(ResViT-2D+3D-refine-T2+FLAIR),lpips,12,0.18155956459556769,0.1561709169624335,3.0,0.00244140625
pre,tumor,5.0,pix2pix-3D-T2+FLAIR  vs  BEST(ResViT-2D+3D-refine-T2+FLAIR),ssim,12,0.6089216951594886,0.6706038511966645,3.0,0.00244140625
pre,tumor,5.0,pix2pix-3D-T2+FLAIR  vs  BEST(ResViT-2D+3D-refine-T2+FLAIR),psnr,12,15.529749214382925,17.02028705312753,5.0,0.0048828125
pre,tumor,5.0,pix2pix-3D-T2+FLAIR  vs  BEST(ResViT-2D+3D-refine-T2+FLAIR),lpips,12,0.18296257231039026,0.1561709169624335,3.0,0.00244140625
pre,tumor,5.0,SynDiff-3D+3D-refine-T2+FLAIR  vs  BEST(ResViT-2D+3D-refine-T2+FLAIR),ssim,12,0.6068865243173538,0.6706038511966645,0.0,0.00048828125
pre,tumor,5.0,SynDiff-3D+3D-refine-T2+FLAIR  vs  BEST(ResViT-2D+3D-refine-T2+FLAIR),psnr,12,15.520665362388188,17.02028705312753,0.0,0.00048828125
pre,tumor,5.0,SynDiff-3D+3D-refine-T2+FLAIR  vs  BEST(ResViT-2D+3D-refine-T2+FLAIR),lpips,12,0.1415110629131178,0.1561709169624335,15.0,0.06396484375
pre,tumor,5.0,SwinPix2Pix-3D-T2  vs  BEST(ResViT-2D+3D-refine-T2+FLAIR),ssim,12,0.6078320027108968,0.6706038511966645,1.0,0.0009765625
pre,tumor,5.0,SwinPix2Pix-3D-T2  vs  BEST(ResViT-2D+3D-refine-T2+FLAIR),psnr,12,15.412889739595458,17.02028705312753,5.0,0.0048828125
pre,tumor,5.0,SwinPix2Pix-3D-T2  vs  BEST(ResViT-2D+3D-refine-T2+FLAIR),lpips,12,0.17292692667556753,0.1561709169624335,11.0,0.02685546875
pre,tumor,5.0,SynDiff-3D-T2  vs  BEST(ResViT-2D+3D-refine-T2+FLAIR),ssim,12,0.6074692111476337,0.6706038511966645,0.0,0.00048828125
pre,tumor,5.0,SynDiff-3D-T2  vs  BEST(ResViT-2D+3D-refine-T2+FLAIR),psnr,12,15.644580457484437,17.02028705312753,0.0,0.00048828125
pre,tumor,5.0,SynDiff-3D-T2  vs  BEST(ResViT-2D+3D-refine-T2+FLAIR),lpips,12,0.13366423315655737,0.1561709169624335,4.0,0.00341796875
pre,tumor,5.0,CycleGAN-3D-T2  vs  BEST(ResViT-2D+3D-refine-T2+FLAIR),ssim,12,0.6076941789996867,0.6706038511966645,1.0,0.0009765625
pre,tumor,5.0,CycleGAN-3D-T2  vs  BEST(ResViT-2D+3D-refine-T2+FLAIR),psnr,12,15.289560893527266,17.02028705312753,2.0,0.00146484375
pre,tumor,5.0,CycleGAN-3D-T2  vs  BEST(ResViT-2D+3D-refine-T2+FLAIR),lpips,12,0.13898961377547878,0.1561709169624335,17.0,0.09228515625
pre,tumor,5.0,CUT-3D-T2  vs  BEST(ResViT-2D+3D-refine-T2+FLAIR),ssim,12,0.6042441939239942,0.6706038511966645,0.0,0.00048828125
pre,tumor,5.0,CUT-3D-T2  vs  BEST(ResViT-2D+3D-refine-T2+FLAIR),psnr,12,15.503272138291637,17.02028705312753,3.0,0.00244140625
pre,tumor,5.0,CUT-3D-T2  vs  BEST(ResViT-2D+3D-refine-T2+FLAIR),lpips,12,0.13500243473092713,0.1561709169624335,8.0,0.01220703125
pre,tumor,5.0,CUT-3D-T2+FLAIR  vs  BEST(ResViT-2D+3D-refine-T2+FLAIR),ssim,12,0.5989991076119631,0.6706038511966645,0.0,0.00048828125
pre,tumor,5.0,CUT-3D-T2+FLAIR  vs  BEST(ResViT-2D+3D-refine-T2+FLAIR),psnr,12,15.456429041085011,17.02028705312753,2.0,0.00146484375
pre,tumor,5.0,CUT-3D-T2+FLAIR  vs  BEST(ResViT-2D+3D-refine-T2+FLAIR),lpips,12,0.13645854218782602,0.1561709169624335,15.0,0.06396484375
pre,tumor,5.0,CycleGAN-2D-T2  vs  BEST(ResViT-2D+3D-refine-T2+FLAIR),ssim,12,0.6012910737956331,0.6706038511966645,5.0,0.0048828125
pre,tumor,5.0,CycleGAN-2D-T2  vs  BEST(ResViT-2D+3D-refine-T2+FLAIR),psnr,12,15.175795340412977,17.02028705312753,9.0,0.01611328125
pre,tumor,5.0,CycleGAN-2D-T2  vs  BEST(ResViT-2D+3D-refine-T2+FLAIR),lpips,12,0.18758447008234228,0.1561709169624335,6.0,0.0068359375
pre,tumor,5.0,pix2pix-3D-T2  vs  BEST(ResViT-2D+3D-refine-T2+FLAIR),ssim,12,0.6016439055342754,0.6706038511966645,0.0,0.00048828125
pre,tumor,5.0,pix2pix-3D-T2  vs  BEST(ResViT-2D+3D-refine-T2+FLAIR),psnr,12,15.08868616084594,17.02028705312753,1.0,0.0009765625
pre,tumor,5.0,pix2pix-3D-T2  vs  BEST(ResViT-2D+3D-refine-T2+FLAIR),lpips,12,0.17412088643899115,0.1561709169624335,11.0,0.02685546875
post,lesion,0.0,ResViT-2D+3D-refine-T2+FLAIR  vs  BEST(SwinPix2Pix-2D+3D-post-T2+FLAIR),ssim,8,0.7428842693107238,0.7449422774274227,15.0,0.7421875
post,lesion,0.0,ResViT-2D+3D-refine-T2+FLAIR  vs  BEST(SwinPix2Pix-2D+3D-post-T2+FLAIR),psnr,8,11.831860250411875,12.022964787937696,15.0,0.7421875
post,lesion,0.0,ResViT-2D+3D-refine-T2+FLAIR  vs  BEST(SwinPix2Pix-2D+3D-post-T2+FLAIR),lpips,8,0.11257350204861079,0.1173168985415024,13.0,0.546875
post,lesion,0.0,CycleGAN-2D+3D-post-T2+FLAIR  vs  BEST(SwinPix2Pix-2D+3D-post-T2+FLAIR),ssim,8,0.7332137223840449,0.7449422774274227,7.0,0.1484375
post,lesion,0.0,CycleGAN-2D+3D-post-T2+FLAIR  vs  BEST(SwinPix2Pix-2D+3D-post-T2+FLAIR),psnr,8,11.15548870045701,12.022964787937696,6.0,0.109375
post,lesion,0.0,CycleGAN-2D+3D-post-T2+FLAIR  vs  BEST(SwinPix2Pix-2D+3D-post-T2+FLAIR),lpips,8,0.12476926084372314,0.1173168985415024,8.0,0.1953125
post,lesion,0.0,SynDiff-3D-T2+FLAIR  vs  BEST(SwinPix2Pix-2D+3D-post-T2+FLAIR),ssim,8,0.7321460278104392,0.7449422774274227,14.0,0.640625
post,lesion,0.0,SynDiff-3D-T2+FLAIR  vs  BEST(SwinPix2Pix-2D+3D-post-T2+FLAIR),psnr,8,11.833563518299638,12.022964787937696,16.0,0.84375
post,lesion,0.0,SynDiff-3D-T2+FLAIR  vs  BEST(SwinPix2Pix-2D+3D-post-T2+FLAIR),lpips,8,0.12232624077050461,0.1173168985415024,18.0,1.0
post,lesion,0.0,pix2pix-2D+3D-post-T2+FLAIR  vs  BEST(SwinPix2Pix-2D+3D-post-T2+FLAIR),ssim,8,0.7300502579611384,0.7449422774274227,6.0,0.109375
post,lesion,0.0,pix2pix-2D+3D-post-T2+FLAIR  vs  BEST(SwinPix2Pix-2D+3D-post-T2+FLAIR),psnr,8,10.76660507503029,12.022964787937696,5.0,0.078125
post,lesion,0.0,pix2pix-2D+3D-post-T2+FLAIR  vs  BEST(SwinPix2Pix-2D+3D-post-T2+FLAIR),lpips,8,0.12792644843177242,0.1173168985415024,4.0,0.0546875
post,lesion,0.0,CUT-2D+3D-post-T2  vs  BEST(SwinPix2Pix-2D+3D-post-T2+FLAIR),ssim,8,0.7365197116179745,0.7449422774274227,12.0,0.4609375
post,lesion,0.0,CUT-2D+3D-post-T2  vs  BEST(SwinPix2Pix-2D+3D-post-T2+FLAIR),psnr,8,11.312403376381551,12.022964787937696,9.0,0.25
post,lesion,0.0,CUT-2D+3D-post-T2  vs  BEST(SwinPix2Pix-2D+3D-post-T2+FLAIR),lpips,8,0.12947047619505492,0.1173168985415024,8.0,0.1953125
post,lesion,0.0,CUT-2D+3D-post-T2+FLAIR  vs  BEST(SwinPix2Pix-2D+3D-post-T2+FLAIR),ssim,8,0.7278336253597076,0.7449422774274227,3.0,0.0390625
post,lesion,0.0,CUT-2D+3D-post-T2+FLAIR  vs  BEST(SwinPix2Pix-2D+3D-post-T2+FLAIR),psnr,8,11.14764097012077,12.022964787937696,9.0,0.25
post,lesion,0.0,CUT-2D+3D-post-T2+FLAIR  vs  BEST(SwinPix2Pix-2D+3D-post-T2+FLAIR),lpips,8,0.1258202534199781,0.1173168985415024,7.0,0.1484375
post,lesion,0.0,SwinPix2Pix-2D+3D-post-T2  vs  BEST(SwinPix2Pix-2D+3D-post-T2+FLAIR),ssim,8,0.7389488558841322,0.7449422774274227,6.0,0.109375
post,lesion,0.0,SwinPix2Pix-2D+3D-post-T2  vs  BEST(SwinPix2Pix-2D+3D-post-T2+FLAIR),psnr,8,11.432500690446545,12.022964787937696,2.0,0.0234375
post,lesion,0.0,SwinPix2Pix-2D+3D-post-T2  vs  BEST(SwinPix2Pix-2D+3D-post-T2+FLAIR),lpips,8,0.12248183353713718,0.1173168985415024,8.0,0.1953125
post,lesion,0.0,pix2pix-2D+3D-post-T2  vs  BEST(SwinPix2Pix-2D+3D-post-T2+FLAIR),ssim,8,0.7356300302363923,0.7449422774274227,11.0,0.3828125
post,lesion,0.0,pix2pix-2D+3D-post-T2  vs  BEST(SwinPix2Pix-2D+3D-post-T2+FLAIR),psnr,8,10.951165148921358,12.022964787937696,5.0,0.078125
post,lesion,0.0,pix2pix-2D+3D-post-T2  vs  BEST(SwinPix2Pix-2D+3D-post-T2+FLAIR),lpips,8,0.12435687417801668,0.1173168985415024,9.0,0.25
post,lesion,0.0,ResViT-3D-T2+FLAIR  vs  BEST(SwinPix2Pix-2D+3D-post-T2+FLAIR),ssim,8,0.7266214298694924,0.7449422774274227,11.0,0.3828125
post,lesion,0.0,ResViT-3D-T2+FLAIR  vs  BEST(SwinPix2Pix-2D+3D-post-T2+FLAIR),psnr,8,11.774832205947098,12.022964787937696,14.0,0.640625
post,lesion,0.0,ResViT-3D-T2+FLAIR  vs  BEST(SwinPix2Pix-2D+3D-post-T2+FLAIR),lpips,8,0.11289878458033797,0.1173168985415024,18.0,1.0
post,lesion,0.0,ResViT-2D-T2  vs  BEST(SwinPix2Pix-2D+3D-post-T2+FLAIR),ssim,8,0.7406837769803689,0.7449422774274227,17.0,0.9453125
post,lesion,0.0,ResViT-2D-T2  vs  BEST(SwinPix2Pix-2D+3D-post-T2+FLAIR),psnr,8,12.01762244788971,12.022964787937696,17.0,0.9453125
post,lesion,0.0,ResViT-2D-T2  vs  BEST(SwinPix2Pix-2D+3D-post-T2+FLAIR),lpips,8,0.10826051488196833,0.1173168985415024,11.0,0.3828125
post,lesion,0.0,SwinPix2Pix-3D-T2+FLAIR  vs  BEST(SwinPix2Pix-2D+3D-post-T2+FLAIR),ssim,8,0.7251221491624765,0.7449422774274227,3.0,0.0390625
post,lesion,0.0,SwinPix2Pix-3D-T2+FLAIR  vs  BEST(SwinPix2Pix-2D+3D-post-T2+FLAIR),psnr,8,11.481505088241793,12.022964787937696,10.0,0.3125
post,lesion,0.0,SwinPix2Pix-3D-T2+FLAIR  vs  BEST(SwinPix2Pix-2D+3D-post-T2+FLAIR),lpips,8,0.11925448416221132,0.1173168985415024,12.0,0.4609375
post,lesion,0.0,pix2pix-3D-T2+FLAIR  vs  BEST(SwinPix2Pix-2D+3D-post-T2+FLAIR),ssim,8,0.7241932792340237,0.7449422774274227,3.0,0.0390625
post,lesion,0.0,pix2pix-3D-T2+FLAIR  vs  BEST(SwinPix2Pix-2D+3D-post-T2+FLAIR),psnr,8,11.739488787897802,12.022964787937696,15.0,0.7421875
post,lesion,0.0,pix2pix-3D-T2+FLAIR  vs  BEST(SwinPix2Pix-2D+3D-post-T2+FLAIR),lpips,8,0.11394692153268501,0.1173168985415024,15.0,0.7421875
post,lesion,0.0,ResViT-2.5D-T2  vs  BEST(SwinPix2Pix-2D+3D-post-T2+FLAIR),ssim,8,0.7272722240791079,0.7449422774274227,11.0,0.3828125
post,lesion,0.0,ResViT-2.5D-T2  vs  BEST(SwinPix2Pix-2D+3D-post-T2+FLAIR),psnr,8,11.682531435825103,12.022964787937696,17.0,0.9453125
post,lesion,0.0,ResViT-2.5D-T2  vs  BEST(SwinPix2Pix-2D+3D-post-T2+FLAIR),lpips,8,0.11432003144267472,0.1173168985415024,16.0,0.84375
post,lesion,0.0,ResViT-2D+3D-refine-T2  vs  BEST(SwinPix2Pix-2D+3D-post-T2+FLAIR),ssim,8,0.7251720222375753,0.7449422774274227,5.0,0.078125
post,lesion,0.0,ResViT-2D+3D-refine-T2  vs  BEST(SwinPix2Pix-2D+3D-post-T2+FLAIR),psnr,8,11.392895444937105,12.022964787937696,5.0,0.078125
post,lesion,0.0,ResViT-2D+3D-refine-T2  vs  BEST(SwinPix2Pix-2D+3D-post-T2+FLAIR),lpips,8,0.11324931719836757,0.1173168985415024,15.0,0.7421875
post,lesion,0.0,pix2pix-2.5D-T2+FLAIR  vs  BEST(SwinPix2Pix-2D+3D-post-T2+FLAIR),ssim,8,0.7197620694808249,0.7449422774274227,2.0,0.0234375
post,lesion,0.0,pix2pix-2.5D-T2+FLAIR  vs  BEST(SwinPix2Pix-2D+3D-post-T2+FLAIR),psnr,8,10.751839262978937,12.022964787937696,1.0,0.015625
post,lesion,0.0,pix2pix-2.5D-T2+FLAIR  vs  BEST(SwinPix2Pix-2D+3D-post-T2+FLAIR),lpips,8,0.1303672336424237,0.1173168985415024,3.0,0.0390625
post,lesion,0.0,ResViT-3D-T2  vs  BEST(SwinPix2Pix-2D+3D-post-T2+FLAIR),ssim,8,0.7343849365467118,0.7449422774274227,15.0,0.7421875
post,lesion,0.0,ResViT-3D-T2  vs  BEST(SwinPix2Pix-2D+3D-post-T2+FLAIR),psnr,8,12.069399724037863,12.022964787937696,17.0,0.9453125
post,lesion,0.0,ResViT-3D-T2  vs  BEST(SwinPix2Pix-2D+3D-post-T2+FLAIR),lpips,8,0.11025851473241112,0.1173168985415024,14.0,0.640625
post,lesion,0.0,ResViT-2.5D-T2+FLAIR  vs  BEST(SwinPix2Pix-2D+3D-post-T2+FLAIR),ssim,8,0.7190660239941385,0.7449422774274227,4.0,0.0546875
post,lesion,0.0,ResViT-2.5D-T2+FLAIR  vs  BEST(SwinPix2Pix-2D+3D-post-T2+FLAIR),psnr,8,11.301354471468716,12.022964787937696,7.0,0.1484375
post,lesion,0.0,ResViT-2.5D-T2+FLAIR  vs  BEST(SwinPix2Pix-2D+3D-post-T2+FLAIR),lpips,8,0.11742950809401861,0.1173168985415024,15.0,0.7421875
post,lesion,0.0,CycleGAN-2D+3D-post-T2  vs  BEST(SwinPix2Pix-2D+3D-post-T2+FLAIR),ssim,8,0.7237460501868023,0.7449422774274227,1.0,0.015625
post,lesion,0.0,CycleGAN-2D+3D-post-T2  vs  BEST(SwinPix2Pix-2D+3D-post-T2+FLAIR),psnr,8,11.258062858543518,12.022964787937696,10.0,0.3125
post,lesion,0.0,CycleGAN-2D+3D-post-T2  vs  BEST(SwinPix2Pix-2D+3D-post-T2+FLAIR),lpips,8,0.12406406429106986,0.1173168985415024,10.0,0.3125
post,lesion,0.0,CUT-2.5D-T2+FLAIR  vs  BEST(SwinPix2Pix-2D+3D-post-T2+FLAIR),ssim,8,0.7182327211133301,0.7449422774274227,4.0,0.0546875
post,lesion,0.0,CUT-2.5D-T2+FLAIR  vs  BEST(SwinPix2Pix-2D+3D-post-T2+FLAIR),psnr,8,10.557206130776635,12.022964787937696,0.0,0.0078125
post,lesion,0.0,CUT-2.5D-T2+FLAIR  vs  BEST(SwinPix2Pix-2D+3D-post-T2+FLAIR),lpips,8,0.13193207033221305,0.1173168985415024,2.0,0.0234375
post,lesion,0.0,SynDiff-3D-T2  vs  BEST(SwinPix2Pix-2D+3D-post-T2+FLAIR),ssim,8,0.7191698333322285,0.7449422774274227,10.0,0.3125
post,lesion,0.0,SynDiff-3D-T2  vs  BEST(SwinPix2Pix-2D+3D-post-T2+FLAIR),psnr,8,11.382343453537207,12.022964787937696,15.0,0.7421875
post,lesion,0.0,SynDiff-3D-T2  vs  BEST(SwinPix2Pix-2D+3D-post-T2+FLAIR),lpips,8,0.12116859494427004,0.1173168985415024,15.0,0.7421875
post,lesion,0.0,pix2pix-2D-T2+FLAIR  vs  BEST(SwinPix2Pix-2D+3D-post-T2+FLAIR),ssim,8,0.7168708091855674,0.7449422774274227,3.0,0.0390625
post,lesion,0.0,pix2pix-2D-T2+FLAIR  vs  BEST(SwinPix2Pix-2D+3D-post-T2+FLAIR),psnr,8,10.443605615143959,12.022964787937696,0.0,0.0078125
post,lesion,0.0,pix2pix-2D-T2+FLAIR  vs  BEST(SwinPix2Pix-2D+3D-post-T2+FLAIR),lpips,8,0.13580103384274414,0.1173168985415024,0.0,0.0078125
post,lesion,0.0,SwinPix2Pix-2D-T2+FLAIR  vs  BEST(SwinPix2Pix-2D+3D-post-T2+FLAIR),ssim,8,0.7148278682086484,0.7449422774274227,0.0,0.0078125
post,lesion,0.0,SwinPix2Pix-2D-T2+FLAIR  vs  BEST(SwinPix2Pix-2D+3D-post-T2+FLAIR),psnr,8,10.595594892948833,12.022964787937696,0.0,0.0078125
post,lesion,0.0,SwinPix2Pix-2D-T2+FLAIR  vs  BEST(SwinPix2Pix-2D+3D-post-T2+FLAIR),lpips,8,0.13121832996483607,0.1173168985415024,0.0,0.0078125
post,lesion,0.0,SwinPix2Pix-2D-T2  vs  BEST(SwinPix2Pix-2D+3D-post-T2+FLAIR),ssim,8,0.7222289831438979,0.7449422774274227,0.0,0.0078125
post,lesion,0.0,SwinPix2Pix-2D-T2  vs  BEST(SwinPix2Pix-2D+3D-post-T2+FLAIR),psnr,8,10.754501369274747,12.022964787937696,0.0,0.0078125
post,lesion,0.0,SwinPix2Pix-2D-T2  vs  BEST(SwinPix2Pix-2D+3D-post-T2+FLAIR),lpips,8,0.13096157162030592,0.1173168985415024,0.0,0.0078125
post,lesion,0.0,pix2pix-2.5D-T2  vs  BEST(SwinPix2Pix-2D+3D-post-T2+FLAIR),ssim,8,0.7189670102000426,0.7449422774274227,3.0,0.0390625
post,lesion,0.0,pix2pix-2.5D-T2  vs  BEST(SwinPix2Pix-2D+3D-post-T2+FLAIR),psnr,8,10.674789744548054,12.022964787937696,0.0,0.0078125
post,lesion,0.0,pix2pix-2.5D-T2  vs  BEST(SwinPix2Pix-2D+3D-post-T2+FLAIR),lpips,8,0.13500888336743094,0.1173168985415024,0.0,0.0078125
post,lesion,0.0,SwinPix2Pix-2.5D-T2  vs  BEST(SwinPix2Pix-2D+3D-post-T2+FLAIR),ssim,8,0.7197396398600107,0.7449422774274227,0.0,0.0078125
post,lesion,0.0,SwinPix2Pix-2.5D-T2  vs  BEST(SwinPix2Pix-2D+3D-post-T2+FLAIR),psnr,8,10.710810067698107,12.022964787937696,0.0,0.0078125
post,lesion,0.0,SwinPix2Pix-2.5D-T2  vs  BEST(SwinPix2Pix-2D+3D-post-T2+FLAIR),lpips,8,0.13118149386825742,0.1173168985415024,0.0,0.0078125
post,lesion,0.0,pix2pix-2D-T2  vs  BEST(SwinPix2Pix-2D+3D-post-T2+FLAIR),ssim,8,0.7191723261063533,0.7449422774274227,1.0,0.015625
post,lesion,0.0,pix2pix-2D-T2  vs  BEST(SwinPix2Pix-2D+3D-post-T2+FLAIR),psnr,8,10.64581207273734,12.022964787937696,0.0,0.0078125
post,lesion,0.0,pix2pix-2D-T2  vs  BEST(SwinPix2Pix-2D+3D-post-T2+FLAIR),lpips,8,0.13348221599999377,0.1173168985415024,0.0,0.0078125
post,lesion,0.0,SynDiff-3D+3D-refine-T2  vs  BEST(SwinPix2Pix-2D+3D-post-T2+FLAIR),ssim,8,0.7093965101991498,0.7449422774274227,2.0,0.0234375
post,lesion,0.0,SynDiff-3D+3D-refine-T2  vs  BEST(SwinPix2Pix-2D+3D-post-T2+FLAIR),psnr,8,11.041841190075992,12.022964787937696,6.0,0.109375
post,lesion,0.0,SynDiff-3D+3D-refine-T2  vs  BEST(SwinPix2Pix-2D+3D-post-T2+FLAIR),lpips,8,0.1252229617052506,0.1173168985415024,14.0,0.640625
post,lesion,0.0,SwinPix2Pix-3D-T2  vs  BEST(SwinPix2Pix-2D+3D-post-T2+FLAIR),ssim,8,0.7151946698882181,0.7449422774274227,2.0,0.0234375
post,lesion,0.0,SwinPix2Pix-3D-T2  vs  BEST(SwinPix2Pix-2D+3D-post-T2+FLAIR),psnr,8,11.696412849771779,12.022964787937696,10.0,0.3125
post,lesion,0.0,SwinPix2Pix-3D-T2  vs  BEST(SwinPix2Pix-2D+3D-post-T2+FLAIR),lpips,8,0.11307450027312564,0.1173168985415024,13.0,0.546875
post,lesion,0.0,CUT-2.5D-T2  vs  BEST(SwinPix2Pix-2D+3D-post-T2+FLAIR),ssim,8,0.7141254684593248,0.7449422774274227,0.0,0.0078125
post,lesion,0.0,CUT-2.5D-T2  vs  BEST(SwinPix2Pix-2D+3D-post-T2+FLAIR),psnr,8,10.52386359388784,12.022964787937696,0.0,0.0078125
post,lesion,0.0,CUT-2.5D-T2  vs  BEST(SwinPix2Pix-2D+3D-post-T2+FLAIR),lpips,8,0.13494766837739616,0.1173168985415024,0.0,0.0078125
post,lesion,0.0,CUT-3D-T2+FLAIR  vs  BEST(SwinPix2Pix-2D+3D-post-T2+FLAIR),ssim,8,0.7113102911821007,0.7449422774274227,4.0,0.0546875
post,lesion,0.0,CUT-3D-T2+FLAIR  vs  BEST(SwinPix2Pix-2D+3D-post-T2+FLAIR),psnr,8,11.6733482270328,12.022964787937696,10.0,0.3125
post,lesion,0.0,CUT-3D-T2+FLAIR  vs  BEST(SwinPix2Pix-2D+3D-post-T2+FLAIR),lpips,8,0.11508794916578396,0.1173168985415024,16.0,0.84375
post,lesion,0.0,CycleGAN-2.5D-T2  vs  BEST(SwinPix2Pix-2D+3D-post-T2+FLAIR),ssim,8,0.7143574978745258,0.7449422774274227,1.0,0.015625
post,lesion,0.0,CycleGAN-2.5D-T2  vs  BEST(SwinPix2Pix-2D+3D-post-T2+FLAIR),psnr,8,10.543878972270935,12.022964787937696,1.0,0.015625
post,lesion,0.0,CycleGAN-2.5D-T2  vs  BEST(SwinPix2Pix-2D+3D-post-T2+FLAIR),lpips,8,0.13081253226241285,0.1173168985415024,2.0,0.0234375
post,lesion,0.0,SynDiff-2D-T2+FLAIR  vs  BEST(SwinPix2Pix-2D+3D-post-T2+FLAIR),ssim,8,0.7104706050384124,0.7449422774274227,7.0,0.1484375
post,lesion,0.0,SynDiff-2D-T2+FLAIR  vs  BEST(SwinPix2Pix-2D+3D-post-T2+FLAIR),psnr,8,11.11759269009597,12.022964787937696,10.0,0.3125
post,lesion,0.0,SynDiff-2D-T2+FLAIR  vs  BEST(SwinPix2Pix-2D+3D-post-T2+FLAIR),lpips,8,0.13221654862915078,0.1173168985415024,13.0,0.546875
post,lesion,0.0,CycleGAN-2D-T2+FLAIR  vs  BEST(SwinPix2Pix-2D+3D-post-T2+FLAIR),ssim,8,0.709907206783631,0.7449422774274227,0.0,0.0078125
post,lesion,0.0,CycleGAN-2D-T2+FLAIR  vs  BEST(SwinPix2Pix-2D+3D-post-T2+FLAIR),psnr,8,10.324749879854831,12.022964787937696,0.0,0.0078125
post,lesion,0.0,CycleGAN-2D-T2+FLAIR  vs  BEST(SwinPix2Pix-2D+3D-post-T2+FLAIR),lpips,8,0.13014537852791752,0.1173168985415024,0.0,0.0078125
post,lesion,0.0,CUT-2D-T2  vs  BEST(SwinPix2Pix-2D+3D-post-T2+FLAIR),ssim,8,0.7122119608275619,0.7449422774274227,1.0,0.015625
post,lesion,0.0,CUT-2D-T2  vs  BEST(SwinPix2Pix-2D+3D-post-T2+FLAIR),psnr,8,10.387175685308883,12.022964787937696,0.0,0.0078125
post,lesion,0.0,CUT-2D-T2  vs  BEST(SwinPix2Pix-2D+3D-post-T2+FLAIR),lpips,8,0.1367664088522735,0.1173168985415024,0.0,0.0078125
post,lesion,0.0,pix2pix-3D-T2  vs  BEST(SwinPix2Pix-2D+3D-post-T2+FLAIR),ssim,8,0.7092058761897699,0.7449422774274227,3.0,0.0390625
post,lesion,0.0,pix2pix-3D-T2  vs  BEST(SwinPix2Pix-2D+3D-post-T2+FLAIR),psnr,8,11.446186097590829,12.022964787937696,9.0,0.25
post,lesion,0.0,pix2pix-3D-T2  vs  BEST(SwinPix2Pix-2D+3D-post-T2+FLAIR),lpips,8,0.11757500822165769,0.1173168985415024,18.0,1.0
post,lesion,0.0,SynDiff-2D-T2  vs  BEST(SwinPix2Pix-2D+3D-post-T2+FLAIR),ssim,8,0.7137924754704499,0.7449422774274227,8.0,0.1953125
post,lesion,0.0,SynDiff-2D-T2  vs  BEST(SwinPix2Pix-2D+3D-post-T2+FLAIR),psnr,8,10.990348834046282,12.022964787937696,8.0,0.1953125
post,lesion,0.0,SynDiff-2D-T2  vs  BEST(SwinPix2Pix-2D+3D-post-T2+FLAIR),lpips,8,0.12906576278971604,0.1173168985415024,13.0,0.546875
post,lesion,0.0,CycleGAN-3D-T2+FLAIR  vs  BEST(SwinPix2Pix-2D+3D-post-T2+FLAIR),ssim,8,0.7033677991185061,0.7449422774274227,1.0,0.015625
post,lesion,0.0,CycleGAN-3D-T2+FLAIR  vs  BEST(SwinPix2Pix-2D+3D-post-T2+FLAIR),psnr,8,11.123145926506632,12.022964787937696,4.0,0.0546875
post,lesion,0.0,CycleGAN-3D-T2+FLAIR  vs  BEST(SwinPix2Pix-2D+3D-post-T2+FLAIR),lpips,8,0.1226776154129742,0.1173168985415024,15.0,0.7421875
post,lesion,0.0,CUT-3D-T2  vs  BEST(SwinPix2Pix-2D+3D-post-T2+FLAIR),ssim,8,0.7152373326402406,0.7449422774274227,5.0,0.078125
post,lesion,0.0,CUT-3D-T2  vs  BEST(SwinPix2Pix-2D+3D-post-T2+FLAIR),psnr,8,11.84737670091401,12.022964787937696,14.0,0.640625
post,lesion,0.0,CUT-3D-T2  vs  BEST(SwinPix2Pix-2D+3D-post-T2+FLAIR),lpips,8,0.11373324713371595,0.1173168985415024,14.0,0.640625
post,lesion,0.0,CycleGAN-2.5D-T2+FLAIR  vs  BEST(SwinPix2Pix-2D+3D-post-T2+FLAIR),ssim,8,0.7028454129503907,0.7449422774274227,0.0,0.0078125
post,lesion,0.0,CycleGAN-2.5D-T2+FLAIR  vs  BEST(SwinPix2Pix-2D+3D-post-T2+FLAIR),psnr,8,10.223979548313217,12.022964787937696,0.0,0.0078125
post,lesion,0.0,CycleGAN-2.5D-T2+FLAIR  vs  BEST(SwinPix2Pix-2D+3D-post-T2+FLAIR),lpips,8,0.13077935136921714,0.1173168985415024,4.0,0.0546875
post,lesion,0.0,SwinPix2Pix-2.5D-T2+FLAIR  vs  BEST(SwinPix2Pix-2D+3D-post-T2+FLAIR),ssim,8,0.7026777354057392,0.7449422774274227,0.0,0.0078125
post,lesion,0.0,SwinPix2Pix-2.5D-T2+FLAIR  vs  BEST(SwinPix2Pix-2D+3D-post-T2+FLAIR),psnr,8,10.451102555562404,12.022964787937696,0.0,0.0078125
post,lesion,0.0,SwinPix2Pix-2.5D-T2+FLAIR  vs  BEST(SwinPix2Pix-2D+3D-post-T2+FLAIR),lpips,8,0.1338034788561019,0.1173168985415024,1.0,0.015625
post,lesion,0.0,ResViT-2D-T2+FLAIR  vs  BEST(SwinPix2Pix-2D+3D-post-T2+FLAIR),ssim,8,0.7026476119188101,0.7449422774274227,0.0,0.0078125
post,lesion,0.0,ResViT-2D-T2+FLAIR  vs  BEST(SwinPix2Pix-2D+3D-post-T2+FLAIR),psnr,8,10.505980450373269,12.022964787937696,3.0,0.0390625
post,lesion,0.0,ResViT-2D-T2+FLAIR  vs  BEST(SwinPix2Pix-2D+3D-post-T2+FLAIR),lpips,8,0.12723806390308184,0.1173168985415024,12.0,0.4609375
post,lesion,0.0,SynDiff-3D+3D-refine-T2+FLAIR  vs  BEST(SwinPix2Pix-2D+3D-post-T2+FLAIR),ssim,8,0.7000210790693137,0.7449422774274227,3.0,0.0390625
post,lesion,0.0,SynDiff-3D+3D-refine-T2+FLAIR  vs  BEST(SwinPix2Pix-2D+3D-post-T2+FLAIR),psnr,8,10.932070036170188,12.022964787937696,8.0,0.1953125
post,lesion,0.0,SynDiff-3D+3D-refine-T2+FLAIR  vs  BEST(SwinPix2Pix-2D+3D-post-T2+FLAIR),lpips,8,0.13356674827519324,0.1173168985415024,13.0,0.546875
post,lesion,0.0,CycleGAN-3D-T2  vs  BEST(SwinPix2Pix-2D+3D-post-T2+FLAIR),ssim,8,0.7034409912665409,0.7449422774274227,1.0,0.015625
post,lesion,0.0,CycleGAN-3D-T2  vs  BEST(SwinPix2Pix-2D+3D-post-T2+FLAIR),psnr,8,10.905633214704462,12.022964787937696,4.0,0.0546875
post,lesion,0.0,CycleGAN-3D-T2  vs  BEST(SwinPix2Pix-2D+3D-post-T2+FLAIR),lpips,8,0.12679792608660279,0.1173168985415024,12.0,0.4609375
post,lesion,0.0,SynDiff-2.5D-T2  vs  BEST(SwinPix2Pix-2D+3D-post-T2+FLAIR),ssim,8,0.6924045634673665,0.7449422774274227,3.0,0.0390625
post,lesion,0.0,SynDiff-2.5D-T2  vs  BEST(SwinPix2Pix-2D+3D-post-T2+FLAIR),psnr,8,10.505249500788668,12.022964787937696,6.0,0.109375
post,lesion,0.0,SynDiff-2.5D-T2  vs  BEST(SwinPix2Pix-2D+3D-post-T2+FLAIR),lpips,8,0.13606334385435226,0.1173168985415024,10.0,0.3125
post,lesion,0.0,SynDiff-2.5D-T2+FLAIR  vs  BEST(SwinPix2Pix-2D+3D-post-T2+FLAIR),ssim,8,0.6942532924948848,0.7449422774274227,0.0,0.0078125
post,lesion,0.0,SynDiff-2.5D-T2+FLAIR  vs  BEST(SwinPix2Pix-2D+3D-post-T2+FLAIR),psnr,8,10.429402278538527,12.022964787937696,2.0,0.0234375
post,lesion,0.0,SynDiff-2.5D-T2+FLAIR  vs  BEST(SwinPix2Pix-2D+3D-post-T2+FLAIR),lpips,8,0.13530504406689103,0.1173168985415024,12.0,0.4609375
post,lesion,0.0,CUT-2D-T2+FLAIR  vs  BEST(SwinPix2Pix-2D+3D-post-T2+FLAIR),ssim,8,0.6903158968419698,0.7449422774274227,0.0,0.0078125
post,lesion,0.0,CUT-2D-T2+FLAIR  vs  BEST(SwinPix2Pix-2D+3D-post-T2+FLAIR),psnr,8,9.974323318338353,12.022964787937696,0.0,0.0078125
post,lesion,0.0,CUT-2D-T2+FLAIR  vs  BEST(SwinPix2Pix-2D+3D-post-T2+FLAIR),lpips,8,0.130009829141696,0.1173168985415024,7.0,0.1484375
post,lesion,0.0,CycleGAN-2D-T2  vs  BEST(SwinPix2Pix-2D+3D-post-T2+FLAIR),ssim,8,0.6112506547618051,0.7449422774274227,0.0,0.0078125
post,lesion,0.0,CycleGAN-2D-T2  vs  BEST(SwinPix2Pix-2D+3D-post-T2+FLAIR),psnr,8,8.793794551219907,12.022964787937696,0.0,0.0078125
post,lesion,0.0,CycleGAN-2D-T2  vs  BEST(SwinPix2Pix-2D+3D-post-T2+FLAIR),lpips,8,0.17352474895889342,0.1173168985415024,2.0,0.0234375
post,lesion,5.0,ResViT-2.5D-T2+FLAIR  vs  BEST(ResViT-2D+3D-refine-T2+FLAIR),ssim,8,0.655576425257707,0.6685320908696926,6.0,0.109375
post,lesion,5.0,ResViT-2.5D-T2+FLAIR  vs  BEST(ResViT-2D+3D-refine-T2+FLAIR),psnr,8,13.657268708037215,13.952739855691902,8.0,0.1953125
post,lesion,5.0,ResViT-2.5D-T2+FLAIR  vs  BEST(ResViT-2D+3D-refine-T2+FLAIR),lpips,8,0.14118655699742028,0.14725900450483048,6.0,0.109375
post,lesion,5.0,SwinPix2Pix-2D+3D-post-T2+FLAIR  vs  BEST(ResViT-2D+3D-refine-T2+FLAIR),ssim,8,0.6541415847651079,0.6685320908696926,12.0,0.4609375
post,lesion,5.0,SwinPix2Pix-2D+3D-post-T2+FLAIR  vs  BEST(ResViT-2D+3D-refine-T2+FLAIR),psnr,8,13.920159907264377,13.952739855691902,17.0,0.9453125
post,lesion,5.0,SwinPix2Pix-2D+3D-post-T2+FLAIR  vs  BEST(ResViT-2D+3D-refine-T2+FLAIR),lpips,8,0.18407239141767173,0.14725900450483048,1.0,0.015625
post,lesion,5.0,pix2pix-2D+3D-post-T2+FLAIR  vs  BEST(ResViT-2D+3D-refine-T2+FLAIR),ssim,8,0.6506122640790848,0.6685320908696926,10.0,0.3125
post,lesion,5.0,pix2pix-2D+3D-post-T2+FLAIR  vs  BEST(ResViT-2D+3D-refine-T2+FLAIR),psnr,8,13.308379787872413,13.952739855691902,6.0,0.109375
post,lesion,5.0,pix2pix-2D+3D-post-T2+FLAIR  vs  BEST(ResViT-2D+3D-refine-T2+FLAIR),lpips,8,0.2028684045864249,0.14725900450483048,1.0,0.015625
post,lesion,5.0,SynDiff-2D-T2+FLAIR  vs  BEST(ResViT-2D+3D-refine-T2+FLAIR),ssim,8,0.6467608760221415,0.6685320908696926,10.0,0.3125
post,lesion,5.0,SynDiff-2D-T2+FLAIR  vs  BEST(ResViT-2D+3D-refine-T2+FLAIR),psnr,8,13.379878232461046,13.952739855691902,10.0,0.3125
post,lesion,5.0,SynDiff-2D-T2+FLAIR  vs  BEST(ResViT-2D+3D-refine-T2+FLAIR),lpips,8,0.14513182289058943,0.14725900450483048,16.0,0.84375
post,lesion,5.0,CycleGAN-2D+3D-post-T2+FLAIR  vs  BEST(ResViT-2D+3D-refine-T2+FLAIR),ssim,8,0.6454234936912147,0.6685320908696926,10.0,0.3125
post,lesion,5.0,CycleGAN-2D+3D-post-T2+FLAIR  vs  BEST(ResViT-2D+3D-refine-T2+FLAIR),psnr,8,13.453972945186765,13.952739855691902,9.0,0.25
post,lesion,5.0,CycleGAN-2D+3D-post-T2+FLAIR  vs  BEST(ResViT-2D+3D-refine-T2+FLAIR),lpips,8,0.1983046253203762,0.14725900450483048,1.0,0.015625
post,lesion,5.0,ResViT-2D+3D-refine-T2  vs  BEST(ResViT-2D+3D-refine-T2+FLAIR),ssim,8,0.6540260083811421,0.6685320908696926,7.0,0.1484375
post,lesion,5.0,ResViT-2D+3D-refine-T2  vs  BEST(ResViT-2D+3D-refine-T2+FLAIR),psnr,8,13.770216186985117,13.952739855691902,14.0,0.640625
post,lesion,5.0,ResViT-2D+3D-refine-T2  vs  BEST(ResViT-2D+3D-refine-T2+FLAIR),lpips,8,0.13905668636366114,0.14725900450483048,10.0,0.3125
post,lesion,5.0,ResViT-2D-T2  vs  BEST(ResViT-2D+3D-refine-T2+FLAIR),ssim,8,0.6554194771823849,0.6685320908696926,11.0,0.3828125
post,lesion,5.0,ResViT-2D-T2  vs  BEST(ResViT-2D+3D-refine-T2+FLAIR),psnr,8,13.758665529974394,13.952739855691902,17.0,0.9453125
post,lesion,5.0,ResViT-2D-T2  vs  BEST(ResViT-2D+3D-refine-T2+FLAIR),lpips,8,0.12761774880851778,0.14725900450483048,2.0,0.0234375
post,lesion,5.0,ResViT-2.5D-T2  vs  BEST(ResViT-2D+3D-refine-T2+FLAIR),ssim,8,0.6533643271985858,0.6685320908696926,8.0,0.1953125
post,lesion,5.0,ResViT-2.5D-T2  vs  BEST(ResViT-2D+3D-refine-T2+FLAIR),psnr,8,13.754143432371617,13.952739855691902,14.0,0.640625
post,lesion,5.0,ResViT-2.5D-T2  vs  BEST(ResViT-2D+3D-refine-T2+FLAIR),lpips,8,0.12846130978871148,0.14725900450483048,6.0,0.109375
post,lesion,5.0,CUT-2D+3D-post-T2+FLAIR  vs  BEST(ResViT-2D+3D-refine-T2+FLAIR),ssim,8,0.6414035441059478,0.6685320908696926,8.0,0.1953125
post,lesion,5.0,CUT-2D+3D-post-T2+FLAIR  vs  BEST(ResViT-2D+3D-refine-T2+FLAIR),psnr,8,13.434139808982048,13.952739855691902,9.0,0.25
post,lesion,5.0,CUT-2D+3D-post-T2+FLAIR  vs  BEST(ResViT-2D+3D-refine-T2+FLAIR),lpips,8,0.19630456621241701,0.14725900450483048,1.0,0.015625
post,lesion,5.0,SwinPix2Pix-2D+3D-post-T2  vs  BEST(ResViT-2D+3D-refine-T2+FLAIR),ssim,8,0.6505638252228583,0.6685320908696926,9.0,0.25
post,lesion,5.0,SwinPix2Pix-2D+3D-post-T2  vs  BEST(ResViT-2D+3D-refine-T2+FLAIR),psnr,8,13.622957419053911,13.952739855691902,6.0,0.109375
post,lesion,5.0,SwinPix2Pix-2D+3D-post-T2  vs  BEST(ResViT-2D+3D-refine-T2+FLAIR),lpips,8,0.19210769254464172,0.14725900450483048,1.0,0.015625
post,lesion,5.0,pix2pix-2D+3D-post-T2  vs  BEST(ResViT-2D+3D-refine-T2+FLAIR),ssim,8,0.6490881882141557,0.6685320908696926,10.0,0.3125
post,lesion,5.0,pix2pix-2D+3D-post-T2  vs  BEST(ResViT-2D+3D-refine-T2+FLAIR),psnr,8,13.594371230820775,13.952739855691902,9.0,0.25
post,lesion,5.0,pix2pix-2D+3D-post-T2  vs  BEST(ResViT-2D+3D-refine-T2+FLAIR),lpips,8,0.20028090375092,0.14725900450483048,1.0,0.015625
post,lesion,5.0,SynDiff-2.5D-T2+FLAIR  vs  BEST(ResViT-2D+3D-refine-T2+FLAIR),ssim,8,0.6352858713173535,0.6685320908696926,1.0,0.015625
post,lesion,5.0,SynDiff-2.5D-T2+FLAIR  vs  BEST(ResViT-2D+3D-refine-T2+FLAIR),psnr,8,12.953927496418528,13.952739855691902,0.0,0.0078125
post,lesion,5.0,SynDiff-2.5D-T2+FLAIR  vs  BEST(ResViT-2D+3D-refine-T2+FLAIR),lpips,8,0.13519183839271912,0.14725900450483048,10.0,0.3125
post,lesion,5.0,CUT-2D+3D-post-T2  vs  BEST(ResViT-2D+3D-refine-T2+FLAIR),ssim,8,0.6430325890621506,0.6685320908696926,8.0,0.1953125
post,lesion,5.0,CUT-2D+3D-post-T2  vs  BEST(ResViT-2D+3D-refine-T2+FLAIR),psnr,8,13.506826883903198,13.952739855691902,8.0,0.1953125
post,lesion,5.0,CUT-2D+3D-post-T2  vs  BEST(ResViT-2D+3D-refine-T2+FLAIR),lpips,8,0.2096651119746799,0.14725900450483048,1.0,0.015625
post,lesion,5.0,ResViT-3D-T2+FLAIR  vs  BEST(ResViT-2D+3D-refine-T2+FLAIR),ssim,8,0.6327938298798996,0.6685320908696926,3.0,0.0390625
post,lesion,5.0,ResViT-3D-T2+FLAIR  vs  BEST(ResViT-2D+3D-refine-T2+FLAIR),psnr,8,13.281151424765266,13.952739855691902,9.0,0.25
post,lesion,5.0,ResViT-3D-T2+FLAIR  vs  BEST(ResViT-2D+3D-refine-T2+FLAIR),lpips,8,0.13043338165751925,0.14725900450483048,6.0,0.109375
post,lesion,5.0,ResViT-2D-T2+FLAIR  vs  BEST(ResViT-2D+3D-refine-T2+FLAIR),ssim,8,0.6323210276083338,0.6685320908696926,0.0,0.0078125
post,lesion,5.0,ResViT-2D-T2+FLAIR  vs  BEST(ResViT-2D+3D-refine-T2+FLAIR),psnr,8,13.214313792508387,13.952739855691902,0.0,0.0078125
post,lesion,5.0,ResViT-2D-T2+FLAIR  vs  BEST(ResViT-2D+3D-refine-T2+FLAIR),lpips,8,0.149447782946757,0.14725900450483048,15.0,0.7421875
post,lesion,5.0,SynDiff-2D-T2  vs  BEST(ResViT-2D+3D-refine-T2+FLAIR),ssim,8,0.6404175282362867,0.6685320908696926,4.0,0.0546875
post,lesion,5.0,SynDiff-2D-T2  vs  BEST(ResViT-2D+3D-refine-T2+FLAIR),psnr,8,13.131194427861683,13.952739855691902,4.0,0.0546875
post,lesion,5.0,SynDiff-2D-T2  vs  BEST(ResViT-2D+3D-refine-T2+FLAIR),lpips,8,0.13861595161078388,0.14725900450483048,12.0,0.4609375
post,lesion,5.0,SwinPix2Pix-2D-T2+FLAIR  vs  BEST(ResViT-2D+3D-refine-T2+FLAIR),ssim,8,0.6276319350848483,0.6685320908696926,6.0,0.109375
post,lesion,5.0,SwinPix2Pix-2D-T2+FLAIR  vs  BEST(ResViT-2D+3D-refine-T2+FLAIR),psnr,8,13.077570895357493,13.952739855691902,0.0,0.0078125
post,lesion,5.0,SwinPix2Pix-2D-T2+FLAIR  vs  BEST(ResViT-2D+3D-refine-T2+FLAIR),lpips,8,0.19822217582968116,0.14725900450483048,1.0,0.015625
post,lesion,5.0,SynDiff-3D+3D-refine-T2  vs  BEST(ResViT-2D+3D-refine-T2+FLAIR),ssim,8,0.6342107427929006,0.6685320908696926,4.0,0.0546875
post,lesion,5.0,SynDiff-3D+3D-refine-T2  vs  BEST(ResViT-2D+3D-refine-T2+FLAIR),psnr,8,13.415525329773892,13.952739855691902,7.0,0.1484375
post,lesion,5.0,SynDiff-3D+3D-refine-T2  vs  BEST(ResViT-2D+3D-refine-T2+FLAIR),lpips,8,0.1487874221794922,0.14725900450483048,16.0,0.84375
post,lesion,5.0,SynDiff-3D-T2+FLAIR  vs  BEST(ResViT-2D+3D-refine-T2+FLAIR),ssim,8,0.6251456947735522,0.6685320908696926,2.0,0.0234375
post,lesion,5.0,SynDiff-3D-T2+FLAIR  vs  BEST(ResViT-2D+3D-refine-T2+FLAIR),psnr,8,13.123387121487564,13.952739855691902,10.0,0.3125
post,lesion,5.0,SynDiff-3D-T2+FLAIR  vs  BEST(ResViT-2D+3D-refine-T2+FLAIR),lpips,8,0.14985801835002624,0.14725900450483048,15.0,0.7421875
post,lesion,5.0,SynDiff-3D+3D-refine-T2+FLAIR  vs  BEST(ResViT-2D+3D-refine-T2+FLAIR),ssim,8,0.6246891806754863,0.6685320908696926,1.0,0.015625
post,lesion,5.0,SynDiff-3D+3D-refine-T2+FLAIR  vs  BEST(ResViT-2D+3D-refine-T2+FLAIR),psnr,8,13.082216124044354,13.952739855691902,4.0,0.0546875
post,lesion,5.0,SynDiff-3D+3D-refine-T2+FLAIR  vs  BEST(ResViT-2D+3D-refine-T2+FLAIR),lpips,8,0.16220382352814947,0.14725900450483048,8.0,0.1953125
post,lesion,5.0,CycleGAN-2D-T2+FLAIR  vs  BEST(ResViT-2D+3D-refine-T2+FLAIR),ssim,8,0.6243670483261208,0.6685320908696926,4.0,0.0546875
post,lesion,5.0,CycleGAN-2D-T2+FLAIR  vs  BEST(ResViT-2D+3D-refine-T2+FLAIR),psnr,8,12.91707496651234,13.952739855691902,1.0,0.015625
post,lesion,5.0,CycleGAN-2D-T2+FLAIR  vs  BEST(ResViT-2D+3D-refine-T2+FLAIR),lpips,8,0.20149822965439784,0.14725900450483048,1.0,0.015625
post,lesion,5.0,ResViT-3D-T2  vs  BEST(ResViT-2D+3D-refine-T2+FLAIR),ssim,8,0.640324847092693,0.6685320908696926,4.0,0.0546875
post,lesion,5.0,ResViT-3D-T2  vs  BEST(ResViT-2D+3D-refine-T2+FLAIR),psnr,8,13.410922796929562,13.952739855691902,13.0,0.546875
post,lesion,5.0,ResViT-3D-T2  vs  BEST(ResViT-2D+3D-refine-T2+FLAIR),lpips,8,0.12550976113814816,0.14725900450483048,5.0,0.078125
post,lesion,5.0,SynDiff-2.5D-T2  vs  BEST(ResViT-2D+3D-refine-T2+FLAIR),ssim,8,0.6308833662632738,0.6685320908696926,3.0,0.0390625
post,lesion,5.0,SynDiff-2.5D-T2  vs  BEST(ResViT-2D+3D-refine-T2+FLAIR),psnr,8,12.989049385463137,13.952739855691902,2.0,0.0234375
post,lesion,5.0,SynDiff-2.5D-T2  vs  BEST(ResViT-2D+3D-refine-T2+FLAIR),lpips,8,0.13916325443302086,0.14725900450483048,13.0,0.546875
post,lesion,5.0,CycleGAN-2.5D-T2+FLAIR  vs  BEST(ResViT-2D+3D-refine-T2+FLAIR),ssim,8,0.6211962357732774,0.6685320908696926,4.0,0.0546875
post,lesion,5.0,CycleGAN-2.5D-T2+FLAIR  vs  BEST(ResViT-2D+3D-refine-T2+FLAIR),psnr,8,12.821205837602683,13.952739855691902,0.0,0.0078125
post,lesion,5.0,CycleGAN-2.5D-T2+FLAIR  vs  BEST(ResViT-2D+3D-refine-T2+FLAIR),lpips,8,0.2023558721444424,0.14725900450483048,1.0,0.015625
post,lesion,5.0,CycleGAN-2D+3D-post-T2  vs  BEST(ResViT-2D+3D-refine-T2+FLAIR),ssim,8,0.6296157675965801,0.6685320908696926,7.0,0.1484375
post,lesion,5.0,CycleGAN-2D+3D-post-T2  vs  BEST(ResViT-2D+3D-refine-T2+FLAIR),psnr,8,13.457818183806538,13.952739855691902,10.0,0.3125
post,lesion,5.0,CycleGAN-2D+3D-post-T2  vs  BEST(ResViT-2D+3D-refine-T2+FLAIR),lpips,8,0.18858220511066243,0.14725900450483048,1.0,0.015625
post,lesion,5.0,SwinPix2Pix-2.5D-T2+FLAIR  vs  BEST(ResViT-2D+3D-refine-T2+FLAIR),ssim,8,0.6171475897725771,0.6685320908696926,4.0,0.0546875
post,lesion,5.0,SwinPix2Pix-2.5D-T2+FLAIR  vs  BEST(ResViT-2D+3D-refine-T2+FLAIR),psnr,8,12.860928392853229,13.952739855691902,0.0,0.0078125
post,lesion,5.0,SwinPix2Pix-2.5D-T2+FLAIR  vs  BEST(ResViT-2D+3D-refine-T2+FLAIR),lpips,8,0.19560285277355063,0.14725900450483048,1.0,0.015625
post,lesion,5.0,SwinPix2Pix-2.5D-T2  vs  BEST(ResViT-2D+3D-refine-T2+FLAIR),ssim,8,0.6246037316855448,0.6685320908696926,5.0,0.078125
post,lesion,5.0,SwinPix2Pix-2.5D-T2  vs  BEST(ResViT-2D+3D-refine-T2+FLAIR),psnr,8,13.145025397761051,13.952739855691902,0.0,0.0078125
post,lesion,5.0,SwinPix2Pix-2.5D-T2  vs  BEST(ResViT-2D+3D-refine-T2+FLAIR),lpips,8,0.19920409863438507,0.14725900450483048,1.0,0.015625
post,lesion,5.0,CycleGAN-2.5D-T2  vs  BEST(ResViT-2D+3D-refine-T2+FLAIR),ssim,8,0.6220197840242334,0.6685320908696926,4.0,0.0546875
post,lesion,5.0,CycleGAN-2.5D-T2  vs  BEST(ResViT-2D+3D-refine-T2+FLAIR),psnr,8,13.045062596351169,13.952739855691902,0.0,0.0078125
post,lesion,5.0,CycleGAN-2.5D-T2  vs  BEST(ResViT-2D+3D-refine-T2+FLAIR),lpips,8,0.209644910991917,0.14725900450483048,1.0,0.015625
post,lesion,5.0,SwinPix2Pix-2D-T2  vs  BEST(ResViT-2D+3D-refine-T2+FLAIR),ssim,8,0.6215212033657999,0.6685320908696926,4.0,0.0546875
post,lesion,5.0,SwinPix2Pix-2D-T2  vs  BEST(ResViT-2D+3D-refine-T2+FLAIR),psnr,8,13.148075239916437,13.952739855691902,0.0,0.0078125
post,lesion,5.0,SwinPix2Pix-2D-T2  vs  BEST(ResViT-2D+3D-refine-T2+FLAIR),lpips,8,0.20456501341055666,0.14725900450483048,1.0,0.015625
post,lesion,5.0,SwinPix2Pix-3D-T2+FLAIR  vs  BEST(ResViT-2D+3D-refine-T2+FLAIR),ssim,8,0.6147839187513557,0.6685320908696926,4.0,0.0546875
post,lesion,5.0,SwinPix2Pix-3D-T2+FLAIR  vs  BEST(ResViT-2D+3D-refine-T2+FLAIR),psnr,8,13.378587450541184,13.952739855691902,6.0,0.109375
post,lesion,5.0,SwinPix2Pix-3D-T2+FLAIR  vs  BEST(ResViT-2D+3D-refine-T2+FLAIR),lpips,8,0.18338944723016026,0.14725900450483048,1.0,0.015625
post,lesion,5.0,SynDiff-3D-T2  vs  BEST(ResViT-2D+3D-refine-T2+FLAIR),ssim,8,0.6142410736062175,0.6685320908696926,0.0,0.0078125
post,lesion,5.0,SynDiff-3D-T2  vs  BEST(ResViT-2D+3D-refine-T2+FLAIR),psnr,8,13.05590914665843,13.952739855691902,7.0,0.1484375
post,lesion,5.0,SynDiff-3D-T2  vs  BEST(ResViT-2D+3D-refine-T2+FLAIR),lpips,8,0.1532340819096706,0.14725900450483048,11.0,0.3828125
post,lesion,5.0,CUT-2.5D-T2+FLAIR  vs  BEST(ResViT-2D+3D-refine-T2+FLAIR),ssim,8,0.6123688288849696,0.6685320908696926,4.0,0.0546875
post,lesion,5.0,CUT-2.5D-T2+FLAIR  vs  BEST(ResViT-2D+3D-refine-T2+FLAIR),psnr,8,13.086588774723946,13.952739855691902,1.0,0.015625
post,lesion,5.0,CUT-2.5D-T2+FLAIR  vs  BEST(ResViT-2D+3D-refine-T2+FLAIR),lpips,8,0.2168697444770764,0.14725900450483048,1.0,0.015625
post,lesion,5.0,pix2pix-2.5D-T2  vs  BEST(ResViT-2D+3D-refine-T2+FLAIR),ssim,8,0.6147867727448845,0.6685320908696926,4.0,0.0546875
post,lesion,5.0,pix2pix-2.5D-T2  vs  BEST(ResViT-2D+3D-refine-T2+FLAIR),psnr,8,13.07808695777747,13.952739855691902,3.0,0.0390625
post,lesion,5.0,pix2pix-2.5D-T2  vs  BEST(ResViT-2D+3D-refine-T2+FLAIR),lpips,8,0.222191436446793,0.14725900450483048,1.0,0.015625
post,lesion,5.0,pix2pix-2D-T2+FLAIR  vs  BEST(ResViT-2D+3D-refine-T2+FLAIR),ssim,8,0.61170806174236,0.6685320908696926,4.0,0.0546875
post,lesion,5.0,pix2pix-2D-T2+FLAIR  vs  BEST(ResViT-2D+3D-refine-T2+FLAIR),psnr,8,12.939627789953896,13.952739855691902,1.0,0.015625
post,lesion,5.0,pix2pix-2D-T2+FLAIR  vs  BEST(ResViT-2D+3D-refine-T2+FLAIR),lpips,8,0.22450986159321956,0.14725900450483048,1.0,0.015625
post,lesion,5.0,pix2pix-2.5D-T2+FLAIR  vs  BEST(ResViT-2D+3D-refine-T2+FLAIR),ssim,8,0.6105408666276514,0.6685320908696926,4.0,0.0546875
post,lesion,5.0,pix2pix-2.5D-T2+FLAIR  vs  BEST(ResViT-2D+3D-refine-T2+FLAIR),psnr,8,13.175664566449072,13.952739855691902,0.0,0.0078125
post,lesion,5.0,pix2pix-2.5D-T2+FLAIR  vs  BEST(ResViT-2D+3D-refine-T2+FLAIR),lpips,8,0.2111862636829689,0.14725900450483048,1.0,0.015625
post,lesion,5.0,CUT-2D-T2  vs  BEST(ResViT-2D+3D-refine-T2+FLAIR),ssim,8,0.6116160455704978,0.6685320908696926,4.0,0.0546875
post,lesion,5.0,CUT-2D-T2  vs  BEST(ResViT-2D+3D-refine-T2+FLAIR),psnr,8,12.906679732524621,13.952739855691902,0.0,0.0078125
post,lesion,5.0,CUT-2D-T2  vs  BEST(ResViT-2D+3D-refine-T2+FLAIR),lpips,8,0.21648944818526744,0.14725900450483048,0.0,0.0078125
post,lesion,5.0,pix2pix-2D-T2  vs  BEST(ResViT-2D+3D-refine-T2+FLAIR),ssim,8,0.6091048593051305,0.6685320908696926,3.0,0.0390625
post,lesion,5.0,pix2pix-2D-T2  vs  BEST(ResViT-2D+3D-refine-T2+FLAIR),psnr,8,13.071072978496682,13.952739855691902,3.0,0.0390625
post,lesion,5.0,pix2pix-2D-T2  vs  BEST(ResViT-2D+3D-refine-T2+FLAIR),lpips,8,0.22069068504179673,0.14725900450483048,1.0,0.015625
post,lesion,5.0,CUT-2.5D-T2  vs  BEST(ResViT-2D+3D-refine-T2+FLAIR),ssim,8,0.6092419899063726,0.6685320908696926,3.0,0.0390625
post,lesion,5.0,CUT-2.5D-T2  vs  BEST(ResViT-2D+3D-refine-T2+FLAIR),psnr,8,13.003913262362412,13.952739855691902,1.0,0.015625
post,lesion,5.0,CUT-2.5D-T2  vs  BEST(ResViT-2D+3D-refine-T2+FLAIR),lpips,8,0.22122250444786573,0.14725900450483048,1.0,0.015625
post,lesion,5.0,pix2pix-3D-T2+FLAIR  vs  BEST(ResViT-2D+3D-refine-T2+FLAIR),ssim,8,0.599466578754392,0.6685320908696926,4.0,0.0546875
post,lesion,5.0,pix2pix-3D-T2+FLAIR  vs  BEST(ResViT-2D+3D-refine-T2+FLAIR),psnr,8,13.307194739397415,13.952739855691902,4.0,0.0546875
post,lesion,5.0,pix2pix-3D-T2+FLAIR  vs  BEST(ResViT-2D+3D-refine-T2+FLAIR),lpips,8,0.1856371240521727,0.14725900450483048,1.0,0.015625
post,lesion,5.0,CycleGAN-3D-T2  vs  BEST(ResViT-2D+3D-refine-T2+FLAIR),ssim,8,0.5988798703839542,0.6685320908696926,3.0,0.0390625
post,lesion,5.0,CycleGAN-3D-T2  vs  BEST(ResViT-2D+3D-refine-T2+FLAIR),psnr,8,13.149549152679718,13.952739855691902,5.0,0.078125
post,lesion,5.0,CycleGAN-3D-T2  vs  BEST(ResViT-2D+3D-refine-T2+FLAIR),lpips,8,0.1636947058511276,0.14725900450483048,8.0,0.1953125
post,lesion,5.0,CUT-2D-T2+FLAIR  vs  BEST(ResViT-2D+3D-refine-T2+FLAIR),ssim,8,0.5923891030211731,0.6685320908696926,3.0,0.0390625
post,lesion,5.0,CUT-2D-T2+FLAIR  vs  BEST(ResViT-2D+3D-refine-T2+FLAIR),psnr,8,12.687568872695383,13.952739855691902,0.0,0.0078125
post,lesion,5.0,CUT-2D-T2+FLAIR  vs  BEST(ResViT-2D+3D-refine-T2+FLAIR),lpips,8,0.18026281096757557,0.14725900450483048,1.0,0.015625
post,lesion,5.0,SwinPix2Pix-3D-T2  vs  BEST(ResViT-2D+3D-refine-T2+FLAIR),ssim,8,0.58791100730736,0.6685320908696926,2.0,0.0234375
post,lesion,5.0,SwinPix2Pix-3D-T2  vs  BEST(ResViT-2D+3D-refine-T2+FLAIR),psnr,8,13.301614913765224,13.952739855691902,4.0,0.0546875
post,lesion,5.0,SwinPix2Pix-3D-T2  vs  BEST(ResViT-2D+3D-refine-T2+FLAIR),lpips,8,0.17477994083548196,0.14725900450483048,3.0,0.0390625
post,lesion,5.0,CycleGAN-3D-T2+FLAIR  vs  BEST(ResViT-2D+3D-refine-T2+FLAIR),ssim,8,0.5915822947319913,0.6685320908696926,5.0,0.078125
post,lesion,5.0,CycleGAN-3D-T2+FLAIR  vs  BEST(ResViT-2D+3D-refine-T2+FLAIR),psnr,8,13.094195946814738,13.952739855691902,6.0,0.109375
post,lesion,5.0,CycleGAN-3D-T2+FLAIR  vs  BEST(ResViT-2D+3D-refine-T2+FLAIR),lpips,8,0.16314789247823624,0.14725900450483048,9.0,0.25
post,lesion,5.0,pix2pix-3D-T2  vs  BEST(ResViT-2D+3D-refine-T2+FLAIR),ssim,8,0.5776345615034226,0.6685320908696926,0.0,0.0078125
post,lesion,5.0,pix2pix-3D-T2  vs  BEST(ResViT-2D+3D-refine-T2+FLAIR),psnr,8,13.010421386883603,13.952739855691902,3.0,0.0390625
post,lesion,5.0,pix2pix-3D-T2  vs  BEST(ResViT-2D+3D-refine-T2+FLAIR),lpips,8,0.17873996592636654,0.14725900450483048,1.0,0.015625
post,lesion,5.0,CUT-3D-T2  vs  BEST(ResViT-2D+3D-refine-T2+FLAIR),ssim,8,0.586019777716547,0.6685320908696926,0.0,0.0078125
post,lesion,5.0,CUT-3D-T2  vs  BEST(ResViT-2D+3D-refine-T2+FLAIR),psnr,8,13.301414802249882,13.952739855691902,8.0,0.1953125
post,lesion,5.0,CUT-3D-T2  vs  BEST(ResViT-2D+3D-refine-T2+FLAIR),lpips,8,0.15372831996677983,0.14725900450483048,17.0,0.9453125
post,lesion,5.0,CUT-3D-T2+FLAIR  vs  BEST(ResViT-2D+3D-refine-T2+FLAIR),ssim,8,0.579911517185621,0.6685320908696926,0.0,0.0078125
post,lesion,5.0,CUT-3D-T2+FLAIR  vs  BEST(ResViT-2D+3D-refine-T2+FLAIR),psnr,8,13.245424085252495,13.952739855691902,7.0,0.1484375
post,lesion,5.0,CUT-3D-T2+FLAIR  vs  BEST(ResViT-2D+3D-refine-T2+FLAIR),lpips,8,0.15654606293096646,0.14725900450483048,15.0,0.7421875
post,lesion,5.0,CycleGAN-2D-T2  vs  BEST(ResViT-2D+3D-refine-T2+FLAIR),ssim,8,0.5187483844696578,0.6685320908696926,0.0,0.0078125
post,lesion,5.0,CycleGAN-2D-T2  vs  BEST(ResViT-2D+3D-refine-T2+FLAIR),psnr,8,11.097582341305193,13.952739855691902,0.0,0.0078125
post,lesion,5.0,CycleGAN-2D-T2  vs  BEST(ResViT-2D+3D-refine-T2+FLAIR),lpips,8,0.20393669621205965,0.14725900450483048,1.0,0.015625
post,tumor,0.0,ResViT-2D+3D-refine-T2  vs  BEST(SynDiff-3D+3D-refine-T2),ssim,7,0.8328457147524111,0.8375426608683084,7.0,0.296875
post,tumor,0.0,ResViT-2D+3D-refine-T2  vs  BEST(SynDiff-3D+3D-refine-T2),psnr,7,15.920812592040992,16.22456538906003,14.0,1.0
post,tumor,0.0,ResViT-2D+3D-refine-T2  vs  BEST(SynDiff-3D+3D-refine-T2),lpips,7,0.05618390396449398,0.05722182335062963,12.0,0.8125
post,tumor,0.0,ResViT-2D-T2  vs  BEST(SynDiff-3D+3D-refine-T2),ssim,7,0.8261100145141168,0.8375426608683084,2.0,0.046875
post,tumor,0.0,ResViT-2D-T2  vs  BEST(SynDiff-3D+3D-refine-T2),psnr,7,15.338058482872908,16.22456538906003,4.0,0.109375
post,tumor,0.0,ResViT-2D-T2  vs  BEST(SynDiff-3D+3D-refine-T2),lpips,7,0.06369975657138748,0.05722182335062963,10.0,0.578125
post,tumor,0.0,ResViT-3D-T2  vs  BEST(SynDiff-3D+3D-refine-T2),ssim,7,0.823198009790029,0.8375426608683084,8.0,0.375
post,tumor,0.0,ResViT-3D-T2  vs  BEST(SynDiff-3D+3D-refine-T2),psnr,7,16.016180751935984,16.22456538906003,11.0,0.6875
post,tumor,0.0,ResViT-3D-T2  vs  BEST(SynDiff-3D+3D-refine-T2),lpips,7,0.06311590905634762,0.05722182335062963,8.0,0.375
post,tumor,0.0,ResViT-2.5D-T2  vs  BEST(SynDiff-3D+3D-refine-T2),ssim,7,0.821238665785464,0.8375426608683084,6.0,0.21875
post,tumor,0.0,ResViT-2.5D-T2  vs  BEST(SynDiff-3D+3D-refine-T2),psnr,7,16.12436749121191,16.22456538906003,14.0,1.0
post,tumor,0.0,ResViT-2.5D-T2  vs  BEST(SynDiff-3D+3D-refine-T2),lpips,7,0.06306058640148915,0.05722182335062963,7.0,0.296875
post,tumor,0.0,CUT-2D+3D-post-T2  vs  BEST(SynDiff-3D+3D-refine-T2),ssim,7,0.8151030413025692,0.8375426608683084,5.0,0.15625
post,tumor,0.0,CUT-2D+3D-post-T2  vs  BEST(SynDiff-3D+3D-refine-T2),psnr,7,16.22955549768616,16.22456538906003,13.0,0.9375
post,tumor,0.0,CUT-2D+3D-post-T2  vs  BEST(SynDiff-3D+3D-refine-T2),lpips,7,0.05463471151698305,0.05722182335062963,11.0,0.6875
post,tumor,0.0,SynDiff-2D-T2  vs  BEST(SynDiff-3D+3D-refine-T2),ssim,7,0.8114252719369898,0.8375426608683084,0.0,0.015625
post,tumor,0.0,SynDiff-2D-T2  vs  BEST(SynDiff-3D+3D-refine-T2),psnr,7,15.022617264613848,16.22456538906003,0.0,0.015625
post,tumor,0.0,SynDiff-2D-T2  vs  BEST(SynDiff-3D+3D-refine-T2),lpips,7,0.07713596198446257,0.05722182335062963,0.0,0.015625
post,tumor,0.0,SynDiff-3D-T2  vs  BEST(SynDiff-3D+3D-refine-T2),ssim,7,0.8057648153103425,0.8375426608683084,3.0,0.078125
post,tumor,0.0,SynDiff-3D-T2  vs  BEST(SynDiff-3D+3D-refine-T2),psnr,7,14.761571281604576,16.22456538906003,2.0,0.046875
post,tumor,0.0,SynDiff-3D-T2  vs  BEST(SynDiff-3D+3D-refine-T2),lpips,7,0.07209830218906865,0.05722182335062963,6.0,0.21875
post,tumor,0.0,CycleGAN-2D+3D-post-T2  vs  BEST(SynDiff-3D+3D-refine-T2),ssim,7,0.8045152567673463,0.8375426608683084,1.0,0.03125
post,tumor,0.0,CycleGAN-2D+3D-post-T2  vs  BEST(SynDiff-3D+3D-refine-T2),psnr,7,16.209037621975302,16.22456538906003,13.0,0.9375
post,tumor,0.0,CycleGAN-2D+3D-post-T2  vs  BEST(SynDiff-3D+3D-refine-T2),lpips,7,0.05238446054609158,0.05722182335062963,11.0,0.6875
post,tumor,0.0,SynDiff-2.5D-T2  vs  BEST(SynDiff-3D+3D-refine-T2),ssim,7,0.8039119194013468,0.8375426608683084,1.0,0.03125
post,tumor,0.0,SynDiff-2.5D-T2  vs  BEST(SynDiff-3D+3D-refine-T2),psnr,7,14.713025964816227,16.22456538906003,1.0,0.03125
post,tumor,0.0,SynDiff-2.5D-T2  vs  BEST(SynDiff-3D+3D-refine-T2),lpips,7,0.08354155150146315,0.05722182335062963,0.0,0.015625
post,tumor,0.0,CycleGAN-2.5D-T2  vs  BEST(SynDiff-3D+3D-refine-T2),ssim,7,0.8021531550124069,0.8375426608683084,1.0,0.03125
post,tumor,0.0,CycleGAN-2.5D-T2  vs  BEST(SynDiff-3D+3D-refine-T2),psnr,7,15.238043690068803,16.22456538906003,3.0,0.078125
post,tumor,0.0,CycleGAN-2.5D-T2  vs  BEST(SynDiff-3D+3D-refine-T2),lpips,7,0.05985039236767887,0.05722182335062963,12.0,0.8125
post,tumor,0.0,CUT-2.5D-T2  vs  BEST(SynDiff-3D+3D-refine-T2),ssim,7,0.801263840128429,0.8375426608683084,3.0,0.078125
post,tumor,0.0,CUT-2.5D-T2  vs  BEST(SynDiff-3D+3D-refine-T2),psnr,7,15.13850516847035,16.22456538906003,5.0,0.15625
post,tumor,0.0,CUT-2.5D-T2  vs  BEST(SynDiff-3D+3D-refine-T2),lpips,7,0.06045784667266959,0.05722182335062963,12.0,0.8125
post,tumor,0.0,SwinPix2Pix-2D+3D-post-T2  vs  BEST(SynDiff-3D+3D-refine-T2),ssim,7,0.800665760421594,0.8375426608683084,2.0,0.046875
post,tumor,0.0,SwinPix2Pix-2D+3D-post-T2  vs  BEST(SynDiff-3D+3D-refine-T2),psnr,7,15.319448413551713,16.22456538906003,3.0,0.078125
post,tumor,0.0,SwinPix2Pix-2D+3D-post-T2  vs  BEST(SynDiff-3D+3D-refine-T2),lpips,7,0.0584499364039589,0.05722182335062963,13.0,0.9375
post,tumor,0.0,SwinPix2Pix-2D-T2  vs  BEST(SynDiff-3D+3D-refine-T2),ssim,7,0.8003237383412485,0.8375426608683084,3.0,0.078125
post,tumor,0.0,SwinPix2Pix-2D-T2  vs  BEST(SynDiff-3D+3D-refine-T2),psnr,7,15.139445529520113,16.22456538906003,5.0,0.15625
post,tumor,0.0,SwinPix2Pix-2D-T2  vs  BEST(SynDiff-3D+3D-refine-T2),lpips,7,0.06057757443423067,0.05722182335062963,11.0,0.6875
post,tumor,0.0,pix2pix-2D+3D-post-T2  vs  BEST(SynDiff-3D+3D-refine-T2),ssim,7,0.7991509412783078,0.8375426608683084,0.0,0.015625
post,tumor,0.0,pix2pix-2D+3D-post-T2  vs  BEST(SynDiff-3D+3D-refine-T2),psnr,7,14.929392249476308,16.22456538906003,3.0,0.078125
post,tumor,0.0,pix2pix-2D+3D-post-T2  vs  BEST(SynDiff-3D+3D-refine-T2),lpips,7,0.06116267443621898,0.05722182335062963,11.0,0.6875
post,tumor,0.0,pix2pix-2.5D-T2  vs  BEST(SynDiff-3D+3D-refine-T2),ssim,7,0.7985345202831942,0.8375426608683084,3.0,0.078125
post,tumor,0.0,pix2pix-2.5D-T2  vs  BEST(SynDiff-3D+3D-refine-T2),psnr,7,15.016068557235505,16.22456538906003,6.0,0.21875
post,tumor,0.0,pix2pix-2.5D-T2  vs  BEST(SynDiff-3D+3D-refine-T2),lpips,7,0.06199324608049249,0.05722182335062963,10.0,0.578125
post,tumor,0.0,CUT-2D-T2  vs  BEST(SynDiff-3D+3D-refine-T2),ssim,7,0.7977514297892022,0.8375426608683084,2.0,0.046875
post,tumor,0.0,CUT-2D-T2  vs  BEST(SynDiff-3D+3D-refine-T2),psnr,7,14.911812613576199,16.22456538906003,2.0,0.046875
post,tumor,0.0,CUT-2D-T2  vs  BEST(SynDiff-3D+3D-refine-T2),lpips,7,0.061161515930303785,0.05722182335062963,10.0,0.578125
post,tumor,0.0,SwinPix2Pix-2.5D-T2  vs  BEST(SynDiff-3D+3D-refine-T2),ssim,7,0.7971102249787575,0.8375426608683084,1.0,0.03125
post,tumor,0.0,SwinPix2Pix-2.5D-T2  vs  BEST(SynDiff-3D+3D-refine-T2),psnr,7,15.083581790768777,16.22456538906003,1.0,0.03125
post,tumor,0.0,SwinPix2Pix-2.5D-T2  vs  BEST(SynDiff-3D+3D-refine-T2),lpips,7,0.059710913001835085,0.05722182335062963,13.0,0.9375
post,tumor,0.0,pix2pix-2D-T2  vs  BEST(SynDiff-3D+3D-refine-T2),ssim,7,0.7963139340315075,0.8375426608683084,1.0,0.03125
post,tumor,0.0,pix2pix-2D-T2  vs  BEST(SynDiff-3D+3D-refine-T2),psnr,7,14.915601040598357,16.22456538906003,4.0,0.109375
post,tumor,0.0,pix2pix-2D-T2  vs  BEST(SynDiff-3D+3D-refine-T2),lpips,7,0.06320433417179001,0.05722182335062963,10.0,0.578125
post,tumor,0.0,SwinPix2Pix-3D-T2  vs  BEST(SynDiff-3D+3D-refine-T2),ssim,7,0.7921427011748421,0.8375426608683084,0.0,0.015625
post,tumor,0.0,SwinPix2Pix-3D-T2  vs  BEST(SynDiff-3D+3D-refine-T2),psnr,7,16.041782721361056,16.22456538906003,14.0,1.0
post,tumor,0.0,SwinPix2Pix-3D-T2  vs  BEST(SynDiff-3D+3D-refine-T2),lpips,7,0.051980362494722855,0.05722182335062963,9.0,0.46875
post,tumor,0.0,pix2pix-3D-T2  vs  BEST(SynDiff-3D+3D-refine-T2),ssim,7,0.7895308200285546,0.8375426608683084,0.0,0.015625
post,tumor,0.0,pix2pix-3D-T2  vs  BEST(SynDiff-3D+3D-refine-T2),psnr,7,15.946611898339992,16.22456538906003,10.0,0.578125
post,tumor,0.0,pix2pix-3D-T2  vs  BEST(SynDiff-3D+3D-refine-T2),lpips,7,0.054090067166566745,0.05722182335062963,13.0,0.9375
post,tumor,0.0,CUT-3D-T2  vs  BEST(SynDiff-3D+3D-refine-T2),ssim,7,0.7821054549294058,0.8375426608683084,0.0,0.015625
post,tumor,0.0,CUT-3D-T2  vs  BEST(SynDiff-3D+3D-refine-T2),psnr,7,15.317221249692272,16.22456538906003,6.0,0.21875
post,tumor,0.0,CUT-3D-T2  vs  BEST(SynDiff-3D+3D-refine-T2),lpips,7,0.05719563449610349,0.05722182335062963,13.0,0.9375
post,tumor,0.0,CycleGAN-3D-T2  vs  BEST(SynDiff-3D+3D-refine-T2),ssim,7,0.7802510303323782,0.8375426608683084,0.0,0.015625
post,tumor,0.0,CycleGAN-3D-T2  vs  BEST(SynDiff-3D+3D-refine-T2),psnr,7,15.520693307649003,16.22456538906003,10.0,0.578125
post,tumor,0.0,CycleGAN-3D-T2  vs  BEST(SynDiff-3D+3D-refine-T2),lpips,7,0.05699031450303079,0.05722182335062963,14.0,1.0
post,tumor,0.0,CycleGAN-2D-T2  vs  BEST(SynDiff-3D+3D-refine-T2),ssim,7,0.6794572007468085,0.8375426608683084,0.0,0.015625
post,tumor,0.0,CycleGAN-2D-T2  vs  BEST(SynDiff-3D+3D-refine-T2),psnr,7,12.18260301829879,16.22456538906003,0.0,0.015625
post,tumor,0.0,CycleGAN-2D-T2  vs  BEST(SynDiff-3D+3D-refine-T2),lpips,7,0.10198776905412595,0.05722182335062963,0.0,0.015625
post,tumor,5.0,CUT-2D+3D-post-T2  vs  BEST(ResViT-2D+3D-refine-T2),ssim,7,0.6417304870944971,0.6438453291856405,13.0,0.9375
post,tumor,5.0,CUT-2D+3D-post-T2  vs  BEST(ResViT-2D+3D-refine-T2),psnr,7,14.16044544072034,14.654987214955566,8.0,0.375
post,tumor,5.0,CUT-2D+3D-post-T2  vs  BEST(ResViT-2D+3D-refine-T2),lpips,7,0.17877500419959744,0.11365054775656559,0.0,0.015625
post,tumor,5.0,ResViT-2D-T2  vs  BEST(ResViT-2D+3D-refine-T2),ssim,7,0.6412045241032941,0.6438453291856405,12.0,0.8125
post,tumor,5.0,ResViT-2D-T2  vs  BEST(ResViT-2D+3D-refine-T2),psnr,7,14.511801273532466,14.654987214955566,9.0,0.46875
post,tumor,5.0,ResViT-2D-T2  vs  BEST(ResViT-2D+3D-refine-T2),lpips,7,0.11471079986463682,0.11365054775656559,11.0,0.6875
post,tumor,5.0,SwinPix2Pix-2D+3D-post-T2  vs  BEST(ResViT-2D+3D-refine-T2),ssim,7,0.6388200926432338,0.6438453291856405,12.0,0.8125
post,tumor,5.0,SwinPix2Pix-2D+3D-post-T2  vs  BEST(ResViT-2D+3D-refine-T2),psnr,7,13.845961916091692,14.654987214955566,3.0,0.078125
post,tumor,5.0,SwinPix2Pix-2D+3D-post-T2  vs  BEST(ResViT-2D+3D-refine-T2),lpips,7,0.17289859745388858,0.11365054775656559,1.0,0.03125
post,tumor,5.0,pix2pix-2D+3D-post-T2  vs  BEST(ResViT-2D+3D-refine-T2),ssim,7,0.6376280864642386,0.6438453291856405,11.0,0.6875
post,tumor,5.0,pix2pix-2D+3D-post-T2  vs  BEST(ResViT-2D+3D-refine-T2),psnr,7,13.911418800310242,14.654987214955566,5.0,0.15625
post,tumor,5.0,pix2pix-2D+3D-post-T2  vs  BEST(ResViT-2D+3D-refine-T2),lpips,7,0.17625222364727974,0.11365054775656559,1.0,0.03125
post,tumor,5.0,ResViT-2.5D-T2  vs  BEST(ResViT-2D+3D-refine-T2),ssim,7,0.6358394108581186,0.6438453291856405,2.0,0.046875
post,tumor,5.0,ResViT-2.5D-T2  vs  BEST(ResViT-2D+3D-refine-T2),psnr,7,14.490203139520593,14.654987214955566,12.0,0.8125
post,tumor,5.0,ResViT-2.5D-T2  vs  BEST(ResViT-2D+3D-refine-T2),lpips,7,0.10827485160163765,0.11365054775656559,8.0,0.375
post,tumor,5.0,SynDiff-2D-T2  vs  BEST(ResViT-2D+3D-refine-T2),ssim,7,0.6355297140160561,0.6438453291856405,10.0,0.578125
post,tumor,5.0,SynDiff-2D-T2  vs  BEST(ResViT-2D+3D-refine-T2),psnr,7,14.24257626548931,14.654987214955566,6.0,0.21875
post,tumor,5.0,SynDiff-2D-T2  vs  BEST(ResViT-2D+3D-refine-T2),lpips,7,0.11944248182576778,0.11365054775656559,8.0,0.375
post,tumor,5.0,SynDiff-3D+3D-refine-T2  vs  BEST(ResViT-2D+3D-refine-T2),ssim,7,0.634404960740938,0.6438453291856405,7.0,0.296875
post,tumor,5.0,SynDiff-3D+3D-refine-T2  vs  BEST(ResViT-2D+3D-refine-T2),psnr,7,14.575607022706311,14.654987214955566,10.0,0.578125
post,tumor,5.0,SynDiff-3D+3D-refine-T2  vs  BEST(ResViT-2D+3D-refine-T2),lpips,7,0.11673184939427286,0.11365054775656559,7.0,0.296875
post,tumor,5.0,SwinPix2Pix-2D-T2  vs  BEST(ResViT-2D+3D-refine-T2),ssim,7,0.6310595160741158,0.6438453291856405,10.0,0.578125
post,tumor,5.0,SwinPix2Pix-2D-T2  vs  BEST(ResViT-2D+3D-refine-T2),psnr,7,13.603058741976426,14.654987214955566,3.0,0.078125
post,tumor,5.0,SwinPix2Pix-2D-T2  vs  BEST(ResViT-2D+3D-refine-T2),lpips,7,0.176006635709133,0.11365054775656559,0.0,0.015625
post,tumor,5.0,CycleGAN-2D+3D-post-T2  vs  BEST(ResViT-2D+3D-refine-T2),ssim,7,0.6297157792734597,0.6438453291856405,10.0,0.578125
post,tumor,5.0,CycleGAN-2D+3D-post-T2  vs  BEST(ResViT-2D+3D-refine-T2),psnr,7,14.243987424365743,14.654987214955566,8.0,0.375
post,tumor,5.0,CycleGAN-2D+3D-post-T2  vs  BEST(ResViT-2D+3D-refine-T2),lpips,7,0.16078604983970238,0.11365054775656559,1.0,0.03125
post,tumor,5.0,pix2pix-2D-T2  vs  BEST(ResViT-2D+3D-refine-T2),ssim,7,0.627776915962395,0.6438453291856405,10.0,0.578125
post,tumor,5.0,pix2pix-2D-T2  vs  BEST(ResViT-2D+3D-refine-T2),psnr,7,13.572306905653079,14.654987214955566,3.0,0.078125
post,tumor,5.0,pix2pix-2D-T2  vs  BEST(ResViT-2D+3D-refine-T2),lpips,7,0.18320781819136195,0.11365054775656559,1.0,0.03125
post,tumor,5.0,pix2pix-2.5D-T2  vs  BEST(ResViT-2D+3D-refine-T2),ssim,7,0.6270501647755563,0.6438453291856405,10.0,0.578125
post,tumor,5.0,pix2pix-2.5D-T2  vs  BEST(ResViT-2D+3D-refine-T2),psnr,7,13.577937348080534,14.654987214955566,3.0,0.078125
post,tumor,5.0,pix2pix-2.5D-T2  vs  BEST(ResViT-2D+3D-refine-T2),lpips,7,0.18567995803180654,0.11365054775656559,0.0,0.015625
post,tumor,5.0,CycleGAN-2.5D-T2  vs  BEST(ResViT-2D+3D-refine-T2),ssim,7,0.6264399955505244,0.6438453291856405,10.0,0.578125
post,tumor,5.0,CycleGAN-2.5D-T2  vs  BEST(ResViT-2D+3D-refine-T2),psnr,7,13.705587335705987,14.654987214955566,3.0,0.078125
post,tumor,5.0,CycleGAN-2.5D-T2  vs  BEST(ResViT-2D+3D-refine-T2),lpips,7,0.18243974232393875,0.11365054775656559,0.0,0.015625
post,tumor,5.0,SynDiff-2.5D-T2  vs  BEST(ResViT-2D+3D-refine-T2),ssim,7,0.6261227289884939,0.6438453291856405,5.0,0.15625
post,tumor,5.0,SynDiff-2.5D-T2  vs  BEST(ResViT-2D+3D-refine-T2),psnr,7,13.85554592676653,14.654987214955566,1.0,0.03125
post,tumor,5.0,SynDiff-2.5D-T2  vs  BEST(ResViT-2D+3D-refine-T2),lpips,7,0.12389812111599527,0.11365054775656559,7.0,0.296875
post,tumor,5.0,CUT-2D-T2  vs  BEST(ResViT-2D+3D-refine-T2),ssim,7,0.6256864357838321,0.6438453291856405,10.0,0.578125
post,tumor,5.0,CUT-2D-T2  vs  BEST(ResViT-2D+3D-refine-T2),psnr,7,13.485788049098561,14.654987214955566,3.0,0.078125
post,tumor,5.0,CUT-2D-T2  vs  BEST(ResViT-2D+3D-refine-T2),lpips,7,0.18236128146449457,0.11365054775656559,0.0,0.015625
post,tumor,5.0,CUT-2.5D-T2  vs  BEST(ResViT-2D+3D-refine-T2),ssim,7,0.625571436787961,0.6438453291856405,10.0,0.578125
post,tumor,5.0,CUT-2.5D-T2  vs  BEST(ResViT-2D+3D-refine-T2),psnr,7,13.622453643180672,14.654987214955566,3.0,0.078125
post,tumor,5.0,CUT-2.5D-T2  vs  BEST(ResViT-2D+3D-refine-T2),lpips,7,0.1873067787813545,0.11365054775656559,0.0,0.015625
post,tumor,5.0,SwinPix2Pix-2.5D-T2  vs  BEST(ResViT-2D+3D-refine-T2),ssim,7,0.6204368914473605,0.6438453291856405,7.0,0.296875
post,tumor,5.0,SwinPix2Pix-2.5D-T2  vs  BEST(ResViT-2D+3D-refine-T2),psnr,7,13.581351629715797,14.654987214955566,3.0,0.078125
post,tumor,5.0,SwinPix2Pix-2.5D-T2  vs  BEST(ResViT-2D+3D-refine-T2),lpips,7,0.17476610859948455,0.11365054775656559,1.0,0.03125
post,tumor,5.0,ResViT-3D-T2  vs  BEST(ResViT-2D+3D-refine-T2),ssim,7,0.6201636199753067,0.6438453291856405,0.0,0.015625
post,tumor,5.0,ResViT-3D-T2  vs  BEST(ResViT-2D+3D-refine-T2),psnr,7,14.428944273914428,14.654987214955566,9.0,0.46875
post,tumor,5.0,ResViT-3D-T2  vs  BEST(ResViT-2D+3D-refine-T2),lpips,7,0.1072137480335531,0.11365054775656559,5.0,0.15625
post,tumor,5.0,SynDiff-3D-T2  vs  BEST(ResViT-2D+3D-refine-T2),ssim,7,0.6056141746627534,0.6438453291856405,2.0,0.046875
post,tumor,5.0,SynDiff-3D-T2  vs  BEST(ResViT-2D+3D-refine-T2),psnr,7,13.78701191179724,14.654987214955566,5.0,0.15625
post,tumor,5.0,SynDiff-3D-T2  vs  BEST(ResViT-2D+3D-refine-T2),lpips,7,0.12880651888619266,0.11365054775656559,0.0,0.015625
post,tumor,5.0,CycleGAN-3D-T2  vs  BEST(ResViT-2D+3D-refine-T2),ssim,7,0.6053069649745187,0.6438453291856405,4.0,0.109375
post,tumor,5.0,CycleGAN-3D-T2  vs  BEST(ResViT-2D+3D-refine-T2),psnr,7,13.990096575768153,14.654987214955566,5.0,0.15625
post,tumor,5.0,CycleGAN-3D-T2  vs  BEST(ResViT-2D+3D-refine-T2),lpips,7,0.13363151497803402,0.11365054775656559,2.0,0.046875
post,tumor,5.0,pix2pix-3D-T2  vs  BEST(ResViT-2D+3D-refine-T2),ssim,7,0.6000898723393174,0.6438453291856405,2.0,0.046875
post,tumor,5.0,pix2pix-3D-T2  vs  BEST(ResViT-2D+3D-refine-T2),psnr,7,14.03531240516872,14.654987214955566,4.0,0.109375
post,tumor,5.0,pix2pix-3D-T2  vs  BEST(ResViT-2D+3D-refine-T2),lpips,7,0.15289093783131585,0.11365054775656559,0.0,0.015625
post,tumor,5.0,SwinPix2Pix-3D-T2  vs  BEST(ResViT-2D+3D-refine-T2),ssim,7,0.5980261612708823,0.6438453291856405,2.0,0.046875
post,tumor,5.0,SwinPix2Pix-3D-T2  vs  BEST(ResViT-2D+3D-refine-T2),psnr,7,13.99161601500202,14.654987214955566,7.0,0.296875
post,tumor,5.0,SwinPix2Pix-3D-T2  vs  BEST(ResViT-2D+3D-refine-T2),lpips,7,0.1538427582721132,0.11365054775656559,1.0,0.03125
post,tumor,5.0,CUT-3D-T2  vs  BEST(ResViT-2D+3D-refine-T2),ssim,7,0.5924505321423245,0.6438453291856405,2.0,0.046875
post,tumor,5.0,CUT-3D-T2  vs  BEST(ResViT-2D+3D-refine-T2),psnr,7,14.022486087883857,14.654987214955566,6.0,0.21875
post,tumor,5.0,CUT-3D-T2  vs  BEST(ResViT-2D+3D-refine-T2),lpips,7,0.12615877781878693,0.11365054775656559,2.0,0.046875
post,tumor,5.0,CycleGAN-2D-T2  vs  BEST(ResViT-2D+3D-refine-T2),ssim,7,0.5157519523562784,0.6438453291856405,0.0,0.015625
post,tumor,5.0,CycleGAN-2D-T2  vs  BEST(ResViT-2D+3D-refine-T2),psnr,7,11.639489905485174,14.654987214955566,0.0,0.015625
post,tumor,5.0,CycleGAN-2D-T2  vs  BEST(ResViT-2D+3D-refine-T2),lpips,7,0.1723865897470935,0.11365054775656559,0.0,0.015625
post,cavity,0.0,ResViT-2D+3D-refine-T2+FLAIR  vs  BEST(SynDiff-3D-T2),ssim,7,0.7032892931502703,0.7023712742772982,13.0,0.9375
post,cavity,0.0,ResViT-2D+3D-refine-T2+FLAIR  vs  BEST(SynDiff-3D-T2),psnr,7,9.550463576594682,9.712770207900293,12.0,0.8125
post,cavity,0.0,ResViT-2D+3D-refine-T2+FLAIR  vs  BEST(SynDiff-3D-T2),lpips,7,0.13007917872383298,0.13568618106097763,9.0,0.46875
post,cavity,0.0,SwinPix2Pix-2D+3D-post-T2+FLAIR  vs  BEST(SynDiff-3D-T2),ssim,7,0.6999600958023464,0.7023712742772982,9.0,0.46875
post,cavity,0.0,SwinPix2Pix-2D+3D-post-T2+FLAIR  vs  BEST(SynDiff-3D-T2),psnr,7,9.31471002454821,9.712770207900293,11.0,0.6875
post,cavity,0.0,SwinPix2Pix-2D+3D-post-T2+FLAIR  vs  BEST(SynDiff-3D-T2),lpips,7,0.14381508435775614,0.13568618106097763,7.0,0.296875
post,cavity,0.0,SynDiff-3D-T2+FLAIR  vs  BEST(SynDiff-3D-T2),ssim,7,0.6989203477278204,0.7023712742772982,14.0,1.0
post,cavity,0.0,SynDiff-3D-T2+FLAIR  vs  BEST(SynDiff-3D-T2),psnr,7,9.751157259255395,9.712770207900293,14.0,1.0
post,cavity,0.0,SynDiff-3D-T2+FLAIR  vs  BEST(SynDiff-3D-T2),lpips,7,0.14273743674983716,0.13568618106097763,13.0,0.9375
post,cavity,0.0,ResViT-2.5D-T2  vs  BEST(SynDiff-3D-T2),ssim,13,0.6970985642600482,0.70631321867217,34.0,0.454833984375
post,cavity,0.0,ResViT-2.5D-T2  vs  BEST(SynDiff-3D-T2),psnr,13,9.903775794803863,10.067749965595548,36.0,0.541748046875
post,cavity,0.0,ResViT-2.5D-T2  vs  BEST(SynDiff-3D-T2),lpips,13,0.13478359306368703,0.1334135476112444,45.0,1.0
post,cavity,0.0,ResViT-3D-T2+FLAIR  vs  BEST(SynDiff-3D-T2),ssim,7,0.6959387143757213,0.7023712742772982,11.0,0.6875
post,cavity,0.0,ResViT-3D-T2+FLAIR  vs  BEST(SynDiff-3D-T2),psnr,7,9.44026985824743,9.712770207900293,12.0,0.8125
post,cavity,0.0,ResViT-3D-T2+FLAIR  vs  BEST(SynDiff-3D-T2),lpips,7,0.14016610243829603,0.13568618106097763,14.0,1.0
post,cavity,0.0,pix2pix-2D+3D-post-T2  vs  BEST(SynDiff-3D-T2),ssim,13,0.6958606008401872,0.70631321867217,41.0,0.786865234375
post,cavity,0.0,pix2pix-2D+3D-post-T2  vs  BEST(SynDiff-3D-T2),psnr,13,9.20543288132089,10.067749965595548,15.0,0.03271484375
post,cavity,0.0,pix2pix-2D+3D-post-T2  vs  BEST(SynDiff-3D-T2),lpips,13,0.14474381581013882,0.1334135476112444,23.0,0.127197265625
post,cavity,0.0,ResViT-2D-T2  vs  BEST(SynDiff-3D-T2),ssim,13,0.6951063999602636,0.70631321867217,33.0,0.414306640625
post,cavity,0.0,ResViT-2D-T2  vs  BEST(SynDiff-3D-T2),psnr,13,9.779226816941751,10.067749965595548,31.0,0.339599609375
post,cavity,0.0,ResViT-2D-T2  vs  BEST(SynDiff-3D-T2),lpips,13,0.13220249811844434,0.1334135476112444,40.0,0.7353515625
post,cavity,0.0,CUT-2D+3D-post-T2  vs  BEST(SynDiff-3D-T2),ssim,13,0.6929557602062956,0.70631321867217,37.0,0.587890625
post,cavity,0.0,CUT-2D+3D-post-T2  vs  BEST(SynDiff-3D-T2),psnr,13,8.995287070631306,10.067749965595548,8.0,0.006103515625
post,cavity,0.0,CUT-2D+3D-post-T2  vs  BEST(SynDiff-3D-T2),lpips,13,0.14962626330706122,0.1334135476112444,15.0,0.03271484375
post,cavity,0.0,ResViT-3D-T2  vs  BEST(SynDiff-3D-T2),ssim,13,0.6925742669766114,0.70631321867217,33.0,0.414306640625
post,cavity,0.0,ResViT-3D-T2  vs  BEST(SynDiff-3D-T2),psnr,13,9.886678917449549,10.067749965595548,39.0,0.684814453125
post,cavity,0.0,ResViT-3D-T2  vs  BEST(SynDiff-3D-T2),lpips,13,0.13788969239991952,0.1334135476112444,36.0,0.541748046875
post,cavity,0.0,SwinPix2Pix-2D+3D-post-T2  vs  BEST(SynDiff-3D-T2),ssim,13,0.6915756027153495,0.70631321867217,34.0,0.454833984375
post,cavity,0.0,SwinPix2Pix-2D+3D-post-T2  vs  BEST(SynDiff-3D-T2),psnr,13,9.169248116318805,10.067749965595548,16.0,0.039794921875
post,cavity,0.0,SwinPix2Pix-2D+3D-post-T2  vs  BEST(SynDiff-3D-T2),lpips,13,0.14607884503431154,0.1334135476112444,24.0,0.146484375
post,cavity,0.0,ResViT-2D+3D-refine-T2  vs  BEST(SynDiff-3D-T2),ssim,13,0.690366412301818,0.70631321867217,25.0,0.167724609375
post,cavity,0.0,ResViT-2D+3D-refine-T2  vs  BEST(SynDiff-3D-T2),psnr,13,9.37898872967337,10.067749965595548,20.0,0.080322265625
post,cavity,0.0,ResViT-2D+3D-refine-T2  vs  BEST(SynDiff-3D-T2),lpips,13,0.13271936202341852,0.1334135476112444,44.0,0.946044921875
post,cavity,0.0,pix2pix-2D+3D-post-T2+FLAIR  vs  BEST(SynDiff-3D-T2),ssim,7,0.6866629630024875,0.7023712742772982,9.0,0.46875
post,cavity,0.0,pix2pix-2D+3D-post-T2+FLAIR  vs  BEST(SynDiff-3D-T2),psnr,7,8.33325647772017,9.712770207900293,1.0,0.03125
post,cavity,0.0,pix2pix-2D+3D-post-T2+FLAIR  vs  BEST(SynDiff-3D-T2),lpips,7,0.1526801910722128,0.13568618106097763,5.0,0.15625
post,cavity,0.0,CycleGAN-2D+3D-post-T2+FLAIR  vs  BEST(SynDiff-3D-T2),ssim,7,0.6851363378885924,0.7023712742772982,7.0,0.296875
post,cavity,0.0,CycleGAN-2D+3D-post-T2+FLAIR  vs  BEST(SynDiff-3D-T2),psnr,7,8.400808570391959,9.712770207900293,1.0,0.03125
post,cavity,0.0,CycleGAN-2D+3D-post-T2+FLAIR  vs  BEST(SynDiff-3D-T2),lpips,7,0.15162184040173096,0.13568618106097763,7.0,0.296875
post,cavity,0.0,SwinPix2Pix-3D-T2  vs  BEST(SynDiff-3D-T2),ssim,13,0.685093362086379,0.70631321867217,27.0,0.21630859375
post,cavity,0.0,SwinPix2Pix-3D-T2  vs  BEST(SynDiff-3D-T2),psnr,13,9.514488915290137,10.067749965595548,21.0,0.09423828125
post,cavity,0.0,SwinPix2Pix-3D-T2  vs  BEST(SynDiff-3D-T2),lpips,13,0.13243611144332446,0.1334135476112444,40.0,0.7353515625
post,cavity,0.0,pix2pix-3D-T2+FLAIR  vs  BEST(SynDiff-3D-T2),ssim,7,0.6843652188585316,0.7023712742772982,7.0,0.296875
post,cavity,0.0,pix2pix-3D-T2+FLAIR  vs  BEST(SynDiff-3D-T2),psnr,7,9.13581510388879,9.712770207900293,8.0,0.375
post,cavity,0.0,pix2pix-3D-T2+FLAIR  vs  BEST(SynDiff-3D-T2),lpips,7,0.13652096240408026,0.13568618106097763,13.0,0.9375
post,cavity,0.0,CycleGAN-2D+3D-post-T2  vs  BEST(SynDiff-3D-T2),ssim,13,0.6841021936973071,0.70631321867217,29.0,0.2734375
post,cavity,0.0,CycleGAN-2D+3D-post-T2  vs  BEST(SynDiff-3D-T2),psnr,13,8.958710392047962,10.067749965595548,10.0,0.010498046875
post,cavity,0.0,CycleGAN-2D+3D-post-T2  vs  BEST(SynDiff-3D-T2),lpips,13,0.14674658926259065,0.1334135476112444,21.0,0.09423828125
post,cavity,0.0,pix2pix-3D-T2  vs  BEST(SynDiff-3D-T2),ssim,13,0.6814756157238926,0.70631321867217,23.0,0.127197265625
post,cavity,0.0,pix2pix-3D-T2  vs  BEST(SynDiff-3D-T2),psnr,13,9.27826073873244,10.067749965595548,16.0,0.039794921875
post,cavity,0.0,pix2pix-3D-T2  vs  BEST(SynDiff-3D-T2),lpips,13,0.13379798623421374,0.1334135476112444,42.0,0.83935546875
post,cavity,0.0,SynDiff-3D+3D-refine-T2  vs  BEST(SynDiff-3D-T2),ssim,13,0.680524791623058,0.70631321867217,18.0,0.057373046875
post,cavity,0.0,SynDiff-3D+3D-refine-T2  vs  BEST(SynDiff-3D-T2),psnr,13,9.125088532931512,10.067749965595548,17.0,0.0478515625
post,cavity,0.0,SynDiff-3D+3D-refine-T2  vs  BEST(SynDiff-3D-T2),lpips,13,0.14368230438313048,0.1334135476112444,25.0,0.167724609375
post,cavity,0.0,SwinPix2Pix-3D-T2+FLAIR  vs  BEST(SynDiff-3D-T2),ssim,7,0.6788605156107183,0.7023712742772982,9.0,0.46875
post,cavity,0.0,SwinPix2Pix-3D-T2+FLAIR  vs  BEST(SynDiff-3D-T2),psnr,7,8.691710747474731,9.712770207900293,3.0,0.078125
post,cavity,0.0,SwinPix2Pix-3D-T2+FLAIR  vs  BEST(SynDiff-3D-T2),lpips,7,0.14527001823248714,0.13568618106097763,6.0,0.21875
post,cavity,0.0,CUT-2D+3D-post-T2+FLAIR  vs  BEST(SynDiff-3D-T2),ssim,7,0.6783563831923788,0.7023712742772982,7.0,0.296875
post,cavity,0.0,CUT-2D+3D-post-T2+FLAIR  vs  BEST(SynDiff-3D-T2),psnr,7,8.299234516390062,9.712770207900293,1.0,0.03125
post,cavity,0.0,CUT-2D+3D-post-T2+FLAIR  vs  BEST(SynDiff-3D-T2),lpips,7,0.15426948072770436,0.13568618106097763,5.0,0.15625
post,cavity,0.0,SynDiff-2D-T2  vs  BEST(SynDiff-3D-T2),ssim,13,0.6781564739517886,0.70631321867217,23.0,0.127197265625
post,cavity,0.0,SynDiff-2D-T2  vs  BEST(SynDiff-3D-T2),psnr,13,9.207335607767174,10.067749965595548,18.0,0.057373046875
post,cavity,0.0,SynDiff-2D-T2  vs  BEST(SynDiff-3D-T2),lpips,13,0.15349001267998635,0.1334135476112444,26.0,0.19091796875
post,cavity,0.0,CUT-3D-T2+FLAIR  vs  BEST(SynDiff-3D-T2),ssim,7,0.6751483578355577,0.7023712742772982,4.0,0.109375
post,cavity,0.0,CUT-3D-T2+FLAIR  vs  BEST(SynDiff-3D-T2),psnr,7,9.35191580553222,9.712770207900293,9.0,0.46875
post,cavity,0.0,CUT-3D-T2+FLAIR  vs  BEST(SynDiff-3D-T2),lpips,7,0.14204938042633602,0.13568618106097763,12.0,0.8125
post,cavity,0.0,pix2pix-2D-T2  vs  BEST(SynDiff-3D-T2),ssim,13,0.6740876370241166,0.70631321867217,24.0,0.146484375
post,cavity,0.0,pix2pix-2D-T2  vs  BEST(SynDiff-3D-T2),psnr,13,8.38669289077615,10.067749965595548,2.0,0.000732421875
post,cavity,0.0,pix2pix-2D-T2  vs  BEST(SynDiff-3D-T2),lpips,13,0.1574922910512982,0.1334135476112444,13.0,0.021484375
post,cavity,0.0,CUT-3D-T2  vs  BEST(SynDiff-3D-T2),ssim,13,0.6740318345180871,0.70631321867217,15.0,0.03271484375
post,cavity,0.0,CUT-3D-T2  vs  BEST(SynDiff-3D-T2),psnr,13,9.536169061546431,10.067749965595548,19.0,0.068115234375
post,cavity,0.0,CUT-3D-T2  vs  BEST(SynDiff-3D-T2),lpips,13,0.1348651103651757,0.1334135476112444,44.0,0.946044921875
post,cavity,0.0,SwinPix2Pix-2D-T2  vs  BEST(SynDiff-3D-T2),ssim,13,0.6737881098850826,0.70631321867217,22.0,0.10986328125
post,cavity,0.0,SwinPix2Pix-2D-T2  vs  BEST(SynDiff-3D-T2),psnr,13,8.519688398582701,10.067749965595548,3.0,0.001220703125
post,cavity,0.0,SwinPix2Pix-2D-T2  vs  BEST(SynDiff-3D-T2),lpips,13,0.15391792027113646,0.1334135476112444,15.0,0.03271484375
post,cavity,0.0,SynDiff-2D-T2+FLAIR  vs  BEST(SynDiff-3D-T2),ssim,7,0.673532996169634,0.7023712742772982,10.0,0.578125
post,cavity,0.0,SynDiff-2D-T2+FLAIR  vs  BEST(SynDiff-3D-T2),psnr,7,9.02832087633979,9.712770207900293,8.0,0.375
post,cavity,0.0,SynDiff-2D-T2+FLAIR  vs  BEST(SynDiff-3D-T2),lpips,7,0.15379515279697262,0.13568618106097763,8.0,0.375
post,cavity,0.0,pix2pix-2.5D-T2  vs  BEST(SynDiff-3D-T2),ssim,13,0.6734212402827034,0.70631321867217,22.0,0.10986328125
post,cavity,0.0,pix2pix-2.5D-T2  vs  BEST(SynDiff-3D-T2),psnr,13,8.383671225911998,10.067749965595548,2.0,0.000732421875
post,cavity,0.0,pix2pix-2.5D-T2  vs  BEST(SynDiff-3D-T2),lpips,13,0.1583227486963345,0.1334135476112444,11.0,0.013427734375
post,cavity,0.0,SwinPix2Pix-2.5D-T2  vs  BEST(SynDiff-3D-T2),ssim,13,0.6733345047045195,0.70631321867217,22.0,0.10986328125
post,cavity,0.0,SwinPix2Pix-2.5D-T2  vs  BEST(SynDiff-3D-T2),psnr,13,8.58253727592444,10.067749965595548,5.0,0.00244140625
post,cavity,0.0,SwinPix2Pix-2.5D-T2  vs  BEST(SynDiff-3D-T2),lpips,13,0.15371284761760254,0.1334135476112444,13.0,0.021484375
post,cavity,0.0,ResViT-2.5D-T2+FLAIR  vs  BEST(SynDiff-3D-T2),ssim,7,0.6725103869160579,0.7023712742772982,8.0,0.375
post,cavity,0.0,ResViT-2.5D-T2+FLAIR  vs  BEST(SynDiff-3D-T2),psnr,7,8.906514005638684,9.712770207900293,7.0,0.296875
post,cavity,0.0,ResViT-2.5D-T2+FLAIR  vs  BEST(SynDiff-3D-T2),lpips,7,0.13772604204822844,0.13568618106097763,13.0,0.9375
post,cavity,0.0,CUT-2.5D-T2  vs  BEST(SynDiff-3D-T2),ssim,13,0.6708569152392747,0.70631321867217,22.0,0.10986328125
post,cavity,0.0,CUT-2.5D-T2  vs  BEST(SynDiff-3D-T2),psnr,13,8.321216164139045,10.067749965595548,3.0,0.001220703125
post,cavity,0.0,CUT-2.5D-T2  vs  BEST(SynDiff-3D-T2),lpips,13,0.15769630275396468,0.1334135476112444,13.0,0.021484375
post,cavity,0.0,CycleGAN-2.5D-T2  vs  BEST(SynDiff-3D-T2),ssim,13,0.6692627254852517,0.70631321867217,22.0,0.10986328125
post,cavity,0.0,CycleGAN-2.5D-T2  vs  BEST(SynDiff-3D-T2),psnr,13,8.437743829094106,10.067749965595548,6.0,0.00341796875
post,cavity,0.0,CycleGAN-2.5D-T2  vs  BEST(SynDiff-3D-T2),lpips,13,0.15390907604620452,0.1334135476112444,16.0,0.039794921875
post,cavity,0.0,pix2pix-2.5D-T2+FLAIR  vs  BEST(SynDiff-3D-T2),ssim,7,0.6685110932349104,0.7023712742772982,6.0,0.21875
post,cavity,0.0,pix2pix-2.5D-T2+FLAIR  vs  BEST(SynDiff-3D-T2),psnr,7,7.997105793794067,9.712770207900293,1.0,0.03125
post,cavity,0.0,pix2pix-2.5D-T2+FLAIR  vs  BEST(SynDiff-3D-T2),lpips,7,0.15792079451955643,0.13568618106097763,5.0,0.15625
post,cavity,0.0,CUT-2.5D-T2+FLAIR  vs  BEST(SynDiff-3D-T2),ssim,7,0.6676693250049225,0.7023712742772982,6.0,0.21875
post,cavity,0.0,CUT-2.5D-T2+FLAIR  vs  BEST(SynDiff-3D-T2),psnr,7,7.859536611955042,9.712770207900293,1.0,0.03125
post,cavity,0.0,CUT-2.5D-T2+FLAIR  vs  BEST(SynDiff-3D-T2),lpips,7,0.16039181317662937,0.13568618106097763,4.0,0.109375
post,cavity,0.0,CUT-2D-T2  vs  BEST(SynDiff-3D-T2),ssim,13,0.6676518342042512,0.70631321867217,20.0,0.080322265625
post,cavity,0.0,CUT-2D-T2  vs  BEST(SynDiff-3D-T2),psnr,13,8.304610043635934,10.067749965595548,3.0,0.001220703125
post,cavity,0.0,CUT-2D-T2  vs  BEST(SynDiff-3D-T2),lpips,13,0.15764671899973554,0.1334135476112444,12.0,0.01708984375
post,cavity,0.0,CycleGAN-3D-T2  vs  BEST(SynDiff-3D-T2),ssim,13,0.6670079356412628,0.70631321867217,17.0,0.0478515625
post,cavity,0.0,CycleGAN-3D-T2  vs  BEST(SynDiff-3D-T2),psnr,13,8.798405949013059,10.067749965595548,8.0,0.006103515625
post,cavity,0.0,CycleGAN-3D-T2  vs  BEST(SynDiff-3D-T2),lpips,13,0.1404809478657229,0.1334135476112444,32.0,0.375732421875
post,cavity,0.0,SynDiff-2.5D-T2  vs  BEST(SynDiff-3D-T2),ssim,13,0.6644603559725079,0.70631321867217,12.0,0.01708984375
post,cavity,0.0,SynDiff-2.5D-T2  vs  BEST(SynDiff-3D-T2),psnr,13,9.032466545617584,10.067749965595548,15.0,0.03271484375
post,cavity,0.0,SynDiff-2.5D-T2  vs  BEST(SynDiff-3D-T2),lpips,13,0.15489939247303738,0.1334135476112444,20.0,0.080322265625
post,cavity,0.0,pix2pix-2D-T2+FLAIR  vs  BEST(SynDiff-3D-T2),ssim,7,0.664065466312015,0.7023712742772982,5.0,0.15625
post,cavity,0.0,pix2pix-2D-T2+FLAIR  vs  BEST(SynDiff-3D-T2),psnr,7,7.708808030537788,9.712770207900293,0.0,0.015625
post,cavity,0.0,pix2pix-2D-T2+FLAIR  vs  BEST(SynDiff-3D-T2),lpips,7,0.16311269367320672,0.13568618106097763,2.0,0.046875
post,cavity,0.0,SynDiff-3D+3D-refine-T2+FLAIR  vs  BEST(SynDiff-3D-T2),ssim,7,0.6634904598174659,0.7023712742772982,7.0,0.296875
post,cavity,0.0,SynDiff-3D+3D-refine-T2+FLAIR  vs  BEST(SynDiff-3D-T2),psnr,7,9.011379447048963,9.712770207900293,7.0,0.296875
post,cavity,0.0,SynDiff-3D+3D-refine-T2+FLAIR  vs  BEST(SynDiff-3D-T2),lpips,7,0.15893233601845402,0.13568618106097763,3.0,0.078125
post,cavity,0.0,ResViT-2D-T2+FLAIR  vs  BEST(SynDiff-3D-T2),ssim,7,0.6603409189380552,0.7023712742772982,4.0,0.109375
post,cavity,0.0,ResViT-2D-T2+FLAIR  vs  BEST(SynDiff-3D-T2),psnr,7,8.491664902650228,9.712770207900293,2.0,0.046875
post,cavity,0.0,ResViT-2D-T2+FLAIR  vs  BEST(SynDiff-3D-T2),lpips,7,0.14986270136319915,0.13568618106097763,7.0,0.296875
post,cavity,0.0,CycleGAN-3D-T2+FLAIR  vs  BEST(SynDiff-3D-T2),ssim,7,0.6593155369655525,0.7023712742772982,4.0,0.109375
post,cavity,0.0,CycleGAN-3D-T2+FLAIR  vs  BEST(SynDiff-3D-T2),psnr,7,8.41106290072884,9.712770207900293,0.0,0.015625
post,cavity,0.0,CycleGAN-3D-T2+FLAIR  vs  BEST(SynDiff-3D-T2),lpips,7,0.15034568004541088,0.13568618106097763,8.0,0.375
post,cavity,0.0,SwinPix2Pix-2D-T2+FLAIR  vs  BEST(SynDiff-3D-T2),ssim,7,0.6589281666773102,0.7023712742772982,6.0,0.21875
post,cavity,0.0,SwinPix2Pix-2D-T2+FLAIR  vs  BEST(SynDiff-3D-T2),psnr,7,7.887699147927053,9.712770207900293,0.0,0.015625
post,cavity,0.0,SwinPix2Pix-2D-T2+FLAIR  vs  BEST(SynDiff-3D-T2),lpips,7,0.1603761744224513,0.13568618106097763,2.0,0.046875
post,cavity,0.0,CycleGAN-2D-T2+FLAIR  vs  BEST(SynDiff-3D-T2),ssim,7,0.6541999642974888,0.7023712742772982,5.0,0.15625
post,cavity,0.0,CycleGAN-2D-T2+FLAIR  vs  BEST(SynDiff-3D-T2),psnr,7,7.689352778208781,9.712770207900293,0.0,0.015625
post,cavity,0.0,CycleGAN-2D-T2+FLAIR  vs  BEST(SynDiff-3D-T2),lpips,7,0.15913808896784,0.13568618106097763,3.0,0.078125
post,cavity,0.0,SwinPix2Pix-2.5D-T2+FLAIR  vs  BEST(SynDiff-3D-T2),ssim,7,0.6442739482660054,0.7023712742772982,4.0,0.109375
post,cavity,0.0,SwinPix2Pix-2.5D-T2+FLAIR  vs  BEST(SynDiff-3D-T2),psnr,7,7.761481720556637,9.712770207900293,0.0,0.015625
post,cavity,0.0,SwinPix2Pix-2.5D-T2+FLAIR  vs  BEST(SynDiff-3D-T2),lpips,7,0.1644620849522281,0.13568618106097763,1.0,0.03125
post,cavity,0.0,CycleGAN-2.5D-T2+FLAIR  vs  BEST(SynDiff-3D-T2),ssim,7,0.6440301114855956,0.7023712742772982,3.0,0.078125
post,cavity,0.0,CycleGAN-2.5D-T2+FLAIR  vs  BEST(SynDiff-3D-T2),psnr,7,7.525250583433605,9.712770207900293,0.0,0.015625
post,cavity,0.0,CycleGAN-2.5D-T2+FLAIR  vs  BEST(SynDiff-3D-T2),lpips,7,0.159728962696234,0.13568618106097763,3.0,0.078125
post,cavity,0.0,SynDiff-2.5D-T2+FLAIR  vs  BEST(SynDiff-3D-T2),ssim,7,0.6411536259337663,0.7023712742772982,0.0,0.015625
post,cavity,0.0,SynDiff-2.5D-T2+FLAIR  vs  BEST(SynDiff-3D-T2),psnr,7,8.201934048166917,9.712770207900293,2.0,0.046875
post,cavity,0.0,SynDiff-2.5D-T2+FLAIR  vs  BEST(SynDiff-3D-T2),lpips,7,0.16080057260236277,0.13568618106097763,5.0,0.15625
post,cavity,0.0,CUT-2D-T2+FLAIR  vs  BEST(SynDiff-3D-T2),ssim,7,0.6347615153935872,0.7023712742772982,1.0,0.03125
post,cavity,0.0,CUT-2D-T2+FLAIR  vs  BEST(SynDiff-3D-T2),psnr,7,7.473012008420776,9.712770207900293,0.0,0.015625
post,cavity,0.0,CUT-2D-T2+FLAIR  vs  BEST(SynDiff-3D-T2),lpips,7,0.16034148466452522,0.13568618106097763,0.0,0.015625
post,cavity,0.0,CycleGAN-2D-T2  vs  BEST(SynDiff-3D-T2),ssim,13,0.5931317737622579,0.70631321867217,2.0,0.000732421875
post,cavity,0.0,CycleGAN-2D-T2  vs  BEST(SynDiff-3D-T2),psnr,13,7.648864264952261,10.067749965595548,3.0,0.001220703125
post,cavity,0.0,CycleGAN-2D-T2  vs  BEST(SynDiff-3D-T2),lpips,13,0.18304714956217263,0.1334135476112444,9.0,0.008056640625
post,cavity,5.0,ResViT-2.5D-T2+FLAIR  vs  BEST(ResViT-2D+3D-refine-T2+FLAIR),ssim,7,0.6588378773576569,0.6715881489301819,6.0,0.21875
post,cavity,5.0,ResViT-2.5D-T2+FLAIR  vs  BEST(ResViT-2D+3D-refine-T2+FLAIR),psnr,7,12.662465383884394,13.062606803977143,4.0,0.109375
post,cavity,5.0,ResViT-2.5D-T2+FLAIR  vs  BEST(ResViT-2D+3D-refine-T2+FLAIR),lpips,7,0.1440803409146357,0.15140155970997574,5.0,0.15625
post,cavity,5.0,SynDiff-2D-T2+FLAIR  vs  BEST(ResViT-2D+3D-refine-T2+FLAIR),ssim,7,0.6521379870153305,0.6715881489301819,8.0,0.375
post,cavity,5.0,SynDiff-2D-T2+FLAIR  vs  BEST(ResViT-2D+3D-refine-T2+FLAIR),psnr,7,12.560761643549617,13.062606803977143,10.0,0.578125
post,cavity,5.0,SynDiff-2D-T2+FLAIR  vs  BEST(ResViT-2D+3D-refine-T2+FLAIR),lpips,7,0.14853403531420706,0.15140155970997574,8.0,0.375
post,cavity,5.0,ResViT-2.5D-T2  vs  BEST(ResViT-2D+3D-refine-T2+FLAIR),ssim,7,0.6630875386469157,0.6715881489301819,10.0,0.578125
post,cavity,5.0,ResViT-2.5D-T2  vs  BEST(ResViT-2D+3D-refine-T2+FLAIR),psnr,7,13.025355469631348,13.062606803977143,14.0,1.0
post,cavity,5.0,ResViT-2.5D-T2  vs  BEST(ResViT-2D+3D-refine-T2+FLAIR),lpips,7,0.13118224313871224,0.15140155970997574,5.0,0.15625
post,cavity,5.0,ResViT-2D-T2  vs  BEST(ResViT-2D+3D-refine-T2+FLAIR),ssim,7,0.6630280316502046,0.6715881489301819,10.0,0.578125
post,cavity,5.0,ResViT-2D-T2  vs  BEST(ResViT-2D+3D-refine-T2+FLAIR),psnr,7,12.883783960078343,13.062606803977143,14.0,1.0
post,cavity,5.0,ResViT-2D-T2  vs  BEST(ResViT-2D+3D-refine-T2+FLAIR),lpips,7,0.1283988708094095,0.15140155970997574,1.0,0.03125
post,cavity,5.0,ResViT-2D+3D-refine-T2  vs  BEST(ResViT-2D+3D-refine-T2+FLAIR),ssim,7,0.6547441358817768,0.6715881489301819,5.0,0.15625
post,cavity,5.0,ResViT-2D+3D-refine-T2  vs  BEST(ResViT-2D+3D-refine-T2+FLAIR),psnr,7,12.836463568705728,13.062606803977143,10.0,0.578125
post,cavity,5.0,ResViT-2D+3D-refine-T2  vs  BEST(ResViT-2D+3D-refine-T2+FLAIR),lpips,7,0.14555257409809566,0.15140155970997574,10.0,0.578125
post,cavity,5.0,SynDiff-2.5D-T2+FLAIR  vs  BEST(ResViT-2D+3D-refine-T2+FLAIR),ssim,7,0.6397363119397417,0.6715881489301819,0.0,0.015625
post,cavity,5.0,SynDiff-2.5D-T2+FLAIR  vs  BEST(ResViT-2D+3D-refine-T2+FLAIR),psnr,7,12.048548213646763,13.062606803977143,0.0,0.015625
post,cavity,5.0,SynDiff-2.5D-T2+FLAIR  vs  BEST(ResViT-2D+3D-refine-T2+FLAIR),lpips,7,0.13824369248341695,0.15140155970997574,7.0,0.296875
post,cavity,5.0,SwinPix2Pix-2D+3D-post-T2+FLAIR  vs  BEST(ResViT-2D+3D-refine-T2+FLAIR),ssim,7,0.6361734174813962,0.6715881489301819,2.0,0.046875
post,cavity,5.0,SwinPix2Pix-2D+3D-post-T2+FLAIR  vs  BEST(ResViT-2D+3D-refine-T2+FLAIR),psnr,7,13.009065512936468,13.062606803977143,12.0,0.8125
post,cavity,5.0,SwinPix2Pix-2D+3D-post-T2+FLAIR  vs  BEST(ResViT-2D+3D-refine-T2+FLAIR),lpips,7,0.1967551764718758,0.15140155970997574,0.0,0.015625
post,cavity,5.0,ResViT-3D-T2+FLAIR  vs  BEST(ResViT-2D+3D-refine-T2+FLAIR),ssim,7,0.636009920043889,0.6715881489301819,2.0,0.046875
post,cavity,5.0,ResViT-3D-T2+FLAIR  vs  BEST(ResViT-2D+3D-refine-T2+FLAIR),psnr,7,12.367774303711043,13.062606803977143,8.0,0.375
post,cavity,5.0,ResViT-3D-T2+FLAIR  vs  BEST(ResViT-2D+3D-refine-T2+FLAIR),lpips,7,0.1335974672689635,0.15140155970997574,4.0,0.109375
post,cavity,5.0,pix2pix-2D+3D-post-T2+FLAIR  vs  BEST(ResViT-2D+3D-refine-T2+FLAIR),ssim,7,0.633703067823388,0.6715881489301819,3.0,0.078125
post,cavity,5.0,pix2pix-2D+3D-post-T2+FLAIR  vs  BEST(ResViT-2D+3D-refine-T2+FLAIR),psnr,7,12.33389135221175,13.062606803977143,4.0,0.109375
post,cavity,5.0,pix2pix-2D+3D-post-T2+FLAIR  vs  BEST(ResViT-2D+3D-refine-T2+FLAIR),lpips,7,0.2171327892213244,0.15140155970997574,0.0,0.015625
post,cavity,5.0,SynDiff-3D+3D-refine-T2+FLAIR  vs  BEST(ResViT-2D+3D-refine-T2+FLAIR),ssim,7,0.6309767235273605,0.6715881489301819,1.0,0.03125
post,cavity,5.0,SynDiff-3D+3D-refine-T2+FLAIR  vs  BEST(ResViT-2D+3D-refine-T2+FLAIR),psnr,7,12.293623252993669,13.062606803977143,6.0,0.21875
post,cavity,5.0,SynDiff-3D+3D-refine-T2+FLAIR  vs  BEST(ResViT-2D+3D-refine-T2+FLAIR),lpips,7,0.16298384374848904,0.15140155970997574,8.0,0.375
post,cavity,5.0,SynDiff-3D+3D-refine-T2  vs  BEST(ResViT-2D+3D-refine-T2+FLAIR),ssim,7,0.640499066888289,0.6715881489301819,6.0,0.21875
post,cavity,5.0,SynDiff-3D+3D-refine-T2  vs  BEST(ResViT-2D+3D-refine-T2+FLAIR),psnr,7,12.44515303166328,13.062606803977143,5.0,0.15625
post,cavity,5.0,SynDiff-3D+3D-refine-T2  vs  BEST(ResViT-2D+3D-refine-T2+FLAIR),lpips,7,0.15575386561513357,0.15140155970997574,10.0,0.578125
post,cavity,5.0,SynDiff-2D-T2  vs  BEST(ResViT-2D+3D-refine-T2+FLAIR),ssim,7,0.6444427898405405,0.6715881489301819,3.0,0.078125
post,cavity,5.0,SynDiff-2D-T2  vs  BEST(ResViT-2D+3D-refine-T2+FLAIR),psnr,7,12.312833116447374,13.062606803977143,5.0,0.15625
post,cavity,5.0,SynDiff-2D-T2  vs  BEST(ResViT-2D+3D-refine-T2+FLAIR),lpips,7,0.14132719877069805,0.15140155970997574,5.0,0.15625
post,cavity,5.0,SynDiff-3D-T2+FLAIR  vs  BEST(ResViT-2D+3D-refine-T2+FLAIR),ssim,7,0.6298171260520586,0.6715881489301819,3.0,0.078125
post,cavity,5.0,SynDiff-3D-T2+FLAIR  vs  BEST(ResViT-2D+3D-refine-T2+FLAIR),psnr,7,12.285416097288302,13.062606803977143,9.0,0.46875
post,cavity,5.0,SynDiff-3D-T2+FLAIR  vs  BEST(ResViT-2D+3D-refine-T2+FLAIR),lpips,7,0.15040913527357294,0.15140155970997574,13.0,0.9375
post,cavity,5.0,ResViT-2D-T2+FLAIR  vs  BEST(ResViT-2D+3D-refine-T2+FLAIR),ssim,7,0.6269421507466546,0.6715881489301819,1.0,0.03125
post,cavity,5.0,ResViT-2D-T2+FLAIR  vs  BEST(ResViT-2D+3D-refine-T2+FLAIR),psnr,7,12.355691774564535,13.062606803977143,0.0,0.015625
post,cavity,5.0,ResViT-2D-T2+FLAIR  vs  BEST(ResViT-2D+3D-refine-T2+FLAIR),lpips,7,0.15489048955695126,0.15140155970997574,12.0,0.8125
post,cavity,5.0,pix2pix-2D+3D-post-T2  vs  BEST(ResViT-2D+3D-refine-T2+FLAIR),ssim,7,0.6358971408076285,0.6715881489301819,3.0,0.078125
post,cavity,5.0,pix2pix-2D+3D-post-T2  vs  BEST(ResViT-2D+3D-refine-T2+FLAIR),psnr,7,12.749225347740746,13.062606803977143,5.0,0.15625
post,cavity,5.0,pix2pix-2D+3D-post-T2  vs  BEST(ResViT-2D+3D-refine-T2+FLAIR),lpips,7,0.2144753415716822,0.15140155970997574,0.0,0.015625
post,cavity,5.0,CycleGAN-2D+3D-post-T2+FLAIR  vs  BEST(ResViT-2D+3D-refine-T2+FLAIR),ssim,7,0.6258746884779977,0.6715881489301819,2.0,0.046875
post,cavity,5.0,CycleGAN-2D+3D-post-T2+FLAIR  vs  BEST(ResViT-2D+3D-refine-T2+FLAIR),psnr,7,12.448102274192085,13.062606803977143,5.0,0.15625
post,cavity,5.0,CycleGAN-2D+3D-post-T2+FLAIR  vs  BEST(ResViT-2D+3D-refine-T2+FLAIR),lpips,7,0.21202975720414424,0.15140155970997574,0.0,0.015625
post,cavity,5.0,SwinPix2Pix-2D+3D-post-T2  vs  BEST(ResViT-2D+3D-refine-T2+FLAIR),ssim,7,0.6321869134092947,0.6715881489301819,1.0,0.03125
post,cavity,5.0,SwinPix2Pix-2D+3D-post-T2  vs  BEST(ResViT-2D+3D-refine-T2+FLAIR),psnr,7,12.673740038199883,13.062606803977143,0.0,0.015625
post,cavity,5.0,SwinPix2Pix-2D+3D-post-T2  vs  BEST(ResViT-2D+3D-refine-T2+FLAIR),lpips,7,0.20471250822062256,0.15140155970997574,0.0,0.015625
post,cavity,5.0,ResViT-3D-T2  vs  BEST(ResViT-2D+3D-refine-T2+FLAIR),ssim,7,0.6478183879244189,0.6715881489301819,5.0,0.15625
post,cavity,5.0,ResViT-3D-T2  vs  BEST(ResViT-2D+3D-refine-T2+FLAIR),psnr,7,12.650845596958977,13.062606803977143,11.0,0.6875
post,cavity,5.0,ResViT-3D-T2  vs  BEST(ResViT-2D+3D-refine-T2+FLAIR),lpips,7,0.12481377320348945,0.15140155970997574,2.0,0.046875
post,cavity,5.0,SynDiff-3D-T2  vs  BEST(ResViT-2D+3D-refine-T2+FLAIR),ssim,7,0.6267415312780598,0.6715881489301819,3.0,0.078125
post,cavity,5.0,SynDiff-3D-T2  vs  BEST(ResViT-2D+3D-refine-T2+FLAIR),psnr,7,12.637214534474412,13.062606803977143,12.0,0.8125
post,cavity,5.0,SynDiff-3D-T2  vs  BEST(ResViT-2D+3D-refine-T2+FLAIR),lpips,7,0.151299585997383,0.15140155970997574,13.0,0.9375
post,cavity,5.0,CUT-2D+3D-post-T2+FLAIR  vs  BEST(ResViT-2D+3D-refine-T2+FLAIR),ssim,7,0.6230090146657535,0.6715881489301819,1.0,0.03125
post,cavity,5.0,CUT-2D+3D-post-T2+FLAIR  vs  BEST(ResViT-2D+3D-refine-T2+FLAIR),psnr,7,12.389660171057162,13.062606803977143,4.0,0.109375
post,cavity,5.0,CUT-2D+3D-post-T2+FLAIR  vs  BEST(ResViT-2D+3D-refine-T2+FLAIR),lpips,7,0.211282239249644,0.15140155970997574,0.0,0.015625
post,cavity,5.0,CUT-2D+3D-post-T2  vs  BEST(ResViT-2D+3D-refine-T2+FLAIR),ssim,7,0.6238892854715969,0.6715881489301819,1.0,0.03125
post,cavity,5.0,CUT-2D+3D-post-T2  vs  BEST(ResViT-2D+3D-refine-T2+FLAIR),psnr,7,12.502691226426236,13.062606803977143,7.0,0.296875
post,cavity,5.0,CUT-2D+3D-post-T2  vs  BEST(ResViT-2D+3D-refine-T2+FLAIR),lpips,7,0.2236215650518076,0.15140155970997574,0.0,0.015625
post,cavity,5.0,SynDiff-2.5D-T2  vs  BEST(ResViT-2D+3D-refine-T2+FLAIR),ssim,7,0.6321444838234542,0.6715881489301819,1.0,0.03125
post,cavity,5.0,SynDiff-2.5D-T2  vs  BEST(ResViT-2D+3D-refine-T2+FLAIR),psnr,7,12.170961654976939,13.062606803977143,2.0,0.046875
post,cavity,5.0,SynDiff-2.5D-T2  vs  BEST(ResViT-2D+3D-refine-T2+FLAIR),lpips,7,0.14007817644454013,0.15140155970997574,6.0,0.21875
post,cavity,5.0,SwinPix2Pix-2D-T2+FLAIR  vs  BEST(ResViT-2D+3D-refine-T2+FLAIR),ssim,7,0.6065232184520132,0.6715881489301819,1.0,0.03125
post,cavity,5.0,SwinPix2Pix-2D-T2+FLAIR  vs  BEST(ResViT-2D+3D-refine-T2+FLAIR),psnr,7,12.034874364139167,13.062606803977143,0.0,0.015625
post,cavity,5.0,SwinPix2Pix-2D-T2+FLAIR  vs  BEST(ResViT-2D+3D-refine-T2+FLAIR),lpips,7,0.21118941251680398,0.15140155970997574,0.0,0.015625
post,cavity,5.0,CycleGAN-2D+3D-post-T2  vs  BEST(ResViT-2D+3D-refine-T2+FLAIR),ssim,7,0.6109023010193086,0.6715881489301819,1.0,0.03125
post,cavity,5.0,CycleGAN-2D+3D-post-T2  vs  BEST(ResViT-2D+3D-refine-T2+FLAIR),psnr,7,12.414402831654723,13.062606803977143,5.0,0.15625
post,cavity,5.0,CycleGAN-2D+3D-post-T2  vs  BEST(ResViT-2D+3D-refine-T2+FLAIR),lpips,7,0.20261095302439455,0.15140155970997574,0.0,0.015625
post,cavity,5.0,SwinPix2Pix-2.5D-T2  vs  BEST(ResViT-2D+3D-refine-T2+FLAIR),ssim,7,0.6042537923457886,0.6715881489301819,1.0,0.03125
post,cavity,5.0,SwinPix2Pix-2.5D-T2  vs  BEST(ResViT-2D+3D-refine-T2+FLAIR),psnr,7,12.07500909370014,13.062606803977143,0.0,0.015625
post,cavity,5.0,SwinPix2Pix-2.5D-T2  vs  BEST(ResViT-2D+3D-refine-T2+FLAIR),lpips,7,0.2137089134506527,0.15140155970997574,0.0,0.015625
post,cavity,5.0,CycleGAN-2D-T2+FLAIR  vs  BEST(ResViT-2D+3D-refine-T2+FLAIR),ssim,7,0.6013961505664787,0.6715881489301819,1.0,0.03125
post,cavity,5.0,CycleGAN-2D-T2+FLAIR  vs  BEST(ResViT-2D+3D-refine-T2+FLAIR),psnr,7,11.863402335781533,13.062606803977143,1.0,0.03125
post,cavity,5.0,CycleGAN-2D-T2+FLAIR  vs  BEST(ResViT-2D+3D-refine-T2+FLAIR),lpips,7,0.21577396295327295,0.15140155970997574,0.0,0.015625
post,cavity,5.0,SwinPix2Pix-3D-T2+FLAIR  vs  BEST(ResViT-2D+3D-refine-T2+FLAIR),ssim,7,0.6005435166208033,0.6715881489301819,1.0,0.03125
post,cavity,5.0,SwinPix2Pix-3D-T2+FLAIR  vs  BEST(ResViT-2D+3D-refine-T2+FLAIR),psnr,7,12.413872042392425,13.062606803977143,4.0,0.109375
post,cavity,5.0,SwinPix2Pix-3D-T2+FLAIR  vs  BEST(ResViT-2D+3D-refine-T2+FLAIR),lpips,7,0.1959629304039863,0.15140155970997574,0.0,0.015625
post,cavity,5.0,CycleGAN-2.5D-T2  vs  BEST(ResViT-2D+3D-refine-T2+FLAIR),ssim,7,0.5990984684351783,0.6715881489301819,1.0,0.03125
post,cavity,5.0,CycleGAN-2.5D-T2  vs  BEST(ResViT-2D+3D-refine-T2+FLAIR),psnr,7,11.973335949944925,13.062606803977143,0.0,0.015625
post,cavity,5.0,CycleGAN-2.5D-T2  vs  BEST(ResViT-2D+3D-refine-T2+FLAIR),lpips,7,0.2246933114480915,0.15140155970997574,0.0,0.015625
post,cavity,5.0,SwinPix2Pix-2D-T2  vs  BEST(ResViT-2D+3D-refine-T2+FLAIR),ssim,7,0.5981760269150511,0.6715881489301819,1.0,0.03125
post,cavity,5.0,SwinPix2Pix-2D-T2  vs  BEST(ResViT-2D+3D-refine-T2+FLAIR),psnr,7,12.094821297038383,13.062606803977143,0.0,0.015625
post,cavity,5.0,SwinPix2Pix-2D-T2  vs  BEST(ResViT-2D+3D-refine-T2+FLAIR),lpips,7,0.2179584154442252,0.15140155970997574,0.0,0.015625
post,cavity,5.0,CycleGAN-2.5D-T2+FLAIR  vs  BEST(ResViT-2D+3D-refine-T2+FLAIR),ssim,7,0.5985819348748213,0.6715881489301819,1.0,0.03125
post,cavity,5.0,CycleGAN-2.5D-T2+FLAIR  vs  BEST(ResViT-2D+3D-refine-T2+FLAIR),psnr,7,11.721517673056095,13.062606803977143,0.0,0.015625
post,cavity,5.0,CycleGAN-2.5D-T2+FLAIR  vs  BEST(ResViT-2D+3D-refine-T2+FLAIR),lpips,7,0.2176486037711983,0.15140155970997574,0.0,0.015625
post,cavity,5.0,SwinPix2Pix-2.5D-T2+FLAIR  vs  BEST(ResViT-2D+3D-refine-T2+FLAIR),ssim,7,0.5968303959450393,0.6715881489301819,0.0,0.015625
post,cavity,5.0,SwinPix2Pix-2.5D-T2+FLAIR  vs  BEST(ResViT-2D+3D-refine-T2+FLAIR),psnr,7,11.790370175301476,13.062606803977143,0.0,0.015625
post,cavity,5.0,SwinPix2Pix-2.5D-T2+FLAIR  vs  BEST(ResViT-2D+3D-refine-T2+FLAIR),lpips,7,0.21094917016303624,0.15140155970997574,0.0,0.015625
post,cavity,5.0,pix2pix-2.5D-T2  vs  BEST(ResViT-2D+3D-refine-T2+FLAIR),ssim,7,0.5892714775258902,0.6715881489301819,1.0,0.03125
post,cavity,5.0,pix2pix-2.5D-T2  vs  BEST(ResViT-2D+3D-refine-T2+FLAIR),psnr,7,11.957081762209794,13.062606803977143,1.0,0.03125
post,cavity,5.0,pix2pix-2.5D-T2  vs  BEST(ResViT-2D+3D-refine-T2+FLAIR),lpips,7,0.2389218367175103,0.15140155970997574,0.0,0.015625
post,cavity,5.0,CUT-2D-T2  vs  BEST(ResViT-2D+3D-refine-T2+FLAIR),ssim,7,0.5862592387326071,0.6715881489301819,1.0,0.03125
post,cavity,5.0,CUT-2D-T2  vs  BEST(ResViT-2D+3D-refine-T2+FLAIR),psnr,7,11.806791508112502,13.062606803977143,0.0,0.015625
post,cavity,5.0,CUT-2D-T2  vs  BEST(ResViT-2D+3D-refine-T2+FLAIR),lpips,7,0.2317538995386564,0.15140155970997574,0.0,0.015625
post,cavity,5.0,pix2pix-2D-T2  vs  BEST(ResViT-2D+3D-refine-T2+FLAIR),ssim,7,0.5820918676699058,0.6715881489301819,1.0,0.03125
post,cavity,5.0,pix2pix-2D-T2  vs  BEST(ResViT-2D+3D-refine-T2+FLAIR),psnr,7,11.933253770113586,13.062606803977143,1.0,0.03125
post,cavity,5.0,pix2pix-2D-T2  vs  BEST(ResViT-2D+3D-refine-T2+FLAIR),lpips,7,0.23889013501238257,0.15140155970997574,0.0,0.015625
post,cavity,5.0,CUT-2.5D-T2  vs  BEST(ResViT-2D+3D-refine-T2+FLAIR),ssim,7,0.5825333168489173,0.6715881489301819,1.0,0.03125
post,cavity,5.0,CUT-2.5D-T2  vs  BEST(ResViT-2D+3D-refine-T2+FLAIR),psnr,7,11.885180328575382,13.062606803977143,0.0,0.015625
post,cavity,5.0,CUT-2.5D-T2  vs  BEST(ResViT-2D+3D-refine-T2+FLAIR),lpips,7,0.23806771780442798,0.15140155970997574,0.0,0.015625
post,cavity,5.0,CUT-2.5D-T2+FLAIR  vs  BEST(ResViT-2D+3D-refine-T2+FLAIR),ssim,7,0.5886428355780166,0.6715881489301819,1.0,0.03125
post,cavity,5.0,CUT-2.5D-T2+FLAIR  vs  BEST(ResViT-2D+3D-refine-T2+FLAIR),psnr,7,12.008879469605956,13.062606803977143,1.0,0.03125
post,cavity,5.0,CUT-2.5D-T2+FLAIR  vs  BEST(ResViT-2D+3D-refine-T2+FLAIR),lpips,7,0.23361058791202569,0.15140155970997574,0.0,0.015625
post,cavity,5.0,pix2pix-2.5D-T2+FLAIR  vs  BEST(ResViT-2D+3D-refine-T2+FLAIR),ssim,7,0.5876425825826751,0.6715881489301819,1.0,0.03125
post,cavity,5.0,pix2pix-2.5D-T2+FLAIR  vs  BEST(ResViT-2D+3D-refine-T2+FLAIR),psnr,7,12.097081194715164,13.062606803977143,0.0,0.015625
post,cavity,5.0,pix2pix-2.5D-T2+FLAIR  vs  BEST(ResViT-2D+3D-refine-T2+FLAIR),lpips,7,0.2298277844092491,0.15140155970997574,0.0,0.015625
post,cavity,5.0,pix2pix-2D-T2+FLAIR  vs  BEST(ResViT-2D+3D-refine-T2+FLAIR),ssim,7,0.5841267855931453,0.6715881489301819,1.0,0.03125
post,cavity,5.0,pix2pix-2D-T2+FLAIR  vs  BEST(ResViT-2D+3D-refine-T2+FLAIR),psnr,7,11.815498993669609,13.062606803977143,1.0,0.03125
post,cavity,5.0,pix2pix-2D-T2+FLAIR  vs  BEST(ResViT-2D+3D-refine-T2+FLAIR),lpips,7,0.24084815585544472,0.15140155970997574,0.0,0.015625
post,cavity,5.0,SwinPix2Pix-3D-T2  vs  BEST(ResViT-2D+3D-refine-T2+FLAIR),ssim,7,0.5762379274184773,0.6715881489301819,1.0,0.03125
post,cavity,5.0,SwinPix2Pix-3D-T2  vs  BEST(ResViT-2D+3D-refine-T2+FLAIR),psnr,7,12.351465172686485,13.062606803977143,4.0,0.109375
post,cavity,5.0,SwinPix2Pix-3D-T2  vs  BEST(ResViT-2D+3D-refine-T2+FLAIR),lpips,7,0.18798381518381133,0.15140155970997574,0.0,0.015625
post,cavity,5.0,pix2pix-3D-T2+FLAIR  vs  BEST(ResViT-2D+3D-refine-T2+FLAIR),ssim,7,0.5832285896032998,0.6715881489301819,1.0,0.03125
post,cavity,5.0,pix2pix-3D-T2+FLAIR  vs  BEST(ResViT-2D+3D-refine-T2+FLAIR),psnr,7,12.39403336783801,13.062606803977143,4.0,0.109375
post,cavity,5.0,pix2pix-3D-T2+FLAIR  vs  BEST(ResViT-2D+3D-refine-T2+FLAIR),lpips,7,0.20091187311006792,0.15140155970997574,0.0,0.015625
post,cavity,5.0,CycleGAN-3D-T2  vs  BEST(ResViT-2D+3D-refine-T2+FLAIR),ssim,7,0.5809715712123525,0.6715881489301819,1.0,0.03125
post,cavity,5.0,CycleGAN-3D-T2  vs  BEST(ResViT-2D+3D-refine-T2+FLAIR),psnr,7,12.107219362947504,13.062606803977143,3.0,0.078125
post,cavity,5.0,CycleGAN-3D-T2  vs  BEST(ResViT-2D+3D-refine-T2+FLAIR),lpips,7,0.1770688997945762,0.15140155970997574,0.0,0.015625
post,cavity,5.0,CycleGAN-3D-T2+FLAIR  vs  BEST(ResViT-2D+3D-refine-T2+FLAIR),ssim,7,0.5771764437636749,0.6715881489301819,1.0,0.03125
post,cavity,5.0,CycleGAN-3D-T2+FLAIR  vs  BEST(ResViT-2D+3D-refine-T2+FLAIR),psnr,7,12.096339524935647,13.062606803977143,4.0,0.109375
post,cavity,5.0,CycleGAN-3D-T2+FLAIR  vs  BEST(ResViT-2D+3D-refine-T2+FLAIR),lpips,7,0.17446726789272526,0.15140155970997574,3.0,0.078125
post,cavity,5.0,pix2pix-3D-T2  vs  BEST(ResViT-2D+3D-refine-T2+FLAIR),ssim,7,0.5601906419175469,0.6715881489301819,1.0,0.03125
post,cavity,5.0,pix2pix-3D-T2  vs  BEST(ResViT-2D+3D-refine-T2+FLAIR),psnr,7,12.065732391690796,13.062606803977143,3.0,0.078125
post,cavity,5.0,pix2pix-3D-T2  vs  BEST(ResViT-2D+3D-refine-T2+FLAIR),lpips,7,0.1911727993897417,0.15140155970997574,0.0,0.015625
post,cavity,5.0,CUT-3D-T2  vs  BEST(ResViT-2D+3D-refine-T2+FLAIR),ssim,7,0.5693631658920479,0.6715881489301819,0.0,0.015625
post,cavity,5.0,CUT-3D-T2  vs  BEST(ResViT-2D+3D-refine-T2+FLAIR),psnr,7,12.42607040517832,13.062606803977143,8.0,0.375
post,cavity,5.0,CUT-3D-T2  vs  BEST(ResViT-2D+3D-refine-T2+FLAIR),lpips,7,0.16030054738820745,0.15140155970997574,13.0,0.9375
post,cavity,5.0,CUT-2D-T2+FLAIR  vs  BEST(ResViT-2D+3D-refine-T2+FLAIR),ssim,7,0.5690269287120023,0.6715881489301819,1.0,0.03125
post,cavity,5.0,CUT-2D-T2+FLAIR  vs  BEST(ResViT-2D+3D-refine-T2+FLAIR),psnr,7,11.633531091411523,13.062606803977143,0.0,0.015625
post,cavity,5.0,CUT-2D-T2+FLAIR  vs  BEST(ResViT-2D+3D-refine-T2+FLAIR),lpips,7,0.19373271976609735,0.15140155970997574,0.0,0.015625
post,cavity,5.0,CUT-3D-T2+FLAIR  vs  BEST(ResViT-2D+3D-refine-T2+FLAIR),ssim,7,0.5663968343165527,0.6715881489301819,1.0,0.03125
post,cavity,5.0,CUT-3D-T2+FLAIR  vs  BEST(ResViT-2D+3D-refine-T2+FLAIR),psnr,7,12.397242304404505,13.062606803977143,9.0,0.46875
post,cavity,5.0,CUT-3D-T2+FLAIR  vs  BEST(ResViT-2D+3D-refine-T2+FLAIR),lpips,7,0.1657323733997281,0.15140155970997574,10.0,0.578125
post,cavity,5.0,CycleGAN-2D-T2  vs  BEST(ResViT-2D+3D-refine-T2+FLAIR),ssim,7,0.5066091735042947,0.6715881489301819,0.0,0.015625
post,cavity,5.0,CycleGAN-2D-T2  vs  BEST(ResViT-2D+3D-refine-T2+FLAIR),psnr,7,10.359205108862303,13.062606803977143,0.0,0.015625
post,cavity,5.0,CycleGAN-2D-T2  vs  BEST(ResViT-2D+3D-refine-T2+FLAIR),lpips,7,0.20485078642029175,0.15140155970997574,1.0,0.03125
