modality,study,phase,class_id,class,gt_present,pred_present,dice,hd95_mm,nsd2mm,gt_vox,pred_vox,spacing,set
T2,ReMIND-003-post,postop,1,tumor,0,1,nan,nan,nan,0,23278,"0.9264,0.9265,1.9922",GAN-cut-2.5D-T2-from-dual
T2,ReMIND-003-post,postop,2,cavity,1,0,0.0,nan,nan,2099,0,"0.9264,0.9265,1.9922",GAN-cut-2.5D-T2-from-dual
T2,ReMIND-003-post,postop,lesion,lesion,1,1,0.15179099184300746,40.19608629752779,0.09509966777408638,2099,23278,"0.9264,0.9265,1.9922",GAN-cut-2.5D-T2-from-dual
T2,ReMIND-023-pre,preop,1,tumor,1,1,0.27474955047521193,47.967705230335184,0.1487688098495212,3895,15570,"0.6872,0.6822,2.1845",GAN-cut-2.5D-T2-from-dual
T2,ReMIND-023-pre,preop,2,cavity,0,0,nan,nan,nan,0,0,"0.6872,0.6822,2.1845",GAN-cut-2.5D-T2-from-dual
T2,ReMIND-023-pre,preop,lesion,lesion,1,1,0.27474955047521193,47.967705230335184,0.1487688098495212,3895,15570,"0.6872,0.6822,2.1845",GAN-cut-2.5D-T2-from-dual
T2,ReMIND-032-post,postop,1,tumor,1,1,0.14039874081846798,31.72894615534557,0.2502454868192462,13367,24753,"0.8594,0.8379,1.9501",GAN-cut-2.5D-T2-from-dual
T2,ReMIND-032-post,postop,2,cavity,1,1,0.0,54.75485283948797,0.0,6211,17,"0.8594,0.8379,1.9501",GAN-cut-2.5D-T2-from-dual
T2,ReMIND-032-post,postop,lesion,lesion,1,1,0.19157571931090467,17.817699434168336,0.25642358532600623,19578,24770,"0.8594,0.8379,1.9501",GAN-cut-2.5D-T2-from-dual
T2,ReMIND-032-pre,preop,1,tumor,1,1,0.16934053220208253,19.286853167918753,0.11794697484704283,32911,18949,"0.8208,0.8169,1.9763",GAN-cut-2.5D-T2-from-dual
T2,ReMIND-032-pre,preop,2,cavity,0,0,nan,nan,nan,0,0,"0.8208,0.8169,1.9763",GAN-cut-2.5D-T2-from-dual
T2,ReMIND-032-pre,preop,lesion,lesion,1,1,0.16934053220208253,19.286853167918753,0.11794697484704283,32911,18949,"0.8208,0.8169,1.9763",GAN-cut-2.5D-T2-from-dual
T2,ReMIND-045-pre,preop,1,tumor,1,1,0.7234881938740795,3.10401564294069,0.6435634880610432,123470,167523,"0.2608,0.2430,0.9600",GAN-cut-2.5D-T2-from-dual
T2,ReMIND-045-pre,preop,2,cavity,0,0,nan,nan,nan,0,0,"0.2608,0.2430,0.9600",GAN-cut-2.5D-T2-from-dual
T2,ReMIND-045-pre,preop,lesion,lesion,1,1,0.7234881938740795,3.10401564294069,0.6435634880610432,123470,167523,"0.2608,0.2430,0.9600",GAN-cut-2.5D-T2-from-dual
T2,ReMIND-056-post,postop,1,tumor,0,1,nan,nan,nan,0,28032,"0.8539,0.8523,1.9741",GAN-cut-2.5D-T2-from-dual
T2,ReMIND-056-post,postop,2,cavity,1,1,0.0,37.11764705548341,0.001422475106685633,17551,7,"0.8539,0.8523,1.9741",GAN-cut-2.5D-T2-from-dual
T2,ReMIND-056-post,postop,lesion,lesion,1,1,0.10195218249616143,17.94501851868717,0.13263438176069228,17551,28039,"0.8539,0.8523,1.9741",GAN-cut-2.5D-T2-from-dual
T2,ReMIND-056-pre,preop,1,tumor,1,1,0.702682370988797,6.502818011528868,0.3805690012842043,55846,79743,"0.7937,0.7936,1.2000",GAN-cut-2.5D-T2-from-dual
T2,ReMIND-056-pre,preop,2,cavity,0,0,nan,nan,nan,0,0,"0.7937,0.7936,1.2000",GAN-cut-2.5D-T2-from-dual
T2,ReMIND-056-pre,preop,lesion,lesion,1,1,0.702682370988797,6.502818011528868,0.3805690012842043,55846,79743,"0.7937,0.7936,1.2000",GAN-cut-2.5D-T2-from-dual
T2,ReMIND-077-post,postop,1,tumor,1,1,0.06612400763742338,23.01253791714524,0.1271559012512682,2094,37710,"0.8558,0.8268,1.9283",GAN-cut-2.5D-T2-from-dual
T2,ReMIND-077-post,postop,2,cavity,1,0,0.0,nan,nan,2767,0,"0.8558,0.8268,1.9283",GAN-cut-2.5D-T2-from-dual
T2,ReMIND-077-post,postop,lesion,lesion,1,1,0.15226327781823307,22.378612749193653,0.16696446297399245,4861,37710,"0.8558,0.8268,1.9283",GAN-cut-2.5D-T2-from-dual
T2,ReMIND-077-pre,preop,1,tumor,1,1,0.08810840547818281,26.8167386062754,0.11106796116504854,6841,62233,"0.9765,0.9644,0.9880",GAN-cut-2.5D-T2-from-dual
T2,ReMIND-077-pre,preop,2,cavity,1,0,0.0,nan,nan,5265,0,"0.9765,0.9644,0.9880",GAN-cut-2.5D-T2-from-dual
T2,ReMIND-077-pre,preop,lesion,lesion,1,1,0.14148697184519565,26.56143507434644,0.12805765870704716,12106,62233,"0.9765,0.9644,0.9880",GAN-cut-2.5D-T2-from-dual
T2,ReMIND-079-post,postop,1,tumor,1,1,0.0964255280979504,18.585034178997184,0.17879670063076178,7260,15037,"0.7990,0.7254,1.8280",GAN-cut-2.5D-T2-from-dual
T2,ReMIND-079-post,postop,2,cavity,0,1,nan,nan,nan,0,328,"0.7990,0.7254,1.8280",GAN-cut-2.5D-T2-from-dual
T2,ReMIND-079-post,postop,lesion,lesion,1,1,0.09502762430939227,18.550144379355956,0.17947156946304638,7260,15365,"0.7990,0.7254,1.8280",GAN-cut-2.5D-T2-from-dual
T2,ReMIND-079-pre,preop,1,tumor,1,1,0.17935171614574458,16.124168397038616,0.16884258096911875,14068,15271,"0.9526,0.9132,0.9551",GAN-cut-2.5D-T2-from-dual
T2,ReMIND-079-pre,preop,2,cavity,1,0,0.0,nan,nan,7069,0,"0.9526,0.9132,0.9551",GAN-cut-2.5D-T2-from-dual
T2,ReMIND-079-pre,preop,lesion,lesion,1,1,0.18226763348714567,21.30882833677966,0.1695953408976805,21137,15271,"0.9526,0.9132,0.9551",GAN-cut-2.5D-T2-from-dual
T2,ReMIND-087-pre,preop,1,tumor,1,1,0.09806080626414633,14.91624499148185,0.13135962184351288,11505,21189,"0.9766,0.9734,0.9968",GAN-cut-2.5D-T2-from-dual
T2,ReMIND-087-pre,preop,2,cavity,1,0,0.0,nan,nan,11681,0,"0.9766,0.9734,0.9968",GAN-cut-2.5D-T2-from-dual
T2,ReMIND-087-pre,preop,lesion,lesion,1,1,0.3087774647887324,11.887112424827794,0.17686935086277733,23186,21189,"0.9766,0.9734,0.9968",GAN-cut-2.5D-T2-from-dual
T2,ReMIND-091-pre,preop,1,tumor,1,1,0.436736101355062,13.982222948992911,0.16047355686138956,25347,52952,"0.9733,0.9707,0.9931",GAN-cut-2.5D-T2-from-dual
T2,ReMIND-091-pre,preop,2,cavity,0,0,nan,nan,nan,0,0,"0.9733,0.9707,0.9931",GAN-cut-2.5D-T2-from-dual
T2,ReMIND-091-pre,preop,lesion,lesion,1,1,0.436736101355062,13.982222948992911,0.16047355686138956,25347,52952,"0.9733,0.9707,0.9931",GAN-cut-2.5D-T2-from-dual
T2,ReMIND-096-post,postop,1,tumor,0,1,nan,nan,nan,0,32961,"0.8569,0.8553,1.9849",GAN-cut-2.5D-T2-from-dual
T2,ReMIND-096-post,postop,2,cavity,1,0,0.0,nan,nan,2166,0,"0.8569,0.8553,1.9849",GAN-cut-2.5D-T2-from-dual
T2,ReMIND-096-post,postop,lesion,lesion,1,1,0.12332393885045691,23.399881090019225,0.03421087799011092,2166,32961,"0.8569,0.8553,1.9849",GAN-cut-2.5D-T2-from-dual
T2,ReMIND-096-pre,preop,1,tumor,1,1,0.29454933299372793,16.230228044180258,0.036048158640226625,18774,106862,"0.9755,0.9626,0.9851",GAN-cut-2.5D-T2-from-dual
T2,ReMIND-096-pre,preop,2,cavity,0,0,nan,nan,nan,0,0,"0.9755,0.9626,0.9851",GAN-cut-2.5D-T2-from-dual
T2,ReMIND-096-pre,preop,lesion,lesion,1,1,0.29454933299372793,16.230228044180258,0.036048158640226625,18774,106862,"0.9755,0.9626,0.9851",GAN-cut-2.5D-T2-from-dual
T2,ReMIND-102-pre,preop,1,tumor,1,1,0.2759362642474994,0.19116056442836743,1.0,7693,26699,"0.0008,0.0174,0.0887",GAN-cut-2.5D-T2-from-dual
T2,ReMIND-102-pre,preop,2,cavity,0,0,nan,nan,nan,0,0,"0.0008,0.0174,0.0887",GAN-cut-2.5D-T2-from-dual
T2,ReMIND-102-pre,preop,lesion,lesion,1,1,0.2759362642474994,0.19116056442836743,1.0,7693,26699,"0.0008,0.0174,0.0887",GAN-cut-2.5D-T2-from-dual
T2,ReMIND-107-pre,preop,1,tumor,1,1,0.3559545309678105,10.931779660965226,0.20295744993389805,57631,130629,"0.2343,0.2312,4.9330",GAN-cut-2.5D-T2-from-dual
T2,ReMIND-107-pre,preop,2,cavity,0,1,nan,nan,nan,0,74183,"0.2343,0.2312,4.9330",GAN-cut-2.5D-T2-from-dual
T2,ReMIND-107-pre,preop,lesion,lesion,1,1,0.3998201514233567,10.892140439319519,0.2267651919898528,57631,204812,"0.2343,0.2312,4.9330",GAN-cut-2.5D-T2-from-dual
T2,ReMIND-109-post,postop,1,tumor,0,1,nan,nan,nan,0,30994,"0.8585,0.8371,1.9460",GAN-cut-2.5D-T2-from-dual
T2,ReMIND-109-post,postop,2,cavity,1,0,0.0,nan,nan,3408,0,"0.8585,0.8371,1.9460",GAN-cut-2.5D-T2-from-dual
T2,ReMIND-109-post,postop,lesion,lesion,1,1,0.10406371722574269,29.85543547110723,0.10803049806911576,3408,30994,"0.8585,0.8371,1.9460",GAN-cut-2.5D-T2-from-dual
T2,ReMIND-109-pre,preop,1,tumor,1,1,0.5588497891074782,7.8640422964235075,0.33773245350929815,10361,22120,"0.9755,0.9400,0.9620",GAN-cut-2.5D-T2-from-dual
T2,ReMIND-109-pre,preop,2,cavity,0,0,nan,nan,nan,0,0,"0.9755,0.9400,0.9620",GAN-cut-2.5D-T2-from-dual
T2,ReMIND-109-pre,preop,lesion,lesion,1,1,0.5588497891074782,7.8640422964235075,0.33773245350929815,10361,22120,"0.9755,0.9400,0.9620",GAN-cut-2.5D-T2-from-dual
T2,ReMIND-003-post,postop,1,tumor,0,1,nan,nan,nan,0,29112,"0.9264,0.9265,1.9922",GAN-cut-2.5D-T2-from-single
T2,ReMIND-003-post,postop,2,cavity,1,0,0.0,nan,nan,2099,0,"0.9264,0.9265,1.9922",GAN-cut-2.5D-T2-from-single
T2,ReMIND-003-post,postop,lesion,lesion,1,1,0.12892890327128256,41.17144378214622,0.0766935985083903,2099,29112,"0.9264,0.9265,1.9922",GAN-cut-2.5D-T2-from-single
T2,ReMIND-003-pre,preop,1,tumor,1,1,0.449438202247191,22.79285565108921,0.2211339495102773,10844,27159,"0.9757,0.9586,0.9825",GAN-cut-2.5D-T2-from-single
T2,ReMIND-003-pre,preop,2,cavity,0,0,nan,nan,nan,0,0,"0.9757,0.9586,0.9825",GAN-cut-2.5D-T2-from-single
T2,ReMIND-003-pre,preop,lesion,lesion,1,1,0.449438202247191,22.79285565108921,0.2211339495102773,10844,27159,"0.9757,0.9586,0.9825",GAN-cut-2.5D-T2-from-single
T2,ReMIND-004-pre,preop,1,tumor,1,1,0.0,50.83531507432547,0.0,2043,10031,"0.9761,0.9626,0.9802",GAN-cut-2.5D-T2-from-single
T2,ReMIND-004-pre,preop,2,cavity,0,0,nan,nan,nan,0,0,"0.9761,0.9626,0.9802",GAN-cut-2.5D-T2-from-single
T2,ReMIND-004-pre,preop,lesion,lesion,1,1,0.0,50.83531507432547,0.0,2043,10031,"0.9761,0.9626,0.9802",GAN-cut-2.5D-T2-from-single
T2,ReMIND-023-pre,preop,1,tumor,1,1,0.21960657852305707,56.51482819127666,0.18604351744560318,3895,20913,"0.6872,0.6822,2.1845",GAN-cut-2.5D-T2-from-single
T2,ReMIND-023-pre,preop,2,cavity,0,0,nan,nan,nan,0,0,"0.6872,0.6822,2.1845",GAN-cut-2.5D-T2-from-single
T2,ReMIND-023-pre,preop,lesion,lesion,1,1,0.21960657852305707,56.51482819127666,0.18604351744560318,3895,20913,"0.6872,0.6822,2.1845",GAN-cut-2.5D-T2-from-single
T2,ReMIND-031-post,postop,1,tumor,0,1,nan,nan,nan,0,116976,"0.0027,0.1312,0.0963",GAN-cut-2.5D-T2-from-single
T2,ReMIND-031-post,postop,2,cavity,1,0,0.0,nan,nan,32424,0,"0.0027,0.1312,0.0963",GAN-cut-2.5D-T2-from-single
T2,ReMIND-031-post,postop,lesion,lesion,1,1,0.12385542168674699,1.5543778610211771,0.9749340939539306,32424,116976,"0.0027,0.1312,0.0963",GAN-cut-2.5D-T2-from-single
T2,ReMIND-031-pre,preop,1,tumor,1,1,0.025845911019039162,20.902405771213978,0.0781664656212304,8344,1793,"0.9766,0.9754,0.9990",GAN-cut-2.5D-T2-from-single
T2,ReMIND-031-pre,preop,2,cavity,0,0,nan,nan,nan,0,0,"0.9766,0.9754,0.9990",GAN-cut-2.5D-T2-from-single
T2,ReMIND-031-pre,preop,lesion,lesion,1,1,0.025845911019039162,20.902405771213978,0.0781664656212304,8344,1793,"0.9766,0.9754,0.9990",GAN-cut-2.5D-T2-from-single
T2,ReMIND-032-post,postop,1,tumor,1,1,0.22785707952832698,14.314266306250925,0.2558872305140962,13367,20470,"0.8594,0.8379,1.9501",GAN-cut-2.5D-T2-from-single
T2,ReMIND-032-post,postop,2,cavity,1,0,0.0,nan,nan,6211,0,"0.8594,0.8379,1.9501",GAN-cut-2.5D-T2-from-single
T2,ReMIND-032-post,postop,lesion,lesion,1,1,0.33499800239712346,12.981646864224004,0.24647600423694288,19578,20470,"0.8594,0.8379,1.9501",GAN-cut-2.5D-T2-from-single
T2,ReMIND-032-pre,preop,1,tumor,1,1,0.30033706169402846,13.287328160582316,0.16686208412721676,32911,26722,"0.8208,0.8169,1.9763",GAN-cut-2.5D-T2-from-single
T2,ReMIND-032-pre,preop,2,cavity,0,0,nan,nan,nan,0,0,"0.8208,0.8169,1.9763",GAN-cut-2.5D-T2-from-single
T2,ReMIND-032-pre,preop,lesion,lesion,1,1,0.30033706169402846,13.287328160582316,0.16686208412721676,32911,26722,"0.8208,0.8169,1.9763",GAN-cut-2.5D-T2-from-single
T2,ReMIND-034-post,postop,1,tumor,1,1,0.0684652006347767,13.209347775945362,0.1534090909090909,516,8306,"0.8557,0.8490,1.9836",GAN-cut-2.5D-T2-from-single
T2,ReMIND-034-post,postop,2,cavity,1,1,0.0001550267421130145,30.62723699677177,0.0022499488647985274,12900,1,"0.8557,0.8490,1.9836",GAN-cut-2.5D-T2-from-single
T2,ReMIND-034-post,postop,lesion,lesion,1,1,0.27537632923629335,25.30798177498353,0.1829998539506353,13416,8307,"0.8557,0.8490,1.9836",GAN-cut-2.5D-T2-from-single
T2,ReMIND-034-pre,preop,1,tumor,1,1,0.45710690065021325,14.512885851426503,0.2975855281190043,206728,150847,"0.2679,0.2658,4.9631",GAN-cut-2.5D-T2-from-single
T2,ReMIND-034-pre,preop,2,cavity,1,0,0.0,nan,nan,20636,0,"0.2679,0.2658,4.9631",GAN-cut-2.5D-T2-from-single
T2,ReMIND-034-pre,preop,lesion,lesion,1,1,0.4595424247311686,14.218653276037054,0.30966426201564545,227364,150847,"0.2679,0.2658,4.9631",GAN-cut-2.5D-T2-from-single
T2,ReMIND-045-post,postop,1,tumor,1,1,0.04947799814532292,23.335168743239205,0.14728140645011062,3767,29662,"0.7296,0.7296,2.0000",GAN-cut-2.5D-T2-from-single
T2,ReMIND-045-post,postop,2,cavity,1,0,0.0,nan,nan,4649,0,"0.7296,0.7296,2.0000",GAN-cut-2.5D-T2-from-single
T2,ReMIND-045-post,postop,lesion,lesion,1,1,0.1549451126634802,22.130119735785915,0.24661861980452168,8416,29662,"0.7296,0.7296,2.0000",GAN-cut-2.5D-T2-from-single
T2,ReMIND-045-pre,preop,1,tumor,1,1,0.6341485784163864,3.4098338337781517,0.5752434588759826,123470,138210,"0.2608,0.2430,0.9600",GAN-cut-2.5D-T2-from-single
T2,ReMIND-045-pre,preop,2,cavity,0,0,nan,nan,nan,0,0,"0.2608,0.2430,0.9600",GAN-cut-2.5D-T2-from-single
T2,ReMIND-045-pre,preop,lesion,lesion,1,1,0.6341485784163864,3.4098338337781517,0.5752434588759826,123470,138210,"0.2608,0.2430,0.9600",GAN-cut-2.5D-T2-from-single
T2,ReMIND-056-post,postop,1,tumor,0,1,nan,nan,nan,0,47360,"0.8539,0.8523,1.9741",GAN-cut-2.5D-T2-from-single
T2,ReMIND-056-post,postop,2,cavity,1,0,0.0,nan,nan,17551,0,"0.8539,0.8523,1.9741",GAN-cut-2.5D-T2-from-single
T2,ReMIND-056-post,postop,lesion,lesion,1,1,0.22698772164964337,26.858028422057327,0.16646537842190015,17551,47360,"0.8539,0.8523,1.9741",GAN-cut-2.5D-T2-from-single
T2,ReMIND-056-pre,preop,1,tumor,1,1,0.6479585027537302,7.862763938612603,0.34297520661157027,55846,56547,"0.7937,0.7936,1.2000",GAN-cut-2.5D-T2-from-single
T2,ReMIND-056-pre,preop,2,cavity,0,0,nan,nan,nan,0,0,"0.7937,0.7936,1.2000",GAN-cut-2.5D-T2-from-single
T2,ReMIND-056-pre,preop,lesion,lesion,1,1,0.6479585027537302,7.862763938612603,0.34297520661157027,55846,56547,"0.7937,0.7936,1.2000",GAN-cut-2.5D-T2-from-single
T2,ReMIND-077-post,postop,1,tumor,1,1,0.08004302708175146,25.680528797849988,0.16131033627000868,2094,29514,"0.8558,0.8268,1.9283",GAN-cut-2.5D-T2-from-single
T2,ReMIND-077-post,postop,2,cavity,1,0,0.0,nan,nan,2767,0,"0.8558,0.8268,1.9283",GAN-cut-2.5D-T2-from-single
T2,ReMIND-077-post,postop,lesion,lesion,1,1,0.18007272727272727,25.339342885960182,0.20524724681494277,4861,29514,"0.8558,0.8268,1.9283",GAN-cut-2.5D-T2-from-single
T2,ReMIND-077-pre,preop,1,tumor,1,1,0.13255787817487075,26.193932622023883,0.21509470806483108,6841,28751,"0.9765,0.9644,0.9880",GAN-cut-2.5D-T2-from-single
T2,ReMIND-077-pre,preop,2,cavity,1,1,0.0,44.70480851802007,0.0,5265,41,"0.9765,0.9644,0.9880",GAN-cut-2.5D-T2-from-single
T2,ReMIND-077-pre,preop,lesion,lesion,1,1,0.15868746637977407,25.840040219319146,0.22806858387008982,12106,28792,"0.9765,0.9644,0.9880",GAN-cut-2.5D-T2-from-single
T2,ReMIND-079-post,postop,1,tumor,1,1,0.14071067435733106,16.575041246496788,0.18989005736137668,7260,20826,"0.7990,0.7254,1.8280",GAN-cut-2.5D-T2-from-single
T2,ReMIND-079-post,postop,2,cavity,0,0,nan,nan,nan,0,0,"0.7990,0.7254,1.8280",GAN-cut-2.5D-T2-from-single
T2,ReMIND-079-post,postop,lesion,lesion,1,1,0.14071067435733106,16.575041246496788,0.18989005736137668,7260,20826,"0.7990,0.7254,1.8280",GAN-cut-2.5D-T2-from-single
T2,ReMIND-079-pre,preop,1,tumor,1,1,0.007706120005985336,31.060616625990356,0.06544432548179871,14068,12664,"0.9526,0.9132,0.9551",GAN-cut-2.5D-T2-from-single
T2,ReMIND-079-pre,preop,2,cavity,1,0,0.0,nan,nan,7069,0,"0.9526,0.9132,0.9551",GAN-cut-2.5D-T2-from-single
T2,ReMIND-079-pre,preop,lesion,lesion,1,1,0.006094494245732375,31.29837380822425,0.05166402535657686,21137,12664,"0.9526,0.9132,0.9551",GAN-cut-2.5D-T2-from-single
T2,ReMIND-087-post,postop,1,tumor,0,1,nan,nan,nan,0,35698,"0.8587,0.8570,1.9930",GAN-cut-2.5D-T2-from-single
T2,ReMIND-087-post,postop,2,cavity,1,0,0.0,nan,nan,8781,0,"0.8587,0.8570,1.9930",GAN-cut-2.5D-T2-from-single
T2,ReMIND-087-post,postop,lesion,lesion,1,1,0.2338182063445671,18.15972062471443,0.10585520623017018,8781,35698,"0.8587,0.8570,1.9930",GAN-cut-2.5D-T2-from-single
T2,ReMIND-087-pre,preop,1,tumor,1,1,0.04118832144798695,18.046224316028727,0.11502347417840375,11505,19766,"0.9766,0.9734,0.9968",GAN-cut-2.5D-T2-from-single
T2,ReMIND-087-pre,preop,2,cavity,1,0,0.0,nan,nan,11681,0,"0.9766,0.9734,0.9968",GAN-cut-2.5D-T2-from-single
T2,ReMIND-087-pre,preop,lesion,lesion,1,1,0.30811138014527845,13.670816514602881,0.18498580796711364,23186,19766,"0.9766,0.9734,0.9968",GAN-cut-2.5D-T2-from-single
T2,ReMIND-091-post,postop,1,tumor,0,1,nan,nan,nan,0,21658,"0.8574,0.8545,1.9930",GAN-cut-2.5D-T2-from-single
T2,ReMIND-091-post,postop,2,cavity,1,0,0.0,nan,nan,7894,0,"0.8574,0.8545,1.9930",GAN-cut-2.5D-T2-from-single
T2,ReMIND-091-post,postop,lesion,lesion,1,1,0.13657282079047103,17.947870880321425,0.16718301778542743,7894,21658,"0.8574,0.8545,1.9930",GAN-cut-2.5D-T2-from-single
T2,ReMIND-091-pre,preop,1,tumor,1,1,0.4572435455450854,13.074955419878199,0.18292422625400215,25347,39918,"0.9733,0.9707,0.9931",GAN-cut-2.5D-T2-from-single
T2,ReMIND-091-pre,preop,2,cavity,0,0,nan,nan,nan,0,0,"0.9733,0.9707,0.9931",GAN-cut-2.5D-T2-from-single
T2,ReMIND-091-pre,preop,lesion,lesion,1,1,0.4572435455450854,13.074955419878199,0.18292422625400215,25347,39918,"0.9733,0.9707,0.9931",GAN-cut-2.5D-T2-from-single
T2,ReMIND-096-post,postop,1,tumor,0,1,nan,nan,nan,0,28080,"0.8569,0.8553,1.9849",GAN-cut-2.5D-T2-from-single
T2,ReMIND-096-post,postop,2,cavity,1,0,0.0,nan,nan,2166,0,"0.8569,0.8553,1.9849",GAN-cut-2.5D-T2-from-single
T2,ReMIND-096-post,postop,lesion,lesion,1,1,0.14058057263770415,36.031599086598,0.08542647828362114,2166,28080,"0.8569,0.8553,1.9849",GAN-cut-2.5D-T2-from-single
T2,ReMIND-096-pre,preop,1,tumor,1,1,0.3475345828855388,16.355528895027298,0.09631816063383564,18774,82649,"0.9755,0.9626,0.9851",GAN-cut-2.5D-T2-from-single
T2,ReMIND-096-pre,preop,2,cavity,0,0,nan,nan,nan,0,0,"0.9755,0.9626,0.9851",GAN-cut-2.5D-T2-from-single
T2,ReMIND-096-pre,preop,lesion,lesion,1,1,0.3475345828855388,16.355528895027298,0.09631816063383564,18774,82649,"0.9755,0.9626,0.9851",GAN-cut-2.5D-T2-from-single
T2,ReMIND-102-pre,preop,1,tumor,1,1,0.2583304035313879,0.3554459567668242,1.0,7693,43505,"0.0008,0.0174,0.0887",GAN-cut-2.5D-T2-from-single
T2,ReMIND-102-pre,preop,2,cavity,0,1,nan,nan,nan,0,346,"0.0008,0.0174,0.0887",GAN-cut-2.5D-T2-from-single
T2,ReMIND-102-pre,preop,lesion,lesion,1,1,0.25659630606860157,0.3479616028274822,1.0,7693,43851,"0.0008,0.0174,0.0887",GAN-cut-2.5D-T2-from-single
T2,ReMIND-107-post,postop,1,tumor,1,1,0.17460087082728593,21.98560451547053,0.08791985857395404,3621,37719,"0.8587,0.8481,1.9732",GAN-cut-2.5D-T2-from-single
T2,ReMIND-107-post,postop,2,cavity,1,0,0.0,nan,nan,879,0,"0.8587,0.8481,1.9732",GAN-cut-2.5D-T2-from-single
T2,ReMIND-107-post,postop,lesion,lesion,1,1,0.2054051493403444,19.88598424933724,0.14024868376834324,4500,37719,"0.8587,0.8481,1.9732",GAN-cut-2.5D-T2-from-single
T2,ReMIND-107-pre,preop,1,tumor,1,1,0.22787322458599515,18.159986418838486,0.2198988634331149,57631,55230,"0.2343,0.2312,4.9330",GAN-cut-2.5D-T2-from-single
T2,ReMIND-107-pre,preop,2,cavity,0,1,nan,nan,nan,0,160983,"0.2343,0.2312,4.9330",GAN-cut-2.5D-T2-from-single
T2,ReMIND-107-pre,preop,lesion,lesion,1,1,0.38303559690918915,11.278602226338336,0.2349168894682258,57631,216213,"0.2343,0.2312,4.9330",GAN-cut-2.5D-T2-from-single
T2,ReMIND-109-post,postop,1,tumor,0,1,nan,nan,nan,0,34031,"0.8585,0.8371,1.9460",GAN-cut-2.5D-T2-from-single
T2,ReMIND-109-post,postop,2,cavity,1,0,0.0,nan,nan,3408,0,"0.8585,0.8371,1.9460",GAN-cut-2.5D-T2-from-single
T2,ReMIND-109-post,postop,lesion,lesion,1,1,0.0878762787467614,38.30517087074042,0.10802801724137931,3408,34031,"0.8585,0.8371,1.9460",GAN-cut-2.5D-T2-from-single
T2,ReMIND-109-pre,preop,1,tumor,1,1,0.1784462487244332,29.566373904622647,0.1716867469879518,10361,12178,"0.9755,0.9400,0.9620",GAN-cut-2.5D-T2-from-single
T2,ReMIND-109-pre,preop,2,cavity,0,0,nan,nan,nan,0,0,"0.9755,0.9400,0.9620",GAN-cut-2.5D-T2-from-single
T2,ReMIND-109-pre,preop,lesion,lesion,1,1,0.1784462487244332,29.566373904622647,0.1716867469879518,10361,12178,"0.9755,0.9400,0.9620",GAN-cut-2.5D-T2-from-single
T2,ReMIND-003-post,postop,1,tumor,0,1,nan,nan,nan,0,21468,"0.9264,0.9265,1.9922",GAN-cut-2D+3D-post-T2-from-dual
T2,ReMIND-003-post,postop,2,cavity,1,0,0.0,nan,nan,2099,0,"0.9264,0.9265,1.9922",GAN-cut-2D+3D-post-T2-from-dual
T2,ReMIND-003-post,postop,lesion,lesion,1,1,0.16726778970594475,26.79648802190149,0.10166561910747958,2099,21468,"0.9264,0.9265,1.9922",GAN-cut-2D+3D-post-T2-from-dual
T2,ReMIND-023-pre,preop,1,tumor,1,1,0.36505733693667375,26.29208941892306,0.27800369685767096,3895,9796,"0.6872,0.6822,2.1845",GAN-cut-2D+3D-post-T2-from-dual
T2,ReMIND-023-pre,preop,2,cavity,0,0,nan,nan,nan,0,0,"0.6872,0.6822,2.1845",GAN-cut-2D+3D-post-T2-from-dual
T2,ReMIND-023-pre,preop,lesion,lesion,1,1,0.36505733693667375,26.29208941892306,0.27800369685767096,3895,9796,"0.6872,0.6822,2.1845",GAN-cut-2D+3D-post-T2-from-dual
T2,ReMIND-032-post,postop,1,tumor,1,1,0.16306534861341965,17.829721889621865,0.2370604842159295,13367,20926,"0.8594,0.8379,1.9501",GAN-cut-2D+3D-post-T2-from-dual
T2,ReMIND-032-post,postop,2,cavity,1,1,0.0,56.23521146854678,0.0,6211,247,"0.8594,0.8379,1.9501",GAN-cut-2D+3D-post-T2-from-dual
T2,ReMIND-032-post,postop,lesion,lesion,1,1,0.25059507742141296,17.303202623606687,0.208099173553719,19578,21173,"0.8594,0.8379,1.9501",GAN-cut-2D+3D-post-T2-from-dual
T2,ReMIND-032-pre,preop,1,tumor,1,1,0.26433419789194856,14.77786063994565,0.15799811439346323,32911,21452,"0.8208,0.8169,1.9763",GAN-cut-2D+3D-post-T2-from-dual
T2,ReMIND-032-pre,preop,2,cavity,0,0,nan,nan,nan,0,0,"0.8208,0.8169,1.9763",GAN-cut-2D+3D-post-T2-from-dual
T2,ReMIND-032-pre,preop,lesion,lesion,1,1,0.26433419789194856,14.77786063994565,0.15799811439346323,32911,21452,"0.8208,0.8169,1.9763",GAN-cut-2D+3D-post-T2-from-dual
T2,ReMIND-045-pre,preop,1,tumor,1,1,0.765442584470937,1.9377112784672312,0.7316944224160719,123470,135554,"0.2608,0.2430,0.9600",GAN-cut-2D+3D-post-T2-from-dual
T2,ReMIND-045-pre,preop,2,cavity,0,0,nan,nan,nan,0,0,"0.2608,0.2430,0.9600",GAN-cut-2D+3D-post-T2-from-dual
T2,ReMIND-045-pre,preop,lesion,lesion,1,1,0.765442584470937,1.9377112784672312,0.7316944224160719,123470,135554,"0.2608,0.2430,0.9600",GAN-cut-2D+3D-post-T2-from-dual
T2,ReMIND-056-post,postop,1,tumor,0,1,nan,nan,nan,0,26098,"0.8539,0.8523,1.9741",GAN-cut-2D+3D-post-T2-from-dual
T2,ReMIND-056-post,postop,2,cavity,1,0,0.0,nan,nan,17551,0,"0.8539,0.8523,1.9741",GAN-cut-2D+3D-post-T2-from-dual
T2,ReMIND-056-post,postop,lesion,lesion,1,1,0.03399848793786799,19.18766469246754,0.12028576175444426,17551,26098,"0.8539,0.8523,1.9741",GAN-cut-2D+3D-post-T2-from-dual
T2,ReMIND-056-pre,preop,1,tumor,1,1,0.7091036235238498,5.090715176304633,0.400991917707568,55846,45685,"0.7937,0.7936,1.2000",GAN-cut-2D+3D-post-T2-from-dual
T2,ReMIND-056-pre,preop,2,cavity,0,0,nan,nan,nan,0,0,"0.7937,0.7936,1.2000",GAN-cut-2D+3D-post-T2-from-dual
T2,ReMIND-056-pre,preop,lesion,lesion,1,1,0.7091036235238498,5.090715176304633,0.400991917707568,55846,45685,"0.7937,0.7936,1.2000",GAN-cut-2D+3D-post-T2-from-dual
T2,ReMIND-077-post,postop,1,tumor,1,1,0.06295539130890601,23.108488058713647,0.12140820355341084,2094,36060,"0.8558,0.8268,1.9283",GAN-cut-2D+3D-post-T2-from-dual
T2,ReMIND-077-post,postop,2,cavity,1,0,0.0,nan,nan,2767,0,"0.8558,0.8268,1.9283",GAN-cut-2D+3D-post-T2-from-dual
T2,ReMIND-077-post,postop,lesion,lesion,1,1,0.16465873268004202,22.644997424959595,0.16645673868811162,4861,36060,"0.8558,0.8268,1.9283",GAN-cut-2D+3D-post-T2-from-dual
T2,ReMIND-077-pre,preop,1,tumor,1,1,0.03916093928980527,31.20161680281908,0.09922157658151519,6841,21095,"0.9765,0.9644,0.9880",GAN-cut-2D+3D-post-T2-from-dual
T2,ReMIND-077-pre,preop,2,cavity,1,1,0.0,37.20552932931949,0.0,5265,22,"0.9765,0.9644,0.9880",GAN-cut-2D+3D-post-T2-from-dual
T2,ReMIND-077-pre,preop,lesion,lesion,1,1,0.060500255846853083,30.826144629273237,0.12086374087773667,12106,21117,"0.9765,0.9644,0.9880",GAN-cut-2D+3D-post-T2-from-dual
T2,ReMIND-079-post,postop,1,tumor,1,1,0.04797105195140863,22.224644737894664,0.13042846768336963,7260,12085,"0.7990,0.7254,1.8280",GAN-cut-2D+3D-post-T2-from-dual
T2,ReMIND-079-post,postop,2,cavity,0,0,nan,nan,nan,0,0,"0.7990,0.7254,1.8280",GAN-cut-2D+3D-post-T2-from-dual
T2,ReMIND-079-post,postop,lesion,lesion,1,1,0.04797105195140863,22.224644737894664,0.13042846768336963,7260,12085,"0.7990,0.7254,1.8280",GAN-cut-2D+3D-post-T2-from-dual
T2,ReMIND-079-pre,preop,1,tumor,1,1,0.012524968957512282,21.142650218706702,0.03885188709165874,14068,4455,"0.9526,0.9132,0.9551",GAN-cut-2D+3D-post-T2-from-dual
T2,ReMIND-079-pre,preop,2,cavity,1,0,0.0,nan,nan,7069,0,"0.9526,0.9132,0.9551",GAN-cut-2D+3D-post-T2-from-dual
T2,ReMIND-079-pre,preop,lesion,lesion,1,1,0.009065332916536417,22.875677373360173,0.029521629111941197,21137,4455,"0.9526,0.9132,0.9551",GAN-cut-2D+3D-post-T2-from-dual
T2,ReMIND-087-pre,preop,1,tumor,1,1,0.10010159564931573,17.33581986621694,0.14262621238497886,11505,21961,"0.9766,0.9734,0.9968",GAN-cut-2D+3D-post-T2-from-dual
T2,ReMIND-087-pre,preop,2,cavity,1,0,0.0,nan,nan,11681,0,"0.9766,0.9734,0.9968",GAN-cut-2D+3D-post-T2-from-dual
T2,ReMIND-087-pre,preop,lesion,lesion,1,1,0.3400890424612931,11.931935433043671,0.17732826778930075,23186,21961,"0.9766,0.9734,0.9968",GAN-cut-2D+3D-post-T2-from-dual
T2,ReMIND-091-pre,preop,1,tumor,1,1,0.43713418858548936,13.875723364069968,0.17930016497351742,25347,58371,"0.9733,0.9707,0.9931",GAN-cut-2D+3D-post-T2-from-dual
T2,ReMIND-091-pre,preop,2,cavity,0,0,nan,nan,nan,0,0,"0.9733,0.9707,0.9931",GAN-cut-2D+3D-post-T2-from-dual
T2,ReMIND-091-pre,preop,lesion,lesion,1,1,0.43713418858548936,13.875723364069968,0.17930016497351742,25347,58371,"0.9733,0.9707,0.9931",GAN-cut-2D+3D-post-T2-from-dual
T2,ReMIND-096-post,postop,1,tumor,0,1,nan,nan,nan,0,27755,"0.8569,0.8553,1.9849",GAN-cut-2D+3D-post-T2-from-dual
T2,ReMIND-096-post,postop,2,cavity,1,1,0.0,25.281627734125912,0.0,2166,52,"0.8569,0.8553,1.9849",GAN-cut-2D+3D-post-T2-from-dual
T2,ReMIND-096-post,postop,lesion,lesion,1,1,0.12371134020618557,19.89011620374116,0.09599096555618294,2166,27807,"0.8569,0.8553,1.9849",GAN-cut-2D+3D-post-T2-from-dual
T2,ReMIND-096-pre,preop,1,tumor,1,1,0.3245846849503588,15.385780637365173,0.04520330127962444,18774,93129,"0.9755,0.9626,0.9851",GAN-cut-2D+3D-post-T2-from-dual
T2,ReMIND-096-pre,preop,2,cavity,0,0,nan,nan,nan,0,0,"0.9755,0.9626,0.9851",GAN-cut-2D+3D-post-T2-from-dual
T2,ReMIND-096-pre,preop,lesion,lesion,1,1,0.3245846849503588,15.385780637365173,0.04520330127962444,18774,93129,"0.9755,0.9626,0.9851",GAN-cut-2D+3D-post-T2-from-dual
T2,ReMIND-102-pre,preop,1,tumor,1,1,0.26066367974356175,0.20914218511239901,1.0,7693,19760,"0.0008,0.0174,0.0887",GAN-cut-2D+3D-post-T2-from-dual
T2,ReMIND-102-pre,preop,2,cavity,0,1,nan,nan,nan,0,3215,"0.0008,0.0174,0.0887",GAN-cut-2D+3D-post-T2-from-dual
T2,ReMIND-102-pre,preop,lesion,lesion,1,1,0.26718403547671843,0.2085874445579966,1.0,7693,22975,"0.0008,0.0174,0.0887",GAN-cut-2D+3D-post-T2-from-dual
T2,ReMIND-107-pre,preop,1,tumor,1,1,0.3971431313862881,9.711022635330073,0.19828413203680287,57631,171571,"0.2343,0.2312,4.9330",GAN-cut-2D+3D-post-T2-from-dual
T2,ReMIND-107-pre,preop,2,cavity,0,1,nan,nan,nan,0,60304,"0.2343,0.2312,4.9330",GAN-cut-2D+3D-post-T2-from-dual
T2,ReMIND-107-pre,preop,lesion,lesion,1,1,0.37236533957845436,11.21781617489793,0.1823674788802541,57631,231875,"0.2343,0.2312,4.9330",GAN-cut-2D+3D-post-T2-from-dual
T2,ReMIND-109-post,postop,1,tumor,0,1,nan,nan,nan,0,23301,"0.8585,0.8371,1.9460",GAN-cut-2D+3D-post-T2-from-dual
T2,ReMIND-109-post,postop,2,cavity,1,0,0.0,nan,nan,3408,0,"0.8585,0.8371,1.9460",GAN-cut-2D+3D-post-T2-from-dual
T2,ReMIND-109-post,postop,lesion,lesion,1,1,0.1253510052791194,42.09478553949706,0.12320627802690583,3408,23301,"0.8585,0.8371,1.9460",GAN-cut-2D+3D-post-T2-from-dual
T2,ReMIND-109-pre,preop,1,tumor,1,1,0.5844958831753923,6.590685720726521,0.3772748852666561,10361,21824,"0.9755,0.9400,0.9620",GAN-cut-2D+3D-post-T2-from-dual
T2,ReMIND-109-pre,preop,2,cavity,0,0,nan,nan,nan,0,0,"0.9755,0.9400,0.9620",GAN-cut-2D+3D-post-T2-from-dual
T2,ReMIND-109-pre,preop,lesion,lesion,1,1,0.5844958831753923,6.590685720726521,0.3772748852666561,10361,21824,"0.9755,0.9400,0.9620",GAN-cut-2D+3D-post-T2-from-dual
T2,ReMIND-003-post,postop,1,tumor,0,1,nan,nan,nan,0,25942,"0.9264,0.9265,1.9922",GAN-cut-2D+3D-post-T2-from-single
T2,ReMIND-003-post,postop,2,cavity,1,1,0.0,21.74952596819541,0.0,2099,32,"0.9264,0.9265,1.9922",GAN-cut-2D+3D-post-T2-from-single
T2,ReMIND-003-post,postop,lesion,lesion,1,1,0.1449791614718769,29.055973355178555,0.05240478176257993,2099,25974,"0.9264,0.9265,1.9922",GAN-cut-2D+3D-post-T2-from-single
T2,ReMIND-003-pre,preop,1,tumor,1,1,0.4310015379596402,25.548733212069497,0.19737005334325766,10844,32070,"0.9757,0.9586,0.9825",GAN-cut-2D+3D-post-T2-from-single
T2,ReMIND-003-pre,preop,2,cavity,0,0,nan,nan,nan,0,0,"0.9757,0.9586,0.9825",GAN-cut-2D+3D-post-T2-from-single
T2,ReMIND-003-pre,preop,lesion,lesion,1,1,0.4310015379596402,25.548733212069497,0.19737005334325766,10844,32070,"0.9757,0.9586,0.9825",GAN-cut-2D+3D-post-T2-from-single
T2,ReMIND-004-pre,preop,1,tumor,1,1,0.06912213469590518,43.0274805547684,0.14954422271495443,2043,12048,"0.9761,0.9626,0.9802",GAN-cut-2D+3D-post-T2-from-single
T2,ReMIND-004-pre,preop,2,cavity,0,0,nan,nan,nan,0,0,"0.9761,0.9626,0.9802",GAN-cut-2D+3D-post-T2-from-single
T2,ReMIND-004-pre,preop,lesion,lesion,1,1,0.06912213469590518,43.0274805547684,0.14954422271495443,2043,12048,"0.9761,0.9626,0.9802",GAN-cut-2D+3D-post-T2-from-single
T2,ReMIND-023-pre,preop,1,tumor,1,1,0.3007376584074144,17.474402048168624,0.19576793721973093,3895,17253,"0.6872,0.6822,2.1845",GAN-cut-2D+3D-post-T2-from-single
T2,ReMIND-023-pre,preop,2,cavity,0,0,nan,nan,nan,0,0,"0.6872,0.6822,2.1845",GAN-cut-2D+3D-post-T2-from-single
T2,ReMIND-023-pre,preop,lesion,lesion,1,1,0.3007376584074144,17.474402048168624,0.19576793721973093,3895,17253,"0.6872,0.6822,2.1845",GAN-cut-2D+3D-post-T2-from-single
T2,ReMIND-031-post,postop,1,tumor,0,1,nan,nan,nan,0,121567,"0.0027,0.1312,0.0963",GAN-cut-2D+3D-post-T2-from-single
T2,ReMIND-031-post,postop,2,cavity,1,0,0.0,nan,nan,32424,0,"0.0027,0.1312,0.0963",GAN-cut-2D+3D-post-T2-from-single
T2,ReMIND-031-post,postop,lesion,lesion,1,1,0.10552564760278198,1.4911310102480178,0.9804657179818888,32424,121567,"0.0027,0.1312,0.0963",GAN-cut-2D+3D-post-T2-from-single
T2,ReMIND-031-pre,preop,1,tumor,1,1,0.2824446680080483,18.846211186415914,0.2444642151047845,8344,31416,"0.9766,0.9754,0.9990",GAN-cut-2D+3D-post-T2-from-single
T2,ReMIND-031-pre,preop,2,cavity,0,0,nan,nan,nan,0,0,"0.9766,0.9754,0.9990",GAN-cut-2D+3D-post-T2-from-single
T2,ReMIND-031-pre,preop,lesion,lesion,1,1,0.2824446680080483,18.846211186415914,0.2444642151047845,8344,31416,"0.9766,0.9754,0.9990",GAN-cut-2D+3D-post-T2-from-single
T2,ReMIND-032-post,postop,1,tumor,1,1,0.3112921517346726,20.78299774920387,0.24841954022988505,13367,29840,"0.8594,0.8379,1.9501",GAN-cut-2D+3D-post-T2-from-single
T2,ReMIND-032-post,postop,2,cavity,1,0,0.0,nan,nan,6211,0,"0.8594,0.8379,1.9501",GAN-cut-2D+3D-post-T2-from-single
T2,ReMIND-032-post,postop,lesion,lesion,1,1,0.4536403739528107,12.291185967556661,0.29993631925281256,19578,29840,"0.8594,0.8379,1.9501",GAN-cut-2D+3D-post-T2-from-single
T2,ReMIND-032-pre,preop,1,tumor,1,1,0.34467096950449067,12.821123970868948,0.22528920779030603,32911,25655,"0.8208,0.8169,1.9763",GAN-cut-2D+3D-post-T2-from-single
T2,ReMIND-032-pre,preop,2,cavity,0,0,nan,nan,nan,0,0,"0.8208,0.8169,1.9763",GAN-cut-2D+3D-post-T2-from-single
T2,ReMIND-032-pre,preop,lesion,lesion,1,1,0.34467096950449067,12.821123970868948,0.22528920779030603,32911,25655,"0.8208,0.8169,1.9763",GAN-cut-2D+3D-post-T2-from-single
T2,ReMIND-034-post,postop,1,tumor,1,1,0.061857132723274456,32.433290959163294,0.05269544115097937,516,13581,"0.8557,0.8490,1.9836",GAN-cut-2D+3D-post-T2-from-single
T2,ReMIND-034-post,postop,2,cavity,1,1,0.22112274024738343,15.539333992036504,0.19546108358638326,12900,2865,"0.8557,0.8490,1.9836",GAN-cut-2D+3D-post-T2-from-single
T2,ReMIND-034-post,postop,lesion,lesion,1,1,0.4325899136025718,16.206364065550186,0.21899595830674323,13416,16446,"0.8557,0.8490,1.9836",GAN-cut-2D+3D-post-T2-from-single
T2,ReMIND-034-pre,preop,1,tumor,1,1,0.5281231981303929,13.124853551387787,0.3085098513056987,206728,185226,"0.2679,0.2658,4.9631",GAN-cut-2D+3D-post-T2-from-single
T2,ReMIND-034-pre,preop,2,cavity,1,1,0.17703096057157977,14.889244079589844,0.19097956307258632,20636,2038,"0.2679,0.2658,4.9631",GAN-cut-2D+3D-post-T2-from-single
T2,ReMIND-034-pre,preop,lesion,lesion,1,1,0.529120078721167,12.441877637204321,0.29674474358120584,227364,187264,"0.2679,0.2658,4.9631",GAN-cut-2D+3D-post-T2-from-single
T2,ReMIND-045-post,postop,1,tumor,1,1,0.09403988224184857,24.008259021584866,0.13832756503293514,3767,32239,"0.7296,0.7296,2.0000",GAN-cut-2D+3D-post-T2-from-single
T2,ReMIND-045-post,postop,2,cavity,1,0,0.0,nan,nan,4649,0,"0.7296,0.7296,2.0000",GAN-cut-2D+3D-post-T2-from-single
T2,ReMIND-045-post,postop,lesion,lesion,1,1,0.17326282130119297,22.886875157048824,0.20758311898637705,8416,32239,"0.7296,0.7296,2.0000",GAN-cut-2D+3D-post-T2-from-single
T2,ReMIND-045-pre,preop,1,tumor,1,1,0.6442372133593326,5.600191233814442,0.59082071782773,123470,173461,"0.2608,0.2430,0.9600",GAN-cut-2D+3D-post-T2-from-single
T2,ReMIND-045-pre,preop,2,cavity,0,0,nan,nan,nan,0,0,"0.2608,0.2430,0.9600",GAN-cut-2D+3D-post-T2-from-single
T2,ReMIND-045-pre,preop,lesion,lesion,1,1,0.6442372133593326,5.600191233814442,0.59082071782773,123470,173461,"0.2608,0.2430,0.9600",GAN-cut-2D+3D-post-T2-from-single
T2,ReMIND-056-post,postop,1,tumor,0,1,nan,nan,nan,0,44345,"0.8539,0.8523,1.9741",GAN-cut-2D+3D-post-T2-from-single
T2,ReMIND-056-post,postop,2,cavity,1,0,0.0,nan,nan,17551,0,"0.8539,0.8523,1.9741",GAN-cut-2D+3D-post-T2-from-single
T2,ReMIND-056-post,postop,lesion,lesion,1,1,0.04236138037999224,25.615509152412415,0.12737835875090778,17551,44345,"0.8539,0.8523,1.9741",GAN-cut-2D+3D-post-T2-from-single
T2,ReMIND-056-pre,preop,1,tumor,1,1,0.6073528236208914,13.308283968710505,0.3196342857142857,55846,81761,"0.7937,0.7936,1.2000",GAN-cut-2D+3D-post-T2-from-single
T2,ReMIND-056-pre,preop,2,cavity,0,0,nan,nan,nan,0,0,"0.7937,0.7936,1.2000",GAN-cut-2D+3D-post-T2-from-single
T2,ReMIND-056-pre,preop,lesion,lesion,1,1,0.6073528236208914,13.308283968710505,0.3196342857142857,55846,81761,"0.7937,0.7936,1.2000",GAN-cut-2D+3D-post-T2-from-single
T2,ReMIND-077-post,postop,1,tumor,1,1,0.079582769943983,26.01856355456215,0.1556430112987178,2094,28968,"0.8558,0.8268,1.9283",GAN-cut-2D+3D-post-T2-from-single
T2,ReMIND-077-post,postop,2,cavity,1,0,0.0,nan,nan,2767,0,"0.8558,0.8268,1.9283",GAN-cut-2D+3D-post-T2-from-single
T2,ReMIND-077-post,postop,lesion,lesion,1,1,0.1979366815454196,25.551935680110017,0.21740088105726874,4861,28968,"0.8558,0.8268,1.9283",GAN-cut-2D+3D-post-T2-from-single
T2,ReMIND-077-pre,preop,1,tumor,1,1,0.15272220473856943,24.95305449501095,0.1934477379095164,6841,37645,"0.9765,0.9644,0.9880",GAN-cut-2D+3D-post-T2-from-single
T2,ReMIND-077-pre,preop,2,cavity,1,0,0.0,nan,nan,5265,0,"0.9765,0.9644,0.9880",GAN-cut-2D+3D-post-T2-from-single
T2,ReMIND-077-pre,preop,lesion,lesion,1,1,0.19637796225201504,24.61573063953307,0.19909848613709816,12106,37645,"0.9765,0.9644,0.9880",GAN-cut-2D+3D-post-T2-from-single
T2,ReMIND-079-post,postop,1,tumor,1,1,0.12583434466019416,16.521308843872173,0.17323860272350503,7260,19108,"0.7990,0.7254,1.8280",GAN-cut-2D+3D-post-T2-from-single
T2,ReMIND-079-post,postop,2,cavity,0,0,nan,nan,nan,0,0,"0.7990,0.7254,1.8280",GAN-cut-2D+3D-post-T2-from-single
T2,ReMIND-079-post,postop,lesion,lesion,1,1,0.12583434466019416,16.521308843872173,0.17323860272350503,7260,19108,"0.7990,0.7254,1.8280",GAN-cut-2D+3D-post-T2-from-single
T2,ReMIND-079-pre,preop,1,tumor,1,1,0.2881338065286904,15.272178218691208,0.20956013827631423,14068,14391,"0.9526,0.9132,0.9551",GAN-cut-2D+3D-post-T2-from-single
T2,ReMIND-079-pre,preop,2,cavity,1,0,0.0,nan,nan,7069,0,"0.9526,0.9132,0.9551",GAN-cut-2D+3D-post-T2-from-single
T2,ReMIND-079-pre,preop,lesion,lesion,1,1,0.30133978833596037,18.622979330478753,0.2233673665960316,21137,14391,"0.9526,0.9132,0.9551",GAN-cut-2D+3D-post-T2-from-single
T2,ReMIND-087-post,postop,1,tumor,0,1,nan,nan,nan,0,37181,"0.8587,0.8570,1.9930",GAN-cut-2D+3D-post-T2-from-single
T2,ReMIND-087-post,postop,2,cavity,1,0,0.0,nan,nan,8781,0,"0.8587,0.8570,1.9930",GAN-cut-2D+3D-post-T2-from-single
T2,ReMIND-087-post,postop,lesion,lesion,1,1,0.2331491231887211,17.244317816029834,0.12673035679469682,8781,37181,"0.8587,0.8570,1.9930",GAN-cut-2D+3D-post-T2-from-single
T2,ReMIND-087-pre,preop,1,tumor,1,1,0.05534450008634088,16.71177014169731,0.11273080660835763,11505,11659,"0.9766,0.9734,0.9968",GAN-cut-2D+3D-post-T2-from-single
T2,ReMIND-087-pre,preop,2,cavity,1,1,0.0,26.65084788646361,0.0,11681,49,"0.9766,0.9734,0.9968",GAN-cut-2D+3D-post-T2-from-single
T2,ReMIND-087-pre,preop,lesion,lesion,1,1,0.2119562102367169,14.680744597340574,0.17020800715723552,23186,11708,"0.9766,0.9734,0.9968",GAN-cut-2D+3D-post-T2-from-single
T2,ReMIND-091-post,postop,1,tumor,0,1,nan,nan,nan,0,29792,"0.8574,0.8545,1.9930",GAN-cut-2D+3D-post-T2-from-single
T2,ReMIND-091-post,postop,2,cavity,1,0,0.0,nan,nan,7894,0,"0.8574,0.8545,1.9930",GAN-cut-2D+3D-post-T2-from-single
T2,ReMIND-091-post,postop,lesion,lesion,1,1,0.2063365706097755,16.671658703270992,0.1185893870285905,7894,29792,"0.8574,0.8545,1.9930",GAN-cut-2D+3D-post-T2-from-single
T2,ReMIND-091-pre,preop,1,tumor,1,1,0.5085249603407126,13.226150728299997,0.2496199452721192,25347,44624,"0.9733,0.9707,0.9931",GAN-cut-2D+3D-post-T2-from-single
T2,ReMIND-091-pre,preop,2,cavity,0,0,nan,nan,nan,0,0,"0.9733,0.9707,0.9931",GAN-cut-2D+3D-post-T2-from-single
T2,ReMIND-091-pre,preop,lesion,lesion,1,1,0.5085249603407126,13.226150728299997,0.2496199452721192,25347,44624,"0.9733,0.9707,0.9931",GAN-cut-2D+3D-post-T2-from-single
T2,ReMIND-096-post,postop,1,tumor,0,1,nan,nan,nan,0,25149,"0.8569,0.8553,1.9849",GAN-cut-2D+3D-post-T2-from-single
T2,ReMIND-096-post,postop,2,cavity,1,0,0.0,nan,nan,2166,0,"0.8569,0.8553,1.9849",GAN-cut-2D+3D-post-T2-from-single
T2,ReMIND-096-post,postop,lesion,lesion,1,1,0.14248581365550064,22.88119657422697,0.09593791281373844,2166,25149,"0.8569,0.8553,1.9849",GAN-cut-2D+3D-post-T2-from-single
T2,ReMIND-096-pre,preop,1,tumor,1,1,0.33308360535844883,14.337669951123475,0.04184693420856333,18774,93348,"0.9755,0.9626,0.9851",GAN-cut-2D+3D-post-T2-from-single
T2,ReMIND-096-pre,preop,2,cavity,0,0,nan,nan,nan,0,0,"0.9755,0.9626,0.9851",GAN-cut-2D+3D-post-T2-from-single
T2,ReMIND-096-pre,preop,lesion,lesion,1,1,0.33308360535844883,14.337669951123475,0.04184693420856333,18774,93348,"0.9755,0.9626,0.9851",GAN-cut-2D+3D-post-T2-from-single
T2,ReMIND-102-pre,preop,1,tumor,1,1,0.23870137783946646,0.2721139071747764,1.0,7693,51385,"0.0008,0.0174,0.0887",GAN-cut-2D+3D-post-T2-from-single
T2,ReMIND-102-pre,preop,2,cavity,0,0,nan,nan,nan,0,0,"0.0008,0.0174,0.0887",GAN-cut-2D+3D-post-T2-from-single
T2,ReMIND-102-pre,preop,lesion,lesion,1,1,0.23870137783946646,0.2721139071747764,1.0,7693,51385,"0.0008,0.0174,0.0887",GAN-cut-2D+3D-post-T2-from-single
T2,ReMIND-107-post,postop,1,tumor,1,1,0.18306724190046988,23.34212437127523,0.1571867794004612,3621,32770,"0.8587,0.8481,1.9732",GAN-cut-2D+3D-post-T2-from-single
T2,ReMIND-107-post,postop,2,cavity,1,0,0.0,nan,nan,879,0,"0.8587,0.8481,1.9732",GAN-cut-2D+3D-post-T2-from-single
T2,ReMIND-107-post,postop,lesion,lesion,1,1,0.21314730346122887,20.793863788458427,0.21326382153249274,4500,32770,"0.8587,0.8481,1.9732",GAN-cut-2D+3D-post-T2-from-single
T2,ReMIND-107-pre,preop,1,tumor,1,1,0.17601802261327892,15.176024730811834,0.24586071382553795,57631,36473,"0.2343,0.2312,4.9330",GAN-cut-2D+3D-post-T2-from-single
T2,ReMIND-107-pre,preop,2,cavity,0,1,nan,nan,nan,0,203953,"0.2343,0.2312,4.9330",GAN-cut-2D+3D-post-T2-from-single
T2,ReMIND-107-pre,preop,lesion,lesion,1,1,0.3639303891537525,12.968764363261455,0.22149644784417755,57631,240426,"0.2343,0.2312,4.9330",GAN-cut-2D+3D-post-T2-from-single
T2,ReMIND-109-post,postop,1,tumor,0,1,nan,nan,nan,0,31746,"0.8585,0.8371,1.9460",GAN-cut-2D+3D-post-T2-from-single
T2,ReMIND-109-post,postop,2,cavity,1,0,0.0,nan,nan,3408,0,"0.8585,0.8371,1.9460",GAN-cut-2D+3D-post-T2-from-single
T2,ReMIND-109-post,postop,lesion,lesion,1,1,0.10143938100927348,45.93356273923906,0.0885481552467657,3408,31746,"0.8585,0.8371,1.9460",GAN-cut-2D+3D-post-T2-from-single
T2,ReMIND-109-pre,preop,1,tumor,1,1,0.15927231107496762,34.44680200283239,0.18399401645474944,10361,22840,"0.9755,0.9400,0.9620",GAN-cut-2D+3D-post-T2-from-single
T2,ReMIND-109-pre,preop,2,cavity,0,1,nan,nan,nan,0,268,"0.9755,0.9400,0.9620",GAN-cut-2D+3D-post-T2-from-single
T2,ReMIND-109-pre,preop,lesion,lesion,1,1,0.15799695240371686,34.337214889198094,0.18913377754997437,10361,23108,"0.9755,0.9400,0.9620",GAN-cut-2D+3D-post-T2-from-single
T2,ReMIND-003-post,postop,1,tumor,0,1,nan,nan,nan,0,10368,"0.9264,0.9265,1.9922",GAN-cut-2D-T2-from-dual
T2,ReMIND-003-post,postop,2,cavity,1,1,0.0,18.614311751379244,0.009033423667570008,2099,62,"0.9264,0.9265,1.9922",GAN-cut-2D-T2-from-dual
T2,ReMIND-003-post,postop,lesion,lesion,1,1,0.00335222284300423,57.378172918647955,0.021559233449477352,2099,10430,"0.9264,0.9265,1.9922",GAN-cut-2D-T2-from-dual
T2,ReMIND-023-pre,preop,1,tumor,1,1,0.39565721863086356,11.966701619929992,0.2925465838509317,3895,8171,"0.6872,0.6822,2.1845",GAN-cut-2D-T2-from-dual
T2,ReMIND-023-pre,preop,2,cavity,0,0,nan,nan,nan,0,0,"0.6872,0.6822,2.1845",GAN-cut-2D-T2-from-dual
T2,ReMIND-023-pre,preop,lesion,lesion,1,1,0.39565721863086356,11.966701619929992,0.2925465838509317,3895,8171,"0.6872,0.6822,2.1845",GAN-cut-2D-T2-from-dual
T2,ReMIND-032-post,postop,1,tumor,1,1,0.11212141929308812,22.044890851923235,0.17284062161185398,13367,15887,"0.8594,0.8379,1.9501",GAN-cut-2D-T2-from-dual
T2,ReMIND-032-post,postop,2,cavity,1,1,0.0,52.176920768147156,0.0,6211,859,"0.8594,0.8379,1.9501",GAN-cut-2D-T2-from-dual
T2,ReMIND-032-post,postop,lesion,lesion,1,1,0.15268142275079838,20.810578374137297,0.1328191945158526,19578,16746,"0.8594,0.8379,1.9501",GAN-cut-2D-T2-from-dual
T2,ReMIND-032-pre,preop,1,tumor,1,1,0.1773614512256009,15.96533583248248,0.15388344807524484,32911,9150,"0.8208,0.8169,1.9763",GAN-cut-2D-T2-from-dual
T2,ReMIND-032-pre,preop,2,cavity,0,1,nan,nan,nan,0,6,"0.8208,0.8169,1.9763",GAN-cut-2D-T2-from-dual
T2,ReMIND-032-pre,preop,lesion,lesion,1,1,0.17733615423015667,15.978507483829961,0.15379397228413605,32911,9156,"0.8208,0.8169,1.9763",GAN-cut-2D-T2-from-dual
T2,ReMIND-045-pre,preop,1,tumor,1,1,0.7425246921932079,2.100193365643064,0.7400501045998089,123470,98260,"0.2608,0.2430,0.9600",GAN-cut-2D-T2-from-dual
T2,ReMIND-045-pre,preop,2,cavity,0,0,nan,nan,nan,0,0,"0.2608,0.2430,0.9600",GAN-cut-2D-T2-from-dual
T2,ReMIND-045-pre,preop,lesion,lesion,1,1,0.7425246921932079,2.100193365643064,0.7400501045998089,123470,98260,"0.2608,0.2430,0.9600",GAN-cut-2D-T2-from-dual
T2,ReMIND-056-post,postop,1,tumor,0,1,nan,nan,nan,0,712,"0.8539,0.8523,1.9741",GAN-cut-2D-T2-from-dual
T2,ReMIND-056-post,postop,2,cavity,1,0,0.0,nan,nan,17551,0,"0.8539,0.8523,1.9741",GAN-cut-2D-T2-from-dual
T2,ReMIND-056-post,postop,lesion,lesion,1,1,0.008760882658927887,18.041963634461958,0.024364629279563118,17551,712,"0.8539,0.8523,1.9741",GAN-cut-2D-T2-from-dual
T2,ReMIND-056-pre,preop,1,tumor,1,1,0.6514745534921856,6.50943586899794,0.31928662420382165,55846,62461,"0.7937,0.7936,1.2000",GAN-cut-2D-T2-from-dual
T2,ReMIND-056-pre,preop,2,cavity,0,0,nan,nan,nan,0,0,"0.7937,0.7936,1.2000",GAN-cut-2D-T2-from-dual
T2,ReMIND-056-pre,preop,lesion,lesion,1,1,0.6514745534921856,6.50943586899794,0.31928662420382165,55846,62461,"0.7937,0.7936,1.2000",GAN-cut-2D-T2-from-dual
T2,ReMIND-077-post,postop,1,tumor,1,1,0.06861008213883073,15.426643371582031,0.24182883053088985,2094,10324,"0.8558,0.8268,1.9283",GAN-cut-2D-T2-from-dual
T2,ReMIND-077-post,postop,2,cavity,1,1,0.0,34.53594396307865,0.0,2767,9,"0.8558,0.8268,1.9283",GAN-cut-2D-T2-from-dual
T2,ReMIND-077-post,postop,lesion,lesion,1,1,0.2387784651836251,13.76180010696271,0.3295926210607225,4861,10333,"0.8558,0.8268,1.9283",GAN-cut-2D-T2-from-dual
T2,ReMIND-077-pre,preop,1,tumor,1,1,0.0,36.90275538468669,0.0,6841,9127,"0.9765,0.9644,0.9880",GAN-cut-2D-T2-from-dual
T2,ReMIND-077-pre,preop,2,cavity,1,1,0.0,52.60594885537268,0.0,5265,1162,"0.9765,0.9644,0.9880",GAN-cut-2D-T2-from-dual
T2,ReMIND-077-pre,preop,lesion,lesion,1,1,0.0,36.9369829515468,0.0,12106,10289,"0.9765,0.9644,0.9880",GAN-cut-2D-T2-from-dual
T2,ReMIND-079-post,postop,1,tumor,1,1,0.00039662865642042637,29.124825361888156,0.013441433752933647,7260,2825,"0.7990,0.7254,1.8280",GAN-cut-2D-T2-from-dual
T2,ReMIND-079-post,postop,2,cavity,0,1,nan,nan,nan,0,919,"0.7990,0.7254,1.8280",GAN-cut-2D-T2-from-dual
T2,ReMIND-079-post,postop,lesion,lesion,1,1,0.0003635041802980734,28.118012978925023,0.02712797326518577,7260,3744,"0.7990,0.7254,1.8280",GAN-cut-2D-T2-from-dual
T2,ReMIND-079-pre,preop,1,tumor,1,1,0.0,22.92360168102201,0.00288509784244857,14068,12002,"0.9526,0.9132,0.9551",GAN-cut-2D-T2-from-dual
T2,ReMIND-079-pre,preop,2,cavity,1,1,0.0,43.0014331860396,0.0,7069,756,"0.9526,0.9132,0.9551",GAN-cut-2D-T2-from-dual
T2,ReMIND-079-pre,preop,lesion,lesion,1,1,0.0,24.349804662359404,0.0023211222121303867,21137,12758,"0.9526,0.9132,0.9551",GAN-cut-2D-T2-from-dual
T2,ReMIND-087-pre,preop,1,tumor,1,1,0.10098077171247903,16.18525982062316,0.1286220007866789,11505,19491,"0.9766,0.9734,0.9968",GAN-cut-2D-T2-from-dual
T2,ReMIND-087-pre,preop,2,cavity,1,0,0.0,nan,nan,11681,0,"0.9766,0.9734,0.9968",GAN-cut-2D-T2-from-dual
T2,ReMIND-087-pre,preop,lesion,lesion,1,1,0.32518686880521125,11.961448431015015,0.16623766623766623,23186,19491,"0.9766,0.9734,0.9968",GAN-cut-2D-T2-from-dual
T2,ReMIND-091-pre,preop,1,tumor,1,1,0.4663540507603455,11.69229243129876,0.17568192325473878,25347,50145,"0.9733,0.9707,0.9931",GAN-cut-2D-T2-from-dual
T2,ReMIND-091-pre,preop,2,cavity,0,0,nan,nan,nan,0,0,"0.9733,0.9707,0.9931",GAN-cut-2D-T2-from-dual
T2,ReMIND-091-pre,preop,lesion,lesion,1,1,0.4663540507603455,11.69229243129876,0.17568192325473878,25347,50145,"0.9733,0.9707,0.9931",GAN-cut-2D-T2-from-dual
T2,ReMIND-096-post,postop,1,tumor,0,1,nan,nan,nan,0,15071,"0.8569,0.8553,1.9849",GAN-cut-2D-T2-from-dual
T2,ReMIND-096-post,postop,2,cavity,1,1,0.04766107678729038,16.65009667016648,0.12185354691075514,2166,1233,"0.8569,0.8553,1.9849",GAN-cut-2D-T2-from-dual
T2,ReMIND-096-post,postop,lesion,lesion,1,1,0.05154304277206281,39.558678364484436,0.09069611780455154,2166,16304,"0.8569,0.8553,1.9849",GAN-cut-2D-T2-from-dual
T2,ReMIND-096-pre,preop,1,tumor,1,1,0.34706494106771435,15.086517692473604,0.06927617272444858,18774,85074,"0.9755,0.9626,0.9851",GAN-cut-2D-T2-from-dual
T2,ReMIND-096-pre,preop,2,cavity,0,0,nan,nan,nan,0,0,"0.9755,0.9626,0.9851",GAN-cut-2D-T2-from-dual
T2,ReMIND-096-pre,preop,lesion,lesion,1,1,0.34706494106771435,15.086517692473604,0.06927617272444858,18774,85074,"0.9755,0.9626,0.9851",GAN-cut-2D-T2-from-dual
T2,ReMIND-102-pre,preop,1,tumor,1,1,0.2992139084140914,0.13902743304570025,1.0,7693,16350,"0.0008,0.0174,0.0887",GAN-cut-2D-T2-from-dual
T2,ReMIND-102-pre,preop,2,cavity,0,1,nan,nan,nan,0,1922,"0.0008,0.0174,0.0887",GAN-cut-2D-T2-from-dual
T2,ReMIND-102-pre,preop,lesion,lesion,1,1,0.3402272289620643,0.13692300418628622,1.0,7693,18272,"0.0008,0.0174,0.0887",GAN-cut-2D-T2-from-dual
T2,ReMIND-107-pre,preop,1,tumor,1,1,0.4246756861164996,9.910477921584542,0.2401989068515857,57631,183108,"0.2343,0.2312,4.9330",GAN-cut-2D-T2-from-dual
T2,ReMIND-107-pre,preop,2,cavity,0,0,nan,nan,nan,0,0,"0.2343,0.2312,4.9330",GAN-cut-2D-T2-from-dual
T2,ReMIND-107-pre,preop,lesion,lesion,1,1,0.4246756861164996,9.910477921584542,0.2401989068515857,57631,183108,"0.2343,0.2312,4.9330",GAN-cut-2D-T2-from-dual
T2,ReMIND-109-post,postop,1,tumor,0,1,nan,nan,nan,0,815,"0.8585,0.8371,1.9460",GAN-cut-2D-T2-from-dual
T2,ReMIND-109-post,postop,2,cavity,1,1,0.06273458445040214,19.10351082397355,0.16275071633237823,3408,322,"0.8585,0.8371,1.9460",GAN-cut-2D-T2-from-dual
T2,ReMIND-109-post,postop,lesion,lesion,1,1,0.06908690869086909,33.660354238296904,0.15277171540811874,3408,1137,"0.8585,0.8371,1.9460",GAN-cut-2D-T2-from-dual
T2,ReMIND-109-pre,preop,1,tumor,1,1,0.564352284820536,6.828742742538452,0.36388575116992095,10361,20648,"0.9755,0.9400,0.9620",GAN-cut-2D-T2-from-dual
T2,ReMIND-109-pre,preop,2,cavity,0,0,nan,nan,nan,0,0,"0.9755,0.9400,0.9620",GAN-cut-2D-T2-from-dual
T2,ReMIND-109-pre,preop,lesion,lesion,1,1,0.564352284820536,6.828742742538452,0.36388575116992095,10361,20648,"0.9755,0.9400,0.9620",GAN-cut-2D-T2-from-dual
T2,ReMIND-003-post,postop,1,tumor,0,1,nan,nan,nan,0,27418,"0.9264,0.9265,1.9922",GAN-cut-2D-T2-from-single
T2,ReMIND-003-post,postop,2,cavity,1,0,0.0,nan,nan,2099,0,"0.9264,0.9265,1.9922",GAN-cut-2D-T2-from-single
T2,ReMIND-003-post,postop,lesion,lesion,1,1,0.137209065961988,38.27491426162083,0.05575373232923768,2099,27418,"0.9264,0.9265,1.9922",GAN-cut-2D-T2-from-single
T2,ReMIND-003-pre,preop,1,tumor,1,1,0.4347322049617436,11.071183490555553,0.18621681705243887,10844,32286,"0.9757,0.9586,0.9825",GAN-cut-2D-T2-from-single
T2,ReMIND-003-pre,preop,2,cavity,0,0,nan,nan,nan,0,0,"0.9757,0.9586,0.9825",GAN-cut-2D-T2-from-single
T2,ReMIND-003-pre,preop,lesion,lesion,1,1,0.4347322049617436,11.071183490555553,0.18621681705243887,10844,32286,"0.9757,0.9586,0.9825",GAN-cut-2D-T2-from-single
T2,ReMIND-004-pre,preop,1,tumor,1,1,0.03466379000359583,53.37899493429866,0.09460440358093394,2043,11862,"0.9761,0.9626,0.9802",GAN-cut-2D-T2-from-single
T2,ReMIND-004-pre,preop,2,cavity,0,0,nan,nan,nan,0,0,"0.9761,0.9626,0.9802",GAN-cut-2D-T2-from-single
T2,ReMIND-004-pre,preop,lesion,lesion,1,1,0.03466379000359583,53.37899493429866,0.09460440358093394,2043,11862,"0.9761,0.9626,0.9802",GAN-cut-2D-T2-from-single
T2,ReMIND-023-pre,preop,1,tumor,1,1,0.3585677749360614,11.515920283510892,0.25465298312750045,3895,11745,"0.6872,0.6822,2.1845",GAN-cut-2D-T2-from-single
T2,ReMIND-023-pre,preop,2,cavity,0,0,nan,nan,nan,0,0,"0.6872,0.6822,2.1845",GAN-cut-2D-T2-from-single
T2,ReMIND-023-pre,preop,lesion,lesion,1,1,0.3585677749360614,11.515920283510892,0.25465298312750045,3895,11745,"0.6872,0.6822,2.1845",GAN-cut-2D-T2-from-single
T2,ReMIND-031-post,postop,1,tumor,0,1,nan,nan,nan,0,130469,"0.0027,0.1312,0.0963",GAN-cut-2D-T2-from-single
T2,ReMIND-031-post,postop,2,cavity,1,0,0.0,nan,nan,32424,0,"0.0027,0.1312,0.0963",GAN-cut-2D-T2-from-single
T2,ReMIND-031-post,postop,lesion,lesion,1,1,0.12363944429779057,1.5862977609986035,0.969725277058299,32424,130469,"0.0027,0.1312,0.0963",GAN-cut-2D-T2-from-single
T2,ReMIND-031-pre,preop,1,tumor,1,1,0.2541267513339782,24.439493593590413,0.23165257333750913,8344,23703,"0.9766,0.9754,0.9990",GAN-cut-2D-T2-from-single
T2,ReMIND-031-pre,preop,2,cavity,0,0,nan,nan,nan,0,0,"0.9766,0.9754,0.9990",GAN-cut-2D-T2-from-single
T2,ReMIND-031-pre,preop,lesion,lesion,1,1,0.2541267513339782,24.439493593590413,0.23165257333750913,8344,23703,"0.9766,0.9754,0.9990",GAN-cut-2D-T2-from-single
T2,ReMIND-032-post,postop,1,tumor,1,1,0.18111778532253853,19.95234314881414,0.16645105648986633,13367,17265,"0.8594,0.8379,1.9501",GAN-cut-2D-T2-from-single
T2,ReMIND-032-post,postop,2,cavity,1,0,0.0,nan,nan,6211,0,"0.8594,0.8379,1.9501",GAN-cut-2D-T2-from-single
T2,ReMIND-032-post,postop,lesion,lesion,1,1,0.22093749151806313,15.357363833747279,0.19766260162601626,19578,17265,"0.8594,0.8379,1.9501",GAN-cut-2D-T2-from-single
T2,ReMIND-032-pre,preop,1,tumor,1,1,0.37620967741935485,10.104944116903356,0.24590799782794198,32911,21649,"0.8208,0.8169,1.9763",GAN-cut-2D-T2-from-single
T2,ReMIND-032-pre,preop,2,cavity,0,0,nan,nan,nan,0,0,"0.8208,0.8169,1.9763",GAN-cut-2D-T2-from-single
T2,ReMIND-032-pre,preop,lesion,lesion,1,1,0.37620967741935485,10.104944116903356,0.24590799782794198,32911,21649,"0.8208,0.8169,1.9763",GAN-cut-2D-T2-from-single
T2,ReMIND-034-post,postop,1,tumor,1,1,0.08709841917389087,39.14910305485724,0.08236509166021172,516,9289,"0.8557,0.8490,1.9836",GAN-cut-2D-T2-from-single
T2,ReMIND-034-post,postop,2,cavity,1,0,0.0,nan,nan,12900,0,"0.8557,0.8490,1.9836",GAN-cut-2D-T2-from-single
T2,ReMIND-034-post,postop,lesion,lesion,1,1,0.24232547896939,33.58388146753847,0.16695544554455446,13416,9289,"0.8557,0.8490,1.9836",GAN-cut-2D-T2-from-single
T2,ReMIND-034-pre,preop,1,tumor,1,1,0.48858575495282,14.771659100599425,0.3051804238528607,206728,139287,"0.2679,0.2658,4.9631",GAN-cut-2D-T2-from-single
T2,ReMIND-034-pre,preop,2,cavity,1,0,0.0,nan,nan,20636,0,"0.2679,0.2658,4.9631",GAN-cut-2D-T2-from-single
T2,ReMIND-034-pre,preop,lesion,lesion,1,1,0.4642180165879815,14.578304776572226,0.30415944002039,227364,139287,"0.2679,0.2658,4.9631",GAN-cut-2D-T2-from-single
T2,ReMIND-045-post,postop,1,tumor,1,1,0.06237607845238733,25.53396296468709,0.14927876551492789,3767,33555,"0.7296,0.7296,2.0000",GAN-cut-2D-T2-from-single
T2,ReMIND-045-post,postop,2,cavity,1,0,0.0,nan,nan,4649,0,"0.7296,0.7296,2.0000",GAN-cut-2D-T2-from-single
T2,ReMIND-045-post,postop,lesion,lesion,1,1,0.11993995854280337,24.47790210246976,0.18782791185729275,8416,33555,"0.7296,0.7296,2.0000",GAN-cut-2D-T2-from-single
T2,ReMIND-045-pre,preop,1,tumor,1,1,0.6266522077178049,7.121590620833051,0.5908256474907659,123470,169774,"0.2608,0.2430,0.9600",GAN-cut-2D-T2-from-single
T2,ReMIND-045-pre,preop,2,cavity,0,0,nan,nan,nan,0,0,"0.2608,0.2430,0.9600",GAN-cut-2D-T2-from-single
T2,ReMIND-045-pre,preop,lesion,lesion,1,1,0.6266522077178049,7.121590620833051,0.5908256474907659,123470,169774,"0.2608,0.2430,0.9600",GAN-cut-2D-T2-from-single
T2,ReMIND-056-post,postop,1,tumor,0,1,nan,nan,nan,0,47844,"0.8539,0.8523,1.9741",GAN-cut-2D-T2-from-single
T2,ReMIND-056-post,postop,2,cavity,1,0,0.0,nan,nan,17551,0,"0.8539,0.8523,1.9741",GAN-cut-2D-T2-from-single
T2,ReMIND-056-post,postop,lesion,lesion,1,1,0.0715345209878431,29.841174414033567,0.1315554895260734,17551,47844,"0.8539,0.8523,1.9741",GAN-cut-2D-T2-from-single
T2,ReMIND-056-pre,preop,1,tumor,1,1,0.6098344181080169,8.954396046598804,0.2767751479289941,55846,71523,"0.7937,0.7936,1.2000",GAN-cut-2D-T2-from-single
T2,ReMIND-056-pre,preop,2,cavity,0,0,nan,nan,nan,0,0,"0.7937,0.7936,1.2000",GAN-cut-2D-T2-from-single
T2,ReMIND-056-pre,preop,lesion,lesion,1,1,0.6098344181080169,8.954396046598804,0.2767751479289941,55846,71523,"0.7937,0.7936,1.2000",GAN-cut-2D-T2-from-single
T2,ReMIND-077-post,postop,1,tumor,1,1,0.09124565700290482,26.777715089347456,0.14851608096361604,2094,33020,"0.8558,0.8268,1.9283",GAN-cut-2D-T2-from-single
T2,ReMIND-077-post,postop,2,cavity,1,0,0.0,nan,nan,2767,0,"0.8558,0.8268,1.9283",GAN-cut-2D-T2-from-single
T2,ReMIND-077-post,postop,lesion,lesion,1,1,0.1857395528101159,26.328763600478243,0.19835782195332757,4861,33020,"0.8558,0.8268,1.9283",GAN-cut-2D-T2-from-single
T2,ReMIND-077-pre,preop,1,tumor,1,1,0.13233586998581195,26.8485598890805,0.21098710794689243,6841,31924,"0.9765,0.9644,0.9880",GAN-cut-2D-T2-from-single
T2,ReMIND-077-pre,preop,2,cavity,1,0,0.0,nan,nan,5265,0,"0.9765,0.9644,0.9880",GAN-cut-2D-T2-from-single
T2,ReMIND-077-pre,preop,lesion,lesion,1,1,0.160935725641608,26.467323040910085,0.2219458018658374,12106,31924,"0.9765,0.9644,0.9880",GAN-cut-2D-T2-from-single
T2,ReMIND-079-post,postop,1,tumor,1,1,0.12467499524383284,16.925850381581938,0.183739837398374,7260,24278,"0.7990,0.7254,1.8280",GAN-cut-2D-T2-from-single
T2,ReMIND-079-post,postop,2,cavity,0,0,nan,nan,nan,0,0,"0.7990,0.7254,1.8280",GAN-cut-2D-T2-from-single
T2,ReMIND-079-post,postop,lesion,lesion,1,1,0.12467499524383284,16.925850381581938,0.183739837398374,7260,24278,"0.7990,0.7254,1.8280",GAN-cut-2D-T2-from-single
T2,ReMIND-079-pre,preop,1,tumor,1,1,0.22813870067756079,19.151515765543035,0.19870194707938094,14068,11022,"0.9526,0.9132,0.9551",GAN-cut-2D-T2-from-single
T2,ReMIND-079-pre,preop,2,cavity,1,0,0.0,nan,nan,7069,0,"0.9526,0.9132,0.9551",GAN-cut-2D-T2-from-single
T2,ReMIND-079-pre,preop,lesion,lesion,1,1,0.1886874591871638,20.143791043444303,0.15862068965517243,21137,11022,"0.9526,0.9132,0.9551",GAN-cut-2D-T2-from-single
T2,ReMIND-087-post,postop,1,tumor,0,1,nan,nan,nan,0,38675,"0.8587,0.8570,1.9930",GAN-cut-2D-T2-from-single
T2,ReMIND-087-post,postop,2,cavity,1,0,0.0,nan,nan,8781,0,"0.8587,0.8570,1.9930",GAN-cut-2D-T2-from-single
T2,ReMIND-087-post,postop,lesion,lesion,1,1,0.22867498314227916,15.03880663546669,0.12067230273752012,8781,38675,"0.8587,0.8570,1.9930",GAN-cut-2D-T2-from-single
T2,ReMIND-087-pre,preop,1,tumor,1,1,0.0709546756058384,16.386229980732438,0.1266370150728935,11505,17133,"0.9766,0.9734,0.9968",GAN-cut-2D-T2-from-single
T2,ReMIND-087-pre,preop,2,cavity,1,1,0.0,25.148741016931282,0.002257336343115124,11681,160,"0.9766,0.9734,0.9968",GAN-cut-2D-T2-from-single
T2,ReMIND-087-pre,preop,lesion,lesion,1,1,0.3017861113169792,12.958235800266266,0.20434562910560888,23186,17293,"0.9766,0.9734,0.9968",GAN-cut-2D-T2-from-single
T2,ReMIND-091-post,postop,1,tumor,0,1,nan,nan,nan,0,21395,"0.8574,0.8545,1.9930",GAN-cut-2D-T2-from-single
T2,ReMIND-091-post,postop,2,cavity,1,0,0.0,nan,nan,7894,0,"0.8574,0.8545,1.9930",GAN-cut-2D-T2-from-single
T2,ReMIND-091-post,postop,lesion,lesion,1,1,0.20396735975963673,15.392839409199121,0.14019676739283204,7894,21395,"0.8574,0.8545,1.9930",GAN-cut-2D-T2-from-single
T2,ReMIND-091-pre,preop,1,tumor,1,1,0.5177767517026435,13.746072773656433,0.2673829312791405,25347,43957,"0.9733,0.9707,0.9931",GAN-cut-2D-T2-from-single
T2,ReMIND-091-pre,preop,2,cavity,0,0,nan,nan,nan,0,0,"0.9733,0.9707,0.9931",GAN-cut-2D-T2-from-single
T2,ReMIND-091-pre,preop,lesion,lesion,1,1,0.5177767517026435,13.746072773656433,0.2673829312791405,25347,43957,"0.9733,0.9707,0.9931",GAN-cut-2D-T2-from-single
T2,ReMIND-096-post,postop,1,tumor,0,1,nan,nan,nan,0,28295,"0.8569,0.8553,1.9849",GAN-cut-2D-T2-from-single
T2,ReMIND-096-post,postop,2,cavity,1,0,0.0,nan,nan,2166,0,"0.8569,0.8553,1.9849",GAN-cut-2D-T2-from-single
T2,ReMIND-096-post,postop,lesion,lesion,1,1,0.14195200420209447,23.31534714955192,0.046440104567122865,2166,28295,"0.8569,0.8553,1.9849",GAN-cut-2D-T2-from-single
T2,ReMIND-096-pre,preop,1,tumor,1,1,0.3399833520851056,15.440768665636844,0.051817478731631866,18774,90549,"0.9755,0.9626,0.9851",GAN-cut-2D-T2-from-single
T2,ReMIND-096-pre,preop,2,cavity,0,0,nan,nan,nan,0,0,"0.9755,0.9626,0.9851",GAN-cut-2D-T2-from-single
T2,ReMIND-096-pre,preop,lesion,lesion,1,1,0.3399833520851056,15.440768665636844,0.051817478731631866,18774,90549,"0.9755,0.9626,0.9851",GAN-cut-2D-T2-from-single
T2,ReMIND-102-pre,preop,1,tumor,1,1,0.2736467915124418,0.20939372986717025,1.0,7693,46881,"0.0008,0.0174,0.0887",GAN-cut-2D-T2-from-single
T2,ReMIND-102-pre,preop,2,cavity,0,0,nan,nan,nan,0,0,"0.0008,0.0174,0.0887",GAN-cut-2D-T2-from-single
T2,ReMIND-102-pre,preop,lesion,lesion,1,1,0.2736467915124418,0.20939372986717025,1.0,7693,46881,"0.0008,0.0174,0.0887",GAN-cut-2D-T2-from-single
T2,ReMIND-107-post,postop,1,tumor,1,1,0.1773461470192966,23.04706420778442,0.12980002453686665,3621,35816,"0.8587,0.8481,1.9732",GAN-cut-2D-T2-from-single
T2,ReMIND-107-post,postop,2,cavity,1,0,0.0,nan,nan,879,0,"0.8587,0.8481,1.9732",GAN-cut-2D-T2-from-single
T2,ReMIND-107-post,postop,lesion,lesion,1,1,0.2072626252604425,20.90813639254764,0.1873618061212615,4500,35816,"0.8587,0.8481,1.9732",GAN-cut-2D-T2-from-single
T2,ReMIND-107-pre,preop,1,tumor,1,1,0.2461163775971857,13.587444319197495,0.2558791275740222,57631,60622,"0.2343,0.2312,4.9330",GAN-cut-2D-T2-from-single
T2,ReMIND-107-pre,preop,2,cavity,0,1,nan,nan,nan,0,155248,"0.2343,0.2312,4.9330",GAN-cut-2D-T2-from-single
T2,ReMIND-107-pre,preop,lesion,lesion,1,1,0.37947210430674844,11.667776877400183,0.2138471372123654,57631,215870,"0.2343,0.2312,4.9330",GAN-cut-2D-T2-from-single
T2,ReMIND-109-post,postop,1,tumor,0,1,nan,nan,nan,0,42800,"0.8585,0.8371,1.9460",GAN-cut-2D-T2-from-single
T2,ReMIND-109-post,postop,2,cavity,1,0,0.0,nan,nan,3408,0,"0.8585,0.8371,1.9460",GAN-cut-2D-T2-from-single
T2,ReMIND-109-post,postop,lesion,lesion,1,1,0.08712777008310249,41.80350923066988,0.06476574985280512,3408,42800,"0.8585,0.8371,1.9460",GAN-cut-2D-T2-from-single
T2,ReMIND-109-pre,preop,1,tumor,1,1,0.062184194569830896,40.596225162123424,0.11665984445354073,10361,19325,"0.9755,0.9400,0.9620",GAN-cut-2D-T2-from-single
T2,ReMIND-109-pre,preop,2,cavity,0,1,nan,nan,nan,0,284,"0.9755,0.9400,0.9620",GAN-cut-2D-T2-from-single
T2,ReMIND-109-pre,preop,lesion,lesion,1,1,0.061594928261594926,40.55608054780262,0.11936339522546419,10361,19609,"0.9755,0.9400,0.9620",GAN-cut-2D-T2-from-single
T2,ReMIND-003-post,postop,1,tumor,0,1,nan,nan,nan,0,7213,"0.9264,0.9265,1.9922",GAN-cut-3D-T2-from-dual
T2,ReMIND-003-post,postop,2,cavity,1,1,0.02564102564102564,16.693420705900454,0.10757575757575757,2099,3439,"0.9264,0.9265,1.9922",GAN-cut-3D-T2-from-dual
T2,ReMIND-003-post,postop,lesion,lesion,1,1,0.24280448592267273,18.53093147277832,0.2281183932346723,2099,10652,"0.9264,0.9265,1.9922",GAN-cut-3D-T2-from-dual
T2,ReMIND-023-pre,preop,1,tumor,1,1,0.49939340465424065,9.327528852853801,0.41420118343195267,3895,5172,"0.6872,0.6822,2.1845",GAN-cut-3D-T2-from-dual
T2,ReMIND-023-pre,preop,2,cavity,0,1,nan,nan,nan,0,9,"0.6872,0.6822,2.1845",GAN-cut-3D-T2-from-dual
T2,ReMIND-023-pre,preop,lesion,lesion,1,1,0.49889819303658,9.327528852853801,0.4138915318744053,3895,5181,"0.6872,0.6822,2.1845",GAN-cut-3D-T2-from-dual
T2,ReMIND-032-post,postop,1,tumor,1,1,0.1356117069623705,16.53807842691945,0.23744337207012015,13367,14138,"0.8594,0.8379,1.9501",GAN-cut-3D-T2-from-dual
T2,ReMIND-032-post,postop,2,cavity,1,1,0.005700712589073635,30.812143750104322,0.036267318663406684,6211,104,"0.8594,0.8379,1.9501",GAN-cut-3D-T2-from-dual
T2,ReMIND-032-post,postop,lesion,lesion,1,1,0.20816085156712005,17.505633565635275,0.1746031746031746,19578,14242,"0.8594,0.8379,1.9501",GAN-cut-3D-T2-from-dual
T2,ReMIND-032-pre,preop,1,tumor,1,1,0.26986076986076984,16.388085807188986,0.15513869132290184,32911,15929,"0.8208,0.8169,1.9763",GAN-cut-3D-T2-from-dual
T2,ReMIND-032-pre,preop,2,cavity,0,1,nan,nan,nan,0,27,"0.8208,0.8169,1.9763",GAN-cut-3D-T2-from-dual
T2,ReMIND-032-pre,preop,lesion,lesion,1,1,0.26971166635971106,16.34743137755316,0.1547671840354767,32911,15956,"0.8208,0.8169,1.9763",GAN-cut-3D-T2-from-dual
T2,ReMIND-045-pre,preop,1,tumor,1,1,0.6034320312620669,3.25963031448718,0.6669239477204899,123470,70759,"0.2608,0.2430,0.9600",GAN-cut-3D-T2-from-dual
T2,ReMIND-045-pre,preop,2,cavity,0,0,nan,nan,nan,0,0,"0.2608,0.2430,0.9600",GAN-cut-3D-T2-from-dual
T2,ReMIND-045-pre,preop,lesion,lesion,1,1,0.6034320312620669,3.25963031448718,0.6669239477204899,123470,70759,"0.2608,0.2430,0.9600",GAN-cut-3D-T2-from-dual
T2,ReMIND-056-post,postop,1,tumor,0,1,nan,nan,nan,0,18520,"0.8539,0.8523,1.9741",GAN-cut-3D-T2-from-dual
T2,ReMIND-056-post,postop,2,cavity,1,1,0.0,55.98944471105234,0.0,17551,48,"0.8539,0.8523,1.9741",GAN-cut-3D-T2-from-dual
T2,ReMIND-056-post,postop,lesion,lesion,1,1,0.0006090977048091033,24.77632337345537,0.0247146181979386,17551,18568,"0.8539,0.8523,1.9741",GAN-cut-3D-T2-from-dual
T2,ReMIND-056-pre,preop,1,tumor,1,1,0.4985893629341251,10.212303360707034,0.28119950882181866,55846,25323,"0.7937,0.7936,1.2000",GAN-cut-3D-T2-from-dual
T2,ReMIND-056-pre,preop,2,cavity,0,0,nan,nan,nan,0,0,"0.7937,0.7936,1.2000",GAN-cut-3D-T2-from-dual
T2,ReMIND-056-pre,preop,lesion,lesion,1,1,0.4985893629341251,10.212303360707034,0.28119950882181866,55846,25323,"0.7937,0.7936,1.2000",GAN-cut-3D-T2-from-dual
T2,ReMIND-077-post,postop,1,tumor,1,1,0.08597285067873303,24.13117036165946,0.2280743565300286,2094,8072,"0.8558,0.8268,1.9283",GAN-cut-3D-T2-from-dual
T2,ReMIND-077-post,postop,2,cavity,1,1,0.0,27.485770266551206,0.0,2767,129,"0.8558,0.8268,1.9283",GAN-cut-3D-T2-from-dual
T2,ReMIND-077-post,postop,lesion,lesion,1,1,0.19108865411116216,23.221620900451015,0.23900184842883548,4861,8201,"0.8558,0.8268,1.9283",GAN-cut-3D-T2-from-dual
T2,ReMIND-077-pre,preop,1,tumor,1,1,0.1747948664001683,10.713932671349134,0.2664082341932897,6841,16924,"0.9765,0.9644,0.9880",GAN-cut-3D-T2-from-dual
T2,ReMIND-077-pre,preop,2,cavity,1,0,0.0,nan,nan,5265,0,"0.9765,0.9644,0.9880",GAN-cut-3D-T2-from-dual
T2,ReMIND-077-pre,preop,lesion,lesion,1,1,0.23389596968653117,10.545615954175386,0.280268520738432,12106,16924,"0.9765,0.9644,0.9880",GAN-cut-3D-T2-from-dual
T2,ReMIND-079-post,postop,1,tumor,1,1,0.019407763105242098,18.672141412704992,0.08204895738893926,7260,2736,"0.7990,0.7254,1.8280",GAN-cut-3D-T2-from-dual
T2,ReMIND-079-post,postop,2,cavity,0,0,nan,nan,nan,0,0,"0.7990,0.7254,1.8280",GAN-cut-3D-T2-from-dual
T2,ReMIND-079-post,postop,lesion,lesion,1,1,0.019407763105242098,18.672141412704992,0.08204895738893926,7260,2736,"0.7990,0.7254,1.8280",GAN-cut-3D-T2-from-dual
T2,ReMIND-079-pre,preop,1,tumor,1,1,0.28065818068922693,14.931557310274755,0.22596754057428214,14068,21363,"0.9526,0.9132,0.9551",GAN-cut-3D-T2-from-dual
T2,ReMIND-079-pre,preop,2,cavity,1,0,0.0,nan,nan,7069,0,"0.9526,0.9132,0.9551",GAN-cut-3D-T2-from-dual
T2,ReMIND-079-pre,preop,lesion,lesion,1,1,0.28701176470588236,17.28668895612239,0.22806368011847464,21137,21363,"0.9526,0.9132,0.9551",GAN-cut-3D-T2-from-dual
T2,ReMIND-087-pre,preop,1,tumor,1,1,0.05108217928518119,17.31336034662966,0.12162353273935794,11505,12613,"0.9766,0.9734,0.9968",GAN-cut-3D-T2-from-dual
T2,ReMIND-087-pre,preop,2,cavity,1,0,0.0,nan,nan,11681,0,"0.9766,0.9734,0.9968",GAN-cut-3D-T2-from-dual
T2,ReMIND-087-pre,preop,lesion,lesion,1,1,0.2840302801754239,14.408346739950048,0.21190693430656934,23186,12613,"0.9766,0.9734,0.9968",GAN-cut-3D-T2-from-dual
T2,ReMIND-091-pre,preop,1,tumor,1,1,0.4339419978517723,12.50669359118142,0.1964700908898753,25347,38892,"0.9733,0.9707,0.9931",GAN-cut-3D-T2-from-dual
T2,ReMIND-091-pre,preop,2,cavity,0,0,nan,nan,nan,0,0,"0.9733,0.9707,0.9931",GAN-cut-3D-T2-from-dual
T2,ReMIND-091-pre,preop,lesion,lesion,1,1,0.4339419978517723,12.50669359118142,0.1964700908898753,25347,38892,"0.9733,0.9707,0.9931",GAN-cut-3D-T2-from-dual
T2,ReMIND-096-post,postop,1,tumor,0,1,nan,nan,nan,0,7385,"0.8569,0.8553,1.9849",GAN-cut-3D-T2-from-dual
T2,ReMIND-096-post,postop,2,cavity,1,1,0.07379798732761834,12.359611773876514,0.20390625,2166,517,"0.8569,0.8553,1.9849",GAN-cut-3D-T2-from-dual
T2,ReMIND-096-post,postop,lesion,lesion,1,1,0.04807310290027811,33.83730213166232,0.14593612048818488,2166,7902,"0.8569,0.8553,1.9849",GAN-cut-3D-T2-from-dual
T2,ReMIND-096-pre,preop,1,tumor,1,1,0.4608564737370358,14.827816126178343,0.2041101880192392,18774,52962,"0.9755,0.9626,0.9851",GAN-cut-3D-T2-from-dual
T2,ReMIND-096-pre,preop,2,cavity,0,0,nan,nan,nan,0,0,"0.9755,0.9626,0.9851",GAN-cut-3D-T2-from-dual
T2,ReMIND-096-pre,preop,lesion,lesion,1,1,0.4608564737370358,14.827816126178343,0.2041101880192392,18774,52962,"0.9755,0.9626,0.9851",GAN-cut-3D-T2-from-dual
T2,ReMIND-102-pre,preop,1,tumor,1,1,0.2436746747545694,2.557549760471335,0.8716788321167883,7693,17365,"0.0008,0.0174,0.0887",GAN-cut-3D-T2-from-dual
T2,ReMIND-102-pre,preop,2,cavity,0,1,nan,nan,nan,0,864,"0.0008,0.0174,0.0887",GAN-cut-3D-T2-from-dual
T2,ReMIND-102-pre,preop,lesion,lesion,1,1,0.2528354293650181,2.5313822579844536,0.8741048410197652,7693,18229,"0.0008,0.0174,0.0887",GAN-cut-3D-T2-from-dual
T2,ReMIND-107-pre,preop,1,tumor,1,1,0.3527032239249664,9.946136807014954,0.25645213982358706,57631,48668,"0.2343,0.2312,4.9330",GAN-cut-3D-T2-from-dual
T2,ReMIND-107-pre,preop,2,cavity,0,0,nan,nan,nan,0,0,"0.2343,0.2312,4.9330",GAN-cut-3D-T2-from-dual
T2,ReMIND-107-pre,preop,lesion,lesion,1,1,0.3527032239249664,9.946136807014954,0.25645213982358706,57631,48668,"0.2343,0.2312,4.9330",GAN-cut-3D-T2-from-dual
T2,ReMIND-109-post,postop,1,tumor,0,1,nan,nan,nan,0,2006,"0.8585,0.8371,1.9460",GAN-cut-3D-T2-from-dual
T2,ReMIND-109-post,postop,2,cavity,1,1,0.07144747287642234,20.766803009703715,0.1824985607369027,3408,371,"0.8585,0.8371,1.9460",GAN-cut-3D-T2-from-dual
T2,ReMIND-109-post,postop,lesion,lesion,1,1,0.20466724286949006,26.51727782248055,0.24522650692624484,3408,2377,"0.8585,0.8371,1.9460",GAN-cut-3D-T2-from-dual
T2,ReMIND-109-pre,preop,1,tumor,1,1,0.5866910468229609,49.07721285811929,0.37921092564491654,10361,20265,"0.9755,0.9400,0.9620",GAN-cut-3D-T2-from-dual
T2,ReMIND-109-pre,preop,2,cavity,0,0,nan,nan,nan,0,0,"0.9755,0.9400,0.9620",GAN-cut-3D-T2-from-dual
T2,ReMIND-109-pre,preop,lesion,lesion,1,1,0.5866910468229609,49.07721285811929,0.37921092564491654,10361,20265,"0.9755,0.9400,0.9620",GAN-cut-3D-T2-from-dual
T2,ReMIND-003-post,postop,1,tumor,0,1,nan,nan,nan,0,6746,"0.9264,0.9265,1.9922",GAN-cut-3D-T2-from-single
T2,ReMIND-003-post,postop,2,cavity,1,1,0.0027745664739884392,15.99054248090441,0.06541129831516353,2099,2226,"0.9264,0.9265,1.9922",GAN-cut-3D-T2-from-single
T2,ReMIND-003-post,postop,lesion,lesion,1,1,0.275855839580887,16.181087074820443,0.2676056338028169,2099,8972,"0.9264,0.9265,1.9922",GAN-cut-3D-T2-from-single
T2,ReMIND-003-pre,preop,1,tumor,1,1,0.4564944659734032,9.199941015606694,0.2541303694803244,10844,25025,"0.9757,0.9586,0.9825",GAN-cut-3D-T2-from-single
T2,ReMIND-003-pre,preop,2,cavity,0,1,nan,nan,nan,0,7,"0.9757,0.9586,0.9825",GAN-cut-3D-T2-from-single
T2,ReMIND-003-pre,preop,lesion,lesion,1,1,0.4564053963652581,9.199941015606694,0.25501130369253955,10844,25032,"0.9757,0.9586,0.9825",GAN-cut-3D-T2-from-single
T2,ReMIND-004-pre,preop,1,tumor,1,1,0.0,69.1278216952628,0.0,2043,15217,"0.9761,0.9626,0.9802",GAN-cut-3D-T2-from-single
T2,ReMIND-004-pre,preop,2,cavity,0,1,nan,nan,nan,0,5,"0.9761,0.9626,0.9802",GAN-cut-3D-T2-from-single
T2,ReMIND-004-pre,preop,lesion,lesion,1,1,0.0,69.1274718270102,0.0,2043,15222,"0.9761,0.9626,0.9802",GAN-cut-3D-T2-from-single
T2,ReMIND-023-pre,preop,1,tumor,1,1,0.31943257562809774,50.67990435894263,0.29490392648287383,3895,7807,"0.6872,0.6822,2.1845",GAN-cut-3D-T2-from-single
T2,ReMIND-023-pre,preop,2,cavity,0,1,nan,nan,nan,0,21,"0.6872,0.6822,2.1845",GAN-cut-3D-T2-from-single
T2,ReMIND-023-pre,preop,lesion,lesion,1,1,0.31886035997611534,50.67941047356727,0.2941666666666667,3895,7828,"0.6872,0.6822,2.1845",GAN-cut-3D-T2-from-single
T2,ReMIND-031-post,postop,1,tumor,0,1,nan,nan,nan,0,74490,"0.0027,0.1312,0.0963",GAN-cut-3D-T2-from-single
T2,ReMIND-031-post,postop,2,cavity,1,0,0.0,nan,nan,32424,0,"0.0027,0.1312,0.0963",GAN-cut-3D-T2-from-single
T2,ReMIND-031-post,postop,lesion,lesion,1,1,0.07636043923153188,1.8480473041464094,0.9345685599262744,32424,74490,"0.0027,0.1312,0.0963",GAN-cut-3D-T2-from-single
T2,ReMIND-031-pre,preop,1,tumor,1,1,0.22493308626724315,17.157519138976625,0.26683168316831685,8344,30512,"0.9766,0.9754,0.9990",GAN-cut-3D-T2-from-single
T2,ReMIND-031-pre,preop,2,cavity,0,0,nan,nan,nan,0,0,"0.9766,0.9754,0.9990",GAN-cut-3D-T2-from-single
T2,ReMIND-031-pre,preop,lesion,lesion,1,1,0.22493308626724315,17.157519138976625,0.26683168316831685,8344,30512,"0.9766,0.9754,0.9990",GAN-cut-3D-T2-from-single
T2,ReMIND-032-post,postop,1,tumor,1,1,0.12866693457056222,16.897252603077,0.23118776306334052,13367,14006,"0.8594,0.8379,1.9501",GAN-cut-3D-T2-from-single
T2,ReMIND-032-post,postop,2,cavity,1,1,0.0,51.731346281140326,0.0,6211,122,"0.8594,0.8379,1.9501",GAN-cut-3D-T2-from-single
T2,ReMIND-032-post,postop,lesion,lesion,1,1,0.19088589568622796,17.823612131709854,0.1919436052366566,19578,14128,"0.8594,0.8379,1.9501",GAN-cut-3D-T2-from-single
T2,ReMIND-032-pre,preop,1,tumor,1,1,0.3091652577360123,11.838937198697202,0.19124173155823496,32911,17955,"0.8208,0.8169,1.9763",GAN-cut-3D-T2-from-single
T2,ReMIND-032-pre,preop,2,cavity,0,0,nan,nan,nan,0,0,"0.8208,0.8169,1.9763",GAN-cut-3D-T2-from-single
T2,ReMIND-032-pre,preop,lesion,lesion,1,1,0.3091652577360123,11.838937198697202,0.19124173155823496,32911,17955,"0.8208,0.8169,1.9763",GAN-cut-3D-T2-from-single
T2,ReMIND-034-post,postop,1,tumor,1,1,0.033806466811944165,32.05661450007532,0.06524926686217009,516,16463,"0.8557,0.8490,1.9836",GAN-cut-3D-T2-from-single
T2,ReMIND-034-post,postop,2,cavity,1,1,0.0,42.852941719912444,0.004880795945184907,12900,647,"0.8557,0.8490,1.9836",GAN-cut-3D-T2-from-single
T2,ReMIND-034-post,postop,lesion,lesion,1,1,0.1724431632051366,34.14725824399523,0.12388326384752829,13416,17110,"0.8557,0.8490,1.9836",GAN-cut-3D-T2-from-single
T2,ReMIND-034-pre,preop,1,tumor,1,1,0.4486382363223812,22.324886059809295,0.33844781072018626,206728,85026,"0.2679,0.2658,4.9631",GAN-cut-3D-T2-from-single
T2,ReMIND-034-pre,preop,2,cavity,1,0,0.0,nan,nan,20636,0,"0.2679,0.2658,4.9631",GAN-cut-3D-T2-from-single
T2,ReMIND-034-pre,preop,lesion,lesion,1,1,0.41900188866481003,26.142083841719472,0.3298637061597206,227364,85026,"0.2679,0.2658,4.9631",GAN-cut-3D-T2-from-single
T2,ReMIND-045-post,postop,1,tumor,1,1,0.034460972948136236,28.792757814154392,0.12607176881549698,3767,13644,"0.7296,0.7296,2.0000",GAN-cut-3D-T2-from-single
T2,ReMIND-045-post,postop,2,cavity,1,1,0.0,41.74721809301493,0.0,4649,30,"0.7296,0.7296,2.0000",GAN-cut-3D-T2-from-single
T2,ReMIND-045-post,postop,lesion,lesion,1,1,0.1213218650973291,24.375825889001682,0.19065898912348048,8416,13674,"0.7296,0.7296,2.0000",GAN-cut-3D-T2-from-single
T2,ReMIND-045-pre,preop,1,tumor,1,1,0.6164252307633928,3.063560962445237,0.6743529296203526,123470,87352,"0.2608,0.2430,0.9600",GAN-cut-3D-T2-from-single
T2,ReMIND-045-pre,preop,2,cavity,0,0,nan,nan,nan,0,0,"0.2608,0.2430,0.9600",GAN-cut-3D-T2-from-single
T2,ReMIND-045-pre,preop,lesion,lesion,1,1,0.6164252307633928,3.063560962445237,0.6743529296203526,123470,87352,"0.2608,0.2430,0.9600",GAN-cut-3D-T2-from-single
T2,ReMIND-056-post,postop,1,tumor,0,1,nan,nan,nan,0,9247,"0.8539,0.8523,1.9741",GAN-cut-3D-T2-from-single
T2,ReMIND-056-post,postop,2,cavity,1,0,0.0,nan,nan,17551,0,"0.8539,0.8523,1.9741",GAN-cut-3D-T2-from-single
T2,ReMIND-056-post,postop,lesion,lesion,1,1,0.0010448540935890738,24.223179924373728,0.016926738957947635,17551,9247,"0.8539,0.8523,1.9741",GAN-cut-3D-T2-from-single
T2,ReMIND-056-pre,preop,1,tumor,1,1,0.658821160493551,6.931543653991642,0.3905671041889091,55846,33547,"0.7937,0.7936,1.2000",GAN-cut-3D-T2-from-single
T2,ReMIND-056-pre,preop,2,cavity,0,1,nan,nan,nan,0,279,"0.7937,0.7936,1.2000",GAN-cut-3D-T2-from-single
T2,ReMIND-056-pre,preop,lesion,lesion,1,1,0.6608528860736907,6.886672604091683,0.3966242078182845,55846,33826,"0.7937,0.7936,1.2000",GAN-cut-3D-T2-from-single
T2,ReMIND-077-post,postop,1,tumor,1,1,0.08861932440400977,25.785843593090927,0.2347788933988464,2094,9777,"0.8558,0.8268,1.9283",GAN-cut-3D-T2-from-single
T2,ReMIND-077-post,postop,2,cavity,1,1,0.051205715986900865,15.626689832461073,0.1441578148710167,2767,592,"0.8558,0.8268,1.9283",GAN-cut-3D-T2-from-single
T2,ReMIND-077-post,postop,lesion,lesion,1,1,0.22337491792514774,24.63929249743795,0.28538205980066444,4861,10369,"0.8558,0.8268,1.9283",GAN-cut-3D-T2-from-single
T2,ReMIND-077-pre,preop,1,tumor,1,1,0.19032258064516128,11.692955325497493,0.23193685488767457,6841,21059,"0.9765,0.9644,0.9880",GAN-cut-3D-T2-from-single
T2,ReMIND-077-pre,preop,2,cavity,1,1,0.0,42.90552723489021,0.0,5265,347,"0.9765,0.9644,0.9880",GAN-cut-3D-T2-from-single
T2,ReMIND-077-pre,preop,lesion,lesion,1,1,0.24158510384339937,11.742660197571345,0.24174157911837973,12106,21406,"0.9765,0.9644,0.9880",GAN-cut-3D-T2-from-single
T2,ReMIND-079-post,postop,1,tumor,1,1,0.0,44.40055415592252,0.0,7260,1327,"0.7990,0.7254,1.8280",GAN-cut-3D-T2-from-single
T2,ReMIND-079-post,postop,2,cavity,0,0,nan,nan,nan,0,0,"0.7990,0.7254,1.8280",GAN-cut-3D-T2-from-single
T2,ReMIND-079-post,postop,lesion,lesion,1,1,0.0,44.40055415592252,0.0,7260,1327,"0.7990,0.7254,1.8280",GAN-cut-3D-T2-from-single
T2,ReMIND-079-pre,preop,1,tumor,1,1,0.2770949720670391,15.938056235550132,0.16378041878890776,14068,24417,"0.9526,0.9132,0.9551",GAN-cut-3D-T2-from-single
T2,ReMIND-079-pre,preop,2,cavity,1,0,0.0,nan,nan,7069,0,"0.9526,0.9132,0.9551",GAN-cut-3D-T2-from-single
T2,ReMIND-079-pre,preop,lesion,lesion,1,1,0.2880537384203363,16.28954859237131,0.17722571111932028,21137,24417,"0.9526,0.9132,0.9551",GAN-cut-3D-T2-from-single
T2,ReMIND-087-post,postop,1,tumor,0,1,nan,nan,nan,0,11584,"0.8587,0.8570,1.9930",GAN-cut-3D-T2-from-single
T2,ReMIND-087-post,postop,2,cavity,1,0,0.0,nan,nan,8781,0,"0.8587,0.8570,1.9930",GAN-cut-3D-T2-from-single
T2,ReMIND-087-post,postop,lesion,lesion,1,1,0.21802111465750063,15.037884728999956,0.13416106225211244,8781,11584,"0.8587,0.8570,1.9930",GAN-cut-3D-T2-from-single
T2,ReMIND-087-pre,preop,1,tumor,1,1,0.015136285697392539,17.818759257926235,0.0399271040424122,11505,5408,"0.9766,0.9734,0.9968",GAN-cut-3D-T2-from-single
T2,ReMIND-087-pre,preop,2,cavity,1,0,0.0,nan,nan,11681,0,"0.9766,0.9734,0.9968",GAN-cut-3D-T2-from-single
T2,ReMIND-087-pre,preop,lesion,lesion,1,1,0.09414562495628453,17.194081668670776,0.1037113668692616,23186,5408,"0.9766,0.9734,0.9968",GAN-cut-3D-T2-from-single
T2,ReMIND-091-post,postop,1,tumor,0,1,nan,nan,nan,0,4943,"0.8574,0.8545,1.9930",GAN-cut-3D-T2-from-single
T2,ReMIND-091-post,postop,2,cavity,1,1,0.0,40.39459075899347,0.0,7894,11,"0.8574,0.8545,1.9930",GAN-cut-3D-T2-from-single
T2,ReMIND-091-post,postop,lesion,lesion,1,1,0.18212951432129515,13.55728599156479,0.19506111249688202,7894,4954,"0.8574,0.8545,1.9930",GAN-cut-3D-T2-from-single
T2,ReMIND-091-pre,preop,1,tumor,1,1,0.44264609872007044,13.135069116898029,0.22101897689768976,25347,40516,"0.9733,0.9707,0.9931",GAN-cut-3D-T2-from-single
T2,ReMIND-091-pre,preop,2,cavity,0,1,nan,nan,nan,0,18,"0.9733,0.9707,0.9931",GAN-cut-3D-T2-from-single
T2,ReMIND-091-pre,preop,lesion,lesion,1,1,0.4430715987917609,13.135069116898029,0.22065485996705106,25347,40534,"0.9733,0.9707,0.9931",GAN-cut-3D-T2-from-single
T2,ReMIND-096-post,postop,1,tumor,0,1,nan,nan,nan,0,2665,"0.8569,0.8553,1.9849",GAN-cut-3D-T2-from-single
T2,ReMIND-096-post,postop,2,cavity,1,1,0.0,17.676950878165883,0.009365244536940686,2166,5,"0.8569,0.8553,1.9849",GAN-cut-3D-T2-from-single
T2,ReMIND-096-post,postop,lesion,lesion,1,1,0.0037220843672456576,20.062523942263404,0.042439024390243905,2166,2670,"0.8569,0.8553,1.9849",GAN-cut-3D-T2-from-single
T2,ReMIND-096-pre,preop,1,tumor,1,1,0.4706927175843694,12.288188129093045,0.1963778409090909,18774,55542,"0.9755,0.9626,0.9851",GAN-cut-3D-T2-from-single
T2,ReMIND-096-pre,preop,2,cavity,0,0,nan,nan,nan,0,0,"0.9755,0.9626,0.9851",GAN-cut-3D-T2-from-single
T2,ReMIND-096-pre,preop,lesion,lesion,1,1,0.4706927175843694,12.288188129093045,0.1963778409090909,18774,55542,"0.9755,0.9626,0.9851",GAN-cut-3D-T2-from-single
T2,ReMIND-102-pre,preop,1,tumor,1,1,0.24680067868748742,1.5512724896449035,0.9645575939098964,7693,27080,"0.0008,0.0174,0.0887",GAN-cut-3D-T2-from-single
T2,ReMIND-102-pre,preop,2,cavity,0,1,nan,nan,nan,0,523,"0.0008,0.0174,0.0887",GAN-cut-3D-T2-from-single
T2,ReMIND-102-pre,preop,lesion,lesion,1,1,0.2486400725294651,1.5443460167530554,0.9634350457061929,7693,27603,"0.0008,0.0174,0.0887",GAN-cut-3D-T2-from-single
T2,ReMIND-107-post,postop,1,tumor,1,1,0.0,29.934510061972905,0.0,3621,91,"0.8587,0.8481,1.9732",GAN-cut-3D-T2-from-single
T2,ReMIND-107-post,postop,2,cavity,1,1,0.0,36.628203191503225,0.0,879,96,"0.8587,0.8481,1.9732",GAN-cut-3D-T2-from-single
T2,ReMIND-107-post,postop,lesion,lesion,1,1,0.0,31.512580233322396,0.0,4500,187,"0.8587,0.8481,1.9732",GAN-cut-3D-T2-from-single
T2,ReMIND-107-pre,preop,1,tumor,1,1,0.0032910690778078016,24.31098010621742,0.009196638274993634,57631,101,"0.2343,0.2312,4.9330",GAN-cut-3D-T2-from-single
T2,ReMIND-107-pre,preop,2,cavity,0,0,nan,nan,nan,0,0,"0.2343,0.2312,4.9330",GAN-cut-3D-T2-from-single
T2,ReMIND-107-pre,preop,lesion,lesion,1,1,0.0032910690778078016,24.31098010621742,0.009196638274993634,57631,101,"0.2343,0.2312,4.9330",GAN-cut-3D-T2-from-single
T2,ReMIND-109-post,postop,1,tumor,0,1,nan,nan,nan,0,578,"0.8585,0.8371,1.9460",GAN-cut-3D-T2-from-single
T2,ReMIND-109-post,postop,2,cavity,1,0,0.0,nan,nan,3408,0,"0.8585,0.8371,1.9460",GAN-cut-3D-T2-from-single
T2,ReMIND-109-post,postop,lesion,lesion,1,1,0.0005017561465127947,29.669769682763018,0.003727369542066028,3408,578,"0.8585,0.8371,1.9460",GAN-cut-3D-T2-from-single
T2,ReMIND-109-pre,preop,1,tumor,1,1,0.6064407351205531,5.173720577843379,0.36137381781981087,10361,19294,"0.9755,0.9400,0.9620",GAN-cut-3D-T2-from-single
T2,ReMIND-109-pre,preop,2,cavity,0,0,nan,nan,nan,0,0,"0.9755,0.9400,0.9620",GAN-cut-3D-T2-from-single
T2,ReMIND-109-pre,preop,lesion,lesion,1,1,0.6064407351205531,5.173720577843379,0.36137381781981087,10361,19294,"0.9755,0.9400,0.9620",GAN-cut-3D-T2-from-single
T2,ReMIND-003-post,postop,1,tumor,0,1,nan,nan,nan,0,28543,"0.9264,0.9265,1.9922",GAN-cyclegan-2.5D-T2-from-dual
T2,ReMIND-003-post,postop,2,cavity,1,1,0.0,23.37495103042928,0.0,2099,42,"0.9264,0.9265,1.9922",GAN-cyclegan-2.5D-T2-from-dual
T2,ReMIND-003-post,postop,lesion,lesion,1,1,0.13231651675140138,35.62499521466831,0.051072269740919794,2099,28585,"0.9264,0.9265,1.9922",GAN-cyclegan-2.5D-T2-from-dual
T2,ReMIND-023-pre,preop,1,tumor,1,1,0.35951209073400386,55.11135083047855,0.2558098591549296,3895,10124,"0.6872,0.6822,2.1845",GAN-cyclegan-2.5D-T2-from-dual
T2,ReMIND-023-pre,preop,2,cavity,0,0,nan,nan,nan,0,0,"0.6872,0.6822,2.1845",GAN-cyclegan-2.5D-T2-from-dual
T2,ReMIND-023-pre,preop,lesion,lesion,1,1,0.35951209073400386,55.11135083047855,0.2558098591549296,3895,10124,"0.6872,0.6822,2.1845",GAN-cyclegan-2.5D-T2-from-dual
T2,ReMIND-032-post,postop,1,tumor,1,1,0.24712501326916952,13.429916873885293,0.26443167906582543,13367,14894,"0.8594,0.8379,1.9501",GAN-cyclegan-2.5D-T2-from-dual
T2,ReMIND-032-post,postop,2,cavity,1,0,0.0,nan,nan,6211,0,"0.8594,0.8379,1.9501",GAN-cyclegan-2.5D-T2-from-dual
T2,ReMIND-032-post,postop,lesion,lesion,1,1,0.37827802274309585,12.190752630726177,0.2571085672082718,19578,14894,"0.8594,0.8379,1.9501",GAN-cyclegan-2.5D-T2-from-dual
T2,ReMIND-032-pre,preop,1,tumor,1,1,0.47485710811139487,9.849686622619629,0.227260348583878,32911,32873,"0.8208,0.8169,1.9763",GAN-cyclegan-2.5D-T2-from-dual
T2,ReMIND-032-pre,preop,2,cavity,0,0,nan,nan,nan,0,0,"0.8208,0.8169,1.9763",GAN-cyclegan-2.5D-T2-from-dual
T2,ReMIND-032-pre,preop,lesion,lesion,1,1,0.47485710811139487,9.849686622619629,0.227260348583878,32911,32873,"0.8208,0.8169,1.9763",GAN-cyclegan-2.5D-T2-from-dual
T2,ReMIND-045-pre,preop,1,tumor,1,1,0.5241160058247463,8.197150996144153,0.4434020874751491,123470,236374,"0.2608,0.2430,0.9600",GAN-cyclegan-2.5D-T2-from-dual
T2,ReMIND-045-pre,preop,2,cavity,0,0,nan,nan,nan,0,0,"0.2608,0.2430,0.9600",GAN-cyclegan-2.5D-T2-from-dual
T2,ReMIND-045-pre,preop,lesion,lesion,1,1,0.5241160058247463,8.197150996144153,0.4434020874751491,123470,236374,"0.2608,0.2430,0.9600",GAN-cyclegan-2.5D-T2-from-dual
T2,ReMIND-056-post,postop,1,tumor,0,1,nan,nan,nan,0,45440,"0.8539,0.8523,1.9741",GAN-cyclegan-2.5D-T2-from-dual
T2,ReMIND-056-post,postop,2,cavity,1,0,0.0,nan,nan,17551,0,"0.8539,0.8523,1.9741",GAN-cyclegan-2.5D-T2-from-dual
T2,ReMIND-056-post,postop,lesion,lesion,1,1,0.2949627724595577,26.245362532862508,0.1838491798411638,17551,45440,"0.8539,0.8523,1.9741",GAN-cyclegan-2.5D-T2-from-dual
T2,ReMIND-056-pre,preop,1,tumor,1,1,0.508315073635324,14.35821841188227,0.24362648966661637,55846,58705,"0.7937,0.7936,1.2000",GAN-cyclegan-2.5D-T2-from-dual
T2,ReMIND-056-pre,preop,2,cavity,0,0,nan,nan,nan,0,0,"0.7937,0.7936,1.2000",GAN-cyclegan-2.5D-T2-from-dual
T2,ReMIND-056-pre,preop,lesion,lesion,1,1,0.508315073635324,14.35821841188227,0.24362648966661637,55846,58705,"0.7937,0.7936,1.2000",GAN-cyclegan-2.5D-T2-from-dual
T2,ReMIND-077-post,postop,1,tumor,1,1,0.09222054380664653,25.137630621718213,0.1863232217573222,2094,24386,"0.8558,0.8268,1.9283",GAN-cyclegan-2.5D-T2-from-dual
T2,ReMIND-077-post,postop,2,cavity,1,0,0.0,nan,nan,2767,0,"0.8558,0.8268,1.9283",GAN-cyclegan-2.5D-T2-from-dual
T2,ReMIND-077-post,postop,lesion,lesion,1,1,0.20781618627551543,24.61147827075641,0.2299175234436787,4861,24386,"0.8558,0.8268,1.9283",GAN-cyclegan-2.5D-T2-from-dual
T2,ReMIND-077-pre,preop,1,tumor,1,1,0.18613019926114505,25.386072964019153,0.16916250693288962,6841,45402,"0.9765,0.9644,0.9880",GAN-cyclegan-2.5D-T2-from-dual
T2,ReMIND-077-pre,preop,2,cavity,1,0,0.0,nan,nan,5265,0,"0.9765,0.9644,0.9880",GAN-cyclegan-2.5D-T2-from-dual
T2,ReMIND-077-pre,preop,lesion,lesion,1,1,0.2554427210127287,25.025417147755856,0.18143676684647658,12106,45402,"0.9765,0.9644,0.9880",GAN-cyclegan-2.5D-T2-from-dual
T2,ReMIND-079-post,postop,1,tumor,1,1,0.12523941680021888,15.655537085068609,0.1704501232325853,7260,18323,"0.7990,0.7254,1.8280",GAN-cyclegan-2.5D-T2-from-dual
T2,ReMIND-079-post,postop,2,cavity,0,0,nan,nan,nan,0,0,"0.7990,0.7254,1.8280",GAN-cyclegan-2.5D-T2-from-dual
T2,ReMIND-079-post,postop,lesion,lesion,1,1,0.12523941680021888,15.655537085068609,0.1704501232325853,7260,18323,"0.7990,0.7254,1.8280",GAN-cyclegan-2.5D-T2-from-dual
T2,ReMIND-079-pre,preop,1,tumor,1,1,0.35920375754864686,13.230375564455372,0.229303775545549,14068,48526,"0.9526,0.9132,0.9551",GAN-cyclegan-2.5D-T2-from-dual
T2,ReMIND-079-pre,preop,2,cavity,1,0,0.0,nan,nan,7069,0,"0.9526,0.9132,0.9551",GAN-cyclegan-2.5D-T2-from-dual
T2,ReMIND-079-pre,preop,lesion,lesion,1,1,0.37104345204771544,14.644739248739887,0.22841739901041283,21137,48526,"0.9526,0.9132,0.9551",GAN-cyclegan-2.5D-T2-from-dual
T2,ReMIND-087-pre,preop,1,tumor,1,1,0.09918421901645388,17.454552106366837,0.1495345811230107,11505,31889,"0.9766,0.9734,0.9968",GAN-cyclegan-2.5D-T2-from-dual
T2,ReMIND-087-pre,preop,2,cavity,1,0,0.0,nan,nan,11681,0,"0.9766,0.9734,0.9968",GAN-cyclegan-2.5D-T2-from-dual
T2,ReMIND-087-pre,preop,lesion,lesion,1,1,0.39339083068542896,15.93170174339934,0.26086584531143053,23186,31889,"0.9766,0.9734,0.9968",GAN-cyclegan-2.5D-T2-from-dual
T2,ReMIND-091-pre,preop,1,tumor,1,1,0.42365994686669795,15.139997705843507,0.19984816853292844,25347,51441,"0.9733,0.9707,0.9931",GAN-cyclegan-2.5D-T2-from-dual
T2,ReMIND-091-pre,preop,2,cavity,0,0,nan,nan,nan,0,0,"0.9733,0.9707,0.9931",GAN-cyclegan-2.5D-T2-from-dual
T2,ReMIND-091-pre,preop,lesion,lesion,1,1,0.42365994686669795,15.139997705843507,0.19984816853292844,25347,51441,"0.9733,0.9707,0.9931",GAN-cyclegan-2.5D-T2-from-dual
T2,ReMIND-096-post,postop,1,tumor,0,1,nan,nan,nan,0,27691,"0.8569,0.8553,1.9849",GAN-cyclegan-2.5D-T2-from-dual
T2,ReMIND-096-post,postop,2,cavity,1,0,0.0,nan,nan,2166,0,"0.8569,0.8553,1.9849",GAN-cyclegan-2.5D-T2-from-dual
T2,ReMIND-096-post,postop,lesion,lesion,1,1,0.14214422078574537,25.84685115179914,0.07408550702268869,2166,27691,"0.8569,0.8553,1.9849",GAN-cyclegan-2.5D-T2-from-dual
T2,ReMIND-096-pre,preop,1,tumor,1,1,0.31203809874538624,18.097026656305342,0.037093850230093435,18774,100705,"0.9755,0.9626,0.9851",GAN-cyclegan-2.5D-T2-from-dual
T2,ReMIND-096-pre,preop,2,cavity,0,0,nan,nan,nan,0,0,"0.9755,0.9626,0.9851",GAN-cyclegan-2.5D-T2-from-dual
T2,ReMIND-096-pre,preop,lesion,lesion,1,1,0.31203809874538624,18.097026656305342,0.037093850230093435,18774,100705,"0.9755,0.9626,0.9851",GAN-cyclegan-2.5D-T2-from-dual
T2,ReMIND-102-pre,preop,1,tumor,1,1,0.30489818381948264,0.4693411482046782,1.0,7693,26830,"0.0008,0.0174,0.0887",GAN-cyclegan-2.5D-T2-from-dual
T2,ReMIND-102-pre,preop,2,cavity,0,1,nan,nan,nan,0,34,"0.0008,0.0174,0.0887",GAN-cyclegan-2.5D-T2-from-dual
T2,ReMIND-102-pre,preop,lesion,lesion,1,1,0.304598200075238,0.46933182195982853,1.0,7693,26864,"0.0008,0.0174,0.0887",GAN-cyclegan-2.5D-T2-from-dual
T2,ReMIND-107-pre,preop,1,tumor,1,1,0.2163549964532997,13.631604390524009,0.17713481913561924,57631,101672,"0.2343,0.2312,4.9330",GAN-cyclegan-2.5D-T2-from-dual
T2,ReMIND-107-pre,preop,2,cavity,0,1,nan,nan,nan,0,134643,"0.2343,0.2312,4.9330",GAN-cyclegan-2.5D-T2-from-dual
T2,ReMIND-107-pre,preop,lesion,lesion,1,1,0.37079599654358286,11.614913655480198,0.21351383997844328,57631,236315,"0.2343,0.2312,4.9330",GAN-cyclegan-2.5D-T2-from-dual
T2,ReMIND-109-post,postop,1,tumor,0,1,nan,nan,nan,0,28273,"0.8585,0.8371,1.9460",GAN-cyclegan-2.5D-T2-from-dual
T2,ReMIND-109-post,postop,2,cavity,1,0,0.0,nan,nan,3408,0,"0.8585,0.8371,1.9460",GAN-cyclegan-2.5D-T2-from-dual
T2,ReMIND-109-post,postop,lesion,lesion,1,1,0.08251002177961554,42.61171240061639,0.1492567095679936,3408,28273,"0.8585,0.8371,1.9460",GAN-cyclegan-2.5D-T2-from-dual
T2,ReMIND-109-pre,preop,1,tumor,1,1,0.04656914705674511,49.39547817417461,0.05880026367831246,10361,17941,"0.9755,0.9400,0.9620",GAN-cyclegan-2.5D-T2-from-dual
T2,ReMIND-109-pre,preop,2,cavity,0,0,nan,nan,nan,0,0,"0.9755,0.9400,0.9620",GAN-cyclegan-2.5D-T2-from-dual
T2,ReMIND-109-pre,preop,lesion,lesion,1,1,0.04656914705674511,49.39547817417461,0.05880026367831246,10361,17941,"0.9755,0.9400,0.9620",GAN-cyclegan-2.5D-T2-from-dual
T2,ReMIND-003-post,postop,1,tumor,0,1,nan,nan,nan,0,28395,"0.9264,0.9265,1.9922",GAN-cyclegan-2.5D-T2-from-single
T2,ReMIND-003-post,postop,2,cavity,1,0,0.0,nan,nan,2099,0,"0.9264,0.9265,1.9922",GAN-cyclegan-2.5D-T2-from-single
T2,ReMIND-003-post,postop,lesion,lesion,1,1,0.13491178592510003,28.038681263163365,0.03891102257636122,2099,28395,"0.9264,0.9265,1.9922",GAN-cyclegan-2.5D-T2-from-single
T2,ReMIND-003-pre,preop,1,tumor,1,1,0.45158448663560286,9.836432336327357,0.19435569755058574,10844,32293,"0.9757,0.9586,0.9825",GAN-cyclegan-2.5D-T2-from-single
T2,ReMIND-003-pre,preop,2,cavity,0,0,nan,nan,nan,0,0,"0.9757,0.9586,0.9825",GAN-cyclegan-2.5D-T2-from-single
T2,ReMIND-003-pre,preop,lesion,lesion,1,1,0.45158448663560286,9.836432336327357,0.19435569755058574,10844,32293,"0.9757,0.9586,0.9825",GAN-cyclegan-2.5D-T2-from-single
T2,ReMIND-004-pre,preop,1,tumor,1,1,0.0824170477765885,23.249210078965312,0.1533223761446349,2043,18511,"0.9761,0.9626,0.9802",GAN-cyclegan-2.5D-T2-from-single
T2,ReMIND-004-pre,preop,2,cavity,0,0,nan,nan,nan,0,0,"0.9761,0.9626,0.9802",GAN-cyclegan-2.5D-T2-from-single
T2,ReMIND-004-pre,preop,lesion,lesion,1,1,0.0824170477765885,23.249210078965312,0.1533223761446349,2043,18511,"0.9761,0.9626,0.9802",GAN-cyclegan-2.5D-T2-from-single
T2,ReMIND-023-pre,preop,1,tumor,1,1,0.2670051287364658,56.43430783175338,0.20538922155688621,3895,15408,"0.6872,0.6822,2.1845",GAN-cyclegan-2.5D-T2-from-single
T2,ReMIND-023-pre,preop,2,cavity,0,0,nan,nan,nan,0,0,"0.6872,0.6822,2.1845",GAN-cyclegan-2.5D-T2-from-single
T2,ReMIND-023-pre,preop,lesion,lesion,1,1,0.2670051287364658,56.43430783175338,0.20538922155688621,3895,15408,"0.6872,0.6822,2.1845",GAN-cyclegan-2.5D-T2-from-single
T2,ReMIND-031-post,postop,1,tumor,0,1,nan,nan,nan,0,117270,"0.0027,0.1312,0.0963",GAN-cyclegan-2.5D-T2-from-single
T2,ReMIND-031-post,postop,2,cavity,1,0,0.0,nan,nan,32424,0,"0.0027,0.1312,0.0963",GAN-cyclegan-2.5D-T2-from-single
T2,ReMIND-031-post,postop,lesion,lesion,1,1,0.10699159618956004,1.4464615881844283,0.983653720413234,32424,117270,"0.0027,0.1312,0.0963",GAN-cyclegan-2.5D-T2-from-single
T2,ReMIND-031-pre,preop,1,tumor,1,1,0.14136449504321513,21.169070030875304,0.1723582474226804,8344,51473,"0.9766,0.9754,0.9990",GAN-cyclegan-2.5D-T2-from-single
T2,ReMIND-031-pre,preop,2,cavity,0,0,nan,nan,nan,0,0,"0.9766,0.9754,0.9990",GAN-cyclegan-2.5D-T2-from-single
T2,ReMIND-031-pre,preop,lesion,lesion,1,1,0.14136449504321513,21.169070030875304,0.1723582474226804,8344,51473,"0.9766,0.9754,0.9990",GAN-cyclegan-2.5D-T2-from-single
T2,ReMIND-032-post,postop,1,tumor,1,1,0.15683414577975666,16.85285546923049,0.19412219644238204,13367,12686,"0.8594,0.8379,1.9501",GAN-cyclegan-2.5D-T2-from-single
T2,ReMIND-032-post,postop,2,cavity,1,0,0.0,nan,nan,6211,0,"0.8594,0.8379,1.9501",GAN-cyclegan-2.5D-T2-from-single
T2,ReMIND-032-post,postop,lesion,lesion,1,1,0.2553930076865857,14.689575717409806,0.226768968456948,19578,12686,"0.8594,0.8379,1.9501",GAN-cyclegan-2.5D-T2-from-single
T2,ReMIND-032-pre,preop,1,tumor,1,1,0.4755903349807798,12.266403396670345,0.21021237545883587,32911,39929,"0.8208,0.8169,1.9763",GAN-cyclegan-2.5D-T2-from-single
T2,ReMIND-032-pre,preop,2,cavity,0,1,nan,nan,nan,0,16,"0.8208,0.8169,1.9763",GAN-cyclegan-2.5D-T2-from-single
T2,ReMIND-032-pre,preop,lesion,lesion,1,1,0.4754858899747447,12.28102389426907,0.20999214248297537,32911,39945,"0.8208,0.8169,1.9763",GAN-cyclegan-2.5D-T2-from-single
T2,ReMIND-034-post,postop,1,tumor,1,1,0.032173221603767815,49.060344941145885,0.05675049636002647,516,15833,"0.8557,0.8490,1.9836",GAN-cyclegan-2.5D-T2-from-single
T2,ReMIND-034-post,postop,2,cavity,1,0,0.0,nan,nan,12900,0,"0.8557,0.8490,1.9836",GAN-cyclegan-2.5D-T2-from-single
T2,ReMIND-034-post,postop,lesion,lesion,1,1,0.1762111525180348,46.53512361145411,0.10252658277241244,13416,15833,"0.8557,0.8490,1.9836",GAN-cyclegan-2.5D-T2-from-single
T2,ReMIND-034-pre,preop,1,tumor,1,1,0.2190110841604881,26.334787873488334,0.12209191486221381,206728,142058,"0.2679,0.2658,4.9631",GAN-cyclegan-2.5D-T2-from-single
T2,ReMIND-034-pre,preop,2,cavity,1,0,0.0,nan,nan,20636,0,"0.2679,0.2658,4.9631",GAN-cyclegan-2.5D-T2-from-single
T2,ReMIND-034-pre,preop,lesion,lesion,1,1,0.20677707337408166,26.28636684417183,0.12050018035349284,227364,142058,"0.2679,0.2658,4.9631",GAN-cyclegan-2.5D-T2-from-single
T2,ReMIND-045-post,postop,1,tumor,1,1,0.07259767241524923,26.529399408894786,0.14635449123119382,3767,55436,"0.7296,0.7296,2.0000",GAN-cyclegan-2.5D-T2-from-single
T2,ReMIND-045-post,postop,2,cavity,1,0,0.0,nan,nan,4649,0,"0.7296,0.7296,2.0000",GAN-cyclegan-2.5D-T2-from-single
T2,ReMIND-045-post,postop,lesion,lesion,1,1,0.1893754306834555,25.567060724051757,0.22383151961168088,8416,55436,"0.7296,0.7296,2.0000",GAN-cyclegan-2.5D-T2-from-single
T2,ReMIND-045-pre,preop,1,tumor,1,1,0.5173281566389332,8.794279559534086,0.4065150932318345,123470,271119,"0.2608,0.2430,0.9600",GAN-cyclegan-2.5D-T2-from-single
T2,ReMIND-045-pre,preop,2,cavity,0,0,nan,nan,nan,0,0,"0.2608,0.2430,0.9600",GAN-cyclegan-2.5D-T2-from-single
T2,ReMIND-045-pre,preop,lesion,lesion,1,1,0.5173281566389332,8.794279559534086,0.4065150932318345,123470,271119,"0.2608,0.2430,0.9600",GAN-cyclegan-2.5D-T2-from-single
T2,ReMIND-056-post,postop,1,tumor,0,1,nan,nan,nan,0,60864,"0.8539,0.8523,1.9741",GAN-cyclegan-2.5D-T2-from-single
T2,ReMIND-056-post,postop,2,cavity,1,0,0.0,nan,nan,17551,0,"0.8539,0.8523,1.9741",GAN-cyclegan-2.5D-T2-from-single
T2,ReMIND-056-post,postop,lesion,lesion,1,1,0.3762290378116432,21.75441085463106,0.27044603560402025,17551,60864,"0.8539,0.8523,1.9741",GAN-cyclegan-2.5D-T2-from-single
T2,ReMIND-056-pre,preop,1,tumor,1,1,0.3534600692238112,20.476720555315282,0.1853101599334381,55846,77923,"0.7937,0.7936,1.2000",GAN-cyclegan-2.5D-T2-from-single
T2,ReMIND-056-pre,preop,2,cavity,0,0,nan,nan,nan,0,0,"0.7937,0.7936,1.2000",GAN-cyclegan-2.5D-T2-from-single
T2,ReMIND-056-pre,preop,lesion,lesion,1,1,0.3534600692238112,20.476720555315282,0.1853101599334381,55846,77923,"0.7937,0.7936,1.2000",GAN-cyclegan-2.5D-T2-from-single
T2,ReMIND-077-post,postop,1,tumor,1,1,0.10010750806310473,25.286473607376585,0.11328343201876885,2094,37903,"0.8558,0.8268,1.9283",GAN-cyclegan-2.5D-T2-from-single
T2,ReMIND-077-post,postop,2,cavity,1,0,0.0,nan,nan,2767,0,"0.8558,0.8268,1.9283",GAN-cyclegan-2.5D-T2-from-single
T2,ReMIND-077-post,postop,lesion,lesion,1,1,0.19488354690861473,24.995976639038094,0.16889895607642308,4861,37903,"0.8558,0.8268,1.9283",GAN-cyclegan-2.5D-T2-from-single
T2,ReMIND-077-pre,preop,1,tumor,1,1,0.18361310794664368,24.50353254632237,0.1890085406609729,6841,44212,"0.9765,0.9644,0.9880",GAN-cyclegan-2.5D-T2-from-single
T2,ReMIND-077-pre,preop,2,cavity,1,0,0.0,nan,nan,5265,0,"0.9765,0.9644,0.9880",GAN-cyclegan-2.5D-T2-from-single
T2,ReMIND-077-pre,preop,lesion,lesion,1,1,0.2490145246635179,24.14629391182227,0.1988309120605175,12106,44212,"0.9765,0.9644,0.9880",GAN-cyclegan-2.5D-T2-from-single
T2,ReMIND-079-post,postop,1,tumor,1,1,0.1492382868640414,19.122548225903994,0.16030704194014908,7260,27530,"0.7990,0.7254,1.8280",GAN-cyclegan-2.5D-T2-from-single
T2,ReMIND-079-post,postop,2,cavity,0,0,nan,nan,nan,0,0,"0.7990,0.7254,1.8280",GAN-cyclegan-2.5D-T2-from-single
T2,ReMIND-079-post,postop,lesion,lesion,1,1,0.1492382868640414,19.122548225903994,0.16030704194014908,7260,27530,"0.7990,0.7254,1.8280",GAN-cyclegan-2.5D-T2-from-single
T2,ReMIND-079-pre,preop,1,tumor,1,1,0.3562875639262704,13.841149856960472,0.21296450591568072,14068,50655,"0.9526,0.9132,0.9551",GAN-cyclegan-2.5D-T2-from-single
T2,ReMIND-079-pre,preop,2,cavity,1,0,0.0,nan,nan,7069,0,"0.9526,0.9132,0.9551",GAN-cyclegan-2.5D-T2-from-single
T2,ReMIND-079-pre,preop,lesion,lesion,1,1,0.3684254513037664,15.325328723907905,0.20871739907109682,21137,50655,"0.9526,0.9132,0.9551",GAN-cyclegan-2.5D-T2-from-single
T2,ReMIND-087-post,postop,1,tumor,0,1,nan,nan,nan,0,40450,"0.8587,0.8570,1.9930",GAN-cyclegan-2.5D-T2-from-single
T2,ReMIND-087-post,postop,2,cavity,1,0,0.0,nan,nan,8781,0,"0.8587,0.8570,1.9930",GAN-cyclegan-2.5D-T2-from-single
T2,ReMIND-087-post,postop,lesion,lesion,1,1,0.2246958217383356,16.70009481454018,0.13429400580406284,8781,40450,"0.8587,0.8570,1.9930",GAN-cyclegan-2.5D-T2-from-single
T2,ReMIND-087-pre,preop,1,tumor,1,1,0.10159414799055752,21.27544548528202,0.08109416606148633,11505,22808,"0.9766,0.9734,0.9968",GAN-cyclegan-2.5D-T2-from-single
T2,ReMIND-087-pre,preop,2,cavity,1,0,0.0,nan,nan,11681,0,"0.9766,0.9734,0.9968",GAN-cyclegan-2.5D-T2-from-single
T2,ReMIND-087-pre,preop,lesion,lesion,1,1,0.26164282297691005,19.653332404092485,0.16126117080028116,23186,22808,"0.9766,0.9734,0.9968",GAN-cyclegan-2.5D-T2-from-single
T2,ReMIND-091-post,postop,1,tumor,0,1,nan,nan,nan,0,33916,"0.8574,0.8545,1.9930",GAN-cyclegan-2.5D-T2-from-single
T2,ReMIND-091-post,postop,2,cavity,1,0,0.0,nan,nan,7894,0,"0.8574,0.8545,1.9930",GAN-cyclegan-2.5D-T2-from-single
T2,ReMIND-091-post,postop,lesion,lesion,1,1,0.14513274336283186,24.167422811842634,0.13511196828458158,7894,33916,"0.8574,0.8545,1.9930",GAN-cyclegan-2.5D-T2-from-single
T2,ReMIND-091-pre,preop,1,tumor,1,1,0.3645870439163401,18.02865054461615,0.1631613082553507,25347,53257,"0.9733,0.9707,0.9931",GAN-cyclegan-2.5D-T2-from-single
T2,ReMIND-091-pre,preop,2,cavity,0,0,nan,nan,nan,0,0,"0.9733,0.9707,0.9931",GAN-cyclegan-2.5D-T2-from-single
T2,ReMIND-091-pre,preop,lesion,lesion,1,1,0.3645870439163401,18.02865054461615,0.1631613082553507,25347,53257,"0.9733,0.9707,0.9931",GAN-cyclegan-2.5D-T2-from-single
T2,ReMIND-096-post,postop,1,tumor,0,1,nan,nan,nan,0,31381,"0.8569,0.8553,1.9849",GAN-cyclegan-2.5D-T2-from-single
T2,ReMIND-096-post,postop,2,cavity,1,0,0.0,nan,nan,2166,0,"0.8569,0.8553,1.9849",GAN-cyclegan-2.5D-T2-from-single
T2,ReMIND-096-post,postop,lesion,lesion,1,1,0.12883417295138164,23.784941331636134,0.029166666666666667,2166,31381,"0.8569,0.8553,1.9849",GAN-cyclegan-2.5D-T2-from-single
T2,ReMIND-096-pre,preop,1,tumor,1,1,0.3085044181469312,18.73922425453719,0.03713618890719385,18774,102657,"0.9755,0.9626,0.9851",GAN-cyclegan-2.5D-T2-from-single
T2,ReMIND-096-pre,preop,2,cavity,0,0,nan,nan,nan,0,0,"0.9755,0.9626,0.9851",GAN-cyclegan-2.5D-T2-from-single
T2,ReMIND-096-pre,preop,lesion,lesion,1,1,0.3085044181469312,18.73922425453719,0.03713618890719385,18774,102657,"0.9755,0.9626,0.9851",GAN-cyclegan-2.5D-T2-from-single
T2,ReMIND-102-pre,preop,1,tumor,1,1,0.28309785452642594,0.4807793961177842,1.0,7693,26705,"0.0008,0.0174,0.0887",GAN-cyclegan-2.5D-T2-from-single
T2,ReMIND-102-pre,preop,2,cavity,0,0,nan,nan,nan,0,0,"0.0008,0.0174,0.0887",GAN-cyclegan-2.5D-T2-from-single
T2,ReMIND-102-pre,preop,lesion,lesion,1,1,0.28309785452642594,0.4807793961177842,1.0,7693,26705,"0.0008,0.0174,0.0887",GAN-cyclegan-2.5D-T2-from-single
T2,ReMIND-107-post,postop,1,tumor,1,1,0.16306987399770906,23.693890872968293,0.10218194825324907,3621,40029,"0.8587,0.8481,1.9732",GAN-cyclegan-2.5D-T2-from-single
T2,ReMIND-107-post,postop,2,cavity,1,0,0.0,nan,nan,879,0,"0.8587,0.8481,1.9732",GAN-cyclegan-2.5D-T2-from-single
T2,ReMIND-107-post,postop,lesion,lesion,1,1,0.19434525814637651,20.983117249346968,0.14984709480122324,4500,40029,"0.8587,0.8481,1.9732",GAN-cyclegan-2.5D-T2-from-single
T2,ReMIND-107-pre,preop,1,tumor,1,1,0.19947014220895887,15.602066695389256,0.16351957176313148,57631,106564,"0.2343,0.2312,4.9330",GAN-cyclegan-2.5D-T2-from-single
T2,ReMIND-107-pre,preop,2,cavity,0,1,nan,nan,nan,0,146316,"0.2343,0.2312,4.9330",GAN-cyclegan-2.5D-T2-from-single
T2,ReMIND-107-pre,preop,lesion,lesion,1,1,0.34595231730920967,12.899639956196447,0.1694122122883774,57631,252880,"0.2343,0.2312,4.9330",GAN-cyclegan-2.5D-T2-from-single
T2,ReMIND-109-post,postop,1,tumor,0,1,nan,nan,nan,0,46449,"0.8585,0.8371,1.9460",GAN-cyclegan-2.5D-T2-from-single
T2,ReMIND-109-post,postop,2,cavity,1,1,0.0,44.98745532405281,0.0,3408,5,"0.8585,0.8371,1.9460",GAN-cyclegan-2.5D-T2-from-single
T2,ReMIND-109-post,postop,lesion,lesion,1,1,0.09430026874172717,40.375686333961276,0.05869508253995982,3408,46454,"0.8585,0.8371,1.9460",GAN-cyclegan-2.5D-T2-from-single
T2,ReMIND-109-pre,preop,1,tumor,1,1,0.2931196002914542,46.102701007542336,0.23954727030625833,10361,18460,"0.9755,0.9400,0.9620",GAN-cyclegan-2.5D-T2-from-single
T2,ReMIND-109-pre,preop,2,cavity,0,0,nan,nan,nan,0,0,"0.9755,0.9400,0.9620",GAN-cyclegan-2.5D-T2-from-single
T2,ReMIND-109-pre,preop,lesion,lesion,1,1,0.2931196002914542,46.102701007542336,0.23954727030625833,10361,18460,"0.9755,0.9400,0.9620",GAN-cyclegan-2.5D-T2-from-single
T2,ReMIND-003-post,postop,1,tumor,0,1,nan,nan,nan,0,27337,"0.9264,0.9265,1.9922",GAN-cyclegan-2D+3D-post-T2-from-dual
T2,ReMIND-003-post,postop,2,cavity,1,1,0.0,44.47595140863981,0.0,2099,37,"0.9264,0.9265,1.9922",GAN-cyclegan-2D+3D-post-T2-from-dual
T2,ReMIND-003-post,postop,lesion,lesion,1,1,0.1378889152783904,29.61332262796446,0.05543061251488292,2099,27374,"0.9264,0.9265,1.9922",GAN-cyclegan-2D+3D-post-T2-from-dual
T2,ReMIND-023-pre,preop,1,tumor,1,1,0.3861782999308915,23.497767000967357,0.25768156424581007,3895,10575,"0.6872,0.6822,2.1845",GAN-cyclegan-2D+3D-post-T2-from-dual
T2,ReMIND-023-pre,preop,2,cavity,0,0,nan,nan,nan,0,0,"0.6872,0.6822,2.1845",GAN-cyclegan-2D+3D-post-T2-from-dual
T2,ReMIND-023-pre,preop,lesion,lesion,1,1,0.3861782999308915,23.497767000967357,0.25768156424581007,3895,10575,"0.6872,0.6822,2.1845",GAN-cyclegan-2D+3D-post-T2-from-dual
T2,ReMIND-032-post,postop,1,tumor,1,1,0.2095567682683349,17.273984224148208,0.30459816722082556,13367,24198,"0.8594,0.8379,1.9501",GAN-cyclegan-2D+3D-post-T2-from-dual
T2,ReMIND-032-post,postop,2,cavity,1,1,0.0,59.019015474441304,0.0,6211,24,"0.8594,0.8379,1.9501",GAN-cyclegan-2D+3D-post-T2-from-dual
T2,ReMIND-032-post,postop,lesion,lesion,1,1,0.3086301369863014,15.435398295223628,0.27872374283895607,19578,24222,"0.8594,0.8379,1.9501",GAN-cyclegan-2D+3D-post-T2-from-dual
T2,ReMIND-032-pre,preop,1,tumor,1,1,0.5625087530927595,11.455411019225496,0.3020285958694855,32911,52773,"0.8208,0.8169,1.9763",GAN-cyclegan-2D+3D-post-T2-from-dual
T2,ReMIND-032-pre,preop,2,cavity,0,0,nan,nan,nan,0,0,"0.8208,0.8169,1.9763",GAN-cyclegan-2D+3D-post-T2-from-dual
T2,ReMIND-032-pre,preop,lesion,lesion,1,1,0.5625087530927595,11.455411019225496,0.3020285958694855,32911,52773,"0.8208,0.8169,1.9763",GAN-cyclegan-2D+3D-post-T2-from-dual
T2,ReMIND-045-pre,preop,1,tumor,1,1,0.6475751767680835,4.37020467556527,0.5396017988909749,123470,186965,"0.2608,0.2430,0.9600",GAN-cyclegan-2D+3D-post-T2-from-dual
T2,ReMIND-045-pre,preop,2,cavity,0,0,nan,nan,nan,0,0,"0.2608,0.2430,0.9600",GAN-cyclegan-2D+3D-post-T2-from-dual
T2,ReMIND-045-pre,preop,lesion,lesion,1,1,0.6475751767680835,4.37020467556527,0.5396017988909749,123470,186965,"0.2608,0.2430,0.9600",GAN-cyclegan-2D+3D-post-T2-from-dual
T2,ReMIND-056-post,postop,1,tumor,0,1,nan,nan,nan,0,40232,"0.8539,0.8523,1.9741",GAN-cyclegan-2D+3D-post-T2-from-dual
T2,ReMIND-056-post,postop,2,cavity,1,0,0.0,nan,nan,17551,0,"0.8539,0.8523,1.9741",GAN-cyclegan-2D+3D-post-T2-from-dual
T2,ReMIND-056-post,postop,lesion,lesion,1,1,0.0628212450028555,21.882477852043635,0.12634846720993403,17551,40232,"0.8539,0.8523,1.9741",GAN-cyclegan-2D+3D-post-T2-from-dual
T2,ReMIND-056-pre,preop,1,tumor,1,1,0.5901137168205528,11.362383625270724,0.30638417813689106,55846,82568,"0.7937,0.7936,1.2000",GAN-cyclegan-2D+3D-post-T2-from-dual
T2,ReMIND-056-pre,preop,2,cavity,0,0,nan,nan,nan,0,0,"0.7937,0.7936,1.2000",GAN-cyclegan-2D+3D-post-T2-from-dual
T2,ReMIND-056-pre,preop,lesion,lesion,1,1,0.5901137168205528,11.362383625270724,0.30638417813689106,55846,82568,"0.7937,0.7936,1.2000",GAN-cyclegan-2D+3D-post-T2-from-dual
T2,ReMIND-077-post,postop,1,tumor,1,1,0.06279512298259216,25.314468244032753,0.17357812299396586,2094,26284,"0.8558,0.8268,1.9283",GAN-cyclegan-2D+3D-post-T2-from-dual
T2,ReMIND-077-post,postop,2,cavity,1,0,0.0,nan,nan,2767,0,"0.8558,0.8268,1.9283",GAN-cyclegan-2D+3D-post-T2-from-dual
T2,ReMIND-077-post,postop,lesion,lesion,1,1,0.17396050730454327,24.955522789515268,0.22219750889679715,4861,26284,"0.8558,0.8268,1.9283",GAN-cyclegan-2D+3D-post-T2-from-dual
T2,ReMIND-077-pre,preop,1,tumor,1,1,0.17858860970284574,24.095044454295053,0.1965057636887608,6841,47205,"0.9765,0.9644,0.9880",GAN-cyclegan-2D+3D-post-T2-from-dual
T2,ReMIND-077-pre,preop,2,cavity,1,0,0.0,nan,nan,5265,0,"0.9765,0.9644,0.9880",GAN-cyclegan-2D+3D-post-T2-from-dual
T2,ReMIND-077-pre,preop,lesion,lesion,1,1,0.25485997538399285,23.826117635515203,0.2104471374843293,12106,47205,"0.9765,0.9644,0.9880",GAN-cyclegan-2D+3D-post-T2-from-dual
T2,ReMIND-079-post,postop,1,tumor,1,1,0.16004985519997067,17.185675422047773,0.17108554277138568,7260,20019,"0.7990,0.7254,1.8280",GAN-cyclegan-2D+3D-post-T2-from-dual
T2,ReMIND-079-post,postop,2,cavity,0,0,nan,nan,nan,0,0,"0.7990,0.7254,1.8280",GAN-cyclegan-2D+3D-post-T2-from-dual
T2,ReMIND-079-post,postop,lesion,lesion,1,1,0.16004985519997067,17.185675422047773,0.17108554277138568,7260,20019,"0.7990,0.7254,1.8280",GAN-cyclegan-2D+3D-post-T2-from-dual
T2,ReMIND-079-pre,preop,1,tumor,1,1,0.34691774241444967,11.986778035935798,0.2200612430687743,14068,43179,"0.9526,0.9132,0.9551",GAN-cyclegan-2D+3D-post-T2-from-dual
T2,ReMIND-079-pre,preop,2,cavity,1,0,0.0,nan,nan,7069,0,"0.9526,0.9132,0.9551",GAN-cyclegan-2D+3D-post-T2-from-dual
T2,ReMIND-079-pre,preop,lesion,lesion,1,1,0.3895764661981467,11.462529951772627,0.26996305768684287,21137,43179,"0.9526,0.9132,0.9551",GAN-cyclegan-2D+3D-post-T2-from-dual
T2,ReMIND-087-pre,preop,1,tumor,1,1,0.16694515341253374,17.343709465282885,0.215654665950206,11505,42956,"0.9766,0.9734,0.9968",GAN-cyclegan-2D+3D-post-T2-from-dual
T2,ReMIND-087-pre,preop,2,cavity,1,0,0.0,nan,nan,11681,0,"0.9766,0.9734,0.9968",GAN-cyclegan-2D+3D-post-T2-from-dual
T2,ReMIND-087-pre,preop,lesion,lesion,1,1,0.4540534002600466,13.365668396177938,0.28018347197387855,23186,42956,"0.9766,0.9734,0.9968",GAN-cyclegan-2D+3D-post-T2-from-dual
T2,ReMIND-091-pre,preop,1,tumor,1,1,0.3950205409578428,15.277256232413306,0.16115541723400117,25347,47191,"0.9733,0.9707,0.9931",GAN-cyclegan-2D+3D-post-T2-from-dual
T2,ReMIND-091-pre,preop,2,cavity,0,0,nan,nan,nan,0,0,"0.9733,0.9707,0.9931",GAN-cyclegan-2D+3D-post-T2-from-dual
T2,ReMIND-091-pre,preop,lesion,lesion,1,1,0.3950205409578428,15.277256232413306,0.16115541723400117,25347,47191,"0.9733,0.9707,0.9931",GAN-cyclegan-2D+3D-post-T2-from-dual
T2,ReMIND-096-post,postop,1,tumor,0,1,nan,nan,nan,0,22961,"0.8569,0.8553,1.9849",GAN-cyclegan-2D+3D-post-T2-from-dual
T2,ReMIND-096-post,postop,2,cavity,1,0,0.0,nan,nan,2166,0,"0.8569,0.8553,1.9849",GAN-cyclegan-2D+3D-post-T2-from-dual
T2,ReMIND-096-post,postop,lesion,lesion,1,1,0.171449038882477,25.03627029809021,0.0838165524512388,2166,22961,"0.8569,0.8553,1.9849",GAN-cyclegan-2D+3D-post-T2-from-dual
T2,ReMIND-096-pre,preop,1,tumor,1,1,0.2893040171929244,22.185974912327094,0.04365777717612021,18774,108255,"0.9755,0.9626,0.9851",GAN-cyclegan-2D+3D-post-T2-from-dual
T2,ReMIND-096-pre,preop,2,cavity,0,0,nan,nan,nan,0,0,"0.9755,0.9626,0.9851",GAN-cyclegan-2D+3D-post-T2-from-dual
T2,ReMIND-096-pre,preop,lesion,lesion,1,1,0.2893040171929244,22.185974912327094,0.04365777717612021,18774,108255,"0.9755,0.9626,0.9851",GAN-cyclegan-2D+3D-post-T2-from-dual
T2,ReMIND-102-pre,preop,1,tumor,1,1,0.26801216234080993,0.4094373088643261,1.0,7693,37693,"0.0008,0.0174,0.0887",GAN-cyclegan-2D+3D-post-T2-from-dual
T2,ReMIND-102-pre,preop,2,cavity,0,0,nan,nan,nan,0,0,"0.0008,0.0174,0.0887",GAN-cyclegan-2D+3D-post-T2-from-dual
T2,ReMIND-102-pre,preop,lesion,lesion,1,1,0.26801216234080993,0.4094373088643261,1.0,7693,37693,"0.0008,0.0174,0.0887",GAN-cyclegan-2D+3D-post-T2-from-dual
T2,ReMIND-107-pre,preop,1,tumor,1,1,0.1542375623170929,20.31010981730553,0.17030743754049968,57631,78367,"0.2343,0.2312,4.9330",GAN-cyclegan-2D+3D-post-T2-from-dual
T2,ReMIND-107-pre,preop,2,cavity,0,1,nan,nan,nan,0,159559,"0.2343,0.2312,4.9330",GAN-cyclegan-2D+3D-post-T2-from-dual
T2,ReMIND-107-pre,preop,lesion,lesion,1,1,0.36533054537703386,11.04453977894683,0.21040066142112646,57631,237926,"0.2343,0.2312,4.9330",GAN-cyclegan-2D+3D-post-T2-from-dual
T2,ReMIND-109-post,postop,1,tumor,0,1,nan,nan,nan,0,17654,"0.8585,0.8371,1.9460",GAN-cyclegan-2D+3D-post-T2-from-dual
T2,ReMIND-109-post,postop,2,cavity,1,0,0.0,nan,nan,3408,0,"0.8585,0.8371,1.9460",GAN-cyclegan-2D+3D-post-T2-from-dual
T2,ReMIND-109-post,postop,lesion,lesion,1,1,0.11072072927547241,49.71307601777347,0.11843745671145588,3408,17654,"0.8585,0.8371,1.9460",GAN-cyclegan-2D+3D-post-T2-from-dual
T2,ReMIND-109-pre,preop,1,tumor,1,1,0.06532940302442064,51.91655590305165,0.12805944055944055,10361,31366,"0.9755,0.9400,0.9620",GAN-cyclegan-2D+3D-post-T2-from-dual
T2,ReMIND-109-pre,preop,2,cavity,0,0,nan,nan,nan,0,0,"0.9755,0.9400,0.9620",GAN-cyclegan-2D+3D-post-T2-from-dual
T2,ReMIND-109-pre,preop,lesion,lesion,1,1,0.06532940302442064,51.91655590305165,0.12805944055944055,10361,31366,"0.9755,0.9400,0.9620",GAN-cyclegan-2D+3D-post-T2-from-dual
T2,ReMIND-003-post,postop,1,tumor,0,1,nan,nan,nan,0,30896,"0.9264,0.9265,1.9922",GAN-cyclegan-2D+3D-post-T2-from-single
T2,ReMIND-003-post,postop,2,cavity,1,0,0.0,nan,nan,2099,0,"0.9264,0.9265,1.9922",GAN-cyclegan-2D+3D-post-T2-from-single
T2,ReMIND-003-post,postop,lesion,lesion,1,1,0.11626003939990907,50.95389013497048,0.09490037149611617,2099,30896,"0.9264,0.9265,1.9922",GAN-cyclegan-2D+3D-post-T2-from-single
T2,ReMIND-003-pre,preop,1,tumor,1,1,0.45685989837187596,21.705386558526367,0.26149314893072095,10844,27728,"0.9757,0.9586,0.9825",GAN-cyclegan-2D+3D-post-T2-from-single
T2,ReMIND-003-pre,preop,2,cavity,0,0,nan,nan,nan,0,0,"0.9757,0.9586,0.9825",GAN-cyclegan-2D+3D-post-T2-from-single
T2,ReMIND-003-pre,preop,lesion,lesion,1,1,0.45685989837187596,21.705386558526367,0.26149314893072095,10844,27728,"0.9757,0.9586,0.9825",GAN-cyclegan-2D+3D-post-T2-from-single
T2,ReMIND-004-pre,preop,1,tumor,1,1,0.0,53.65505225401087,0.005582953382339257,2043,69784,"0.9761,0.9626,0.9802",GAN-cyclegan-2D+3D-post-T2-from-single
T2,ReMIND-004-pre,preop,2,cavity,0,0,nan,nan,nan,0,0,"0.9761,0.9626,0.9802",GAN-cyclegan-2D+3D-post-T2-from-single
T2,ReMIND-004-pre,preop,lesion,lesion,1,1,0.0,53.65505225401087,0.005582953382339257,2043,69784,"0.9761,0.9626,0.9802",GAN-cyclegan-2D+3D-post-T2-from-single
T2,ReMIND-023-pre,preop,1,tumor,1,1,0.3304472016424172,56.20542867921982,0.2760539268136101,3895,7308,"0.6872,0.6822,2.1845",GAN-cyclegan-2D+3D-post-T2-from-single
T2,ReMIND-023-pre,preop,2,cavity,0,0,nan,nan,nan,0,0,"0.6872,0.6822,2.1845",GAN-cyclegan-2D+3D-post-T2-from-single
T2,ReMIND-023-pre,preop,lesion,lesion,1,1,0.3304472016424172,56.20542867921982,0.2760539268136101,3895,7308,"0.6872,0.6822,2.1845",GAN-cyclegan-2D+3D-post-T2-from-single
T2,ReMIND-031-post,postop,1,tumor,0,1,nan,nan,nan,0,101765,"0.0027,0.1312,0.0963",GAN-cyclegan-2D+3D-post-T2-from-single
T2,ReMIND-031-post,postop,2,cavity,1,1,0.0,6.344004158590852,0.18597505873847822,32424,1,"0.0027,0.1312,0.0963",GAN-cyclegan-2D+3D-post-T2-from-single
T2,ReMIND-031-post,postop,lesion,lesion,1,1,0.102153662717043,1.4993248536907713,0.9797993616051072,32424,101766,"0.0027,0.1312,0.0963",GAN-cyclegan-2D+3D-post-T2-from-single
T2,ReMIND-031-pre,preop,1,tumor,1,1,0.18690175073153797,21.096563441557514,0.1124949779027722,8344,72308,"0.9766,0.9754,0.9990",GAN-cyclegan-2D+3D-post-T2-from-single
T2,ReMIND-031-pre,preop,2,cavity,0,0,nan,nan,nan,0,0,"0.9766,0.9754,0.9990",GAN-cyclegan-2D+3D-post-T2-from-single
T2,ReMIND-031-pre,preop,lesion,lesion,1,1,0.18690175073153797,21.096563441557514,0.1124949779027722,8344,72308,"0.9766,0.9754,0.9990",GAN-cyclegan-2D+3D-post-T2-from-single
T2,ReMIND-032-post,postop,1,tumor,1,1,0.28627027027027024,14.736220399471348,0.300125313283208,13367,28258,"0.8594,0.8379,1.9501",GAN-cyclegan-2D+3D-post-T2-from-single
T2,ReMIND-032-post,postop,2,cavity,1,1,0.0,51.054741812091834,0.0,6211,1,"0.8594,0.8379,1.9501",GAN-cyclegan-2D+3D-post-T2-from-single
T2,ReMIND-032-post,postop,lesion,lesion,1,1,0.38033321487551475,13.973097449411156,0.3040462427745665,19578,28259,"0.8594,0.8379,1.9501",GAN-cyclegan-2D+3D-post-T2-from-single
T2,ReMIND-032-pre,preop,1,tumor,1,1,0.35925919945747825,12.820178944206448,0.18392672477470823,32911,29022,"0.8208,0.8169,1.9763",GAN-cyclegan-2D+3D-post-T2-from-single
T2,ReMIND-032-pre,preop,2,cavity,0,1,nan,nan,nan,0,149,"0.8208,0.8169,1.9763",GAN-cyclegan-2D+3D-post-T2-from-single
T2,ReMIND-032-pre,preop,lesion,lesion,1,1,0.3583969588608614,12.8401280698123,0.18380453236879013,32911,29171,"0.8208,0.8169,1.9763",GAN-cyclegan-2D+3D-post-T2-from-single
T2,ReMIND-034-post,postop,1,tumor,1,1,0.03528075106141242,52.244410494768395,0.09815950920245399,516,16207,"0.8557,0.8490,1.9836",GAN-cyclegan-2D+3D-post-T2-from-single
T2,ReMIND-034-post,postop,2,cavity,1,1,0.16785298304646046,32.764705027112775,0.19358690090397407,12900,2554,"0.8557,0.8490,1.9836",GAN-cyclegan-2D+3D-post-T2-from-single
T2,ReMIND-034-post,postop,lesion,lesion,1,1,0.22798893619666222,49.93967557937154,0.16505864547862278,13416,18761,"0.8557,0.8490,1.9836",GAN-cyclegan-2D+3D-post-T2-from-single
T2,ReMIND-034-pre,preop,1,tumor,1,1,0.28836124713660616,20.00229466593647,0.19407912251743784,206728,157787,"0.2679,0.2658,4.9631",GAN-cyclegan-2D+3D-post-T2-from-single
T2,ReMIND-034-pre,preop,2,cavity,1,0,0.0,nan,nan,20636,0,"0.2679,0.2658,4.9631",GAN-cyclegan-2D+3D-post-T2-from-single
T2,ReMIND-034-pre,preop,lesion,lesion,1,1,0.2741262517817687,19.811263758551636,0.19222977275095218,227364,157787,"0.2679,0.2658,4.9631",GAN-cyclegan-2D+3D-post-T2-from-single
T2,ReMIND-045-post,postop,1,tumor,1,1,0.051357870982802895,27.04727900584513,0.1336606655755592,3767,34786,"0.7296,0.7296,2.0000",GAN-cyclegan-2D+3D-post-T2-from-single
T2,ReMIND-045-post,postop,2,cavity,1,0,0.0,nan,nan,4649,0,"0.7296,0.7296,2.0000",GAN-cyclegan-2D+3D-post-T2-from-single
T2,ReMIND-045-post,postop,lesion,lesion,1,1,0.14851164297949168,25.97979144223834,0.2212050443717889,8416,34786,"0.7296,0.7296,2.0000",GAN-cyclegan-2D+3D-post-T2-from-single
T2,ReMIND-045-pre,preop,1,tumor,1,1,0.52195245991469,9.458788729131062,0.5142287867631135,123470,155747,"0.2608,0.2430,0.9600",GAN-cyclegan-2D+3D-post-T2-from-single
T2,ReMIND-045-pre,preop,2,cavity,0,0,nan,nan,nan,0,0,"0.2608,0.2430,0.9600",GAN-cyclegan-2D+3D-post-T2-from-single
T2,ReMIND-045-pre,preop,lesion,lesion,1,1,0.52195245991469,9.458788729131062,0.5142287867631135,123470,155747,"0.2608,0.2430,0.9600",GAN-cyclegan-2D+3D-post-T2-from-single
T2,ReMIND-056-post,postop,1,tumor,0,1,nan,nan,nan,0,50538,"0.8539,0.8523,1.9741",GAN-cyclegan-2D+3D-post-T2-from-single
T2,ReMIND-056-post,postop,2,cavity,1,0,0.0,nan,nan,17551,0,"0.8539,0.8523,1.9741",GAN-cyclegan-2D+3D-post-T2-from-single
T2,ReMIND-056-post,postop,lesion,lesion,1,1,0.08923614680785442,29.679219900673132,0.13779286926994908,17551,50538,"0.8539,0.8523,1.9741",GAN-cyclegan-2D+3D-post-T2-from-single
T2,ReMIND-056-pre,preop,1,tumor,1,1,0.4807788198978986,16.73458777469639,0.2514312751360303,55846,70499,"0.7937,0.7936,1.2000",GAN-cyclegan-2D+3D-post-T2-from-single
T2,ReMIND-056-pre,preop,2,cavity,0,0,nan,nan,nan,0,0,"0.7937,0.7936,1.2000",GAN-cyclegan-2D+3D-post-T2-from-single
T2,ReMIND-056-pre,preop,lesion,lesion,1,1,0.4807788198978986,16.73458777469639,0.2514312751360303,55846,70499,"0.7937,0.7936,1.2000",GAN-cyclegan-2D+3D-post-T2-from-single
T2,ReMIND-077-post,postop,1,tumor,1,1,0.0762936022483055,26.243599607334154,0.1801378905676984,2094,22102,"0.8558,0.8268,1.9283",GAN-cyclegan-2D+3D-post-T2-from-single
T2,ReMIND-077-post,postop,2,cavity,1,0,0.0,nan,nan,2767,0,"0.8558,0.8268,1.9283",GAN-cyclegan-2D+3D-post-T2-from-single
T2,ReMIND-077-post,postop,lesion,lesion,1,1,0.15940362719281978,25.634950628317103,0.18304239401496258,4861,22102,"0.8558,0.8268,1.9283",GAN-cyclegan-2D+3D-post-T2-from-single
T2,ReMIND-077-pre,preop,1,tumor,1,1,0.15617003714403632,26.912106313955906,0.1530766644250168,6841,53734,"0.9765,0.9644,0.9880",GAN-cyclegan-2D+3D-post-T2-from-single
T2,ReMIND-077-pre,preop,2,cavity,1,0,0.0,nan,nan,5265,0,"0.9765,0.9644,0.9880",GAN-cyclegan-2D+3D-post-T2-from-single
T2,ReMIND-077-pre,preop,lesion,lesion,1,1,0.20926488456865128,26.632923703129965,0.15826605001175825,12106,53734,"0.9765,0.9644,0.9880",GAN-cyclegan-2D+3D-post-T2-from-single
T2,ReMIND-079-post,postop,1,tumor,1,1,0.1313224043715847,17.13588478219372,0.16943431888753882,7260,15615,"0.7990,0.7254,1.8280",GAN-cyclegan-2D+3D-post-T2-from-single
T2,ReMIND-079-post,postop,2,cavity,0,0,nan,nan,nan,0,0,"0.7990,0.7254,1.8280",GAN-cyclegan-2D+3D-post-T2-from-single
T2,ReMIND-079-post,postop,lesion,lesion,1,1,0.1313224043715847,17.13588478219372,0.16943431888753882,7260,15615,"0.7990,0.7254,1.8280",GAN-cyclegan-2D+3D-post-T2-from-single
T2,ReMIND-079-pre,preop,1,tumor,1,1,0.37055066352474264,13.2353040885031,0.22730664013926885,14068,50436,"0.9526,0.9132,0.9551",GAN-cyclegan-2D+3D-post-T2-from-single
T2,ReMIND-079-pre,preop,2,cavity,1,0,0.0,nan,nan,7069,0,"0.9526,0.9132,0.9551",GAN-cyclegan-2D+3D-post-T2-from-single
T2,ReMIND-079-pre,preop,lesion,lesion,1,1,0.38117725958112697,14.377686169349012,0.22751849743881616,21137,50436,"0.9526,0.9132,0.9551",GAN-cyclegan-2D+3D-post-T2-from-single
T2,ReMIND-087-post,postop,1,tumor,0,1,nan,nan,nan,0,22278,"0.8587,0.8570,1.9930",GAN-cyclegan-2D+3D-post-T2-from-single
T2,ReMIND-087-post,postop,2,cavity,1,0,0.0,nan,nan,8781,0,"0.8587,0.8570,1.9930",GAN-cyclegan-2D+3D-post-T2-from-single
T2,ReMIND-087-post,postop,lesion,lesion,1,1,0.22344570011912812,13.890740171873144,0.15481427174975562,8781,22278,"0.8587,0.8570,1.9930",GAN-cyclegan-2D+3D-post-T2-from-single
T2,ReMIND-087-pre,preop,1,tumor,1,1,0.12076022351140692,16.63146002312801,0.14260097344377082,11505,44689,"0.9766,0.9734,0.9968",GAN-cyclegan-2D+3D-post-T2-from-single
T2,ReMIND-087-pre,preop,2,cavity,1,0,0.0,nan,nan,11681,0,"0.9766,0.9734,0.9968",GAN-cyclegan-2D+3D-post-T2-from-single
T2,ReMIND-087-pre,preop,lesion,lesion,1,1,0.3847366482504604,15.173551178141548,0.22389618138424822,23186,44689,"0.9766,0.9734,0.9968",GAN-cyclegan-2D+3D-post-T2-from-single
T2,ReMIND-091-post,postop,1,tumor,0,1,nan,nan,nan,0,21809,"0.8574,0.8545,1.9930",GAN-cyclegan-2D+3D-post-T2-from-single
T2,ReMIND-091-post,postop,2,cavity,1,0,0.0,nan,nan,7894,0,"0.8574,0.8545,1.9930",GAN-cyclegan-2D+3D-post-T2-from-single
T2,ReMIND-091-post,postop,lesion,lesion,1,1,0.21741911591421742,18.55050777575083,0.16398755509463314,7894,21809,"0.8574,0.8545,1.9930",GAN-cyclegan-2D+3D-post-T2-from-single
T2,ReMIND-091-pre,preop,1,tumor,1,1,0.4314888437083177,16.702620740178904,0.17475207719110158,25347,51874,"0.9733,0.9707,0.9931",GAN-cyclegan-2D+3D-post-T2-from-single
T2,ReMIND-091-pre,preop,2,cavity,0,0,nan,nan,nan,0,0,"0.9733,0.9707,0.9931",GAN-cyclegan-2D+3D-post-T2-from-single
T2,ReMIND-091-pre,preop,lesion,lesion,1,1,0.4314888437083177,16.702620740178904,0.17475207719110158,25347,51874,"0.9733,0.9707,0.9931",GAN-cyclegan-2D+3D-post-T2-from-single
T2,ReMIND-096-post,postop,1,tumor,0,1,nan,nan,nan,0,13929,"0.8569,0.8553,1.9849",GAN-cyclegan-2D+3D-post-T2-from-single
T2,ReMIND-096-post,postop,2,cavity,1,1,0.0,23.716741305452743,0.0,2166,203,"0.8569,0.8553,1.9849",GAN-cyclegan-2D+3D-post-T2-from-single
T2,ReMIND-096-post,postop,lesion,lesion,1,1,0.19450239293164806,26.467917629776316,0.17045687359147715,2166,14132,"0.8569,0.8553,1.9849",GAN-cyclegan-2D+3D-post-T2-from-single
T2,ReMIND-096-pre,preop,1,tumor,1,1,0.2962865851660057,21.391203524471866,0.06049476820733144,18774,103270,"0.9755,0.9626,0.9851",GAN-cyclegan-2D+3D-post-T2-from-single
T2,ReMIND-096-pre,preop,2,cavity,0,0,nan,nan,nan,0,0,"0.9755,0.9626,0.9851",GAN-cyclegan-2D+3D-post-T2-from-single
T2,ReMIND-096-pre,preop,lesion,lesion,1,1,0.2962865851660057,21.391203524471866,0.06049476820733144,18774,103270,"0.9755,0.9626,0.9851",GAN-cyclegan-2D+3D-post-T2-from-single
T2,ReMIND-102-pre,preop,1,tumor,1,1,0.3234555195689681,0.44610488536217596,1.0,7693,25344,"0.0008,0.0174,0.0887",GAN-cyclegan-2D+3D-post-T2-from-single
T2,ReMIND-102-pre,preop,2,cavity,0,0,nan,nan,nan,0,0,"0.0008,0.0174,0.0887",GAN-cyclegan-2D+3D-post-T2-from-single
T2,ReMIND-102-pre,preop,lesion,lesion,1,1,0.3234555195689681,0.44610488536217596,1.0,7693,25344,"0.0008,0.0174,0.0887",GAN-cyclegan-2D+3D-post-T2-from-single
T2,ReMIND-107-post,postop,1,tumor,1,1,0.09100213219616204,24.24188755568457,0.11999240554395292,3621,19829,"0.8587,0.8481,1.9732",GAN-cyclegan-2D+3D-post-T2-from-single
T2,ReMIND-107-post,postop,2,cavity,1,0,0.0,nan,nan,879,0,"0.8587,0.8481,1.9732",GAN-cyclegan-2D+3D-post-T2-from-single
T2,ReMIND-107-post,postop,lesion,lesion,1,1,0.10892350692589091,22.008792615798814,0.1697320021019443,4500,19829,"0.8587,0.8481,1.9732",GAN-cyclegan-2D+3D-post-T2-from-single
T2,ReMIND-107-pre,preop,1,tumor,1,1,0.33155340487366564,10.316543810143942,0.1616602824309645,57631,156048,"0.2343,0.2312,4.9330",GAN-cyclegan-2D+3D-post-T2-from-single
T2,ReMIND-107-pre,preop,2,cavity,0,1,nan,nan,nan,0,85184,"0.2343,0.2312,4.9330",GAN-cyclegan-2D+3D-post-T2-from-single
T2,ReMIND-107-pre,preop,lesion,lesion,1,1,0.3645148445943459,12.353299645384899,0.17422962879555606,57631,241232,"0.2343,0.2312,4.9330",GAN-cyclegan-2D+3D-post-T2-from-single
T2,ReMIND-109-post,postop,1,tumor,0,1,nan,nan,nan,0,30326,"0.8585,0.8371,1.9460",GAN-cyclegan-2D+3D-post-T2-from-single
T2,ReMIND-109-post,postop,2,cavity,1,0,0.0,nan,nan,3408,0,"0.8585,0.8371,1.9460",GAN-cyclegan-2D+3D-post-T2-from-single
T2,ReMIND-109-post,postop,lesion,lesion,1,1,0.12479990514021462,50.483243509595845,0.1253147980255868,3408,30326,"0.8585,0.8371,1.9460",GAN-cyclegan-2D+3D-post-T2-from-single
T2,ReMIND-109-pre,preop,1,tumor,1,1,0.004523510852624777,44.40045761286268,0.04214492245684746,10361,42253,"0.9755,0.9400,0.9620",GAN-cyclegan-2D+3D-post-T2-from-single
T2,ReMIND-109-pre,preop,2,cavity,0,0,nan,nan,nan,0,0,"0.9755,0.9400,0.9620",GAN-cyclegan-2D+3D-post-T2-from-single
T2,ReMIND-109-pre,preop,lesion,lesion,1,1,0.004523510852624777,44.40045761286268,0.04214492245684746,10361,42253,"0.9755,0.9400,0.9620",GAN-cyclegan-2D+3D-post-T2-from-single
T2,ReMIND-003-post,postop,1,tumor,0,1,nan,nan,nan,0,24861,"0.9264,0.9265,1.9922",GAN-cyclegan-2D-T2-from-dual
T2,ReMIND-003-post,postop,2,cavity,1,1,0.0,42.20567487921092,0.0,2099,270,"0.9264,0.9265,1.9922",GAN-cyclegan-2D-T2-from-dual
T2,ReMIND-003-post,postop,lesion,lesion,1,1,0.14190231362467867,41.57868566334709,0.11949290824651689,2099,25131,"0.9264,0.9265,1.9922",GAN-cyclegan-2D-T2-from-dual
T2,ReMIND-023-pre,preop,1,tumor,1,1,0.4289059345983044,8.530299444382273,0.3107705406555981,3895,8490,"0.6872,0.6822,2.1845",GAN-cyclegan-2D-T2-from-dual
T2,ReMIND-023-pre,preop,2,cavity,0,0,nan,nan,nan,0,0,"0.6872,0.6822,2.1845",GAN-cyclegan-2D-T2-from-dual
T2,ReMIND-023-pre,preop,lesion,lesion,1,1,0.4289059345983044,8.530299444382273,0.3107705406555981,3895,8490,"0.6872,0.6822,2.1845",GAN-cyclegan-2D-T2-from-dual
T2,ReMIND-032-post,postop,1,tumor,1,1,0.22369096948734632,20.17111073845286,0.20723917672107878,13367,15834,"0.8594,0.8379,1.9501",GAN-cyclegan-2D-T2-from-dual
T2,ReMIND-032-post,postop,2,cavity,1,0,0.0,nan,nan,6211,0,"0.8594,0.8379,1.9501",GAN-cyclegan-2D-T2-from-dual
T2,ReMIND-032-post,postop,lesion,lesion,1,1,0.29611431153281376,15.37466604308821,0.22020026121027428,19578,15834,"0.8594,0.8379,1.9501",GAN-cyclegan-2D-T2-from-dual
T2,ReMIND-032-pre,preop,1,tumor,1,1,0.5777984088300904,9.330939740233374,0.2760815067172334,32911,44642,"0.8208,0.8169,1.9763",GAN-cyclegan-2D-T2-from-dual
T2,ReMIND-032-pre,preop,2,cavity,0,0,nan,nan,nan,0,0,"0.8208,0.8169,1.9763",GAN-cyclegan-2D-T2-from-dual
T2,ReMIND-032-pre,preop,lesion,lesion,1,1,0.5777984088300904,9.330939740233374,0.2760815067172334,32911,44642,"0.8208,0.8169,1.9763",GAN-cyclegan-2D-T2-from-dual
T2,ReMIND-045-pre,preop,1,tumor,1,1,0.6547491146392901,4.062740878760715,0.5634621811295533,123470,178102,"0.2608,0.2430,0.9600",GAN-cyclegan-2D-T2-from-dual
T2,ReMIND-045-pre,preop,2,cavity,0,0,nan,nan,nan,0,0,"0.2608,0.2430,0.9600",GAN-cyclegan-2D-T2-from-dual
T2,ReMIND-045-pre,preop,lesion,lesion,1,1,0.6547491146392901,4.062740878760715,0.5634621811295533,123470,178102,"0.2608,0.2430,0.9600",GAN-cyclegan-2D-T2-from-dual
T2,ReMIND-056-post,postop,1,tumor,0,1,nan,nan,nan,0,48909,"0.8539,0.8523,1.9741",GAN-cyclegan-2D-T2-from-dual
T2,ReMIND-056-post,postop,2,cavity,1,0,0.0,nan,nan,17551,0,"0.8539,0.8523,1.9741",GAN-cyclegan-2D-T2-from-dual
T2,ReMIND-056-post,postop,lesion,lesion,1,1,0.3129401143544989,26.41880689599443,0.22847487511019687,17551,48909,"0.8539,0.8523,1.9741",GAN-cyclegan-2D-T2-from-dual
T2,ReMIND-056-pre,preop,1,tumor,1,1,0.647622760283565,9.993371873640967,0.4090100215416315,55846,82676,"0.7937,0.7936,1.2000",GAN-cyclegan-2D-T2-from-dual
T2,ReMIND-056-pre,preop,2,cavity,0,0,nan,nan,nan,0,0,"0.7937,0.7936,1.2000",GAN-cyclegan-2D-T2-from-dual
T2,ReMIND-056-pre,preop,lesion,lesion,1,1,0.647622760283565,9.993371873640967,0.4090100215416315,55846,82676,"0.7937,0.7936,1.2000",GAN-cyclegan-2D-T2-from-dual
T2,ReMIND-077-post,postop,1,tumor,1,1,0.078475935828877,26.764452742990155,0.16842232715825162,2094,27826,"0.8558,0.8268,1.9283",GAN-cyclegan-2D-T2-from-dual
T2,ReMIND-077-post,postop,2,cavity,1,0,0.0,nan,nan,2767,0,"0.8558,0.8268,1.9283",GAN-cyclegan-2D-T2-from-dual
T2,ReMIND-077-post,postop,lesion,lesion,1,1,0.18447700920855387,26.403559567741784,0.21359120693299513,4861,27826,"0.8558,0.8268,1.9283",GAN-cyclegan-2D-T2-from-dual
T2,ReMIND-077-pre,preop,1,tumor,1,1,0.1939277524059664,23.674844475779853,0.19894478304375512,6841,44178,"0.9765,0.9644,0.9880",GAN-cyclegan-2D-T2-from-dual
T2,ReMIND-077-pre,preop,2,cavity,1,0,0.0,nan,nan,5265,0,"0.9765,0.9644,0.9880",GAN-cyclegan-2D-T2-from-dual
T2,ReMIND-077-pre,preop,lesion,lesion,1,1,0.2712671451922394,23.33335966308111,0.21174287160452168,12106,44178,"0.9765,0.9644,0.9880",GAN-cyclegan-2D-T2-from-dual
T2,ReMIND-079-post,postop,1,tumor,1,1,0.16650148662041625,16.44818902623449,0.18520321246045265,7260,22001,"0.7990,0.7254,1.8280",GAN-cyclegan-2D-T2-from-dual
T2,ReMIND-079-post,postop,2,cavity,0,0,nan,nan,nan,0,0,"0.7990,0.7254,1.8280",GAN-cyclegan-2D-T2-from-dual
T2,ReMIND-079-post,postop,lesion,lesion,1,1,0.16650148662041625,16.44818902623449,0.18520321246045265,7260,22001,"0.7990,0.7254,1.8280",GAN-cyclegan-2D-T2-from-dual
T2,ReMIND-079-pre,preop,1,tumor,1,1,0.3237925425425425,12.512072985168315,0.20535853772847992,14068,49868,"0.9526,0.9132,0.9551",GAN-cyclegan-2D-T2-from-dual
T2,ReMIND-079-pre,preop,2,cavity,1,0,0.0,nan,nan,7069,0,"0.9526,0.9132,0.9551",GAN-cyclegan-2D-T2-from-dual
T2,ReMIND-079-pre,preop,lesion,lesion,1,1,0.37090345750299275,11.760070435859623,0.25353159851301116,21137,49868,"0.9526,0.9132,0.9551",GAN-cyclegan-2D-T2-from-dual
T2,ReMIND-087-pre,preop,1,tumor,1,1,0.14611811325152763,18.604076097021714,0.20238978162340338,11505,48556,"0.9766,0.9734,0.9968",GAN-cyclegan-2D-T2-from-dual
T2,ReMIND-087-pre,preop,2,cavity,1,0,0.0,nan,nan,11681,0,"0.9766,0.9734,0.9968",GAN-cyclegan-2D-T2-from-dual
T2,ReMIND-087-pre,preop,lesion,lesion,1,1,0.40606618159516045,15.751665475053592,0.27111046847888953,23186,48556,"0.9766,0.9734,0.9968",GAN-cyclegan-2D-T2-from-dual
T2,ReMIND-091-pre,preop,1,tumor,1,1,0.4135061867568511,15.226664627851806,0.1766204358901783,25347,49167,"0.9733,0.9707,0.9931",GAN-cyclegan-2D-T2-from-dual
T2,ReMIND-091-pre,preop,2,cavity,0,0,nan,nan,nan,0,0,"0.9733,0.9707,0.9931",GAN-cyclegan-2D-T2-from-dual
T2,ReMIND-091-pre,preop,lesion,lesion,1,1,0.4135061867568511,15.226664627851806,0.1766204358901783,25347,49167,"0.9733,0.9707,0.9931",GAN-cyclegan-2D-T2-from-dual
T2,ReMIND-096-post,postop,1,tumor,0,1,nan,nan,nan,0,28992,"0.8569,0.8553,1.9849",GAN-cyclegan-2D-T2-from-dual
T2,ReMIND-096-post,postop,2,cavity,1,0,0.0,nan,nan,2166,0,"0.8569,0.8553,1.9849",GAN-cyclegan-2D-T2-from-dual
T2,ReMIND-096-post,postop,lesion,lesion,1,1,0.13588805443224855,26.985466189264027,0.07543262830942168,2166,28992,"0.8569,0.8553,1.9849",GAN-cyclegan-2D-T2-from-dual
T2,ReMIND-096-pre,preop,1,tumor,1,1,0.28070148673079415,21.921897055216128,0.0460742830277386,18774,112319,"0.9755,0.9626,0.9851",GAN-cyclegan-2D-T2-from-dual
T2,ReMIND-096-pre,preop,2,cavity,0,0,nan,nan,nan,0,0,"0.9755,0.9626,0.9851",GAN-cyclegan-2D-T2-from-dual
T2,ReMIND-096-pre,preop,lesion,lesion,1,1,0.28070148673079415,21.921897055216128,0.0460742830277386,18774,112319,"0.9755,0.9626,0.9851",GAN-cyclegan-2D-T2-from-dual
T2,ReMIND-102-pre,preop,1,tumor,1,1,0.26377273902922665,0.4264509523205885,1.0,7693,38703,"0.0008,0.0174,0.0887",GAN-cyclegan-2D-T2-from-dual
T2,ReMIND-102-pre,preop,2,cavity,0,1,nan,nan,nan,0,20,"0.0008,0.0174,0.0887",GAN-cyclegan-2D-T2-from-dual
T2,ReMIND-102-pre,preop,lesion,lesion,1,1,0.2636590830748018,0.4264509523205885,1.0,7693,38723,"0.0008,0.0174,0.0887",GAN-cyclegan-2D-T2-from-dual
T2,ReMIND-107-pre,preop,1,tumor,1,1,0.19431453586383163,17.615641054729686,0.18403584932082342,57631,89481,"0.2343,0.2312,4.9330",GAN-cyclegan-2D-T2-from-dual
T2,ReMIND-107-pre,preop,2,cavity,0,1,nan,nan,nan,0,140386,"0.2343,0.2312,4.9330",GAN-cyclegan-2D-T2-from-dual
T2,ReMIND-107-pre,preop,lesion,lesion,1,1,0.36563732617270384,11.210333166114825,0.19780437240859405,57631,229867,"0.2343,0.2312,4.9330",GAN-cyclegan-2D-T2-from-dual
T2,ReMIND-109-post,postop,1,tumor,0,1,nan,nan,nan,0,16594,"0.8585,0.8371,1.9460",GAN-cyclegan-2D-T2-from-dual
T2,ReMIND-109-post,postop,2,cavity,1,0,0.0,nan,nan,3408,0,"0.8585,0.8371,1.9460",GAN-cyclegan-2D-T2-from-dual
T2,ReMIND-109-post,postop,lesion,lesion,1,1,0.10528947105289471,44.91298807494432,0.12375909993381866,3408,16594,"0.8585,0.8371,1.9460",GAN-cyclegan-2D-T2-from-dual
T2,ReMIND-109-pre,preop,1,tumor,1,1,0.08823463712109367,52.607592305116,0.12850994056159049,10361,34406,"0.9755,0.9400,0.9620",GAN-cyclegan-2D-T2-from-dual
T2,ReMIND-109-pre,preop,2,cavity,0,0,nan,nan,nan,0,0,"0.9755,0.9400,0.9620",GAN-cyclegan-2D-T2-from-dual
T2,ReMIND-109-pre,preop,lesion,lesion,1,1,0.08823463712109367,52.607592305116,0.12850994056159049,10361,34406,"0.9755,0.9400,0.9620",GAN-cyclegan-2D-T2-from-dual
T2,ReMIND-003-post,postop,1,tumor,0,1,nan,nan,nan,0,3125,"0.9264,0.9265,1.9922",GAN-cyclegan-2D-T2-from-single
T2,ReMIND-003-post,postop,2,cavity,1,0,0.0,nan,nan,2099,0,"0.9264,0.9265,1.9922",GAN-cyclegan-2D-T2-from-single
T2,ReMIND-003-post,postop,lesion,lesion,1,1,0.0,45.42154211954563,0.0,2099,3125,"0.9264,0.9265,1.9922",GAN-cyclegan-2D-T2-from-single
T2,ReMIND-003-pre,preop,1,tumor,1,1,0.4557862563237774,11.033390410969762,0.24093484419263456,10844,27108,"0.9757,0.9586,0.9825",GAN-cyclegan-2D-T2-from-single
T2,ReMIND-003-pre,preop,2,cavity,0,0,nan,nan,nan,0,0,"0.9757,0.9586,0.9825",GAN-cyclegan-2D-T2-from-single
T2,ReMIND-003-pre,preop,lesion,lesion,1,1,0.4557862563237774,11.033390410969762,0.24093484419263456,10844,27108,"0.9757,0.9586,0.9825",GAN-cyclegan-2D-T2-from-single
T2,ReMIND-004-pre,preop,1,tumor,1,1,0.0008247989552546567,52.293361242222446,0.007052896725440806,2043,12506,"0.9761,0.9626,0.9802",GAN-cyclegan-2D-T2-from-single
T2,ReMIND-004-pre,preop,2,cavity,0,0,nan,nan,nan,0,0,"0.9761,0.9626,0.9802",GAN-cyclegan-2D-T2-from-single
T2,ReMIND-004-pre,preop,lesion,lesion,1,1,0.0008247989552546567,52.293361242222446,0.007052896725440806,2043,12506,"0.9761,0.9626,0.9802",GAN-cyclegan-2D-T2-from-single
T2,ReMIND-023-pre,preop,1,tumor,1,1,0.3209817131857555,59.15929788537598,0.2798181818181818,3895,8573,"0.6872,0.6822,2.1845",GAN-cyclegan-2D-T2-from-single
T2,ReMIND-023-pre,preop,2,cavity,0,1,nan,nan,nan,0,379,"0.6872,0.6822,2.1845",GAN-cyclegan-2D-T2-from-single
T2,ReMIND-023-pre,preop,lesion,lesion,1,1,0.31229080719234065,59.068640045079,0.284398388025331,3895,8952,"0.6872,0.6822,2.1845",GAN-cyclegan-2D-T2-from-single
T2,ReMIND-031-post,postop,1,tumor,0,1,nan,nan,nan,0,50852,"0.0027,0.1312,0.0963",GAN-cyclegan-2D-T2-from-single
T2,ReMIND-031-post,postop,2,cavity,1,1,0.0,4.77417255120103,0.38443711560745164,32424,266,"0.0027,0.1312,0.0963",GAN-cyclegan-2D-T2-from-single
T2,ReMIND-031-post,postop,lesion,lesion,1,1,0.06442268559526945,1.4469023024914718,0.957668745515757,32424,51118,"0.0027,0.1312,0.0963",GAN-cyclegan-2D-T2-from-single
T2,ReMIND-031-pre,preop,1,tumor,1,1,0.09161849710982659,24.599094264911177,0.17381255056049924,8344,19336,"0.9766,0.9754,0.9990",GAN-cyclegan-2D-T2-from-single
T2,ReMIND-031-pre,preop,2,cavity,0,0,nan,nan,nan,0,0,"0.9766,0.9754,0.9990",GAN-cyclegan-2D-T2-from-single
T2,ReMIND-031-pre,preop,lesion,lesion,1,1,0.09161849710982659,24.599094264911177,0.17381255056049924,8344,19336,"0.9766,0.9754,0.9990",GAN-cyclegan-2D-T2-from-single
T2,ReMIND-032-post,postop,1,tumor,1,1,0.030863035868869737,20.105309407853433,0.10549049721635631,13367,13202,"0.8594,0.8379,1.9501",GAN-cyclegan-2D-T2-from-single
T2,ReMIND-032-post,postop,2,cavity,1,1,0.0006946856547412296,34.28816029103279,0.008165645960921552,6211,2426,"0.8594,0.8379,1.9501",GAN-cyclegan-2D-T2-from-single
T2,ReMIND-032-post,postop,lesion,lesion,1,1,0.037720843038118505,20.664794758879644,0.11078130984297205,19578,15628,"0.8594,0.8379,1.9501",GAN-cyclegan-2D-T2-from-single
T2,ReMIND-032-pre,preop,1,tumor,1,1,0.5306805176512017,10.31094265686883,0.22467570325025507,32911,35243,"0.8208,0.8169,1.9763",GAN-cyclegan-2D-T2-from-single
T2,ReMIND-032-pre,preop,2,cavity,0,1,nan,nan,nan,0,1290,"0.8208,0.8169,1.9763",GAN-cyclegan-2D-T2-from-single
T2,ReMIND-032-pre,preop,lesion,lesion,1,1,0.5208225332642129,10.948307255029754,0.2204662471395881,32911,36533,"0.8208,0.8169,1.9763",GAN-cyclegan-2D-T2-from-single
T2,ReMIND-034-post,postop,1,tumor,1,1,0.0,53.636849534462876,0.00335401643468053,516,15209,"0.8557,0.8490,1.9836",GAN-cyclegan-2D-T2-from-single
T2,ReMIND-034-post,postop,2,cavity,1,1,0.12901108996653324,40.749332068658596,0.17833662064431297,12900,2339,"0.8557,0.8490,1.9836",GAN-cyclegan-2D-T2-from-single
T2,ReMIND-034-post,postop,lesion,lesion,1,1,0.06917710890065883,51.94242867746515,0.08678710591569253,13416,17548,"0.8557,0.8490,1.9836",GAN-cyclegan-2D-T2-from-single
T2,ReMIND-034-pre,preop,1,tumor,1,1,0.4137956246311644,23.400960823906125,0.25482821232343716,206728,176234,"0.2679,0.2658,4.9631",GAN-cyclegan-2D-T2-from-single
T2,ReMIND-034-pre,preop,2,cavity,1,1,0.0,41.741819695451795,0.0,20636,1096,"0.2679,0.2658,4.9631",GAN-cyclegan-2D-T2-from-single
T2,ReMIND-034-pre,preop,lesion,lesion,1,1,0.3915748689133024,24.04601683543579,0.25075558494747163,227364,177330,"0.2679,0.2658,4.9631",GAN-cyclegan-2D-T2-from-single
T2,ReMIND-045-post,postop,1,tumor,1,1,0.0001609398889514766,26.791034965628743,0.0062682824905975765,3767,8660,"0.7296,0.7296,2.0000",GAN-cyclegan-2D-T2-from-single
T2,ReMIND-045-post,postop,2,cavity,1,1,0.0,50.28764368753037,0.0,4649,39,"0.7296,0.7296,2.0000",GAN-cyclegan-2D-T2-from-single
T2,ReMIND-045-post,postop,lesion,lesion,1,1,0.0009348524685947999,24.995504222980617,0.015512553974092435,8416,8699,"0.7296,0.7296,2.0000",GAN-cyclegan-2D-T2-from-single
T2,ReMIND-045-pre,preop,1,tumor,1,1,0.5232857627336138,5.056281969725078,0.4773043075497916,123470,94732,"0.2608,0.2430,0.9600",GAN-cyclegan-2D-T2-from-single
T2,ReMIND-045-pre,preop,2,cavity,0,0,nan,nan,nan,0,0,"0.2608,0.2430,0.9600",GAN-cyclegan-2D-T2-from-single
T2,ReMIND-045-pre,preop,lesion,lesion,1,1,0.5232857627336138,5.056281969725078,0.4773043075497916,123470,94732,"0.2608,0.2430,0.9600",GAN-cyclegan-2D-T2-from-single
T2,ReMIND-056-post,postop,1,tumor,0,1,nan,nan,nan,0,44949,"0.8539,0.8523,1.9741",GAN-cyclegan-2D-T2-from-single
T2,ReMIND-056-post,postop,2,cavity,1,1,0.0,37.52603312130146,0.0,17551,223,"0.8539,0.8523,1.9741",GAN-cyclegan-2D-T2-from-single
T2,ReMIND-056-post,postop,lesion,lesion,1,1,0.00331616791288682,34.01041847170805,0.032808303694563404,17551,45172,"0.8539,0.8523,1.9741",GAN-cyclegan-2D-T2-from-single
T2,ReMIND-056-pre,preop,1,tumor,1,1,0.6856734668151354,6.9711110826560265,0.4136372081501208,55846,39348,"0.7937,0.7936,1.2000",GAN-cyclegan-2D-T2-from-single
T2,ReMIND-056-pre,preop,2,cavity,0,0,nan,nan,nan,0,0,"0.7937,0.7936,1.2000",GAN-cyclegan-2D-T2-from-single
T2,ReMIND-056-pre,preop,lesion,lesion,1,1,0.6856734668151354,6.9711110826560265,0.4136372081501208,55846,39348,"0.7937,0.7936,1.2000",GAN-cyclegan-2D-T2-from-single
T2,ReMIND-077-post,postop,1,tumor,1,1,0.059806295399515735,31.744625574933018,0.16239754098360656,2094,6166,"0.8558,0.8268,1.9283",GAN-cyclegan-2D-T2-from-single
T2,ReMIND-077-post,postop,2,cavity,1,1,0.135366506153023,12.154531592170567,0.2598533455545371,2767,971,"0.8558,0.8268,1.9283",GAN-cyclegan-2D-T2-from-single
T2,ReMIND-077-post,postop,lesion,lesion,1,1,0.13268878146357727,29.89346609394146,0.1991194716830098,4861,7137,"0.8558,0.8268,1.9283",GAN-cyclegan-2D-T2-from-single
T2,ReMIND-077-pre,preop,1,tumor,1,1,0.18408535230051123,25.68785239779468,0.2164889565879665,6841,38149,"0.9765,0.9644,0.9880",GAN-cyclegan-2D-T2-from-single
T2,ReMIND-077-pre,preop,2,cavity,1,0,0.0,nan,nan,5265,0,"0.9765,0.9644,0.9880",GAN-cyclegan-2D-T2-from-single
T2,ReMIND-077-pre,preop,lesion,lesion,1,1,0.2453885185553676,25.24267599057052,0.22322921249450067,12106,38149,"0.9765,0.9644,0.9880",GAN-cyclegan-2D-T2-from-single
T2,ReMIND-079-post,postop,1,tumor,1,1,0.020670986793536215,17.856890772549807,0.08137472283813747,7260,4931,"0.7990,0.7254,1.8280",GAN-cyclegan-2D-T2-from-single
T2,ReMIND-079-post,postop,2,cavity,0,1,nan,nan,nan,0,1463,"0.7990,0.7254,1.8280",GAN-cyclegan-2D-T2-from-single
T2,ReMIND-079-post,postop,lesion,lesion,1,1,0.019334993408524976,17.680738373114853,0.10169158143194335,7260,6394,"0.7990,0.7254,1.8280",GAN-cyclegan-2D-T2-from-single
T2,ReMIND-079-pre,preop,1,tumor,1,1,0.36720798957881023,13.962024837732997,0.2706636631433027,14068,43507,"0.9526,0.9132,0.9551",GAN-cyclegan-2D-T2-from-single
T2,ReMIND-079-pre,preop,2,cavity,1,0,0.0,nan,nan,7069,0,"0.9526,0.9132,0.9551",GAN-cyclegan-2D-T2-from-single
T2,ReMIND-079-pre,preop,lesion,lesion,1,1,0.37899882433017756,15.477616326030727,0.2592537864794976,21137,43507,"0.9526,0.9132,0.9551",GAN-cyclegan-2D-T2-from-single
T2,ReMIND-087-post,postop,1,tumor,0,1,nan,nan,nan,0,13097,"0.8587,0.8570,1.9930",GAN-cyclegan-2D-T2-from-single
T2,ReMIND-087-post,postop,2,cavity,1,1,0.0,28.791331079395118,0.002157829839704069,8781,2,"0.8587,0.8570,1.9930",GAN-cyclegan-2D-T2-from-single
T2,ReMIND-087-post,postop,lesion,lesion,1,1,0.19762340036563072,16.253142172032884,0.1480236837894063,8781,13099,"0.8587,0.8570,1.9930",GAN-cyclegan-2D-T2-from-single
T2,ReMIND-087-pre,preop,1,tumor,1,1,0.09046046792345652,23.647420768015042,0.08702983138780804,11505,16662,"0.9766,0.9734,0.9968",GAN-cyclegan-2D-T2-from-single
T2,ReMIND-087-pre,preop,2,cavity,1,0,0.0,nan,nan,11681,0,"0.9766,0.9734,0.9968",GAN-cyclegan-2D-T2-from-single
T2,ReMIND-087-pre,preop,lesion,lesion,1,1,0.1532322826741618,21.950204255995896,0.12001700861060913,23186,16662,"0.9766,0.9734,0.9968",GAN-cyclegan-2D-T2-from-single
T2,ReMIND-091-post,postop,1,tumor,0,1,nan,nan,nan,0,649,"0.8574,0.8545,1.9930",GAN-cyclegan-2D-T2-from-single
T2,ReMIND-091-post,postop,2,cavity,1,1,0.13104383190239494,19.495942071385684,0.17254749903063202,7894,958,"0.8574,0.8545,1.9930",GAN-cyclegan-2D-T2-from-single
T2,ReMIND-091-post,postop,lesion,lesion,1,1,0.14082728133880645,19.21236584337546,0.19736842105263158,7894,1607,"0.8574,0.8545,1.9930",GAN-cyclegan-2D-T2-from-single
T2,ReMIND-091-pre,preop,1,tumor,1,1,0.391081172984439,14.174738966856852,0.17030519046558254,25347,36410,"0.9733,0.9707,0.9931",GAN-cyclegan-2D-T2-from-single
T2,ReMIND-091-pre,preop,2,cavity,0,0,nan,nan,nan,0,0,"0.9733,0.9707,0.9931",GAN-cyclegan-2D-T2-from-single
T2,ReMIND-091-pre,preop,lesion,lesion,1,1,0.391081172984439,14.174738966856852,0.17030519046558254,25347,36410,"0.9733,0.9707,0.9931",GAN-cyclegan-2D-T2-from-single
T2,ReMIND-096-post,postop,1,tumor,0,1,nan,nan,nan,0,7018,"0.8569,0.8553,1.9849",GAN-cyclegan-2D-T2-from-single
T2,ReMIND-096-post,postop,2,cavity,1,1,0.2327127659574468,10.633783871376457,0.2443877551020408,2166,2346,"0.8569,0.8553,1.9849",GAN-cyclegan-2D-T2-from-single
T2,ReMIND-096-post,postop,lesion,lesion,1,1,0.1181266261925412,49.17090543795667,0.13848588762859404,2166,9364,"0.8569,0.8553,1.9849",GAN-cyclegan-2D-T2-from-single
T2,ReMIND-096-pre,preop,1,tumor,1,1,0.3330096308901223,19.898713056042705,0.04784488771097782,18774,93469,"0.9755,0.9626,0.9851",GAN-cyclegan-2D-T2-from-single
T2,ReMIND-096-pre,preop,2,cavity,0,0,nan,nan,nan,0,0,"0.9755,0.9626,0.9851",GAN-cyclegan-2D-T2-from-single
T2,ReMIND-096-pre,preop,lesion,lesion,1,1,0.3330096308901223,19.898713056042705,0.04784488771097782,18774,93469,"0.9755,0.9626,0.9851",GAN-cyclegan-2D-T2-from-single
T2,ReMIND-102-pre,preop,1,tumor,1,1,0.2856373106627552,0.5016411357824005,1.0,7693,25713,"0.0008,0.0174,0.0887",GAN-cyclegan-2D-T2-from-single
T2,ReMIND-102-pre,preop,2,cavity,0,1,nan,nan,nan,0,1824,"0.0008,0.0174,0.0887",GAN-cyclegan-2D-T2-from-single
T2,ReMIND-102-pre,preop,lesion,lesion,1,1,0.2723814930456997,0.49464794891264646,1.0,7693,27537,"0.0008,0.0174,0.0887",GAN-cyclegan-2D-T2-from-single
T2,ReMIND-107-post,postop,1,tumor,1,1,0.09111246695139312,13.202485962632442,0.13290374546919048,3621,1296,"0.8587,0.8481,1.9732",GAN-cyclegan-2D-T2-from-single
T2,ReMIND-107-post,postop,2,cavity,1,0,0.0,nan,nan,879,0,"0.8587,0.8481,1.9732",GAN-cyclegan-2D-T2-from-single
T2,ReMIND-107-post,postop,lesion,lesion,1,1,0.07729468599033816,13.083928590149021,0.1135042735042735,4500,1296,"0.8587,0.8481,1.9732",GAN-cyclegan-2D-T2-from-single
T2,ReMIND-107-pre,preop,1,tumor,1,1,0.589573521503186,6.064722630945509,0.4160587399336807,57631,65095,"0.2343,0.2312,4.9330",GAN-cyclegan-2D-T2-from-single
T2,ReMIND-107-pre,preop,2,cavity,0,1,nan,nan,nan,0,1887,"0.2343,0.2312,4.9330",GAN-cyclegan-2D-T2-from-single
T2,ReMIND-107-pre,preop,lesion,lesion,1,1,0.5895532568833107,5.930669456058038,0.4240596333859449,57631,66982,"0.2343,0.2312,4.9330",GAN-cyclegan-2D-T2-from-single
T2,ReMIND-109-post,postop,1,tumor,0,1,nan,nan,nan,0,32062,"0.8585,0.8371,1.9460",GAN-cyclegan-2D-T2-from-single
T2,ReMIND-109-post,postop,2,cavity,1,0,0.0,nan,nan,3408,0,"0.8585,0.8371,1.9460",GAN-cyclegan-2D-T2-from-single
T2,ReMIND-109-post,postop,lesion,lesion,1,1,0.0,59.600850201238465,0.0,3408,32062,"0.8585,0.8371,1.9460",GAN-cyclegan-2D-T2-from-single
T2,ReMIND-109-pre,preop,1,tumor,1,1,0.26768719472279573,45.46349773691987,0.2436462216197899,10361,9498,"0.9755,0.9400,0.9620",GAN-cyclegan-2D-T2-from-single
T2,ReMIND-109-pre,preop,2,cavity,0,0,nan,nan,nan,0,0,"0.9755,0.9400,0.9620",GAN-cyclegan-2D-T2-from-single
T2,ReMIND-109-pre,preop,lesion,lesion,1,1,0.26768719472279573,45.46349773691987,0.2436462216197899,10361,9498,"0.9755,0.9400,0.9620",GAN-cyclegan-2D-T2-from-single
T2,ReMIND-003-post,postop,1,tumor,0,1,nan,nan,nan,0,2897,"0.9264,0.9265,1.9922",GAN-cyclegan-3D-T2-from-dual
T2,ReMIND-003-post,postop,2,cavity,1,1,0.0817717206132879,12.657037013063448,0.15987654320987654,2099,836,"0.9264,0.9265,1.9922",GAN-cyclegan-3D-T2-from-dual
T2,ReMIND-003-post,postop,lesion,lesion,1,1,0.0411522633744856,44.68426652858059,0.08916019237883832,2099,3733,"0.9264,0.9265,1.9922",GAN-cyclegan-3D-T2-from-dual
T2,ReMIND-023-pre,preop,1,tumor,1,1,0.25573942049839754,58.61865336998484,0.24801776086267047,3895,11394,"0.6872,0.6822,2.1845",GAN-cyclegan-3D-T2-from-dual
T2,ReMIND-023-pre,preop,2,cavity,0,1,nan,nan,nan,0,143,"0.6872,0.6822,2.1845",GAN-cyclegan-3D-T2-from-dual
T2,ReMIND-023-pre,preop,lesion,lesion,1,1,0.2544064282011405,58.60949345757686,0.2362002567394095,3895,11537,"0.6872,0.6822,2.1845",GAN-cyclegan-3D-T2-from-dual
T2,ReMIND-032-post,postop,1,tumor,1,1,0.1517121543485425,17.64555281661834,0.2402244588937383,13367,20012,"0.8594,0.8379,1.9501",GAN-cyclegan-3D-T2-from-dual
T2,ReMIND-032-post,postop,2,cavity,1,1,0.0,43.61836878544847,0.0,6211,683,"0.8594,0.8379,1.9501",GAN-cyclegan-3D-T2-from-dual
T2,ReMIND-032-post,postop,lesion,lesion,1,1,0.23425123531894818,18.482513099427273,0.20017754105636928,19578,20695,"0.8594,0.8379,1.9501",GAN-cyclegan-3D-T2-from-dual
T2,ReMIND-032-pre,preop,1,tumor,1,1,0.43537713552569385,9.484598208237708,0.23076923076923078,32911,26325,"0.8208,0.8169,1.9763",GAN-cyclegan-3D-T2-from-dual
T2,ReMIND-032-pre,preop,2,cavity,0,1,nan,nan,nan,0,266,"0.8208,0.8169,1.9763",GAN-cyclegan-3D-T2-from-dual
T2,ReMIND-032-pre,preop,lesion,lesion,1,1,0.43343080904843534,9.762291705749732,0.22903153656900022,32911,26591,"0.8208,0.8169,1.9763",GAN-cyclegan-3D-T2-from-dual
T2,ReMIND-045-pre,preop,1,tumor,1,1,0.5024460048587307,5.839896289217885,0.5131139195679599,123470,146971,"0.2608,0.2430,0.9600",GAN-cyclegan-3D-T2-from-dual
T2,ReMIND-045-pre,preop,2,cavity,0,0,nan,nan,nan,0,0,"0.2608,0.2430,0.9600",GAN-cyclegan-3D-T2-from-dual
T2,ReMIND-045-pre,preop,lesion,lesion,1,1,0.5024460048587307,5.839896289217885,0.5131139195679599,123470,146971,"0.2608,0.2430,0.9600",GAN-cyclegan-3D-T2-from-dual
T2,ReMIND-056-post,postop,1,tumor,0,1,nan,nan,nan,0,10380,"0.8539,0.8523,1.9741",GAN-cyclegan-3D-T2-from-dual
T2,ReMIND-056-post,postop,2,cavity,1,0,0.0,nan,nan,17551,0,"0.8539,0.8523,1.9741",GAN-cyclegan-3D-T2-from-dual
T2,ReMIND-056-post,postop,lesion,lesion,1,1,0.013175324907808528,20.318803097345928,0.09231993633107839,17551,10380,"0.8539,0.8523,1.9741",GAN-cyclegan-3D-T2-from-dual
T2,ReMIND-056-pre,preop,1,tumor,1,1,0.6468312868258894,8.214975083467634,0.4129690585911784,55846,33086,"0.7937,0.7936,1.2000",GAN-cyclegan-3D-T2-from-dual
T2,ReMIND-056-pre,preop,2,cavity,0,0,nan,nan,nan,0,0,"0.7937,0.7936,1.2000",GAN-cyclegan-3D-T2-from-dual
T2,ReMIND-056-pre,preop,lesion,lesion,1,1,0.6468312868258894,8.214975083467634,0.4129690585911784,55846,33086,"0.7937,0.7936,1.2000",GAN-cyclegan-3D-T2-from-dual
T2,ReMIND-077-post,postop,1,tumor,1,1,0.08922400251335218,29.024216570992838,0.266994266994267,2094,10638,"0.8558,0.8268,1.9283",GAN-cyclegan-3D-T2-from-dual
T2,ReMIND-077-post,postop,2,cavity,1,0,0.0,nan,nan,2767,0,"0.8558,0.8268,1.9283",GAN-cyclegan-3D-T2-from-dual
T2,ReMIND-077-post,postop,lesion,lesion,1,1,0.23485386153945415,27.80187752553262,0.2828979793001479,4861,10638,"0.8558,0.8268,1.9283",GAN-cyclegan-3D-T2-from-dual
T2,ReMIND-077-pre,preop,1,tumor,1,1,0.17538347810016633,9.743219476197137,0.23841726618705036,6841,14803,"0.9765,0.9644,0.9880",GAN-cyclegan-3D-T2-from-dual
T2,ReMIND-077-pre,preop,2,cavity,1,1,0.0,41.66691419774266,0.0,5265,885,"0.9765,0.9644,0.9880",GAN-cyclegan-3D-T2-from-dual
T2,ReMIND-077-pre,preop,lesion,lesion,1,1,0.2435777505936533,10.423929712793392,0.23882766137822453,12106,15688,"0.9765,0.9644,0.9880",GAN-cyclegan-3D-T2-from-dual
T2,ReMIND-079-post,postop,1,tumor,1,1,0.012500908496256995,25.16498665827554,0.053355037077229155,7260,6499,"0.7990,0.7254,1.8280",GAN-cyclegan-3D-T2-from-dual
T2,ReMIND-079-post,postop,2,cavity,0,1,nan,nan,nan,0,322,"0.7990,0.7254,1.8280",GAN-cyclegan-3D-T2-from-dual
T2,ReMIND-079-post,postop,lesion,lesion,1,1,0.012215041545344791,25.070712493919775,0.05179982440737489,7260,6821,"0.7990,0.7254,1.8280",GAN-cyclegan-3D-T2-from-dual
T2,ReMIND-079-pre,preop,1,tumor,1,1,0.18587311968606932,16.424060311887736,0.1492919921875,14068,16512,"0.9526,0.9132,0.9551",GAN-cyclegan-3D-T2-from-dual
T2,ReMIND-079-pre,preop,2,cavity,1,0,0.0,nan,nan,7069,0,"0.9526,0.9132,0.9551",GAN-cyclegan-3D-T2-from-dual
T2,ReMIND-079-pre,preop,lesion,lesion,1,1,0.1815718876995405,18.17096733300052,0.15297005400098185,21137,16512,"0.9526,0.9132,0.9551",GAN-cyclegan-3D-T2-from-dual
T2,ReMIND-087-pre,preop,1,tumor,1,1,0.0,27.42180754889357,0.0,11505,6009,"0.9766,0.9734,0.9968",GAN-cyclegan-3D-T2-from-dual
T2,ReMIND-087-pre,preop,2,cavity,1,0,0.0,nan,nan,11681,0,"0.9766,0.9734,0.9968",GAN-cyclegan-3D-T2-from-dual
T2,ReMIND-087-pre,preop,lesion,lesion,1,1,0.015276588456927555,25.91647160053253,0.021590174531351,23186,6009,"0.9766,0.9734,0.9968",GAN-cyclegan-3D-T2-from-dual
T2,ReMIND-091-pre,preop,1,tumor,1,1,0.3836318795430945,12.657548523944737,0.1833315661117591,25347,36285,"0.9733,0.9707,0.9931",GAN-cyclegan-3D-T2-from-dual
T2,ReMIND-091-pre,preop,2,cavity,0,0,nan,nan,nan,0,0,"0.9733,0.9707,0.9931",GAN-cyclegan-3D-T2-from-dual
T2,ReMIND-091-pre,preop,lesion,lesion,1,1,0.3836318795430945,12.657548523944737,0.1833315661117591,25347,36285,"0.9733,0.9707,0.9931",GAN-cyclegan-3D-T2-from-dual
T2,ReMIND-096-post,postop,1,tumor,0,1,nan,nan,nan,0,17027,"0.8569,0.8553,1.9849",GAN-cyclegan-3D-T2-from-dual
T2,ReMIND-096-post,postop,2,cavity,1,0,0.0,nan,nan,2166,0,"0.8569,0.8553,1.9849",GAN-cyclegan-3D-T2-from-dual
T2,ReMIND-096-post,postop,lesion,lesion,1,1,0.0,66.31366484921261,0.0,2166,17027,"0.8569,0.8553,1.9849",GAN-cyclegan-3D-T2-from-dual
T2,ReMIND-096-pre,preop,1,tumor,1,1,0.3947644089855778,15.766027553072652,0.10386656557998483,18774,75733,"0.9755,0.9626,0.9851",GAN-cyclegan-3D-T2-from-dual
T2,ReMIND-096-pre,preop,2,cavity,0,0,nan,nan,nan,0,0,"0.9755,0.9626,0.9851",GAN-cyclegan-3D-T2-from-dual
T2,ReMIND-096-pre,preop,lesion,lesion,1,1,0.3947644089855778,15.766027553072652,0.10386656557998483,18774,75733,"0.9755,0.9626,0.9851",GAN-cyclegan-3D-T2-from-dual
T2,ReMIND-102-pre,preop,1,tumor,1,1,0.17124472149607883,0.5672165171613921,1.0,7693,17172,"0.0008,0.0174,0.0887",GAN-cyclegan-3D-T2-from-dual
T2,ReMIND-102-pre,preop,2,cavity,0,1,nan,nan,nan,0,2764,"0.0008,0.0174,0.0887",GAN-cyclegan-3D-T2-from-dual
T2,ReMIND-102-pre,preop,lesion,lesion,1,1,0.25024430851641394,0.5530262338504248,1.0,7693,19936,"0.0008,0.0174,0.0887",GAN-cyclegan-3D-T2-from-dual
T2,ReMIND-107-pre,preop,1,tumor,1,1,0.5543309716357737,6.2484085649159695,0.3734445756400109,57631,110045,"0.2343,0.2312,4.9330",GAN-cyclegan-3D-T2-from-dual
T2,ReMIND-107-pre,preop,2,cavity,0,1,nan,nan,nan,0,2182,"0.2343,0.2312,4.9330",GAN-cyclegan-3D-T2-from-dual
T2,ReMIND-107-pre,preop,lesion,lesion,1,1,0.5512604646233913,6.3885792261636505,0.37511555053410023,57631,112227,"0.2343,0.2312,4.9330",GAN-cyclegan-3D-T2-from-dual
T2,ReMIND-109-post,postop,1,tumor,0,1,nan,nan,nan,0,23231,"0.8585,0.8371,1.9460",GAN-cyclegan-3D-T2-from-dual
T2,ReMIND-109-post,postop,2,cavity,1,0,0.0,nan,nan,3408,0,"0.8585,0.8371,1.9460",GAN-cyclegan-3D-T2-from-dual
T2,ReMIND-109-post,postop,lesion,lesion,1,1,0.0,53.475772764120826,0.0,3408,23231,"0.8585,0.8371,1.9460",GAN-cyclegan-3D-T2-from-dual
T2,ReMIND-109-pre,preop,1,tumor,1,1,0.6795966530787385,41.195752628054215,0.5381857296522051,10361,12944,"0.9755,0.9400,0.9620",GAN-cyclegan-3D-T2-from-dual
T2,ReMIND-109-pre,preop,2,cavity,0,1,nan,nan,nan,0,21,"0.9755,0.9400,0.9620",GAN-cyclegan-3D-T2-from-dual
T2,ReMIND-109-pre,preop,lesion,lesion,1,1,0.6807853896939038,41.17022090926074,0.5405747334176758,10361,12965,"0.9755,0.9400,0.9620",GAN-cyclegan-3D-T2-from-dual
T2,ReMIND-003-post,postop,1,tumor,0,1,nan,nan,nan,0,9376,"0.9264,0.9265,1.9922",GAN-cyclegan-3D-T2-from-single
T2,ReMIND-003-post,postop,2,cavity,1,1,0.00975609756097561,11.809500765059804,0.10456553755522828,2099,361,"0.9264,0.9265,1.9922",GAN-cyclegan-3D-T2-from-single
T2,ReMIND-003-post,postop,lesion,lesion,1,1,0.3215613382899628,39.55415311958654,0.29698962813053376,2099,9737,"0.9264,0.9265,1.9922",GAN-cyclegan-3D-T2-from-single
T2,ReMIND-003-pre,preop,1,tumor,1,1,0.437972980548237,10.024823720490183,0.2570114260276005,10844,24834,"0.9757,0.9586,0.9825",GAN-cyclegan-3D-T2-from-single
T2,ReMIND-003-pre,preop,2,cavity,0,0,nan,nan,nan,0,0,"0.9757,0.9586,0.9825",GAN-cyclegan-3D-T2-from-single
T2,ReMIND-003-pre,preop,lesion,lesion,1,1,0.437972980548237,10.024823720490183,0.2570114260276005,10844,24834,"0.9757,0.9586,0.9825",GAN-cyclegan-3D-T2-from-single
T2,ReMIND-004-pre,preop,1,tumor,1,1,0.004629629629629629,69.02603039087396,0.026662383552842915,2043,7029,"0.9761,0.9626,0.9802",GAN-cyclegan-3D-T2-from-single
T2,ReMIND-004-pre,preop,2,cavity,0,0,nan,nan,nan,0,0,"0.9761,0.9626,0.9802",GAN-cyclegan-3D-T2-from-single
T2,ReMIND-004-pre,preop,lesion,lesion,1,1,0.004629629629629629,69.02603039087396,0.026662383552842915,2043,7029,"0.9761,0.9626,0.9802",GAN-cyclegan-3D-T2-from-single
T2,ReMIND-023-pre,preop,1,tumor,1,1,0.46823914058851,54.243658665713816,0.37900128040973113,3895,4669,"0.6872,0.6822,2.1845",GAN-cyclegan-3D-T2-from-single
T2,ReMIND-023-pre,preop,2,cavity,0,0,nan,nan,nan,0,0,"0.6872,0.6822,2.1845",GAN-cyclegan-3D-T2-from-single
T2,ReMIND-023-pre,preop,lesion,lesion,1,1,0.46823914058851,54.243658665713816,0.37900128040973113,3895,4669,"0.6872,0.6822,2.1845",GAN-cyclegan-3D-T2-from-single
T2,ReMIND-031-post,postop,1,tumor,0,1,nan,nan,nan,0,34218,"0.0027,0.1312,0.0963",GAN-cyclegan-3D-T2-from-single
T2,ReMIND-031-post,postop,2,cavity,1,1,0.00017221090095003014,2.6402033704599797,0.7961934324456789,32424,2417,"0.0027,0.1312,0.0963",GAN-cyclegan-3D-T2-from-single
T2,ReMIND-031-post,postop,lesion,lesion,1,1,0.043585919286407274,1.5476118042445155,0.9486971627099016,32424,36635,"0.0027,0.1312,0.0963",GAN-cyclegan-3D-T2-from-single
T2,ReMIND-031-pre,preop,1,tumor,1,1,0.17811745776347546,40.52677736110248,0.21384439359267735,8344,28946,"0.9766,0.9754,0.9990",GAN-cyclegan-3D-T2-from-single
T2,ReMIND-031-pre,preop,2,cavity,0,1,nan,nan,nan,0,152,"0.9766,0.9754,0.9990",GAN-cyclegan-3D-T2-from-single
T2,ReMIND-031-pre,preop,lesion,lesion,1,1,0.17739436995886973,41.35078528269705,0.21522339935513587,8344,29098,"0.9766,0.9754,0.9990",GAN-cyclegan-3D-T2-from-single
T2,ReMIND-032-post,postop,1,tumor,1,1,0.16205604140638943,16.8923271774069,0.2533501214137962,13367,20251,"0.8594,0.8379,1.9501",GAN-cyclegan-3D-T2-from-single
T2,ReMIND-032-post,postop,2,cavity,1,1,0.0,48.12443701755112,0.0,6211,502,"0.8594,0.8379,1.9501",GAN-cyclegan-3D-T2-from-single
T2,ReMIND-032-post,postop,lesion,lesion,1,1,0.25290719297810615,17.844993964815227,0.2146475868811661,19578,20753,"0.8594,0.8379,1.9501",GAN-cyclegan-3D-T2-from-single
T2,ReMIND-032-pre,preop,1,tumor,1,1,0.3926865153493908,11.632076216954594,0.19496570954857187,32911,27580,"0.8208,0.8169,1.9763",GAN-cyclegan-3D-T2-from-single
T2,ReMIND-032-pre,preop,2,cavity,0,1,nan,nan,nan,0,270,"0.8208,0.8169,1.9763",GAN-cyclegan-3D-T2-from-single
T2,ReMIND-032-pre,preop,lesion,lesion,1,1,0.3909415579072102,11.749723102322536,0.19382632801378588,32911,27850,"0.8208,0.8169,1.9763",GAN-cyclegan-3D-T2-from-single
T2,ReMIND-034-post,postop,1,tumor,1,1,0.03859046684653749,50.02170687696229,0.07054924242424243,516,11715,"0.8557,0.8490,1.9836",GAN-cyclegan-3D-T2-from-single
T2,ReMIND-034-post,postop,2,cavity,1,1,0.10089531680440772,41.68119419158628,0.13126207819235916,12900,4524,"0.8557,0.8490,1.9836",GAN-cyclegan-3D-T2-from-single
T2,ReMIND-034-post,postop,lesion,lesion,1,1,0.1547125273984151,46.766728290725446,0.12383034543069524,13416,16239,"0.8557,0.8490,1.9836",GAN-cyclegan-3D-T2-from-single
T2,ReMIND-034-pre,preop,1,tumor,1,1,0.2938201471340218,21.671660900498253,0.3044755415935702,206728,61191,"0.2679,0.2658,4.9631",GAN-cyclegan-3D-T2-from-single
T2,ReMIND-034-pre,preop,2,cavity,1,0,0.0,nan,nan,20636,0,"0.2679,0.2658,4.9631",GAN-cyclegan-3D-T2-from-single
T2,ReMIND-034-pre,preop,lesion,lesion,1,1,0.2728076103342517,27.580290266284397,0.2969383086094735,227364,61191,"0.2679,0.2658,4.9631",GAN-cyclegan-3D-T2-from-single
T2,ReMIND-045-post,postop,1,tumor,1,1,0.033664739884393065,23.686909402421612,0.12677095631641086,3767,17858,"0.7296,0.7296,2.0000",GAN-cyclegan-3D-T2-from-single
T2,ReMIND-045-post,postop,2,cavity,1,1,0.0,44.11992345401335,0.0,4649,1452,"0.7296,0.7296,2.0000",GAN-cyclegan-3D-T2-from-single
T2,ReMIND-045-post,postop,lesion,lesion,1,1,0.18791026473346317,21.85369132320199,0.24160624651422197,8416,19310,"0.7296,0.7296,2.0000",GAN-cyclegan-3D-T2-from-single
T2,ReMIND-045-pre,preop,1,tumor,1,1,0.5103814774230544,5.081368916044676,0.5301254539451964,123470,52661,"0.2608,0.2430,0.9600",GAN-cyclegan-3D-T2-from-single
T2,ReMIND-045-pre,preop,2,cavity,0,0,nan,nan,nan,0,0,"0.2608,0.2430,0.9600",GAN-cyclegan-3D-T2-from-single
T2,ReMIND-045-pre,preop,lesion,lesion,1,1,0.5103814774230544,5.081368916044676,0.5301254539451964,123470,52661,"0.2608,0.2430,0.9600",GAN-cyclegan-3D-T2-from-single
T2,ReMIND-056-post,postop,1,tumor,0,1,nan,nan,nan,0,17307,"0.8539,0.8523,1.9741",GAN-cyclegan-3D-T2-from-single
T2,ReMIND-056-post,postop,2,cavity,1,0,0.0,nan,nan,17551,0,"0.8539,0.8523,1.9741",GAN-cyclegan-3D-T2-from-single
T2,ReMIND-056-post,postop,lesion,lesion,1,1,0.0004016294681278329,29.24259489779212,0.02500534302201325,17551,17307,"0.8539,0.8523,1.9741",GAN-cyclegan-3D-T2-from-single
T2,ReMIND-056-pre,preop,1,tumor,1,1,0.49267698912346375,9.476901999776855,0.28204953728905824,55846,20557,"0.7937,0.7936,1.2000",GAN-cyclegan-3D-T2-from-single
T2,ReMIND-056-pre,preop,2,cavity,0,1,nan,nan,nan,0,2957,"0.7937,0.7936,1.2000",GAN-cyclegan-3D-T2-from-single
T2,ReMIND-056-pre,preop,lesion,lesion,1,1,0.5375252016129032,9.294163099497219,0.3016112444292081,55846,23514,"0.7937,0.7936,1.2000",GAN-cyclegan-3D-T2-from-single
T2,ReMIND-077-post,postop,1,tumor,1,1,0.1051634986526837,26.22017873526728,0.2684169278996865,2094,11637,"0.8558,0.8268,1.9283",GAN-cyclegan-3D-T2-from-single
T2,ReMIND-077-post,postop,2,cavity,1,0,0.0,nan,nan,2767,0,"0.8558,0.8268,1.9283",GAN-cyclegan-3D-T2-from-single
T2,ReMIND-077-post,postop,lesion,lesion,1,1,0.25954661171051036,25.036875978536496,0.3074361820199778,4861,11637,"0.8558,0.8268,1.9283",GAN-cyclegan-3D-T2-from-single
T2,ReMIND-077-pre,preop,1,tumor,1,1,0.2231379815803302,11.648995853957535,0.22045736172130223,6841,29316,"0.9765,0.9644,0.9880",GAN-cyclegan-3D-T2-from-single
T2,ReMIND-077-pre,preop,2,cavity,1,0,0.0,nan,nan,5265,0,"0.9765,0.9644,0.9880",GAN-cyclegan-3D-T2-from-single
T2,ReMIND-077-pre,preop,lesion,lesion,1,1,0.3146154217565545,11.239860567530947,0.23998767714109673,12106,29316,"0.9765,0.9644,0.9880",GAN-cyclegan-3D-T2-from-single
T2,ReMIND-079-post,postop,1,tumor,1,1,0.0175645562983353,18.550144379355956,0.07029113720443944,7260,7998,"0.7990,0.7254,1.8280",GAN-cyclegan-3D-T2-from-single
T2,ReMIND-079-post,postop,2,cavity,0,1,nan,nan,nan,0,17,"0.7990,0.7254,1.8280",GAN-cyclegan-3D-T2-from-single
T2,ReMIND-079-post,postop,lesion,lesion,1,1,0.017545008183306055,18.550144379355956,0.07015572323005298,7260,8015,"0.7990,0.7254,1.8280",GAN-cyclegan-3D-T2-from-single
T2,ReMIND-079-pre,preop,1,tumor,1,1,0.29295362875937303,17.07287532512609,0.21067000341258105,14068,22873,"0.9526,0.9132,0.9551",GAN-cyclegan-3D-T2-from-single
T2,ReMIND-079-pre,preop,2,cavity,1,0,0.0,nan,nan,7069,0,"0.9526,0.9132,0.9551",GAN-cyclegan-3D-T2-from-single
T2,ReMIND-079-pre,preop,lesion,lesion,1,1,0.3139740967961827,18.246346427090007,0.21643175074183976,21137,22873,"0.9526,0.9132,0.9551",GAN-cyclegan-3D-T2-from-single
T2,ReMIND-087-post,postop,1,tumor,0,1,nan,nan,nan,0,12858,"0.8587,0.8570,1.9930",GAN-cyclegan-3D-T2-from-single
T2,ReMIND-087-post,postop,2,cavity,1,0,0.0,nan,nan,8781,0,"0.8587,0.8570,1.9930",GAN-cyclegan-3D-T2-from-single
T2,ReMIND-087-post,postop,lesion,lesion,1,1,0.24659180183927168,14.706363436560824,0.14149108589951379,8781,12858,"0.8587,0.8570,1.9930",GAN-cyclegan-3D-T2-from-single
T2,ReMIND-087-pre,preop,1,tumor,1,1,0.04385100871912736,17.968558651671515,0.12214137214137215,11505,15906,"0.9766,0.9734,0.9968",GAN-cyclegan-3D-T2-from-single
T2,ReMIND-087-pre,preop,2,cavity,1,0,0.0,nan,nan,11681,0,"0.9766,0.9734,0.9968",GAN-cyclegan-3D-T2-from-single
T2,ReMIND-087-pre,preop,lesion,lesion,1,1,0.28906170060370406,14.29695242955664,0.22346428191206216,23186,15906,"0.9766,0.9734,0.9968",GAN-cyclegan-3D-T2-from-single
T2,ReMIND-091-post,postop,1,tumor,0,1,nan,nan,nan,0,5865,"0.8574,0.8545,1.9930",GAN-cyclegan-3D-T2-from-single
T2,ReMIND-091-post,postop,2,cavity,1,0,0.0,nan,nan,7894,0,"0.8574,0.8545,1.9930",GAN-cyclegan-3D-T2-from-single
T2,ReMIND-091-post,postop,lesion,lesion,1,1,0.20335780216585508,48.9389585614614,0.1941544885177453,7894,5865,"0.8574,0.8545,1.9930",GAN-cyclegan-3D-T2-from-single
T2,ReMIND-091-pre,preop,1,tumor,1,1,0.395428396103398,13.025898771253596,0.16239048811013768,25347,39838,"0.9733,0.9707,0.9931",GAN-cyclegan-3D-T2-from-single
T2,ReMIND-091-pre,preop,2,cavity,0,0,nan,nan,nan,0,0,"0.9733,0.9707,0.9931",GAN-cyclegan-3D-T2-from-single
T2,ReMIND-091-pre,preop,lesion,lesion,1,1,0.395428396103398,13.025898771253596,0.16239048811013768,25347,39838,"0.9733,0.9707,0.9931",GAN-cyclegan-3D-T2-from-single
T2,ReMIND-096-post,postop,1,tumor,0,1,nan,nan,nan,0,16509,"0.8569,0.8553,1.9849",GAN-cyclegan-3D-T2-from-single
T2,ReMIND-096-post,postop,2,cavity,1,1,0.015144766146993319,12.61269298620548,0.07504873294346978,2166,79,"0.8569,0.8553,1.9849",GAN-cyclegan-3D-T2-from-single
T2,ReMIND-096-post,postop,lesion,lesion,1,1,0.09917884184707262,29.107254087872537,0.11536050156739812,2166,16588,"0.8569,0.8553,1.9849",GAN-cyclegan-3D-T2-from-single
T2,ReMIND-096-pre,preop,1,tumor,1,1,0.5317105570215592,10.199259604314795,0.260334312175288,18774,36933,"0.9755,0.9626,0.9851",GAN-cyclegan-3D-T2-from-single
T2,ReMIND-096-pre,preop,2,cavity,0,1,nan,nan,nan,0,4,"0.9755,0.9626,0.9851",GAN-cyclegan-3D-T2-from-single
T2,ReMIND-096-pre,preop,lesion,lesion,1,1,0.5316723806788606,10.205343241069244,0.2602167532174306,18774,36937,"0.9755,0.9626,0.9851",GAN-cyclegan-3D-T2-from-single
T2,ReMIND-102-pre,preop,1,tumor,1,1,0.3187999001996008,0.437439694849687,1.0,7693,24371,"0.0008,0.0174,0.0887",GAN-cyclegan-3D-T2-from-single
T2,ReMIND-102-pre,preop,2,cavity,0,1,nan,nan,nan,0,4562,"0.0008,0.0174,0.0887",GAN-cyclegan-3D-T2-from-single
T2,ReMIND-102-pre,preop,lesion,lesion,1,1,0.28236771692240487,0.424104455370119,1.0,7693,28933,"0.0008,0.0174,0.0887",GAN-cyclegan-3D-T2-from-single
T2,ReMIND-107-post,postop,1,tumor,1,1,0.0,27.679317759314124,0.0,3621,12,"0.8587,0.8481,1.9732",GAN-cyclegan-3D-T2-from-single
T2,ReMIND-107-post,postop,2,cavity,1,1,0.0,25.024108633867595,0.0,879,9,"0.8587,0.8481,1.9732",GAN-cyclegan-3D-T2-from-single
T2,ReMIND-107-post,postop,lesion,lesion,1,1,0.0,26.858400134385473,0.0,4500,21,"0.8587,0.8481,1.9732",GAN-cyclegan-3D-T2-from-single
T2,ReMIND-107-pre,preop,1,tumor,1,1,0.5462904484154995,9.707629393194559,0.5122947073341662,57631,50037,"0.2343,0.2312,4.9330",GAN-cyclegan-3D-T2-from-single
T2,ReMIND-107-pre,preop,2,cavity,0,1,nan,nan,nan,0,2274,"0.2343,0.2312,4.9330",GAN-cyclegan-3D-T2-from-single
T2,ReMIND-107-pre,preop,lesion,lesion,1,1,0.5349911771661422,9.664574333395683,0.5226873240312971,57631,52311,"0.2343,0.2312,4.9330",GAN-cyclegan-3D-T2-from-single
T2,ReMIND-109-post,postop,1,tumor,0,1,nan,nan,nan,0,8084,"0.8585,0.8371,1.9460",GAN-cyclegan-3D-T2-from-single
T2,ReMIND-109-post,postop,2,cavity,1,1,0.0,66.25342231283088,0.0,3408,359,"0.8585,0.8371,1.9460",GAN-cyclegan-3D-T2-from-single
T2,ReMIND-109-post,postop,lesion,lesion,1,1,0.0,52.866236131698024,0.0,3408,8443,"0.8585,0.8371,1.9460",GAN-cyclegan-3D-T2-from-single
T2,ReMIND-109-pre,preop,1,tumor,1,1,0.6802610114192496,5.426460029743932,0.5645215633423181,10361,12933,"0.9755,0.9400,0.9620",GAN-cyclegan-3D-T2-from-single
T2,ReMIND-109-pre,preop,2,cavity,0,1,nan,nan,nan,0,485,"0.9755,0.9400,0.9620",GAN-cyclegan-3D-T2-from-single
T2,ReMIND-109-pre,preop,lesion,lesion,1,1,0.6811051768367047,5.640070080757141,0.5281651874660388,10361,13418,"0.9755,0.9400,0.9620",GAN-cyclegan-3D-T2-from-single
T2,ReMIND-003-post,postop,1,tumor,0,1,nan,nan,nan,0,21639,"0.9264,0.9265,1.9922",GAN-pix2pix-2.5D-T2-from-dual
T2,ReMIND-003-post,postop,2,cavity,1,0,0.0,nan,nan,2099,0,"0.9264,0.9265,1.9922",GAN-pix2pix-2.5D-T2-from-dual
T2,ReMIND-003-post,postop,lesion,lesion,1,1,0.13362541073384446,41.74977576521987,0.13353863381858902,2099,21639,"0.9264,0.9265,1.9922",GAN-pix2pix-2.5D-T2-from-dual
T2,ReMIND-023-pre,preop,1,tumor,1,1,0.0,55.42018436515528,0.0,3895,6664,"0.6872,0.6822,2.1845",GAN-pix2pix-2.5D-T2-from-dual
T2,ReMIND-023-pre,preop,2,cavity,0,0,nan,nan,nan,0,0,"0.6872,0.6822,2.1845",GAN-pix2pix-2.5D-T2-from-dual
T2,ReMIND-023-pre,preop,lesion,lesion,1,1,0.0,55.42018436515528,0.0,3895,6664,"0.6872,0.6822,2.1845",GAN-pix2pix-2.5D-T2-from-dual
T2,ReMIND-032-post,postop,1,tumor,1,1,0.11603919546157813,26.1681981863251,0.09061383566092887,13367,9901,"0.8594,0.8379,1.9501",GAN-pix2pix-2.5D-T2-from-dual
T2,ReMIND-032-post,postop,2,cavity,1,0,0.0,nan,nan,6211,0,"0.8594,0.8379,1.9501",GAN-pix2pix-2.5D-T2-from-dual
T2,ReMIND-032-post,postop,lesion,lesion,1,1,0.09579700803962142,21.123585161889554,0.09343915343915343,19578,9901,"0.8594,0.8379,1.9501",GAN-pix2pix-2.5D-T2-from-dual
T2,ReMIND-032-pre,preop,1,tumor,1,1,0.5866233414568102,7.913038162612252,0.2779059040590406,32911,22484,"0.8208,0.8169,1.9763",GAN-pix2pix-2.5D-T2-from-dual
T2,ReMIND-032-pre,preop,2,cavity,0,0,nan,nan,nan,0,0,"0.8208,0.8169,1.9763",GAN-pix2pix-2.5D-T2-from-dual
T2,ReMIND-032-pre,preop,lesion,lesion,1,1,0.5866233414568102,7.913038162612252,0.2779059040590406,32911,22484,"0.8208,0.8169,1.9763",GAN-pix2pix-2.5D-T2-from-dual
T2,ReMIND-045-pre,preop,1,tumor,1,1,0.767264568985724,2.0702804171833473,0.7287126811942017,123470,145303,"0.2608,0.2430,0.9600",GAN-pix2pix-2.5D-T2-from-dual
T2,ReMIND-045-pre,preop,2,cavity,0,0,nan,nan,nan,0,0,"0.2608,0.2430,0.9600",GAN-pix2pix-2.5D-T2-from-dual
T2,ReMIND-045-pre,preop,lesion,lesion,1,1,0.767264568985724,2.0702804171833473,0.7287126811942017,123470,145303,"0.2608,0.2430,0.9600",GAN-pix2pix-2.5D-T2-from-dual
T2,ReMIND-056-post,postop,1,tumor,0,1,nan,nan,nan,0,48085,"0.8539,0.8523,1.9741",GAN-pix2pix-2.5D-T2-from-dual
T2,ReMIND-056-post,postop,2,cavity,1,0,0.0,nan,nan,17551,0,"0.8539,0.8523,1.9741",GAN-pix2pix-2.5D-T2-from-dual
T2,ReMIND-056-post,postop,lesion,lesion,1,1,0.17255774270217564,26.61400443515659,0.14448030119671912,17551,48085,"0.8539,0.8523,1.9741",GAN-pix2pix-2.5D-T2-from-dual
T2,ReMIND-056-pre,preop,1,tumor,1,1,0.6381962238471207,12.102368040446475,0.4396163923080726,55846,88163,"0.7937,0.7936,1.2000",GAN-pix2pix-2.5D-T2-from-dual
T2,ReMIND-056-pre,preop,2,cavity,0,0,nan,nan,nan,0,0,"0.7937,0.7936,1.2000",GAN-pix2pix-2.5D-T2-from-dual
T2,ReMIND-056-pre,preop,lesion,lesion,1,1,0.6381962238471207,12.102368040446475,0.4396163923080726,55846,88163,"0.7937,0.7936,1.2000",GAN-pix2pix-2.5D-T2-from-dual
T2,ReMIND-077-post,postop,1,tumor,1,1,0.07394262052647146,26.488951500501976,0.13973799126637554,2094,28335,"0.8558,0.8268,1.9283",GAN-pix2pix-2.5D-T2-from-dual
T2,ReMIND-077-post,postop,2,cavity,1,0,0.0,nan,nan,2767,0,"0.8558,0.8268,1.9283",GAN-pix2pix-2.5D-T2-from-dual
T2,ReMIND-077-post,postop,lesion,lesion,1,1,0.1598385347632245,26.133444845299053,0.1852439928019477,4861,28335,"0.8558,0.8268,1.9283",GAN-pix2pix-2.5D-T2-from-dual
T2,ReMIND-077-pre,preop,1,tumor,1,1,0.2578831958985762,10.531215136871355,0.2592499686441741,6841,25538,"0.9765,0.9644,0.9880",GAN-pix2pix-2.5D-T2-from-dual
T2,ReMIND-077-pre,preop,2,cavity,1,1,0.0,46.111959203265734,0.0,5265,12,"0.9765,0.9644,0.9880",GAN-pix2pix-2.5D-T2-from-dual
T2,ReMIND-077-pre,preop,lesion,lesion,1,1,0.3816656044189505,10.130829691571654,0.27910920189916344,12106,25550,"0.9765,0.9644,0.9880",GAN-pix2pix-2.5D-T2-from-dual
T2,ReMIND-079-post,postop,1,tumor,1,1,0.1855020261143629,16.45170557498932,0.20974155069582506,7260,17171,"0.7990,0.7254,1.8280",GAN-pix2pix-2.5D-T2-from-dual
T2,ReMIND-079-post,postop,2,cavity,0,0,nan,nan,nan,0,0,"0.7990,0.7254,1.8280",GAN-pix2pix-2.5D-T2-from-dual
T2,ReMIND-079-post,postop,lesion,lesion,1,1,0.1855020261143629,16.45170557498932,0.20974155069582506,7260,17171,"0.7990,0.7254,1.8280",GAN-pix2pix-2.5D-T2-from-dual
T2,ReMIND-079-pre,preop,1,tumor,1,1,0.17515792621388254,13.865179507804875,0.1806712086802927,14068,12685,"0.9526,0.9132,0.9551",GAN-pix2pix-2.5D-T2-from-dual
T2,ReMIND-079-pre,preop,2,cavity,1,0,0.0,nan,nan,7069,0,"0.9526,0.9132,0.9551",GAN-pix2pix-2.5D-T2-from-dual
T2,ReMIND-079-pre,preop,lesion,lesion,1,1,0.14594051209272071,15.030622058859423,0.1470914406694223,21137,12685,"0.9526,0.9132,0.9551",GAN-pix2pix-2.5D-T2-from-dual
T2,ReMIND-087-pre,preop,1,tumor,1,1,0.11841439983820407,17.92076511162357,0.19392573513629535,11505,28051,"0.9766,0.9734,0.9968",GAN-pix2pix-2.5D-T2-from-dual
T2,ReMIND-087-pre,preop,2,cavity,1,1,0.001872220922068804,19.29971350001495,0.047105561861521,11681,1138,"0.9766,0.9734,0.9968",GAN-pix2pix-2.5D-T2-from-dual
T2,ReMIND-087-pre,preop,lesion,lesion,1,1,0.3652124105011933,12.240559973667027,0.20756501182033096,23186,29189,"0.9766,0.9734,0.9968",GAN-pix2pix-2.5D-T2-from-dual
T2,ReMIND-091-pre,preop,1,tumor,1,1,0.5715588906054587,11.123104242597318,0.3022897825668655,25347,42618,"0.9733,0.9707,0.9931",GAN-pix2pix-2.5D-T2-from-dual
T2,ReMIND-091-pre,preop,2,cavity,0,1,nan,nan,nan,0,399,"0.9733,0.9707,0.9931",GAN-pix2pix-2.5D-T2-from-dual
T2,ReMIND-091-pre,preop,lesion,lesion,1,1,0.5796325551459832,11.086020459856957,0.3031362268181377,25347,43017,"0.9733,0.9707,0.9931",GAN-pix2pix-2.5D-T2-from-dual
T2,ReMIND-096-post,postop,1,tumor,0,1,nan,nan,nan,0,32762,"0.8569,0.8553,1.9849",GAN-pix2pix-2.5D-T2-from-dual
T2,ReMIND-096-post,postop,2,cavity,1,1,0.0,30.864657216510786,0.0,2166,20,"0.8569,0.8553,1.9849",GAN-pix2pix-2.5D-T2-from-dual
T2,ReMIND-096-post,postop,lesion,lesion,1,1,0.07685704475220327,43.30085851602893,0.08558795662701336,2166,32782,"0.8569,0.8553,1.9849",GAN-pix2pix-2.5D-T2-from-dual
T2,ReMIND-096-pre,preop,1,tumor,1,1,0.35619641465315666,16.96212369213599,0.09661144578313254,18774,81300,"0.9755,0.9626,0.9851",GAN-pix2pix-2.5D-T2-from-dual
T2,ReMIND-096-pre,preop,2,cavity,0,0,nan,nan,nan,0,0,"0.9755,0.9626,0.9851",GAN-pix2pix-2.5D-T2-from-dual
T2,ReMIND-096-pre,preop,lesion,lesion,1,1,0.35619641465315666,16.96212369213599,0.09661144578313254,18774,81300,"0.9755,0.9626,0.9851",GAN-pix2pix-2.5D-T2-from-dual
T2,ReMIND-102-pre,preop,1,tumor,1,1,0.14782064482264348,0.344654935977674,1.0,7693,41840,"0.0008,0.0174,0.0887",GAN-pix2pix-2.5D-T2-from-dual
T2,ReMIND-102-pre,preop,2,cavity,0,1,nan,nan,nan,0,153,"0.0008,0.0174,0.0887",GAN-pix2pix-2.5D-T2-from-dual
T2,ReMIND-102-pre,preop,lesion,lesion,1,1,0.14736545505776275,0.3477247333029981,1.0,7693,41993,"0.0008,0.0174,0.0887",GAN-pix2pix-2.5D-T2-from-dual
T2,ReMIND-107-pre,preop,1,tumor,1,1,0.2332426588547116,11.487939059079618,0.21553265775355532,57631,71402,"0.2343,0.2312,4.9330",GAN-pix2pix-2.5D-T2-from-dual
T2,ReMIND-107-pre,preop,2,cavity,0,1,nan,nan,nan,0,161637,"0.2343,0.2312,4.9330",GAN-pix2pix-2.5D-T2-from-dual
T2,ReMIND-107-pre,preop,lesion,lesion,1,1,0.3595004644442151,11.867247918280425,0.17233542471979954,57631,233039,"0.2343,0.2312,4.9330",GAN-pix2pix-2.5D-T2-from-dual
T2,ReMIND-109-post,postop,1,tumor,0,1,nan,nan,nan,0,24071,"0.8585,0.8371,1.9460",GAN-pix2pix-2.5D-T2-from-dual
T2,ReMIND-109-post,postop,2,cavity,1,0,0.0,nan,nan,3408,0,"0.8585,0.8371,1.9460",GAN-pix2pix-2.5D-T2-from-dual
T2,ReMIND-109-post,postop,lesion,lesion,1,1,0.03158775792423305,49.01079901117892,0.07147643511279875,3408,24071,"0.8585,0.8371,1.9460",GAN-pix2pix-2.5D-T2-from-dual
T2,ReMIND-109-pre,preop,1,tumor,1,1,0.47202216066481995,11.193752040617603,0.21275720164609052,10361,29349,"0.9755,0.9400,0.9620",GAN-pix2pix-2.5D-T2-from-dual
T2,ReMIND-109-pre,preop,2,cavity,0,0,nan,nan,nan,0,0,"0.9755,0.9400,0.9620",GAN-pix2pix-2.5D-T2-from-dual
T2,ReMIND-109-pre,preop,lesion,lesion,1,1,0.47202216066481995,11.193752040617603,0.21275720164609052,10361,29349,"0.9755,0.9400,0.9620",GAN-pix2pix-2.5D-T2-from-dual
T2,ReMIND-003-post,postop,1,tumor,0,1,nan,nan,nan,0,25115,"0.9264,0.9265,1.9922",GAN-pix2pix-2.5D-T2-from-single
T2,ReMIND-003-post,postop,2,cavity,1,0,0.0,nan,nan,2099,0,"0.9264,0.9265,1.9922",GAN-pix2pix-2.5D-T2-from-single
T2,ReMIND-003-post,postop,lesion,lesion,1,1,0.13720878959359153,40.687724537524886,0.12082158679017317,2099,25115,"0.9264,0.9265,1.9922",GAN-pix2pix-2.5D-T2-from-single
T2,ReMIND-003-pre,preop,1,tumor,1,1,0.35067399555032064,14.045790827524739,0.14734836456017783,10844,19720,"0.9757,0.9586,0.9825",GAN-pix2pix-2.5D-T2-from-single
T2,ReMIND-003-pre,preop,2,cavity,0,0,nan,nan,nan,0,0,"0.9757,0.9586,0.9825",GAN-pix2pix-2.5D-T2-from-single
T2,ReMIND-003-pre,preop,lesion,lesion,1,1,0.35067399555032064,14.045790827524739,0.14734836456017783,10844,19720,"0.9757,0.9586,0.9825",GAN-pix2pix-2.5D-T2-from-single
T2,ReMIND-004-pre,preop,1,tumor,1,1,0.0,64.69358073822066,0.0009041591320072332,2043,4332,"0.9761,0.9626,0.9802",GAN-pix2pix-2.5D-T2-from-single
T2,ReMIND-004-pre,preop,2,cavity,0,0,nan,nan,nan,0,0,"0.9761,0.9626,0.9802",GAN-pix2pix-2.5D-T2-from-single
T2,ReMIND-004-pre,preop,lesion,lesion,1,1,0.0,64.69358073822066,0.0009041591320072332,2043,4332,"0.9761,0.9626,0.9802",GAN-pix2pix-2.5D-T2-from-single
T2,ReMIND-023-pre,preop,1,tumor,1,1,0.0,54.52422872406365,0.0,3895,3072,"0.6872,0.6822,2.1845",GAN-pix2pix-2.5D-T2-from-single
T2,ReMIND-023-pre,preop,2,cavity,0,0,nan,nan,nan,0,0,"0.6872,0.6822,2.1845",GAN-pix2pix-2.5D-T2-from-single
T2,ReMIND-023-pre,preop,lesion,lesion,1,1,0.0,54.52422872406365,0.0,3895,3072,"0.6872,0.6822,2.1845",GAN-pix2pix-2.5D-T2-from-single
T2,ReMIND-031-post,postop,1,tumor,0,1,nan,nan,nan,0,102341,"0.0027,0.1312,0.0963",GAN-pix2pix-2.5D-T2-from-single
T2,ReMIND-031-post,postop,2,cavity,1,0,0.0,nan,nan,32424,0,"0.0027,0.1312,0.0963",GAN-pix2pix-2.5D-T2-from-single
T2,ReMIND-031-post,postop,lesion,lesion,1,1,0.13215597521611694,1.2799130466702842,0.9955659067496753,32424,102341,"0.0027,0.1312,0.0963",GAN-pix2pix-2.5D-T2-from-single
T2,ReMIND-031-pre,preop,1,tumor,1,1,0.2653783563873068,17.688710489839462,0.16816537467700257,8344,40816,"0.9766,0.9754,0.9990",GAN-pix2pix-2.5D-T2-from-single
T2,ReMIND-031-pre,preop,2,cavity,0,0,nan,nan,nan,0,0,"0.9766,0.9754,0.9990",GAN-pix2pix-2.5D-T2-from-single
T2,ReMIND-031-pre,preop,lesion,lesion,1,1,0.2653783563873068,17.688710489839462,0.16816537467700257,8344,40816,"0.9766,0.9754,0.9990",GAN-pix2pix-2.5D-T2-from-single
T2,ReMIND-032-post,postop,1,tumor,1,1,0.25790626941819017,13.650660395622253,0.298873657556972,13367,17210,"0.8594,0.8379,1.9501",GAN-pix2pix-2.5D-T2-from-single
T2,ReMIND-032-post,postop,2,cavity,1,0,0.0,nan,nan,6211,0,"0.8594,0.8379,1.9501",GAN-pix2pix-2.5D-T2-from-single
T2,ReMIND-032-post,postop,lesion,lesion,1,1,0.3901272153963249,10.49775000321945,0.30147436996399796,19578,17210,"0.8594,0.8379,1.9501",GAN-pix2pix-2.5D-T2-from-single
T2,ReMIND-032-pre,preop,1,tumor,1,1,0.3050900130968501,17.09545677097705,0.21703323321383586,32911,12138,"0.8208,0.8169,1.9763",GAN-pix2pix-2.5D-T2-from-single
T2,ReMIND-032-pre,preop,2,cavity,0,0,nan,nan,nan,0,0,"0.8208,0.8169,1.9763",GAN-pix2pix-2.5D-T2-from-single
T2,ReMIND-032-pre,preop,lesion,lesion,1,1,0.3050900130968501,17.09545677097705,0.21703323321383586,32911,12138,"0.8208,0.8169,1.9763",GAN-pix2pix-2.5D-T2-from-single
T2,ReMIND-034-post,postop,1,tumor,1,1,0.00675219446320054,50.670841727063944,0.02973145780051151,516,5408,"0.8557,0.8490,1.9836",GAN-pix2pix-2.5D-T2-from-single
T2,ReMIND-034-post,postop,2,cavity,1,0,0.0,nan,nan,12900,0,"0.8557,0.8490,1.9836",GAN-pix2pix-2.5D-T2-from-single
T2,ReMIND-034-post,postop,lesion,lesion,1,1,0.014768380790480238,46.44627014708472,0.047716428084526245,13416,5408,"0.8557,0.8490,1.9836",GAN-pix2pix-2.5D-T2-from-single
T2,ReMIND-034-pre,preop,1,tumor,1,1,0.4193817306316451,21.96564930432853,0.27302868124805113,206728,114750,"0.2679,0.2658,4.9631",GAN-pix2pix-2.5D-T2-from-single
T2,ReMIND-034-pre,preop,2,cavity,1,0,0.0,nan,nan,20636,0,"0.2679,0.2658,4.9631",GAN-pix2pix-2.5D-T2-from-single
T2,ReMIND-034-pre,preop,lesion,lesion,1,1,0.3940850125981398,23.04676880190065,0.2666931884580479,227364,114750,"0.2679,0.2658,4.9631",GAN-pix2pix-2.5D-T2-from-single
T2,ReMIND-045-post,postop,1,tumor,1,1,0.054700110633512884,28.524140655462478,0.14654588554012868,3767,51370,"0.7296,0.7296,2.0000",GAN-pix2pix-2.5D-T2-from-single
T2,ReMIND-045-post,postop,2,cavity,1,0,0.0,nan,nan,4649,0,"0.7296,0.7296,2.0000",GAN-pix2pix-2.5D-T2-from-single
T2,ReMIND-045-post,postop,lesion,lesion,1,1,0.15445087478673938,27.75089437316901,0.23562013181545835,8416,51370,"0.7296,0.7296,2.0000",GAN-pix2pix-2.5D-T2-from-single
T2,ReMIND-045-pre,preop,1,tumor,1,1,0.619207266472532,7.152214973923369,0.5256295062567115,123470,207915,"0.2608,0.2430,0.9600",GAN-pix2pix-2.5D-T2-from-single
T2,ReMIND-045-pre,preop,2,cavity,0,0,nan,nan,nan,0,0,"0.2608,0.2430,0.9600",GAN-pix2pix-2.5D-T2-from-single
T2,ReMIND-045-pre,preop,lesion,lesion,1,1,0.619207266472532,7.152214973923369,0.5256295062567115,123470,207915,"0.2608,0.2430,0.9600",GAN-pix2pix-2.5D-T2-from-single
T2,ReMIND-056-post,postop,1,tumor,0,1,nan,nan,nan,0,52399,"0.8539,0.8523,1.9741",GAN-pix2pix-2.5D-T2-from-single
T2,ReMIND-056-post,postop,2,cavity,1,0,0.0,nan,nan,17551,0,"0.8539,0.8523,1.9741",GAN-pix2pix-2.5D-T2-from-single
T2,ReMIND-056-post,postop,lesion,lesion,1,1,0.17109363831308078,26.626011958356443,0.10316804407713498,17551,52399,"0.8539,0.8523,1.9741",GAN-pix2pix-2.5D-T2-from-single
T2,ReMIND-056-pre,preop,1,tumor,1,1,0.46691788030009845,14.968907874770364,0.263575476558475,55846,61982,"0.7937,0.7936,1.2000",GAN-pix2pix-2.5D-T2-from-single
T2,ReMIND-056-pre,preop,2,cavity,0,0,nan,nan,nan,0,0,"0.7937,0.7936,1.2000",GAN-pix2pix-2.5D-T2-from-single
T2,ReMIND-056-pre,preop,lesion,lesion,1,1,0.46691788030009845,14.968907874770364,0.263575476558475,55846,61982,"0.7937,0.7936,1.2000",GAN-pix2pix-2.5D-T2-from-single
T2,ReMIND-077-post,postop,1,tumor,1,1,0.08076545065618315,26.600557117940404,0.14220824598183088,2094,32500,"0.8558,0.8268,1.9283",GAN-pix2pix-2.5D-T2-from-single
T2,ReMIND-077-post,postop,2,cavity,1,0,0.0,nan,nan,2767,0,"0.8558,0.8268,1.9283",GAN-pix2pix-2.5D-T2-from-single
T2,ReMIND-077-post,postop,lesion,lesion,1,1,0.17895666604212948,26.30374850447054,0.19429972418020228,4861,32500,"0.8558,0.8268,1.9283",GAN-pix2pix-2.5D-T2-from-single
T2,ReMIND-077-pre,preop,1,tumor,1,1,0.19790347237388076,20.972690973560752,0.19412205166604268,6841,38949,"0.9765,0.9644,0.9880",GAN-pix2pix-2.5D-T2-from-single
T2,ReMIND-077-pre,preop,2,cavity,1,0,0.0,nan,nan,5265,0,"0.9765,0.9644,0.9880",GAN-pix2pix-2.5D-T2-from-single
T2,ReMIND-077-pre,preop,lesion,lesion,1,1,0.28016844579375183,20.510462915204158,0.20710264183629276,12106,38949,"0.9765,0.9644,0.9880",GAN-pix2pix-2.5D-T2-from-single
T2,ReMIND-079-post,postop,1,tumor,1,1,0.17239709443099274,17.52889229524822,0.19227417949462677,7260,34040,"0.7990,0.7254,1.8280",GAN-pix2pix-2.5D-T2-from-single
T2,ReMIND-079-post,postop,2,cavity,0,0,nan,nan,nan,0,0,"0.7990,0.7254,1.8280",GAN-pix2pix-2.5D-T2-from-single
T2,ReMIND-079-post,postop,lesion,lesion,1,1,0.17239709443099274,17.52889229524822,0.19227417949462677,7260,34040,"0.7990,0.7254,1.8280",GAN-pix2pix-2.5D-T2-from-single
T2,ReMIND-079-pre,preop,1,tumor,1,1,0.2616607918681859,12.978697897439634,0.19309530060383304,14068,10330,"0.9526,0.9132,0.9551",GAN-pix2pix-2.5D-T2-from-single
T2,ReMIND-079-pre,preop,2,cavity,1,1,0.0,43.71789155244598,0.0,7069,4124,"0.9526,0.9132,0.9551",GAN-pix2pix-2.5D-T2-from-single
T2,ReMIND-079-pre,preop,lesion,lesion,1,1,0.2239330167739035,22.614239967910933,0.15921187785974414,21137,14454,"0.9526,0.9132,0.9551",GAN-pix2pix-2.5D-T2-from-single
T2,ReMIND-087-post,postop,1,tumor,0,1,nan,nan,nan,0,37750,"0.8587,0.8570,1.9930",GAN-pix2pix-2.5D-T2-from-single
T2,ReMIND-087-post,postop,2,cavity,1,0,0.0,nan,nan,8781,0,"0.8587,0.8570,1.9930",GAN-pix2pix-2.5D-T2-from-single
T2,ReMIND-087-post,postop,lesion,lesion,1,1,0.19840536416582494,18.34469051454158,0.16622458001768348,8781,37750,"0.8587,0.8570,1.9930",GAN-pix2pix-2.5D-T2-from-single
T2,ReMIND-087-pre,preop,1,tumor,1,1,0.06499327655759748,16.08618049626101,0.12068095838587642,11505,15267,"0.9766,0.9734,0.9968",GAN-pix2pix-2.5D-T2-from-single
T2,ReMIND-087-pre,preop,2,cavity,1,1,0.0,23.531875539616653,0.0,11681,11,"0.9766,0.9734,0.9968",GAN-pix2pix-2.5D-T2-from-single
T2,ReMIND-087-pre,preop,lesion,lesion,1,1,0.22275374376039933,13.996551266669856,0.15449263332641627,23186,15278,"0.9766,0.9734,0.9968",GAN-pix2pix-2.5D-T2-from-single
T2,ReMIND-091-post,postop,1,tumor,0,1,nan,nan,nan,0,16240,"0.8574,0.8545,1.9930",GAN-pix2pix-2.5D-T2-from-single
T2,ReMIND-091-post,postop,2,cavity,1,0,0.0,nan,nan,7894,0,"0.8574,0.8545,1.9930",GAN-pix2pix-2.5D-T2-from-single
T2,ReMIND-091-post,postop,lesion,lesion,1,1,0.293279191182564,13.075630973084241,0.16356168402523105,7894,16240,"0.8574,0.8545,1.9930",GAN-pix2pix-2.5D-T2-from-single
T2,ReMIND-091-pre,preop,1,tumor,1,1,0.5277733465207542,12.577265534956876,0.28357733927434753,25347,37339,"0.9733,0.9707,0.9931",GAN-pix2pix-2.5D-T2-from-single
T2,ReMIND-091-pre,preop,2,cavity,0,1,nan,nan,nan,0,54,"0.9733,0.9707,0.9931",GAN-pix2pix-2.5D-T2-from-single
T2,ReMIND-091-pre,preop,lesion,lesion,1,1,0.5290404845393688,12.571065564310075,0.2842590606905426,25347,37393,"0.9733,0.9707,0.9931",GAN-pix2pix-2.5D-T2-from-single
T2,ReMIND-096-post,postop,1,tumor,0,1,nan,nan,nan,0,34158,"0.8569,0.8553,1.9849",GAN-pix2pix-2.5D-T2-from-single
T2,ReMIND-096-post,postop,2,cavity,1,0,0.0,nan,nan,2166,0,"0.8569,0.8553,1.9849",GAN-pix2pix-2.5D-T2-from-single
T2,ReMIND-096-post,postop,lesion,lesion,1,1,0.11689241272987556,26.060053402356427,0.04353912921741565,2166,34158,"0.8569,0.8553,1.9849",GAN-pix2pix-2.5D-T2-from-single
T2,ReMIND-096-pre,preop,1,tumor,1,1,0.3590535896445514,15.972102722082978,0.09472551130247578,18774,82197,"0.9755,0.9626,0.9851",GAN-pix2pix-2.5D-T2-from-single
T2,ReMIND-096-pre,preop,2,cavity,0,0,nan,nan,nan,0,0,"0.9755,0.9626,0.9851",GAN-pix2pix-2.5D-T2-from-single
T2,ReMIND-096-pre,preop,lesion,lesion,1,1,0.3590535896445514,15.972102722082978,0.09472551130247578,18774,82197,"0.9755,0.9626,0.9851",GAN-pix2pix-2.5D-T2-from-single
T2,ReMIND-102-pre,preop,1,tumor,1,1,0.23637815590638245,0.2756228786359125,1.0,7693,41144,"0.0008,0.0174,0.0887",GAN-pix2pix-2.5D-T2-from-single
T2,ReMIND-102-pre,preop,2,cavity,0,1,nan,nan,nan,0,102,"0.0008,0.0174,0.0887",GAN-pix2pix-2.5D-T2-from-single
T2,ReMIND-102-pre,preop,lesion,lesion,1,1,0.2358854900999203,0.2755906996791229,1.0,7693,41246,"0.0008,0.0174,0.0887",GAN-pix2pix-2.5D-T2-from-single
T2,ReMIND-107-post,postop,1,tumor,1,1,0.16420723578357008,22.39962182249373,0.0699559879545981,3621,39885,"0.8587,0.8481,1.9732",GAN-pix2pix-2.5D-T2-from-single
T2,ReMIND-107-post,postop,2,cavity,1,0,0.0,nan,nan,879,0,"0.8587,0.8481,1.9732",GAN-pix2pix-2.5D-T2-from-single
T2,ReMIND-107-post,postop,lesion,lesion,1,1,0.1942998760842627,20.48993667576599,0.11965623622741296,4500,39885,"0.8587,0.8481,1.9732",GAN-pix2pix-2.5D-T2-from-single
T2,ReMIND-107-pre,preop,1,tumor,1,1,0.20228930397064904,18.38165861767299,0.18765659192540673,57631,56028,"0.2343,0.2312,4.9330",GAN-pix2pix-2.5D-T2-from-single
T2,ReMIND-107-pre,preop,2,cavity,0,1,nan,nan,nan,0,148957,"0.2343,0.2312,4.9330",GAN-pix2pix-2.5D-T2-from-single
T2,ReMIND-107-pre,preop,lesion,lesion,1,1,0.41085843969902824,10.535036599751832,0.2127733425893787,57631,204985,"0.2343,0.2312,4.9330",GAN-pix2pix-2.5D-T2-from-single
T2,ReMIND-109-post,postop,1,tumor,0,1,nan,nan,nan,0,52818,"0.8585,0.8371,1.9460",GAN-pix2pix-2.5D-T2-from-single
T2,ReMIND-109-post,postop,2,cavity,1,0,0.0,nan,nan,3408,0,"0.8585,0.8371,1.9460",GAN-pix2pix-2.5D-T2-from-single
T2,ReMIND-109-post,postop,lesion,lesion,1,1,0.08825098708782414,36.74174363604841,0.056459816887080364,3408,52818,"0.8585,0.8371,1.9460",GAN-pix2pix-2.5D-T2-from-single
T2,ReMIND-109-pre,preop,1,tumor,1,1,0.18804720213170917,45.865254575434555,0.1463465992840598,10361,34298,"0.9755,0.9400,0.9620",GAN-pix2pix-2.5D-T2-from-single
T2,ReMIND-109-pre,preop,2,cavity,0,0,nan,nan,nan,0,0,"0.9755,0.9400,0.9620",GAN-pix2pix-2.5D-T2-from-single
T2,ReMIND-109-pre,preop,lesion,lesion,1,1,0.18804720213170917,45.865254575434555,0.1463465992840598,10361,34298,"0.9755,0.9400,0.9620",GAN-pix2pix-2.5D-T2-from-single
T2,ReMIND-003-post,postop,1,tumor,0,1,nan,nan,nan,0,17251,"0.9264,0.9265,1.9922",GAN-pix2pix-2D+3D-post-T2-from-dual
T2,ReMIND-003-post,postop,2,cavity,1,0,0.0,nan,nan,2099,0,"0.9264,0.9265,1.9922",GAN-pix2pix-2D+3D-post-T2-from-dual
T2,ReMIND-003-post,postop,lesion,lesion,1,1,0.18925064599483205,43.940632298820816,0.15941101152368758,2099,17251,"0.9264,0.9265,1.9922",GAN-pix2pix-2D+3D-post-T2-from-dual
T2,ReMIND-023-pre,preop,1,tumor,1,1,0.05406394923114474,39.82288161302857,0.07523629489603025,3895,12493,"0.6872,0.6822,2.1845",GAN-pix2pix-2D+3D-post-T2-from-dual
T2,ReMIND-023-pre,preop,2,cavity,0,0,nan,nan,nan,0,0,"0.6872,0.6822,2.1845",GAN-pix2pix-2D+3D-post-T2-from-dual
T2,ReMIND-023-pre,preop,lesion,lesion,1,1,0.05406394923114474,39.82288161302857,0.07523629489603025,3895,12493,"0.6872,0.6822,2.1845",GAN-pix2pix-2D+3D-post-T2-from-dual
T2,ReMIND-032-post,postop,1,tumor,1,1,0.2111791237113402,13.86373446606772,0.2831282814826424,13367,23881,"0.8594,0.8379,1.9501",GAN-pix2pix-2D+3D-post-T2-from-dual
T2,ReMIND-032-post,postop,2,cavity,1,1,0.0,57.50741564636827,0.0,6211,84,"0.8594,0.8379,1.9501",GAN-pix2pix-2D+3D-post-T2-from-dual
T2,ReMIND-032-post,postop,lesion,lesion,1,1,0.28849642881749077,13.57159424632481,0.2518393623543838,19578,23965,"0.8594,0.8379,1.9501",GAN-pix2pix-2D+3D-post-T2-from-dual
T2,ReMIND-032-pre,preop,1,tumor,1,1,0.2174203993524015,25.51951121073993,0.13130482456140352,32911,13414,"0.8208,0.8169,1.9763",GAN-pix2pix-2D+3D-post-T2-from-dual
T2,ReMIND-032-pre,preop,2,cavity,0,1,nan,nan,nan,0,817,"0.8208,0.8169,1.9763",GAN-pix2pix-2D+3D-post-T2-from-dual
T2,ReMIND-032-pre,preop,lesion,lesion,1,1,0.21365236943702007,25.062902886298904,0.12619653991393695,32911,14231,"0.8208,0.8169,1.9763",GAN-pix2pix-2D+3D-post-T2-from-dual
T2,ReMIND-045-pre,preop,1,tumor,1,1,0.77581153589393,1.8884362635769034,0.6863598481340865,123470,156647,"0.2608,0.2430,0.9600",GAN-pix2pix-2D+3D-post-T2-from-dual
T2,ReMIND-045-pre,preop,2,cavity,0,0,nan,nan,nan,0,0,"0.2608,0.2430,0.9600",GAN-pix2pix-2D+3D-post-T2-from-dual
T2,ReMIND-045-pre,preop,lesion,lesion,1,1,0.77581153589393,1.8884362635769034,0.6863598481340865,123470,156647,"0.2608,0.2430,0.9600",GAN-pix2pix-2D+3D-post-T2-from-dual
T2,ReMIND-056-post,postop,1,tumor,0,1,nan,nan,nan,0,16454,"0.8539,0.8523,1.9741",GAN-pix2pix-2D+3D-post-T2-from-dual
T2,ReMIND-056-post,postop,2,cavity,1,1,0.009213009213009214,36.99733230986931,0.05864197530864197,17551,467,"0.8539,0.8523,1.9741",GAN-pix2pix-2D+3D-post-T2-from-dual
T2,ReMIND-056-post,postop,lesion,lesion,1,1,0.0869111162682757,17.13174407712826,0.19552845528455284,17551,16921,"0.8539,0.8523,1.9741",GAN-pix2pix-2D+3D-post-T2-from-dual
T2,ReMIND-056-pre,preop,1,tumor,1,1,0.6399295406098822,11.425281434155465,0.3527247543609055,55846,100840,"0.7937,0.7936,1.2000",GAN-pix2pix-2D+3D-post-T2-from-dual
T2,ReMIND-056-pre,preop,2,cavity,0,0,nan,nan,nan,0,0,"0.7937,0.7936,1.2000",GAN-pix2pix-2D+3D-post-T2-from-dual
T2,ReMIND-056-pre,preop,lesion,lesion,1,1,0.6399295406098822,11.425281434155465,0.3527247543609055,55846,100840,"0.7937,0.7936,1.2000",GAN-pix2pix-2D+3D-post-T2-from-dual
T2,ReMIND-077-post,postop,1,tumor,1,1,0.043318286993134315,30.27039074199833,0.09560453893308987,2094,24269,"0.8558,0.8268,1.9283",GAN-pix2pix-2D+3D-post-T2-from-dual
T2,ReMIND-077-post,postop,2,cavity,1,0,0.0,nan,nan,2767,0,"0.8558,0.8268,1.9283",GAN-pix2pix-2D+3D-post-T2-from-dual
T2,ReMIND-077-post,postop,lesion,lesion,1,1,0.1535187092344662,29.87325091733093,0.1713641488162345,4861,24269,"0.8558,0.8268,1.9283",GAN-pix2pix-2D+3D-post-T2-from-dual
T2,ReMIND-077-pre,preop,1,tumor,1,1,0.16839466016127938,13.52085508432823,0.19821630448436126,6841,22673,"0.9765,0.9644,0.9880",GAN-pix2pix-2D+3D-post-T2-from-dual
T2,ReMIND-077-pre,preop,2,cavity,1,0,0.0,nan,nan,5265,0,"0.9765,0.9644,0.9880",GAN-pix2pix-2D+3D-post-T2-from-dual
T2,ReMIND-077-pre,preop,lesion,lesion,1,1,0.24319273124586677,12.882531307264324,0.23078666968941283,12106,22673,"0.9765,0.9644,0.9880",GAN-pix2pix-2D+3D-post-T2-from-dual
T2,ReMIND-079-post,postop,1,tumor,1,1,0.014654348518636508,29.623263274778765,0.05020274184205445,7260,5296,"0.7990,0.7254,1.8280",GAN-pix2pix-2D+3D-post-T2-from-dual
T2,ReMIND-079-post,postop,2,cavity,0,0,nan,nan,nan,0,0,"0.7990,0.7254,1.8280",GAN-pix2pix-2D+3D-post-T2-from-dual
T2,ReMIND-079-post,postop,lesion,lesion,1,1,0.014654348518636508,29.623263274778765,0.05020274184205445,7260,5296,"0.7990,0.7254,1.8280",GAN-pix2pix-2D+3D-post-T2-from-dual
T2,ReMIND-079-pre,preop,1,tumor,1,1,0.31364503025781315,13.131515983281846,0.1657993338884263,14068,34184,"0.9526,0.9132,0.9551",GAN-pix2pix-2D+3D-post-T2-from-dual
T2,ReMIND-079-pre,preop,2,cavity,1,0,0.0,nan,nan,7069,0,"0.9526,0.9132,0.9551",GAN-pix2pix-2D+3D-post-T2-from-dual
T2,ReMIND-079-pre,preop,lesion,lesion,1,1,0.34066629308942353,13.464177892045567,0.21644685802948022,21137,34184,"0.9526,0.9132,0.9551",GAN-pix2pix-2D+3D-post-T2-from-dual
T2,ReMIND-087-pre,preop,1,tumor,1,1,0.15715126545026487,16.467711836465725,0.23803814713896457,11505,19077,"0.9766,0.9734,0.9968",GAN-pix2pix-2D+3D-post-T2-from-dual
T2,ReMIND-087-pre,preop,2,cavity,1,1,0.0,20.085746314141698,0.0,11681,1227,"0.9766,0.9734,0.9968",GAN-pix2pix-2D+3D-post-T2-from-dual
T2,ReMIND-087-pre,preop,lesion,lesion,1,1,0.2919291791216372,11.835400114407229,0.2712626451854627,23186,20304,"0.9766,0.9734,0.9968",GAN-pix2pix-2D+3D-post-T2-from-dual
T2,ReMIND-091-pre,preop,1,tumor,1,1,0.5332741046666587,12.083762086358867,0.2524486840984584,25347,57946,"0.9733,0.9707,0.9931",GAN-pix2pix-2D+3D-post-T2-from-dual
T2,ReMIND-091-pre,preop,2,cavity,0,0,nan,nan,nan,0,0,"0.9733,0.9707,0.9931",GAN-pix2pix-2D+3D-post-T2-from-dual
T2,ReMIND-091-pre,preop,lesion,lesion,1,1,0.5332741046666587,12.083762086358867,0.2524486840984584,25347,57946,"0.9733,0.9707,0.9931",GAN-pix2pix-2D+3D-post-T2-from-dual
T2,ReMIND-096-post,postop,1,tumor,0,1,nan,nan,nan,0,25315,"0.8569,0.8553,1.9849",GAN-pix2pix-2D+3D-post-T2-from-dual
T2,ReMIND-096-post,postop,2,cavity,1,1,0.0,31.362313960503435,0.0,2166,12,"0.8569,0.8553,1.9849",GAN-pix2pix-2D+3D-post-T2-from-dual
T2,ReMIND-096-post,postop,lesion,lesion,1,1,0.1514567344414942,16.27388103970463,0.07158555729984302,2166,25327,"0.8569,0.8553,1.9849",GAN-pix2pix-2D+3D-post-T2-from-dual
T2,ReMIND-096-pre,preop,1,tumor,1,1,0.3345647759698729,16.00245097032053,0.05173436110287578,18774,93019,"0.9755,0.9626,0.9851",GAN-pix2pix-2D+3D-post-T2-from-dual
T2,ReMIND-096-pre,preop,2,cavity,0,0,nan,nan,nan,0,0,"0.9755,0.9626,0.9851",GAN-pix2pix-2D+3D-post-T2-from-dual
T2,ReMIND-096-pre,preop,lesion,lesion,1,1,0.3345647759698729,16.00245097032053,0.05173436110287578,18774,93019,"0.9755,0.9626,0.9851",GAN-pix2pix-2D+3D-post-T2-from-dual
T2,ReMIND-102-pre,preop,1,tumor,1,1,0.08761306996492524,0.3304658761148073,1.0,7693,46477,"0.0008,0.0174,0.0887",GAN-pix2pix-2D+3D-post-T2-from-dual
T2,ReMIND-102-pre,preop,2,cavity,0,1,nan,nan,nan,0,289,"0.0008,0.0174,0.0887",GAN-pix2pix-2D+3D-post-T2-from-dual
T2,ReMIND-102-pre,preop,lesion,lesion,1,1,0.08714812978571035,0.33043557479723723,1.0,7693,46766,"0.0008,0.0174,0.0887",GAN-pix2pix-2D+3D-post-T2-from-dual
T2,ReMIND-107-pre,preop,1,tumor,1,1,0.31564520615793795,10.282364178472083,0.29638418079096046,57631,89756,"0.2343,0.2312,4.9330",GAN-pix2pix-2D+3D-post-T2-from-dual
T2,ReMIND-107-pre,preop,2,cavity,0,1,nan,nan,nan,0,107883,"0.2343,0.2312,4.9330",GAN-pix2pix-2D+3D-post-T2-from-dual
T2,ReMIND-107-pre,preop,lesion,lesion,1,1,0.39928702941982996,10.142418381650481,0.20078338043532154,57631,197639,"0.2343,0.2312,4.9330",GAN-pix2pix-2D+3D-post-T2-from-dual
T2,ReMIND-109-post,postop,1,tumor,0,1,nan,nan,nan,0,12669,"0.8585,0.8371,1.9460",GAN-pix2pix-2D+3D-post-T2-from-dual
T2,ReMIND-109-post,postop,2,cavity,1,0,0.0,nan,nan,3408,0,"0.8585,0.8371,1.9460",GAN-pix2pix-2D+3D-post-T2-from-dual
T2,ReMIND-109-post,postop,lesion,lesion,1,1,0.0217702307644461,45.93362340002044,0.06781376518218624,3408,12669,"0.8585,0.8371,1.9460",GAN-pix2pix-2D+3D-post-T2-from-dual
T2,ReMIND-109-pre,preop,1,tumor,1,1,0.39032964916082735,26.301263906059223,0.21809719666630586,10361,31168,"0.9755,0.9400,0.9620",GAN-pix2pix-2D+3D-post-T2-from-dual
T2,ReMIND-109-pre,preop,2,cavity,0,1,nan,nan,nan,0,1197,"0.9755,0.9400,0.9620",GAN-pix2pix-2D+3D-post-T2-from-dual
T2,ReMIND-109-pre,preop,lesion,lesion,1,1,0.37939427982961194,26.201083403256654,0.2319290976058932,10361,32365,"0.9755,0.9400,0.9620",GAN-pix2pix-2D+3D-post-T2-from-dual
T2,ReMIND-003-post,postop,1,tumor,0,1,nan,nan,nan,0,19155,"0.9264,0.9265,1.9922",GAN-pix2pix-2D+3D-post-T2-from-single
T2,ReMIND-003-post,postop,2,cavity,1,1,0.0,31.64041944880134,0.0,2099,27,"0.9264,0.9265,1.9922",GAN-pix2pix-2D+3D-post-T2-from-single
T2,ReMIND-003-post,postop,lesion,lesion,1,1,0.17320614632771017,33.65447022070624,0.12351436738378216,2099,19182,"0.9264,0.9265,1.9922",GAN-pix2pix-2D+3D-post-T2-from-single
T2,ReMIND-003-pre,preop,1,tumor,1,1,0.35269887582596754,27.487401193118313,0.1493769921761808,10844,24115,"0.9757,0.9586,0.9825",GAN-pix2pix-2D+3D-post-T2-from-single
T2,ReMIND-003-pre,preop,2,cavity,0,0,nan,nan,nan,0,0,"0.9757,0.9586,0.9825",GAN-pix2pix-2D+3D-post-T2-from-single
T2,ReMIND-003-pre,preop,lesion,lesion,1,1,0.35269887582596754,27.487401193118313,0.1493769921761808,10844,24115,"0.9757,0.9586,0.9825",GAN-pix2pix-2D+3D-post-T2-from-single
T2,ReMIND-004-pre,preop,1,tumor,1,1,0.0,65.91179382557488,0.0,2043,3185,"0.9761,0.9626,0.9802",GAN-pix2pix-2D+3D-post-T2-from-single
T2,ReMIND-004-pre,preop,2,cavity,0,0,nan,nan,nan,0,0,"0.9761,0.9626,0.9802",GAN-pix2pix-2D+3D-post-T2-from-single
T2,ReMIND-004-pre,preop,lesion,lesion,1,1,0.0,65.91179382557488,0.0,2043,3185,"0.9761,0.9626,0.9802",GAN-pix2pix-2D+3D-post-T2-from-single
T2,ReMIND-023-pre,preop,1,tumor,1,1,0.21136375301544938,50.79553515846545,0.15543652919121587,3895,15588,"0.6872,0.6822,2.1845",GAN-pix2pix-2D+3D-post-T2-from-single
T2,ReMIND-023-pre,preop,2,cavity,0,0,nan,nan,nan,0,0,"0.6872,0.6822,2.1845",GAN-pix2pix-2D+3D-post-T2-from-single
T2,ReMIND-023-pre,preop,lesion,lesion,1,1,0.21136375301544938,50.79553515846545,0.15543652919121587,3895,15588,"0.6872,0.6822,2.1845",GAN-pix2pix-2D+3D-post-T2-from-single
T2,ReMIND-031-post,postop,1,tumor,0,1,nan,nan,nan,0,112235,"0.0027,0.1312,0.0963",GAN-pix2pix-2D+3D-post-T2-from-single
T2,ReMIND-031-post,postop,2,cavity,1,1,0.00944206008583691,4.051704602294656,0.5922052382229374,32424,196,"0.0027,0.1312,0.0963",GAN-pix2pix-2D+3D-post-T2-from-single
T2,ReMIND-031-post,postop,lesion,lesion,1,1,0.15092333713023368,1.357338155539908,0.9883565086279109,32424,112431,"0.0027,0.1312,0.0963",GAN-pix2pix-2D+3D-post-T2-from-single
T2,ReMIND-031-pre,preop,1,tumor,1,1,0.3176408189243662,15.25326092385247,0.19665823897988347,8344,38791,"0.9766,0.9754,0.9990",GAN-pix2pix-2D+3D-post-T2-from-single
T2,ReMIND-031-pre,preop,2,cavity,0,0,nan,nan,nan,0,0,"0.9766,0.9754,0.9990",GAN-pix2pix-2D+3D-post-T2-from-single
T2,ReMIND-031-pre,preop,lesion,lesion,1,1,0.3176408189243662,15.25326092385247,0.19665823897988347,8344,38791,"0.9766,0.9754,0.9990",GAN-pix2pix-2D+3D-post-T2-from-single
T2,ReMIND-032-post,postop,1,tumor,1,1,0.25514211735955544,21.724719271514612,0.31842732327243845,13367,21006,"0.8594,0.8379,1.9501",GAN-pix2pix-2D+3D-post-T2-from-single
T2,ReMIND-032-post,postop,2,cavity,1,1,0.0,33.53833437633149,0.0,6211,63,"0.8594,0.8379,1.9501",GAN-pix2pix-2D+3D-post-T2-from-single
T2,ReMIND-032-post,postop,lesion,lesion,1,1,0.3620439392821118,11.52358758858349,0.3364382696558257,19578,21069,"0.8594,0.8379,1.9501",GAN-pix2pix-2D+3D-post-T2-from-single
T2,ReMIND-032-pre,preop,1,tumor,1,1,0.0,51.10211939834612,0.0,32911,1333,"0.8208,0.8169,1.9763",GAN-pix2pix-2D+3D-post-T2-from-single
T2,ReMIND-032-pre,preop,2,cavity,0,1,nan,nan,nan,0,3455,"0.8208,0.8169,1.9763",GAN-pix2pix-2D+3D-post-T2-from-single
T2,ReMIND-032-pre,preop,lesion,lesion,1,1,0.0,46.46950830840759,0.0,32911,4788,"0.8208,0.8169,1.9763",GAN-pix2pix-2D+3D-post-T2-from-single
T2,ReMIND-034-post,postop,1,tumor,1,1,0.04073765367784955,45.657880391209844,0.0657529493407356,516,18680,"0.8557,0.8490,1.9836",GAN-pix2pix-2D+3D-post-T2-from-single
T2,ReMIND-034-post,postop,2,cavity,1,0,0.0,nan,nan,12900,0,"0.8557,0.8490,1.9836",GAN-pix2pix-2D+3D-post-T2-from-single
T2,ReMIND-034-post,postop,lesion,lesion,1,1,0.1913010967098704,34.81752400173254,0.12997693310600741,13416,18680,"0.8557,0.8490,1.9836",GAN-pix2pix-2D+3D-post-T2-from-single
T2,ReMIND-034-pre,preop,1,tumor,1,1,0.5659574361929566,11.304469219233102,0.3138350312191916,206728,194129,"0.2679,0.2658,4.9631",GAN-pix2pix-2D+3D-post-T2-from-single
T2,ReMIND-034-pre,preop,2,cavity,1,0,0.0,nan,nan,20636,0,"0.2679,0.2658,4.9631",GAN-pix2pix-2D+3D-post-T2-from-single
T2,ReMIND-034-pre,preop,lesion,lesion,1,1,0.546666255430102,11.432135157244888,0.3062530692421018,227364,194129,"0.2679,0.2658,4.9631",GAN-pix2pix-2D+3D-post-T2-from-single
T2,ReMIND-045-post,postop,1,tumor,1,1,0.07679448862772909,23.942588750099493,0.13052522100884034,3767,35715,"0.7296,0.7296,2.0000",GAN-pix2pix-2D+3D-post-T2-from-single
T2,ReMIND-045-post,postop,2,cavity,1,0,0.0,nan,nan,4649,0,"0.7296,0.7296,2.0000",GAN-pix2pix-2D+3D-post-T2-from-single
T2,ReMIND-045-post,postop,lesion,lesion,1,1,0.13246923931023544,22.790137143979933,0.17068579112505602,8416,35715,"0.7296,0.7296,2.0000",GAN-pix2pix-2D+3D-post-T2-from-single
T2,ReMIND-045-pre,preop,1,tumor,1,1,0.6780401813389855,3.6278743440572563,0.611420581403216,123470,165271,"0.2608,0.2430,0.9600",GAN-pix2pix-2D+3D-post-T2-from-single
T2,ReMIND-045-pre,preop,2,cavity,0,0,nan,nan,nan,0,0,"0.2608,0.2430,0.9600",GAN-pix2pix-2D+3D-post-T2-from-single
T2,ReMIND-045-pre,preop,lesion,lesion,1,1,0.6780401813389855,3.6278743440572563,0.611420581403216,123470,165271,"0.2608,0.2430,0.9600",GAN-pix2pix-2D+3D-post-T2-from-single
T2,ReMIND-056-post,postop,1,tumor,0,1,nan,nan,nan,0,41627,"0.8539,0.8523,1.9741",GAN-pix2pix-2D+3D-post-T2-from-single
T2,ReMIND-056-post,postop,2,cavity,1,0,0.0,nan,nan,17551,0,"0.8539,0.8523,1.9741",GAN-pix2pix-2D+3D-post-T2-from-single
T2,ReMIND-056-post,postop,lesion,lesion,1,1,0.033492176146540945,30.74519877249057,0.1440928581990241,17551,41627,"0.8539,0.8523,1.9741",GAN-pix2pix-2D+3D-post-T2-from-single
T2,ReMIND-056-pre,preop,1,tumor,1,1,0.7264520289254295,6.666845644327278,0.4673488276429453,55846,74420,"0.7937,0.7936,1.2000",GAN-pix2pix-2D+3D-post-T2-from-single
T2,ReMIND-056-pre,preop,2,cavity,0,0,nan,nan,nan,0,0,"0.7937,0.7936,1.2000",GAN-pix2pix-2D+3D-post-T2-from-single
T2,ReMIND-056-pre,preop,lesion,lesion,1,1,0.7264520289254295,6.666845644327278,0.4673488276429453,55846,74420,"0.7937,0.7936,1.2000",GAN-pix2pix-2D+3D-post-T2-from-single
T2,ReMIND-077-post,postop,1,tumor,1,1,0.06525386862221118,27.845987865157344,0.15264367816091953,2094,30088,"0.8558,0.8268,1.9283",GAN-pix2pix-2D+3D-post-T2-from-single
T2,ReMIND-077-post,postop,2,cavity,1,0,0.0,nan,nan,2767,0,"0.8558,0.8268,1.9283",GAN-pix2pix-2D+3D-post-T2-from-single
T2,ReMIND-077-post,postop,lesion,lesion,1,1,0.16492603507968753,27.488812705695576,0.19781884277491668,4861,30088,"0.8558,0.8268,1.9283",GAN-pix2pix-2D+3D-post-T2-from-single
T2,ReMIND-077-pre,preop,1,tumor,1,1,0.18562669615036687,23.069027959168203,0.15876525014328993,6841,42904,"0.9765,0.9644,0.9880",GAN-pix2pix-2D+3D-post-T2-from-single
T2,ReMIND-077-pre,preop,2,cavity,1,0,0.0,nan,nan,5265,0,"0.9765,0.9644,0.9880",GAN-pix2pix-2D+3D-post-T2-from-single
T2,ReMIND-077-pre,preop,lesion,lesion,1,1,0.2512270496273405,22.636051889603745,0.17676304115037478,12106,42904,"0.9765,0.9644,0.9880",GAN-pix2pix-2D+3D-post-T2-from-single
T2,ReMIND-079-post,postop,1,tumor,1,1,0.17978912775571682,24.532161870842963,0.20452830188679244,7260,7346,"0.7990,0.7254,1.8280",GAN-pix2pix-2D+3D-post-T2-from-single
T2,ReMIND-079-post,postop,2,cavity,0,1,nan,nan,nan,0,1241,"0.7990,0.7254,1.8280",GAN-pix2pix-2D+3D-post-T2-from-single
T2,ReMIND-079-post,postop,lesion,lesion,1,1,0.1823689026314129,24.17086777734917,0.14554263565891473,7260,8587,"0.7990,0.7254,1.8280",GAN-pix2pix-2D+3D-post-T2-from-single
T2,ReMIND-079-pre,preop,1,tumor,1,1,0.2809418802118977,15.775179154735966,0.21814168171784065,14068,25385,"0.9526,0.9132,0.9551",GAN-pix2pix-2D+3D-post-T2-from-single
T2,ReMIND-079-pre,preop,2,cavity,1,0,0.0,nan,nan,7069,0,"0.9526,0.9132,0.9551",GAN-pix2pix-2D+3D-post-T2-from-single
T2,ReMIND-079-pre,preop,lesion,lesion,1,1,0.3003310261811616,16.885835947163358,0.2204197675390919,21137,25385,"0.9526,0.9132,0.9551",GAN-pix2pix-2D+3D-post-T2-from-single
T2,ReMIND-087-post,postop,1,tumor,0,1,nan,nan,nan,0,30247,"0.8587,0.8570,1.9930",GAN-pix2pix-2D+3D-post-T2-from-single
T2,ReMIND-087-post,postop,2,cavity,1,0,0.0,nan,nan,8781,0,"0.8587,0.8570,1.9930",GAN-pix2pix-2D+3D-post-T2-from-single
T2,ReMIND-087-post,postop,lesion,lesion,1,1,0.2109767346520447,18.375032236645332,0.1392876129718235,8781,30247,"0.8587,0.8570,1.9930",GAN-pix2pix-2D+3D-post-T2-from-single
T2,ReMIND-087-pre,preop,1,tumor,1,1,0.04535106092341317,19.8603751672033,0.0560480411781527,11505,10457,"0.9766,0.9734,0.9968",GAN-pix2pix-2D+3D-post-T2-from-single
T2,ReMIND-087-pre,preop,2,cavity,1,1,0.0,20.500743601526512,0.0,11681,764,"0.9766,0.9734,0.9968",GAN-pix2pix-2D+3D-post-T2-from-single
T2,ReMIND-087-pre,preop,lesion,lesion,1,1,0.1414828377946348,17.986554756899153,0.10042432814710042,23186,11221,"0.9766,0.9734,0.9968",GAN-pix2pix-2D+3D-post-T2-from-single
T2,ReMIND-091-post,postop,1,tumor,0,1,nan,nan,nan,0,11905,"0.8574,0.8545,1.9930",GAN-pix2pix-2D+3D-post-T2-from-single
T2,ReMIND-091-post,postop,2,cavity,1,1,0.06370046194991491,16.996655459913512,0.11864406779661017,7894,332,"0.8574,0.8545,1.9930",GAN-pix2pix-2D+3D-post-T2-from-single
T2,ReMIND-091-post,postop,lesion,lesion,1,1,0.3684864139883761,11.165753922910572,0.19765197812801544,7894,12237,"0.8574,0.8545,1.9930",GAN-pix2pix-2D+3D-post-T2-from-single
T2,ReMIND-091-pre,preop,1,tumor,1,1,0.4754739249096408,11.082830289390174,0.23881771184535852,25347,28881,"0.9733,0.9707,0.9931",GAN-pix2pix-2D+3D-post-T2-from-single
T2,ReMIND-091-pre,preop,2,cavity,0,1,nan,nan,nan,0,84,"0.9733,0.9707,0.9931",GAN-pix2pix-2D+3D-post-T2-from-single
T2,ReMIND-091-pre,preop,lesion,lesion,1,1,0.4778317867138017,11.076798169578531,0.23878598527114483,25347,28965,"0.9733,0.9707,0.9931",GAN-pix2pix-2D+3D-post-T2-from-single
T2,ReMIND-096-post,postop,1,tumor,0,1,nan,nan,nan,0,5205,"0.8569,0.8553,1.9849",GAN-pix2pix-2D+3D-post-T2-from-single
T2,ReMIND-096-post,postop,2,cavity,1,1,0.0,32.14820333537891,0.0,2166,49,"0.8569,0.8553,1.9849",GAN-pix2pix-2D+3D-post-T2-from-single
T2,ReMIND-096-post,postop,lesion,lesion,1,1,0.08113207547169811,22.72328307459463,0.14720260727865292,2166,5254,"0.8569,0.8553,1.9849",GAN-pix2pix-2D+3D-post-T2-from-single
T2,ReMIND-096-pre,preop,1,tumor,1,1,0.35265639917834374,15.09349193888176,0.07530478739220933,18774,84919,"0.9755,0.9626,0.9851",GAN-pix2pix-2D+3D-post-T2-from-single
T2,ReMIND-096-pre,preop,2,cavity,0,0,nan,nan,nan,0,0,"0.9755,0.9626,0.9851",GAN-pix2pix-2D+3D-post-T2-from-single
T2,ReMIND-096-pre,preop,lesion,lesion,1,1,0.35265639917834374,15.09349193888176,0.07530478739220933,18774,84919,"0.9755,0.9626,0.9851",GAN-pix2pix-2D+3D-post-T2-from-single
T2,ReMIND-102-pre,preop,1,tumor,1,1,0.15719984268779144,0.37022978485184255,1.0,7693,45704,"0.0008,0.0174,0.0887",GAN-pix2pix-2D+3D-post-T2-from-single
T2,ReMIND-102-pre,preop,2,cavity,0,1,nan,nan,nan,0,1449,"0.0008,0.0174,0.0887",GAN-pix2pix-2D+3D-post-T2-from-single
T2,ReMIND-102-pre,preop,lesion,lesion,1,1,0.1530467126134996,0.3657434724974206,1.0,7693,47153,"0.0008,0.0174,0.0887",GAN-pix2pix-2D+3D-post-T2-from-single
T2,ReMIND-107-post,postop,1,tumor,1,1,0.19095686251224653,22.843822866546855,0.17199295420231506,3621,30062,"0.8587,0.8481,1.9732",GAN-pix2pix-2D+3D-post-T2-from-single
T2,ReMIND-107-post,postop,2,cavity,1,0,0.0,nan,nan,879,0,"0.8587,0.8481,1.9732",GAN-pix2pix-2D+3D-post-T2-from-single
T2,ReMIND-107-post,postop,lesion,lesion,1,1,0.21572825646663965,20.8950213859243,0.21942789034564958,4500,30062,"0.8587,0.8481,1.9732",GAN-pix2pix-2D+3D-post-T2-from-single
T2,ReMIND-107-pre,preop,1,tumor,1,1,0.11368470122075576,22.012898985388077,0.17799756897613933,57631,45338,"0.2343,0.2312,4.9330",GAN-pix2pix-2D+3D-post-T2-from-single
T2,ReMIND-107-pre,preop,2,cavity,0,1,nan,nan,nan,0,204440,"0.2343,0.2312,4.9330",GAN-pix2pix-2D+3D-post-T2-from-single
T2,ReMIND-107-pre,preop,lesion,lesion,1,1,0.3604709035844754,11.423311491650503,0.1914538654037618,57631,249778,"0.2343,0.2312,4.9330",GAN-pix2pix-2D+3D-post-T2-from-single
T2,ReMIND-109-post,postop,1,tumor,0,1,nan,nan,nan,0,15064,"0.8585,0.8371,1.9460",GAN-pix2pix-2D+3D-post-T2-from-single
T2,ReMIND-109-post,postop,2,cavity,1,0,0.0,nan,nan,3408,0,"0.8585,0.8371,1.9460",GAN-pix2pix-2D+3D-post-T2-from-single
T2,ReMIND-109-post,postop,lesion,lesion,1,1,0.00498051104374188,47.79242160939592,0.024632734827125687,3408,15064,"0.8585,0.8371,1.9460",GAN-pix2pix-2D+3D-post-T2-from-single
T2,ReMIND-109-pre,preop,1,tumor,1,1,0.3262102243668142,53.779215593164,0.25672124519911055,10361,34610,"0.9755,0.9400,0.9620",GAN-pix2pix-2D+3D-post-T2-from-single
T2,ReMIND-109-pre,preop,2,cavity,0,0,nan,nan,nan,0,0,"0.9755,0.9400,0.9620",GAN-pix2pix-2D+3D-post-T2-from-single
T2,ReMIND-109-pre,preop,lesion,lesion,1,1,0.3262102243668142,53.779215593164,0.25672124519911055,10361,34610,"0.9755,0.9400,0.9620",GAN-pix2pix-2D+3D-post-T2-from-single
T2,ReMIND-003-post,postop,1,tumor,0,1,nan,nan,nan,0,22353,"0.9264,0.9265,1.9922",GAN-pix2pix-2D-T2-from-dual
T2,ReMIND-003-post,postop,2,cavity,1,0,0.0,nan,nan,2099,0,"0.9264,0.9265,1.9922",GAN-pix2pix-2D-T2-from-dual
T2,ReMIND-003-post,postop,lesion,lesion,1,1,0.13054146900049077,44.48635996640853,0.12845303867403315,2099,22353,"0.9264,0.9265,1.9922",GAN-pix2pix-2D-T2-from-dual
T2,ReMIND-023-pre,preop,1,tumor,1,1,0.0,56.185258818550004,0.0,3895,2041,"0.6872,0.6822,2.1845",GAN-pix2pix-2D-T2-from-dual
T2,ReMIND-023-pre,preop,2,cavity,0,0,nan,nan,nan,0,0,"0.6872,0.6822,2.1845",GAN-pix2pix-2D-T2-from-dual
T2,ReMIND-023-pre,preop,lesion,lesion,1,1,0.0,56.185258818550004,0.0,3895,2041,"0.6872,0.6822,2.1845",GAN-pix2pix-2D-T2-from-dual
T2,ReMIND-032-post,postop,1,tumor,1,1,0.1956521739130435,19.427775876885697,0.17520693732755221,13367,14785,"0.8594,0.8379,1.9501",GAN-pix2pix-2D-T2-from-dual
T2,ReMIND-032-post,postop,2,cavity,1,0,0.0,nan,nan,6211,0,"0.8594,0.8379,1.9501",GAN-pix2pix-2D-T2-from-dual
T2,ReMIND-032-post,postop,lesion,lesion,1,1,0.1726857375665687,18.629159964171638,0.1890744136666345,19578,14785,"0.8594,0.8379,1.9501",GAN-pix2pix-2D-T2-from-dual
T2,ReMIND-032-pre,preop,1,tumor,1,1,0.13267557450606113,30.974149929171833,0.116340735830295,32911,7428,"0.8208,0.8169,1.9763",GAN-pix2pix-2D-T2-from-dual
T2,ReMIND-032-pre,preop,2,cavity,0,0,nan,nan,nan,0,0,"0.8208,0.8169,1.9763",GAN-pix2pix-2D-T2-from-dual
T2,ReMIND-032-pre,preop,lesion,lesion,1,1,0.13267557450606113,30.974149929171833,0.116340735830295,32911,7428,"0.8208,0.8169,1.9763",GAN-pix2pix-2D-T2-from-dual
T2,ReMIND-045-pre,preop,1,tumor,1,1,0.7280709403486648,3.2864530496801,0.6360919027436984,123470,174696,"0.2608,0.2430,0.9600",GAN-pix2pix-2D-T2-from-dual
T2,ReMIND-045-pre,preop,2,cavity,0,0,nan,nan,nan,0,0,"0.2608,0.2430,0.9600",GAN-pix2pix-2D-T2-from-dual
T2,ReMIND-045-pre,preop,lesion,lesion,1,1,0.7280709403486648,3.2864530496801,0.6360919027436984,123470,174696,"0.2608,0.2430,0.9600",GAN-pix2pix-2D-T2-from-dual
T2,ReMIND-056-post,postop,1,tumor,0,1,nan,nan,nan,0,33271,"0.8539,0.8523,1.9741",GAN-pix2pix-2D-T2-from-dual
T2,ReMIND-056-post,postop,2,cavity,1,0,0.0,nan,nan,17551,0,"0.8539,0.8523,1.9741",GAN-pix2pix-2D-T2-from-dual
T2,ReMIND-056-post,postop,lesion,lesion,1,1,0.09263704694817206,20.462628092046018,0.1570862239841427,17551,33271,"0.8539,0.8523,1.9741",GAN-pix2pix-2D-T2-from-dual
T2,ReMIND-056-pre,preop,1,tumor,1,1,0.6328329487357203,8.873624054875371,0.3801845707175446,55846,66793,"0.7937,0.7936,1.2000",GAN-pix2pix-2D-T2-from-dual
T2,ReMIND-056-pre,preop,2,cavity,0,0,nan,nan,nan,0,0,"0.7937,0.7936,1.2000",GAN-pix2pix-2D-T2-from-dual
T2,ReMIND-056-pre,preop,lesion,lesion,1,1,0.6328329487357203,8.873624054875371,0.3801845707175446,55846,66793,"0.7937,0.7936,1.2000",GAN-pix2pix-2D-T2-from-dual
T2,ReMIND-077-post,postop,1,tumor,1,1,0.0349031935834533,22.679154194530778,0.07929414460868568,2094,31943,"0.8558,0.8268,1.9283",GAN-pix2pix-2D-T2-from-dual
T2,ReMIND-077-post,postop,2,cavity,1,0,0.0,nan,nan,2767,0,"0.8558,0.8268,1.9283",GAN-pix2pix-2D-T2-from-dual
T2,ReMIND-077-post,postop,lesion,lesion,1,1,0.12705140745571133,22.321155800511335,0.1434038267875126,4861,31943,"0.8558,0.8268,1.9283",GAN-pix2pix-2D-T2-from-dual
T2,ReMIND-077-pre,preop,1,tumor,1,1,0.12498631137068808,21.20472179817073,0.156094674556213,6841,20554,"0.9765,0.9644,0.9880",GAN-pix2pix-2D-T2-from-dual
T2,ReMIND-077-pre,preop,2,cavity,1,0,0.0,nan,nan,5265,0,"0.9765,0.9644,0.9880",GAN-pix2pix-2D-T2-from-dual
T2,ReMIND-077-pre,preop,lesion,lesion,1,1,0.16883037354562155,20.555106512639547,0.17742455160562776,12106,20554,"0.9765,0.9644,0.9880",GAN-pix2pix-2D-T2-from-dual
T2,ReMIND-079-post,postop,1,tumor,1,1,0.2453728186144897,17.061413269860893,0.21804694150553325,7260,21105,"0.7990,0.7254,1.8280",GAN-pix2pix-2D-T2-from-dual
T2,ReMIND-079-post,postop,2,cavity,0,0,nan,nan,nan,0,0,"0.7990,0.7254,1.8280",GAN-pix2pix-2D-T2-from-dual
T2,ReMIND-079-post,postop,lesion,lesion,1,1,0.2453728186144897,17.061413269860893,0.21804694150553325,7260,21105,"0.7990,0.7254,1.8280",GAN-pix2pix-2D-T2-from-dual
T2,ReMIND-079-pre,preop,1,tumor,1,1,0.355851049276314,13.316935703033028,0.2207966082784782,14068,22481,"0.9526,0.9132,0.9551",GAN-pix2pix-2D-T2-from-dual
T2,ReMIND-079-pre,preop,2,cavity,1,1,0.0,55.19295700508682,0.0,7069,30,"0.9526,0.9132,0.9551",GAN-pix2pix-2D-T2-from-dual
T2,ReMIND-079-pre,preop,lesion,lesion,1,1,0.3808651026392962,12.60415071639671,0.26714012564872985,21137,22511,"0.9526,0.9132,0.9551",GAN-pix2pix-2D-T2-from-dual
T2,ReMIND-087-pre,preop,1,tumor,1,1,0.2031573643844819,18.235867366259612,0.2385201305767138,11505,24221,"0.9766,0.9734,0.9968",GAN-pix2pix-2D-T2-from-dual
T2,ReMIND-087-pre,preop,2,cavity,1,1,0.0,31.52932355902373,0.004654255319148936,11681,22,"0.9766,0.9734,0.9968",GAN-pix2pix-2D-T2-from-dual
T2,ReMIND-087-pre,preop,lesion,lesion,1,1,0.36403887916675454,11.269007357517882,0.2847517075872254,23186,24243,"0.9766,0.9734,0.9968",GAN-pix2pix-2D-T2-from-dual
T2,ReMIND-091-pre,preop,1,tumor,1,1,0.5254043456951478,12.860753251792191,0.2582921665490473,25347,54226,"0.9733,0.9707,0.9931",GAN-pix2pix-2D-T2-from-dual
T2,ReMIND-091-pre,preop,2,cavity,0,1,nan,nan,nan,0,2,"0.9733,0.9707,0.9931",GAN-pix2pix-2D-T2-from-dual
T2,ReMIND-091-pre,preop,lesion,lesion,1,1,0.5254414074772228,12.85972274178588,0.2580787568426629,25347,54228,"0.9733,0.9707,0.9931",GAN-pix2pix-2D-T2-from-dual
T2,ReMIND-096-post,postop,1,tumor,0,1,nan,nan,nan,0,33743,"0.8569,0.8553,1.9849",GAN-pix2pix-2D-T2-from-dual
T2,ReMIND-096-post,postop,2,cavity,1,0,0.0,nan,nan,2166,0,"0.8569,0.8553,1.9849",GAN-pix2pix-2D-T2-from-dual
T2,ReMIND-096-post,postop,lesion,lesion,1,1,0.12063828009691163,18.157351352362078,0.0,2166,33743,"0.8569,0.8553,1.9849",GAN-pix2pix-2D-T2-from-dual
T2,ReMIND-096-pre,preop,1,tumor,1,1,0.3750227341618672,16.199266380077603,0.11633233296477649,18774,80196,"0.9755,0.9626,0.9851",GAN-pix2pix-2D-T2-from-dual
T2,ReMIND-096-pre,preop,2,cavity,0,0,nan,nan,nan,0,0,"0.9755,0.9626,0.9851",GAN-pix2pix-2D-T2-from-dual
T2,ReMIND-096-pre,preop,lesion,lesion,1,1,0.3750227341618672,16.199266380077603,0.11633233296477649,18774,80196,"0.9755,0.9626,0.9851",GAN-pix2pix-2D-T2-from-dual
T2,ReMIND-102-pre,preop,1,tumor,1,1,0.09678207377467854,0.3479616028274822,1.0,7693,37336,"0.0008,0.0174,0.0887",GAN-pix2pix-2D-T2-from-dual
T2,ReMIND-102-pre,preop,2,cavity,0,1,nan,nan,nan,0,630,"0.0008,0.0174,0.0887",GAN-pix2pix-2D-T2-from-dual
T2,ReMIND-102-pre,preop,lesion,lesion,1,1,0.09544668082962833,0.34783307165882765,1.0,7693,37966,"0.0008,0.0174,0.0887",GAN-pix2pix-2D-T2-from-dual
T2,ReMIND-107-pre,preop,1,tumor,1,1,0.23251415353550844,14.004143405984932,0.15763719924303865,57631,98867,"0.2343,0.2312,4.9330",GAN-pix2pix-2D-T2-from-dual
T2,ReMIND-107-pre,preop,2,cavity,0,1,nan,nan,nan,0,140642,"0.2343,0.2312,4.9330",GAN-pix2pix-2D-T2-from-dual
T2,ReMIND-107-pre,preop,lesion,lesion,1,1,0.35842363868883353,11.377482138774411,0.15606016092193675,57631,239509,"0.2343,0.2312,4.9330",GAN-pix2pix-2D-T2-from-dual
T2,ReMIND-109-post,postop,1,tumor,0,1,nan,nan,nan,0,45354,"0.8585,0.8371,1.9460",GAN-pix2pix-2D-T2-from-dual
T2,ReMIND-109-post,postop,2,cavity,1,0,0.0,nan,nan,3408,0,"0.8585,0.8371,1.9460",GAN-pix2pix-2D-T2-from-dual
T2,ReMIND-109-post,postop,lesion,lesion,1,1,0.09564825068701038,36.11663699435701,0.057813394390383514,3408,45354,"0.8585,0.8371,1.9460",GAN-pix2pix-2D-T2-from-dual
T2,ReMIND-109-pre,preop,1,tumor,1,1,0.36627935480707946,28.662668037714482,0.22223462440004466,10361,30433,"0.9755,0.9400,0.9620",GAN-pix2pix-2D-T2-from-dual
T2,ReMIND-109-pre,preop,2,cavity,0,1,nan,nan,nan,0,164,"0.9755,0.9400,0.9620",GAN-pix2pix-2D-T2-from-dual
T2,ReMIND-109-pre,preop,lesion,lesion,1,1,0.36481273499682604,28.650710335276706,0.22679120628773208,10361,30597,"0.9755,0.9400,0.9620",GAN-pix2pix-2D-T2-from-dual
T2,ReMIND-003-post,postop,1,tumor,0,1,nan,nan,nan,0,26481,"0.9264,0.9265,1.9922",GAN-pix2pix-2D-T2-from-single
T2,ReMIND-003-post,postop,2,cavity,1,0,0.0,nan,nan,2099,0,"0.9264,0.9265,1.9922",GAN-pix2pix-2D-T2-from-single
T2,ReMIND-003-post,postop,lesion,lesion,1,1,0.13806857942617215,40.80309238429708,0.09156149467953477,2099,26481,"0.9264,0.9265,1.9922",GAN-pix2pix-2D-T2-from-single
T2,ReMIND-003-pre,preop,1,tumor,1,1,0.3743364347280096,27.062542702610425,0.16222157092614303,10844,24194,"0.9757,0.9586,0.9825",GAN-pix2pix-2D-T2-from-single
T2,ReMIND-003-pre,preop,2,cavity,0,0,nan,nan,nan,0,0,"0.9757,0.9586,0.9825",GAN-pix2pix-2D-T2-from-single
T2,ReMIND-003-pre,preop,lesion,lesion,1,1,0.3743364347280096,27.062542702610425,0.16222157092614303,10844,24194,"0.9757,0.9586,0.9825",GAN-pix2pix-2D-T2-from-single
T2,ReMIND-004-pre,preop,1,tumor,1,1,0.005829285218598196,66.47355228939361,0.024401265250790782,2043,5162,"0.9761,0.9626,0.9802",GAN-pix2pix-2D-T2-from-single
T2,ReMIND-004-pre,preop,2,cavity,0,0,nan,nan,nan,0,0,"0.9761,0.9626,0.9802",GAN-pix2pix-2D-T2-from-single
T2,ReMIND-004-pre,preop,lesion,lesion,1,1,0.005829285218598196,66.47355228939361,0.024401265250790782,2043,5162,"0.9761,0.9626,0.9802",GAN-pix2pix-2D-T2-from-single
T2,ReMIND-023-pre,preop,1,tumor,1,1,0.0,58.09692824116824,0.0,3895,9961,"0.6872,0.6822,2.1845",GAN-pix2pix-2D-T2-from-single
T2,ReMIND-023-pre,preop,2,cavity,0,0,nan,nan,nan,0,0,"0.6872,0.6822,2.1845",GAN-pix2pix-2D-T2-from-single
T2,ReMIND-023-pre,preop,lesion,lesion,1,1,0.0,58.09692824116824,0.0,3895,9961,"0.6872,0.6822,2.1845",GAN-pix2pix-2D-T2-from-single
T2,ReMIND-031-post,postop,1,tumor,0,1,nan,nan,nan,0,131954,"0.0027,0.1312,0.0963",GAN-pix2pix-2D-T2-from-single
T2,ReMIND-031-post,postop,2,cavity,1,0,0.0,nan,nan,32424,0,"0.0027,0.1312,0.0963",GAN-pix2pix-2D-T2-from-single
T2,ReMIND-031-post,postop,lesion,lesion,1,1,0.16409738529486914,1.413140524212644,0.9883510331769161,32424,131954,"0.0027,0.1312,0.0963",GAN-pix2pix-2D-T2-from-single
T2,ReMIND-031-pre,preop,1,tumor,1,1,0.3342907440007412,13.937175739113522,0.2048606994665086,8344,34828,"0.9766,0.9754,0.9990",GAN-pix2pix-2D-T2-from-single
T2,ReMIND-031-pre,preop,2,cavity,0,0,nan,nan,nan,0,0,"0.9766,0.9754,0.9990",GAN-pix2pix-2D-T2-from-single
T2,ReMIND-031-pre,preop,lesion,lesion,1,1,0.3342907440007412,13.937175739113522,0.2048606994665086,8344,34828,"0.9766,0.9754,0.9990",GAN-pix2pix-2D-T2-from-single
T2,ReMIND-032-post,postop,1,tumor,1,1,0.21477381440481072,16.061058706764506,0.2612449279115946,13367,15901,"0.8594,0.8379,1.9501",GAN-pix2pix-2D-T2-from-single
T2,ReMIND-032-post,postop,2,cavity,1,0,0.0,nan,nan,6211,0,"0.8594,0.8379,1.9501",GAN-pix2pix-2D-T2-from-single
T2,ReMIND-032-post,postop,lesion,lesion,1,1,0.25479861326418446,11.700566053390503,0.2997626314004747,19578,15901,"0.8594,0.8379,1.9501",GAN-pix2pix-2D-T2-from-single
T2,ReMIND-032-pre,preop,1,tumor,1,1,0.38019770908520323,10.444849899357967,0.21704658077304262,32911,18073,"0.8208,0.8169,1.9763",GAN-pix2pix-2D-T2-from-single
T2,ReMIND-032-pre,preop,2,cavity,0,0,nan,nan,nan,0,0,"0.8208,0.8169,1.9763",GAN-pix2pix-2D-T2-from-single
T2,ReMIND-032-pre,preop,lesion,lesion,1,1,0.38019770908520323,10.444849899357967,0.21704658077304262,32911,18073,"0.8208,0.8169,1.9763",GAN-pix2pix-2D-T2-from-single
T2,ReMIND-034-post,postop,1,tumor,1,1,0.03418538600568035,43.25123592388052,0.05240443896424168,516,18849,"0.8557,0.8490,1.9836",GAN-pix2pix-2D-T2-from-single
T2,ReMIND-034-post,postop,2,cavity,1,0,0.0,nan,nan,12900,0,"0.8557,0.8490,1.9836",GAN-pix2pix-2D-T2-from-single
T2,ReMIND-034-post,postop,lesion,lesion,1,1,0.1707112970711297,37.98263139100607,0.10995792426367461,13416,18849,"0.8557,0.8490,1.9836",GAN-pix2pix-2D-T2-from-single
T2,ReMIND-034-pre,preop,1,tumor,1,1,0.518440929044426,14.187020140876498,0.31166753044830264,206728,128369,"0.2679,0.2658,4.9631",GAN-pix2pix-2D-T2-from-single
T2,ReMIND-034-pre,preop,2,cavity,1,0,0.0,nan,nan,20636,0,"0.2679,0.2658,4.9631",GAN-pix2pix-2D-T2-from-single
T2,ReMIND-034-pre,preop,lesion,lesion,1,1,0.49057579701630155,14.463777360119582,0.3040299064474708,227364,128369,"0.2679,0.2658,4.9631",GAN-pix2pix-2D-T2-from-single
T2,ReMIND-045-post,postop,1,tumor,1,1,0.07198842170554293,25.514196569591032,0.1365972645700845,3767,49436,"0.7296,0.7296,2.0000",GAN-pix2pix-2D-T2-from-single
T2,ReMIND-045-post,postop,2,cavity,1,0,0.0,nan,nan,4649,0,"0.7296,0.7296,2.0000",GAN-pix2pix-2D-T2-from-single
T2,ReMIND-045-post,postop,lesion,lesion,1,1,0.17223259351448525,24.5604240725742,0.24041785083339734,8416,49436,"0.7296,0.7296,2.0000",GAN-pix2pix-2D-T2-from-single
T2,ReMIND-045-pre,preop,1,tumor,1,1,0.6508110596582446,5.130129779522587,0.5749460043196545,123470,171946,"0.2608,0.2430,0.9600",GAN-pix2pix-2D-T2-from-single
T2,ReMIND-045-pre,preop,2,cavity,0,0,nan,nan,nan,0,0,"0.2608,0.2430,0.9600",GAN-pix2pix-2D-T2-from-single
T2,ReMIND-045-pre,preop,lesion,lesion,1,1,0.6508110596582446,5.130129779522587,0.5749460043196545,123470,171946,"0.2608,0.2430,0.9600",GAN-pix2pix-2D-T2-from-single
T2,ReMIND-056-post,postop,1,tumor,0,1,nan,nan,nan,0,48279,"0.8539,0.8523,1.9741",GAN-pix2pix-2D-T2-from-single
T2,ReMIND-056-post,postop,2,cavity,1,0,0.0,nan,nan,17551,0,"0.8539,0.8523,1.9741",GAN-pix2pix-2D-T2-from-single
T2,ReMIND-056-post,postop,lesion,lesion,1,1,0.049430350903843234,31.1054158879178,0.13237950718982586,17551,48279,"0.8539,0.8523,1.9741",GAN-pix2pix-2D-T2-from-single
T2,ReMIND-056-pre,preop,1,tumor,1,1,0.6742800321260565,8.873624054875371,0.41156045751633985,55846,74889,"0.7937,0.7936,1.2000",GAN-pix2pix-2D-T2-from-single
T2,ReMIND-056-pre,preop,2,cavity,0,0,nan,nan,nan,0,0,"0.7937,0.7936,1.2000",GAN-pix2pix-2D-T2-from-single
T2,ReMIND-056-pre,preop,lesion,lesion,1,1,0.6742800321260565,8.873624054875371,0.41156045751633985,55846,74889,"0.7937,0.7936,1.2000",GAN-pix2pix-2D-T2-from-single
T2,ReMIND-077-post,postop,1,tumor,1,1,0.0663773706203793,29.69515398880704,0.13534316869788326,2094,35238,"0.8558,0.8268,1.9283",GAN-pix2pix-2D-T2-from-single
T2,ReMIND-077-post,postop,2,cavity,1,0,0.0,nan,nan,2767,0,"0.8558,0.8268,1.9283",GAN-pix2pix-2D-T2-from-single
T2,ReMIND-077-post,postop,lesion,lesion,1,1,0.14957979001970123,29.14443297662401,0.1792175807521076,4861,35238,"0.8558,0.8268,1.9283",GAN-pix2pix-2D-T2-from-single
T2,ReMIND-077-pre,preop,1,tumor,1,1,0.1695932301182806,25.94167931288524,0.16380061811554006,6841,45154,"0.9765,0.9644,0.9880",GAN-pix2pix-2D-T2-from-single
T2,ReMIND-077-pre,preop,2,cavity,1,0,0.0,nan,nan,5265,0,"0.9765,0.9644,0.9880",GAN-pix2pix-2D-T2-from-single
T2,ReMIND-077-pre,preop,lesion,lesion,1,1,0.22857142857142856,25.602691860662095,0.17737388724035608,12106,45154,"0.9765,0.9644,0.9880",GAN-pix2pix-2D-T2-from-single
T2,ReMIND-079-post,postop,1,tumor,1,1,0.15505532239603204,15.678090237573452,0.1679468072910696,7260,18950,"0.7990,0.7254,1.8280",GAN-pix2pix-2D-T2-from-single
T2,ReMIND-079-post,postop,2,cavity,0,0,nan,nan,nan,0,0,"0.7990,0.7254,1.8280",GAN-pix2pix-2D-T2-from-single
T2,ReMIND-079-post,postop,lesion,lesion,1,1,0.15505532239603204,15.678090237573452,0.1679468072910696,7260,18950,"0.7990,0.7254,1.8280",GAN-pix2pix-2D-T2-from-single
T2,ReMIND-079-pre,preop,1,tumor,1,1,0.30227231786716074,12.077788297811152,0.2052423843740512,14068,24791,"0.9526,0.9132,0.9551",GAN-pix2pix-2D-T2-from-single
T2,ReMIND-079-pre,preop,2,cavity,1,0,0.0,nan,nan,7069,0,"0.9526,0.9132,0.9551",GAN-pix2pix-2D-T2-from-single
T2,ReMIND-079-pre,preop,lesion,lesion,1,1,0.32006619055913604,14.211015578172196,0.21071248105103588,21137,24791,"0.9526,0.9132,0.9551",GAN-pix2pix-2D-T2-from-single
T2,ReMIND-087-post,postop,1,tumor,0,1,nan,nan,nan,0,35327,"0.8587,0.8570,1.9930",GAN-pix2pix-2D-T2-from-single
T2,ReMIND-087-post,postop,2,cavity,1,0,0.0,nan,nan,8781,0,"0.8587,0.8570,1.9930",GAN-pix2pix-2D-T2-from-single
T2,ReMIND-087-post,postop,lesion,lesion,1,1,0.19964632266255555,19.86259658351734,0.1293288384921851,8781,35327,"0.8587,0.8570,1.9930",GAN-pix2pix-2D-T2-from-single
T2,ReMIND-087-pre,preop,1,tumor,1,1,0.04486190943502033,19.046970816057446,0.059749388753056236,11505,9894,"0.9766,0.9734,0.9968",GAN-pix2pix-2D-T2-from-single
T2,ReMIND-087-pre,preop,2,cavity,1,0,0.0,nan,nan,11681,0,"0.9766,0.9734,0.9968",GAN-pix2pix-2D-T2-from-single
T2,ReMIND-087-pre,preop,lesion,lesion,1,1,0.1571342200725514,17.706422627306843,0.10472030093435263,23186,9894,"0.9766,0.9734,0.9968",GAN-pix2pix-2D-T2-from-single
T2,ReMIND-091-post,postop,1,tumor,0,1,nan,nan,nan,0,13797,"0.8574,0.8545,1.9930",GAN-pix2pix-2D-T2-from-single
T2,ReMIND-091-post,postop,2,cavity,1,0,0.0,nan,nan,7894,0,"0.8574,0.8545,1.9930",GAN-pix2pix-2D-T2-from-single
T2,ReMIND-091-post,postop,lesion,lesion,1,1,0.2838043428149924,13.647967292615753,0.14497184231697505,7894,13797,"0.8574,0.8545,1.9930",GAN-pix2pix-2D-T2-from-single
T2,ReMIND-091-pre,preop,1,tumor,1,1,0.40446803013137755,12.726525963257409,0.23509493288184788,25347,24966,"0.9733,0.9707,0.9931",GAN-pix2pix-2D-T2-from-single
T2,ReMIND-091-pre,preop,2,cavity,0,0,nan,nan,nan,0,0,"0.9733,0.9707,0.9931",GAN-pix2pix-2D-T2-from-single
T2,ReMIND-091-pre,preop,lesion,lesion,1,1,0.40446803013137755,12.726525963257409,0.23509493288184788,25347,24966,"0.9733,0.9707,0.9931",GAN-pix2pix-2D-T2-from-single
T2,ReMIND-096-post,postop,1,tumor,0,1,nan,nan,nan,0,28117,"0.8569,0.8553,1.9849",GAN-pix2pix-2D-T2-from-single
T2,ReMIND-096-post,postop,2,cavity,1,0,0.0,nan,nan,2166,0,"0.8569,0.8553,1.9849",GAN-pix2pix-2D-T2-from-single
T2,ReMIND-096-post,postop,lesion,lesion,1,1,0.13499323052537726,24.932353516330572,0.07518363819674492,2166,28117,"0.8569,0.8553,1.9849",GAN-pix2pix-2D-T2-from-single
T2,ReMIND-096-pre,preop,1,tumor,1,1,0.3452984048663817,16.16620820419986,0.05744531797306764,18774,87424,"0.9755,0.9626,0.9851",GAN-pix2pix-2D-T2-from-single
T2,ReMIND-096-pre,preop,2,cavity,0,0,nan,nan,nan,0,0,"0.9755,0.9626,0.9851",GAN-pix2pix-2D-T2-from-single
T2,ReMIND-096-pre,preop,lesion,lesion,1,1,0.3452984048663817,16.16620820419986,0.05744531797306764,18774,87424,"0.9755,0.9626,0.9851",GAN-pix2pix-2D-T2-from-single
T2,ReMIND-102-pre,preop,1,tumor,1,1,0.24023113552460273,0.3305316636966309,1.0,7693,48378,"0.0008,0.0174,0.0887",GAN-pix2pix-2D-T2-from-single
T2,ReMIND-102-pre,preop,2,cavity,0,1,nan,nan,nan,0,757,"0.0008,0.0174,0.0887",GAN-pix2pix-2D-T2-from-single
T2,ReMIND-102-pre,preop,lesion,lesion,1,1,0.23703104103610895,0.33029008977684576,1.0,7693,49135,"0.0008,0.0174,0.0887",GAN-pix2pix-2D-T2-from-single
T2,ReMIND-107-post,postop,1,tumor,1,1,0.17276691655642118,22.46900470453698,0.11798229659270038,3621,37197,"0.8587,0.8481,1.9732",GAN-pix2pix-2D-T2-from-single
T2,ReMIND-107-post,postop,2,cavity,1,0,0.0,nan,nan,879,0,"0.8587,0.8481,1.9732",GAN-pix2pix-2D-T2-from-single
T2,ReMIND-107-post,postop,lesion,lesion,1,1,0.19804782118617648,20.624788790938148,0.1701001265968466,4500,37197,"0.8587,0.8481,1.9732",GAN-pix2pix-2D-T2-from-single
T2,ReMIND-107-pre,preop,1,tumor,1,1,0.18170120281519958,18.117009932718737,0.16410562904012205,57631,69820,"0.2343,0.2312,4.9330",GAN-pix2pix-2D-T2-from-single
T2,ReMIND-107-pre,preop,2,cavity,0,1,nan,nan,nan,0,181551,"0.2343,0.2312,4.9330",GAN-pix2pix-2D-T2-from-single
T2,ReMIND-107-pre,preop,lesion,lesion,1,1,0.33491045365402167,13.80153325970079,0.16016646514636,57631,251371,"0.2343,0.2312,4.9330",GAN-pix2pix-2D-T2-from-single
T2,ReMIND-109-post,postop,1,tumor,0,1,nan,nan,nan,0,46215,"0.8585,0.8371,1.9460",GAN-pix2pix-2D-T2-from-single
T2,ReMIND-109-post,postop,2,cavity,1,0,0.0,nan,nan,3408,0,"0.8585,0.8371,1.9460",GAN-pix2pix-2D-T2-from-single
T2,ReMIND-109-post,postop,lesion,lesion,1,1,0.1050319408338875,39.9101239048715,0.05467614278791794,3408,46215,"0.8585,0.8371,1.9460",GAN-pix2pix-2D-T2-from-single
T2,ReMIND-109-pre,preop,1,tumor,1,1,0.1570412517780939,48.13209894851753,0.17196647916427504,10361,24789,"0.9755,0.9400,0.9620",GAN-pix2pix-2D-T2-from-single
T2,ReMIND-109-pre,preop,2,cavity,0,0,nan,nan,nan,0,0,"0.9755,0.9400,0.9620",GAN-pix2pix-2D-T2-from-single
T2,ReMIND-109-pre,preop,lesion,lesion,1,1,0.1570412517780939,48.13209894851753,0.17196647916427504,10361,24789,"0.9755,0.9400,0.9620",GAN-pix2pix-2D-T2-from-single
T2,ReMIND-003-post,postop,1,tumor,0,1,nan,nan,nan,0,36115,"0.9264,0.9265,1.9922",GAN-pix2pix-3D-T2-from-dual
T2,ReMIND-003-post,postop,2,cavity,1,0,0.0,nan,nan,2099,0,"0.9264,0.9265,1.9922",GAN-pix2pix-3D-T2-from-dual
T2,ReMIND-003-post,postop,lesion,lesion,1,1,0.10064374313078976,33.70561896521386,0.1018126177024482,2099,36115,"0.9264,0.9265,1.9922",GAN-pix2pix-3D-T2-from-dual
T2,ReMIND-023-pre,preop,1,tumor,1,1,0.0017479739392976322,57.62150030452608,0.013270755785725846,3895,8691,"0.6872,0.6822,2.1845",GAN-pix2pix-3D-T2-from-dual
T2,ReMIND-023-pre,preop,2,cavity,0,1,nan,nan,nan,0,577,"0.6872,0.6822,2.1845",GAN-pix2pix-3D-T2-from-dual
T2,ReMIND-023-pre,preop,lesion,lesion,1,1,0.0016713515156119426,57.51087677717326,0.012668005561563417,3895,9268,"0.6872,0.6822,2.1845",GAN-pix2pix-3D-T2-from-dual
T2,ReMIND-032-post,postop,1,tumor,1,1,0.282272145268304,12.895020015922618,0.25316006249112344,13367,38179,"0.8594,0.8379,1.9501",GAN-pix2pix-3D-T2-from-dual
T2,ReMIND-032-post,postop,2,cavity,1,0,0.0,nan,nan,6211,0,"0.8594,0.8379,1.9501",GAN-pix2pix-3D-T2-from-dual
T2,ReMIND-032-post,postop,lesion,lesion,1,1,0.41096317329501186,11.300599982083714,0.3001049317943337,19578,38179,"0.8594,0.8379,1.9501",GAN-pix2pix-3D-T2-from-dual
T2,ReMIND-032-pre,preop,1,tumor,1,1,0.3714457793134054,10.92923026269786,0.19305535990984646,32911,30183,"0.8208,0.8169,1.9763",GAN-pix2pix-3D-T2-from-dual
T2,ReMIND-032-pre,preop,2,cavity,0,0,nan,nan,nan,0,0,"0.8208,0.8169,1.9763",GAN-pix2pix-3D-T2-from-dual
T2,ReMIND-032-pre,preop,lesion,lesion,1,1,0.3714457793134054,10.92923026269786,0.19305535990984646,32911,30183,"0.8208,0.8169,1.9763",GAN-pix2pix-3D-T2-from-dual
T2,ReMIND-045-pre,preop,1,tumor,1,1,0.34012040133779264,11.37359607192584,0.2967914965785166,123470,287655,"0.2608,0.2430,0.9600",GAN-pix2pix-3D-T2-from-dual
T2,ReMIND-045-pre,preop,2,cavity,0,0,nan,nan,nan,0,0,"0.2608,0.2430,0.9600",GAN-pix2pix-3D-T2-from-dual
T2,ReMIND-045-pre,preop,lesion,lesion,1,1,0.34012040133779264,11.37359607192584,0.2967914965785166,123470,287655,"0.2608,0.2430,0.9600",GAN-pix2pix-3D-T2-from-dual
T2,ReMIND-056-post,postop,1,tumor,0,1,nan,nan,nan,0,58148,"0.8539,0.8523,1.9741",GAN-pix2pix-3D-T2-from-dual
T2,ReMIND-056-post,postop,2,cavity,1,0,0.0,nan,nan,17551,0,"0.8539,0.8523,1.9741",GAN-pix2pix-3D-T2-from-dual
T2,ReMIND-056-post,postop,lesion,lesion,1,1,0.3665306014610497,21.483759839118974,0.2594047126911947,17551,58148,"0.8539,0.8523,1.9741",GAN-pix2pix-3D-T2-from-dual
T2,ReMIND-056-pre,preop,1,tumor,1,1,0.36680719520910315,23.45071796408887,0.1754740834386852,55846,124663,"0.7937,0.7936,1.2000",GAN-pix2pix-3D-T2-from-dual
T2,ReMIND-056-pre,preop,2,cavity,0,0,nan,nan,nan,0,0,"0.7937,0.7936,1.2000",GAN-pix2pix-3D-T2-from-dual
T2,ReMIND-056-pre,preop,lesion,lesion,1,1,0.36680719520910315,23.45071796408887,0.1754740834386852,55846,124663,"0.7937,0.7936,1.2000",GAN-pix2pix-3D-T2-from-dual
T2,ReMIND-077-post,postop,1,tumor,1,1,0.07159667381413105,27.99466724815448,0.12708543276228865,2094,36148,"0.8558,0.8268,1.9283",GAN-pix2pix-3D-T2-from-dual
T2,ReMIND-077-post,postop,2,cavity,1,0,0.0,nan,nan,2767,0,"0.8558,0.8268,1.9283",GAN-pix2pix-3D-T2-from-dual
T2,ReMIND-077-post,postop,lesion,lesion,1,1,0.16142797922407276,26.706475075472785,0.17663311624235248,4861,36148,"0.8558,0.8268,1.9283",GAN-pix2pix-3D-T2-from-dual
T2,ReMIND-077-pre,preop,1,tumor,1,1,0.11499342894691732,30.49049445809231,0.16093714110711277,6841,63163,"0.9765,0.9644,0.9880",GAN-pix2pix-3D-T2-from-dual
T2,ReMIND-077-pre,preop,2,cavity,1,0,0.0,nan,nan,5265,0,"0.9765,0.9644,0.9880",GAN-pix2pix-3D-T2-from-dual
T2,ReMIND-077-pre,preop,lesion,lesion,1,1,0.1806852754786167,30.245982548331074,0.17432840109179715,12106,63163,"0.9765,0.9644,0.9880",GAN-pix2pix-3D-T2-from-dual
T2,ReMIND-079-post,postop,1,tumor,1,1,0.1052861511577108,23.674793013940043,0.20434782608695654,7260,20208,"0.7990,0.7254,1.8280",GAN-pix2pix-3D-T2-from-dual
T2,ReMIND-079-post,postop,2,cavity,0,0,nan,nan,nan,0,0,"0.7990,0.7254,1.8280",GAN-pix2pix-3D-T2-from-dual
T2,ReMIND-079-post,postop,lesion,lesion,1,1,0.1052861511577108,23.674793013940043,0.20434782608695654,7260,20208,"0.7990,0.7254,1.8280",GAN-pix2pix-3D-T2-from-dual
T2,ReMIND-079-pre,preop,1,tumor,1,1,0.24171806060015114,15.636504270184226,0.19942473633748803,14068,26955,"0.9526,0.9132,0.9551",GAN-pix2pix-3D-T2-from-dual
T2,ReMIND-079-pre,preop,2,cavity,1,0,0.0,nan,nan,7069,0,"0.9526,0.9132,0.9551",GAN-pix2pix-3D-T2-from-dual
T2,ReMIND-079-pre,preop,lesion,lesion,1,1,0.2486484238542793,21.930583052600415,0.20333919156414762,21137,26955,"0.9526,0.9132,0.9551",GAN-pix2pix-3D-T2-from-dual
T2,ReMIND-087-pre,preop,1,tumor,1,1,0.03667621776504298,24.539654110451668,0.13529863645093143,11505,32120,"0.9766,0.9734,0.9968",GAN-pix2pix-3D-T2-from-dual
T2,ReMIND-087-pre,preop,2,cavity,1,0,0.0,nan,nan,11681,0,"0.9766,0.9734,0.9968",GAN-pix2pix-3D-T2-from-dual
T2,ReMIND-087-pre,preop,lesion,lesion,1,1,0.2325968249376198,23.29848762513604,0.20196515564362977,23186,32120,"0.9766,0.9734,0.9968",GAN-pix2pix-3D-T2-from-dual
T2,ReMIND-091-pre,preop,1,tumor,1,1,0.4021652996325989,14.746370728243413,0.1395385095104459,25347,71822,"0.9733,0.9707,0.9931",GAN-pix2pix-3D-T2-from-dual
T2,ReMIND-091-pre,preop,2,cavity,0,0,nan,nan,nan,0,0,"0.9733,0.9707,0.9931",GAN-pix2pix-3D-T2-from-dual
T2,ReMIND-091-pre,preop,lesion,lesion,1,1,0.4021652996325989,14.746370728243413,0.1395385095104459,25347,71822,"0.9733,0.9707,0.9931",GAN-pix2pix-3D-T2-from-dual
T2,ReMIND-096-post,postop,1,tumor,0,1,nan,nan,nan,0,40867,"0.8569,0.8553,1.9849",GAN-pix2pix-3D-T2-from-dual
T2,ReMIND-096-post,postop,2,cavity,1,1,0.022861647615293655,15.420126483223438,0.10175145954962468,2166,371,"0.8569,0.8553,1.9849",GAN-pix2pix-3D-T2-from-dual
T2,ReMIND-096-post,postop,lesion,lesion,1,1,0.09400055294442909,40.204639469016485,0.08622165169020111,2166,41238,"0.8569,0.8553,1.9849",GAN-pix2pix-3D-T2-from-dual
T2,ReMIND-096-pre,preop,1,tumor,1,1,0.2799052536407858,24.29153026604209,0.06604816908331285,18774,115057,"0.9755,0.9626,0.9851",GAN-pix2pix-3D-T2-from-dual
T2,ReMIND-096-pre,preop,2,cavity,0,0,nan,nan,nan,0,0,"0.9755,0.9626,0.9851",GAN-pix2pix-3D-T2-from-dual
T2,ReMIND-096-pre,preop,lesion,lesion,1,1,0.2799052536407858,24.29153026604209,0.06604816908331285,18774,115057,"0.9755,0.9626,0.9851",GAN-pix2pix-3D-T2-from-dual
T2,ReMIND-102-pre,preop,1,tumor,1,1,0.2179666201210187,0.7102286146656879,1.0,7693,37424,"0.0008,0.0174,0.0887",GAN-pix2pix-3D-T2-from-dual
T2,ReMIND-102-pre,preop,2,cavity,0,1,nan,nan,nan,0,143,"0.0008,0.0174,0.0887",GAN-pix2pix-3D-T2-from-dual
T2,ReMIND-102-pre,preop,lesion,lesion,1,1,0.21794078656650465,0.7096451089688404,1.0,7693,37567,"0.0008,0.0174,0.0887",GAN-pix2pix-3D-T2-from-dual
T2,ReMIND-107-pre,preop,1,tumor,1,1,0.3882388979178544,13.656291474607762,0.30909440985816056,57631,177415,"0.2343,0.2312,4.9330",GAN-pix2pix-3D-T2-from-dual
T2,ReMIND-107-pre,preop,2,cavity,0,1,nan,nan,nan,0,12154,"0.2343,0.2312,4.9330",GAN-pix2pix-3D-T2-from-dual
T2,ReMIND-107-pre,preop,lesion,lesion,1,1,0.3906715210355987,13.442420820793183,0.3002554304938323,57631,189569,"0.2343,0.2312,4.9330",GAN-pix2pix-3D-T2-from-dual
T2,ReMIND-109-post,postop,1,tumor,0,1,nan,nan,nan,0,48168,"0.8585,0.8371,1.9460",GAN-pix2pix-3D-T2-from-dual
T2,ReMIND-109-post,postop,2,cavity,1,0,0.0,nan,nan,3408,0,"0.8585,0.8371,1.9460",GAN-pix2pix-3D-T2-from-dual
T2,ReMIND-109-post,postop,lesion,lesion,1,1,0.06848146424693656,45.72862516172864,0.08522460478948192,3408,48168,"0.8585,0.8371,1.9460",GAN-pix2pix-3D-T2-from-dual
T2,ReMIND-109-pre,preop,1,tumor,1,1,0.18580404174108558,41.2012420250229,0.10369381397418781,10361,99938,"0.9755,0.9400,0.9620",GAN-pix2pix-3D-T2-from-dual
T2,ReMIND-109-pre,preop,2,cavity,0,0,nan,nan,nan,0,0,"0.9755,0.9400,0.9620",GAN-pix2pix-3D-T2-from-dual
T2,ReMIND-109-pre,preop,lesion,lesion,1,1,0.18580404174108558,41.2012420250229,0.10369381397418781,10361,99938,"0.9755,0.9400,0.9620",GAN-pix2pix-3D-T2-from-dual
T2,ReMIND-003-post,postop,1,tumor,0,1,nan,nan,nan,0,27123,"0.9264,0.9265,1.9922",GAN-pix2pix-3D-T2-from-single
T2,ReMIND-003-post,postop,2,cavity,1,0,0.0,nan,nan,2099,0,"0.9264,0.9265,1.9922",GAN-pix2pix-3D-T2-from-single
T2,ReMIND-003-post,postop,lesion,lesion,1,1,0.11730887687358839,35.81568411097342,0.12141532315594236,2099,27123,"0.9264,0.9265,1.9922",GAN-pix2pix-3D-T2-from-single
T2,ReMIND-003-pre,preop,1,tumor,1,1,0.12982795467841493,41.941893193932536,0.12490223682152354,10844,72913,"0.9757,0.9586,0.9825",GAN-pix2pix-3D-T2-from-single
T2,ReMIND-003-pre,preop,2,cavity,0,0,nan,nan,nan,0,0,"0.9757,0.9586,0.9825",GAN-pix2pix-3D-T2-from-single
T2,ReMIND-003-pre,preop,lesion,lesion,1,1,0.12982795467841493,41.941893193932536,0.12490223682152354,10844,72913,"0.9757,0.9586,0.9825",GAN-pix2pix-3D-T2-from-single
T2,ReMIND-004-pre,preop,1,tumor,1,1,0.07259713701431493,53.38414300875862,0.09306338433222133,2043,40989,"0.9761,0.9626,0.9802",GAN-pix2pix-3D-T2-from-single
T2,ReMIND-004-pre,preop,2,cavity,0,0,nan,nan,nan,0,0,"0.9761,0.9626,0.9802",GAN-pix2pix-3D-T2-from-single
T2,ReMIND-004-pre,preop,lesion,lesion,1,1,0.07259713701431493,53.38414300875862,0.09306338433222133,2043,40989,"0.9761,0.9626,0.9802",GAN-pix2pix-3D-T2-from-single
T2,ReMIND-023-pre,preop,1,tumor,1,1,0.27147551243936785,16.90082446417544,0.16980503249458423,3895,8887,"0.6872,0.6822,2.1845",GAN-pix2pix-3D-T2-from-single
T2,ReMIND-023-pre,preop,2,cavity,0,0,nan,nan,nan,0,0,"0.6872,0.6822,2.1845",GAN-pix2pix-3D-T2-from-single
T2,ReMIND-023-pre,preop,lesion,lesion,1,1,0.27147551243936785,16.90082446417544,0.16980503249458423,3895,8887,"0.6872,0.6822,2.1845",GAN-pix2pix-3D-T2-from-single
T2,ReMIND-031-post,postop,1,tumor,0,1,nan,nan,nan,0,93705,"0.0027,0.1312,0.0963",GAN-pix2pix-3D-T2-from-single
T2,ReMIND-031-post,postop,2,cavity,1,0,0.0,nan,nan,32424,0,"0.0027,0.1312,0.0963",GAN-pix2pix-3D-T2-from-single
T2,ReMIND-031-post,postop,lesion,lesion,1,1,0.10440104971893854,1.446799722369099,0.9903593735855889,32424,93705,"0.0027,0.1312,0.0963",GAN-pix2pix-3D-T2-from-single
T2,ReMIND-031-pre,preop,1,tumor,1,1,0.11947717871171828,26.14737220761805,0.12640146167261856,8344,49190,"0.9766,0.9754,0.9990",GAN-pix2pix-3D-T2-from-single
T2,ReMIND-031-pre,preop,2,cavity,0,0,nan,nan,nan,0,0,"0.9766,0.9754,0.9990",GAN-pix2pix-3D-T2-from-single
T2,ReMIND-031-pre,preop,lesion,lesion,1,1,0.11947717871171828,26.14737220761805,0.12640146167261856,8344,49190,"0.9766,0.9754,0.9990",GAN-pix2pix-3D-T2-from-single
T2,ReMIND-032-post,postop,1,tumor,1,1,0.2843178664092198,15.109891488482647,0.22903384011770475,13367,36352,"0.8594,0.8379,1.9501",GAN-pix2pix-3D-T2-from-single
T2,ReMIND-032-post,postop,2,cavity,1,0,0.0,nan,nan,6211,0,"0.8594,0.8379,1.9501",GAN-pix2pix-3D-T2-from-single
T2,ReMIND-032-post,postop,lesion,lesion,1,1,0.44612908993384587,12.957455953161762,0.2666022366422753,19578,36352,"0.8594,0.8379,1.9501",GAN-pix2pix-3D-T2-from-single
T2,ReMIND-032-pre,preop,1,tumor,1,1,0.5285416697888411,9.562496360303376,0.23836817262306137,32911,33816,"0.8208,0.8169,1.9763",GAN-pix2pix-3D-T2-from-single
T2,ReMIND-032-pre,preop,2,cavity,0,0,nan,nan,nan,0,0,"0.8208,0.8169,1.9763",GAN-pix2pix-3D-T2-from-single
T2,ReMIND-032-pre,preop,lesion,lesion,1,1,0.5285416697888411,9.562496360303376,0.23836817262306137,32911,33816,"0.8208,0.8169,1.9763",GAN-pix2pix-3D-T2-from-single
T2,ReMIND-034-post,postop,1,tumor,1,1,0.022045237336731444,33.42202733564097,0.04941460055096419,516,15179,"0.8557,0.8490,1.9836",GAN-pix2pix-3D-T2-from-single
T2,ReMIND-034-post,postop,2,cavity,1,1,0.0,38.7898639235269,0.0,12900,499,"0.8557,0.8490,1.9836",GAN-pix2pix-3D-T2-from-single
T2,ReMIND-034-post,postop,lesion,lesion,1,1,0.12208702825324809,28.794957965130266,0.10416876955687897,13416,15678,"0.8557,0.8490,1.9836",GAN-pix2pix-3D-T2-from-single
T2,ReMIND-034-pre,preop,1,tumor,1,1,0.2889831644277658,15.759104832769786,0.1526243093922652,206728,181260,"0.2679,0.2658,4.9631",GAN-pix2pix-3D-T2-from-single
T2,ReMIND-034-pre,preop,2,cavity,1,1,0.0,29.408865333517998,0.0,20636,154,"0.2679,0.2658,4.9631",GAN-pix2pix-3D-T2-from-single
T2,ReMIND-034-pre,preop,lesion,lesion,1,1,0.29307350199863985,15.236640299379589,0.1700994338030216,227364,181414,"0.2679,0.2658,4.9631",GAN-pix2pix-3D-T2-from-single
T2,ReMIND-045-post,postop,1,tumor,1,1,0.002410775116608144,22.693816885899448,0.020766773162939296,3767,15314,"0.7296,0.7296,2.0000",GAN-pix2pix-3D-T2-from-single
T2,ReMIND-045-post,postop,2,cavity,1,1,0.0,37.56740676927499,0.0,4649,165,"0.7296,0.7296,2.0000",GAN-pix2pix-3D-T2-from-single
T2,ReMIND-045-post,postop,lesion,lesion,1,1,0.0028457836367440886,21.747449263663597,0.02263617071445414,8416,15479,"0.7296,0.7296,2.0000",GAN-pix2pix-3D-T2-from-single
T2,ReMIND-045-pre,preop,1,tumor,1,1,0.2590327122387188,10.39715857412596,0.3537033501956667,123470,88897,"0.2608,0.2430,0.9600",GAN-pix2pix-3D-T2-from-single
T2,ReMIND-045-pre,preop,2,cavity,0,0,nan,nan,nan,0,0,"0.2608,0.2430,0.9600",GAN-pix2pix-3D-T2-from-single
T2,ReMIND-045-pre,preop,lesion,lesion,1,1,0.2590327122387188,10.39715857412596,0.3537033501956667,123470,88897,"0.2608,0.2430,0.9600",GAN-pix2pix-3D-T2-from-single
T2,ReMIND-056-post,postop,1,tumor,0,1,nan,nan,nan,0,36747,"0.8539,0.8523,1.9741",GAN-pix2pix-3D-T2-from-single
T2,ReMIND-056-post,postop,2,cavity,1,0,0.0,nan,nan,17551,0,"0.8539,0.8523,1.9741",GAN-pix2pix-3D-T2-from-single
T2,ReMIND-056-post,postop,lesion,lesion,1,1,0.07333603447640798,23.228067685758166,0.10976132628269258,17551,36747,"0.8539,0.8523,1.9741",GAN-pix2pix-3D-T2-from-single
T2,ReMIND-056-pre,preop,1,tumor,1,1,0.3498496400920541,19.899343374700905,0.14810437742270965,55846,80161,"0.7937,0.7936,1.2000",GAN-pix2pix-3D-T2-from-single
T2,ReMIND-056-pre,preop,2,cavity,0,0,nan,nan,nan,0,0,"0.7937,0.7936,1.2000",GAN-pix2pix-3D-T2-from-single
T2,ReMIND-056-pre,preop,lesion,lesion,1,1,0.3498496400920541,19.899343374700905,0.14810437742270965,55846,80161,"0.7937,0.7936,1.2000",GAN-pix2pix-3D-T2-from-single
T2,ReMIND-077-post,postop,1,tumor,1,1,0.0588411214953271,22.551031021574893,0.164021164021164,2094,24656,"0.8558,0.8268,1.9283",GAN-pix2pix-3D-T2-from-single
T2,ReMIND-077-post,postop,2,cavity,1,0,0.0,nan,nan,2767,0,"0.8558,0.8268,1.9283",GAN-pix2pix-3D-T2-from-single
T2,ReMIND-077-post,postop,lesion,lesion,1,1,0.13626046007385575,21.73915821840496,0.17813534177792995,4861,24656,"0.8558,0.8268,1.9283",GAN-pix2pix-3D-T2-from-single
T2,ReMIND-077-pre,preop,1,tumor,1,1,0.10086191801077884,29.335311255364342,0.1752021563342318,6841,44556,"0.9765,0.9644,0.9880",GAN-pix2pix-3D-T2-from-single
T2,ReMIND-077-pre,preop,2,cavity,1,0,0.0,nan,nan,5265,0,"0.9765,0.9644,0.9880",GAN-pix2pix-3D-T2-from-single
T2,ReMIND-077-pre,preop,lesion,lesion,1,1,0.15237725459743742,29.060193582117563,0.18668027958847092,12106,44556,"0.9765,0.9644,0.9880",GAN-pix2pix-3D-T2-from-single
T2,ReMIND-079-post,postop,1,tumor,1,1,0.08604234290974275,18.14433669183285,0.14483589280337247,7260,13381,"0.7990,0.7254,1.8280",GAN-pix2pix-3D-T2-from-single
T2,ReMIND-079-post,postop,2,cavity,0,0,nan,nan,nan,0,0,"0.7990,0.7254,1.8280",GAN-pix2pix-3D-T2-from-single
T2,ReMIND-079-post,postop,lesion,lesion,1,1,0.08604234290974275,18.14433669183285,0.14483589280337247,7260,13381,"0.7990,0.7254,1.8280",GAN-pix2pix-3D-T2-from-single
T2,ReMIND-079-pre,preop,1,tumor,1,1,0.12126356948088697,13.409954152833015,0.15346737792367665,14068,24806,"0.9526,0.9132,0.9551",GAN-pix2pix-3D-T2-from-single
T2,ReMIND-079-pre,preop,2,cavity,1,1,0.0,45.441580704926814,0.0,7069,1,"0.9526,0.9132,0.9551",GAN-pix2pix-3D-T2-from-single
T2,ReMIND-079-pre,preop,lesion,lesion,1,1,0.16933658366707297,18.01678335512969,0.1654032876245635,21137,24807,"0.9526,0.9132,0.9551",GAN-pix2pix-3D-T2-from-single
T2,ReMIND-087-post,postop,1,tumor,0,1,nan,nan,nan,0,26656,"0.8587,0.8570,1.9930",GAN-pix2pix-3D-T2-from-single
T2,ReMIND-087-post,postop,2,cavity,1,0,0.0,nan,nan,8781,0,"0.8587,0.8570,1.9930",GAN-pix2pix-3D-T2-from-single
T2,ReMIND-087-post,postop,lesion,lesion,1,1,0.21706126365098627,19.5592050527165,0.19191210846189807,8781,26656,"0.8587,0.8570,1.9930",GAN-pix2pix-3D-T2-from-single
T2,ReMIND-087-pre,preop,1,tumor,1,1,0.00815165147844811,27.61211254302222,0.04444742849469585,11505,14502,"0.9766,0.9734,0.9968",GAN-pix2pix-3D-T2-from-single
T2,ReMIND-087-pre,preop,2,cavity,1,0,0.0,nan,nan,11681,0,"0.9766,0.9734,0.9968",GAN-pix2pix-3D-T2-from-single
T2,ReMIND-087-pre,preop,lesion,lesion,1,1,0.03279558480152834,26.253688332020293,0.08256780402449694,23186,14502,"0.9766,0.9734,0.9968",GAN-pix2pix-3D-T2-from-single
T2,ReMIND-091-post,postop,1,tumor,0,1,nan,nan,nan,0,26508,"0.8574,0.8545,1.9930",GAN-pix2pix-3D-T2-from-single
T2,ReMIND-091-post,postop,2,cavity,1,0,0.0,nan,nan,7894,0,"0.8574,0.8545,1.9930",GAN-pix2pix-3D-T2-from-single
T2,ReMIND-091-post,postop,lesion,lesion,1,1,0.2935875821173188,14.803149853945538,0.22180931366856346,7894,26508,"0.8574,0.8545,1.9930",GAN-pix2pix-3D-T2-from-single
T2,ReMIND-091-pre,preop,1,tumor,1,1,0.4390373878183778,13.233900166945308,0.19388923131108568,25347,57220,"0.9733,0.9707,0.9931",GAN-pix2pix-3D-T2-from-single
T2,ReMIND-091-pre,preop,2,cavity,0,0,nan,nan,nan,0,0,"0.9733,0.9707,0.9931",GAN-pix2pix-3D-T2-from-single
T2,ReMIND-091-pre,preop,lesion,lesion,1,1,0.4390373878183778,13.233900166945308,0.19388923131108568,25347,57220,"0.9733,0.9707,0.9931",GAN-pix2pix-3D-T2-from-single
T2,ReMIND-096-post,postop,1,tumor,0,1,nan,nan,nan,0,10322,"0.8569,0.8553,1.9849",GAN-pix2pix-3D-T2-from-single
T2,ReMIND-096-post,postop,2,cavity,1,0,0.0,nan,nan,2166,0,"0.8569,0.8553,1.9849",GAN-pix2pix-3D-T2-from-single
T2,ReMIND-096-post,postop,lesion,lesion,1,1,0.0206598334401025,38.74478616605274,0.06596073240679462,2166,10322,"0.8569,0.8553,1.9849",GAN-pix2pix-3D-T2-from-single
T2,ReMIND-096-pre,preop,1,tumor,1,1,0.3256678684679206,19.410500968262426,0.045141023014409615,18774,96331,"0.9755,0.9626,0.9851",GAN-pix2pix-3D-T2-from-single
T2,ReMIND-096-pre,preop,2,cavity,0,1,nan,nan,nan,0,27,"0.9755,0.9626,0.9851",GAN-pix2pix-3D-T2-from-single
T2,ReMIND-096-pre,preop,lesion,lesion,1,1,0.3255914949796755,19.410500968262426,0.04505794137695978,18774,96358,"0.9755,0.9626,0.9851",GAN-pix2pix-3D-T2-from-single
T2,ReMIND-102-pre,preop,1,tumor,1,1,0.24559986698653238,0.7121126013347057,1.0,7693,34408,"0.0008,0.0174,0.0887",GAN-pix2pix-3D-T2-from-single
T2,ReMIND-102-pre,preop,2,cavity,0,1,nan,nan,nan,0,1801,"0.0008,0.0174,0.0887",GAN-pix2pix-3D-T2-from-single
T2,ReMIND-102-pre,preop,lesion,lesion,1,1,0.2355245774679969,0.7109355156943037,1.0,7693,36209,"0.0008,0.0174,0.0887",GAN-pix2pix-3D-T2-from-single
T2,ReMIND-107-post,postop,1,tumor,1,1,0.038776470588235294,20.708285023517615,0.09422175950026028,3621,7004,"0.8587,0.8481,1.9732",GAN-pix2pix-3D-T2-from-single
T2,ReMIND-107-post,postop,2,cavity,1,1,0.0,23.31476911438225,0.0,879,24,"0.8587,0.8481,1.9732",GAN-pix2pix-3D-T2-from-single
T2,ReMIND-107-post,postop,lesion,lesion,1,1,0.05083275503122831,15.929371410199854,0.15244191559981032,4500,7028,"0.8587,0.8481,1.9732",GAN-pix2pix-3D-T2-from-single
T2,ReMIND-107-pre,preop,1,tumor,1,1,0.427348636349142,11.278449066888946,0.29012966627239867,57631,161890,"0.2343,0.2312,4.9330",GAN-pix2pix-3D-T2-from-single
T2,ReMIND-107-pre,preop,2,cavity,0,1,nan,nan,nan,0,1083,"0.2343,0.2312,4.9330",GAN-pix2pix-3D-T2-from-single
T2,ReMIND-107-pre,preop,lesion,lesion,1,1,0.4252506754183968,11.327411094350126,0.2904475233500066,57631,162973,"0.2343,0.2312,4.9330",GAN-pix2pix-3D-T2-from-single
T2,ReMIND-109-post,postop,1,tumor,0,1,nan,nan,nan,0,18357,"0.8585,0.8371,1.9460",GAN-pix2pix-3D-T2-from-single
T2,ReMIND-109-post,postop,2,cavity,1,0,0.0,nan,nan,3408,0,"0.8585,0.8371,1.9460",GAN-pix2pix-3D-T2-from-single
T2,ReMIND-109-post,postop,lesion,lesion,1,1,0.0014702504020215944,50.57686460977527,0.01570871894788115,3408,18357,"0.8585,0.8371,1.9460",GAN-pix2pix-3D-T2-from-single
T2,ReMIND-109-pre,preop,1,tumor,1,1,0.21905892677386882,43.49892047860837,0.15179978980557016,10361,67125,"0.9755,0.9400,0.9620",GAN-pix2pix-3D-T2-from-single
T2,ReMIND-109-pre,preop,2,cavity,0,1,nan,nan,nan,0,474,"0.9755,0.9400,0.9620",GAN-pix2pix-3D-T2-from-single
T2,ReMIND-109-pre,preop,lesion,lesion,1,1,0.2177270395074397,43.46384749632074,0.1528540247370858,10361,67599,"0.9755,0.9400,0.9620",GAN-pix2pix-3D-T2-from-single
T2,ReMIND-003-post,postop,1,tumor,0,1,nan,nan,nan,0,26621,"0.9264,0.9265,1.9922",GAN-swinpix2pix-2.5D-T2-from-dual
T2,ReMIND-003-post,postop,2,cavity,1,0,0.0,nan,nan,2099,0,"0.9264,0.9265,1.9922",GAN-swinpix2pix-2.5D-T2-from-dual
T2,ReMIND-003-post,postop,lesion,lesion,1,1,0.11629526462395544,45.365368772347715,0.11545399879735418,2099,26621,"0.9264,0.9265,1.9922",GAN-swinpix2pix-2.5D-T2-from-dual
T2,ReMIND-023-pre,preop,1,tumor,1,1,0.18983957219251338,57.09637340204548,0.11851426383304614,3895,8821,"0.6872,0.6822,2.1845",GAN-swinpix2pix-2.5D-T2-from-dual
T2,ReMIND-023-pre,preop,2,cavity,0,0,nan,nan,nan,0,0,"0.6872,0.6822,2.1845",GAN-swinpix2pix-2.5D-T2-from-dual
T2,ReMIND-023-pre,preop,lesion,lesion,1,1,0.18983957219251338,57.09637340204548,0.11851426383304614,3895,8821,"0.6872,0.6822,2.1845",GAN-swinpix2pix-2.5D-T2-from-dual
T2,ReMIND-032-post,postop,1,tumor,1,1,0.13477937389114633,23.265221616526603,0.19389253962118283,13367,21579,"0.8594,0.8379,1.9501",GAN-swinpix2pix-2.5D-T2-from-dual
T2,ReMIND-032-post,postop,2,cavity,1,0,0.0,nan,nan,6211,0,"0.8594,0.8379,1.9501",GAN-swinpix2pix-2.5D-T2-from-dual
T2,ReMIND-032-post,postop,lesion,lesion,1,1,0.2995845178219987,15.785719213922539,0.24056890781867965,19578,21579,"0.8594,0.8379,1.9501",GAN-swinpix2pix-2.5D-T2-from-dual
T2,ReMIND-032-pre,preop,1,tumor,1,1,0.049291271448364066,27.150601646231024,0.07762966282065643,32911,4621,"0.8208,0.8169,1.9763",GAN-swinpix2pix-2.5D-T2-from-dual
T2,ReMIND-032-pre,preop,2,cavity,0,0,nan,nan,nan,0,0,"0.8208,0.8169,1.9763",GAN-swinpix2pix-2.5D-T2-from-dual
T2,ReMIND-032-pre,preop,lesion,lesion,1,1,0.049291271448364066,27.150601646231024,0.07762966282065643,32911,4621,"0.8208,0.8169,1.9763",GAN-swinpix2pix-2.5D-T2-from-dual
T2,ReMIND-045-pre,preop,1,tumor,1,1,0.6072422828133955,7.644986887375004,0.5257896486756067,123470,169642,"0.2608,0.2430,0.9600",GAN-swinpix2pix-2.5D-T2-from-dual
T2,ReMIND-045-pre,preop,2,cavity,0,0,nan,nan,nan,0,0,"0.2608,0.2430,0.9600",GAN-swinpix2pix-2.5D-T2-from-dual
T2,ReMIND-045-pre,preop,lesion,lesion,1,1,0.6072422828133955,7.644986887375004,0.5257896486756067,123470,169642,"0.2608,0.2430,0.9600",GAN-swinpix2pix-2.5D-T2-from-dual
T2,ReMIND-056-post,postop,1,tumor,0,1,nan,nan,nan,0,25808,"0.8539,0.8523,1.9741",GAN-swinpix2pix-2.5D-T2-from-dual
T2,ReMIND-056-post,postop,2,cavity,1,0,0.0,nan,nan,17551,0,"0.8539,0.8523,1.9741",GAN-swinpix2pix-2.5D-T2-from-dual
T2,ReMIND-056-post,postop,lesion,lesion,1,1,0.015221753269217464,21.937069537467476,0.08956977584960231,17551,25808,"0.8539,0.8523,1.9741",GAN-swinpix2pix-2.5D-T2-from-dual
T2,ReMIND-056-pre,preop,1,tumor,1,1,0.549586673242003,11.378250328731866,0.3058600553222006,55846,63793,"0.7937,0.7936,1.2000",GAN-swinpix2pix-2.5D-T2-from-dual
T2,ReMIND-056-pre,preop,2,cavity,0,0,nan,nan,nan,0,0,"0.7937,0.7936,1.2000",GAN-swinpix2pix-2.5D-T2-from-dual
T2,ReMIND-056-pre,preop,lesion,lesion,1,1,0.549586673242003,11.378250328731866,0.3058600553222006,55846,63793,"0.7937,0.7936,1.2000",GAN-swinpix2pix-2.5D-T2-from-dual
T2,ReMIND-077-post,postop,1,tumor,1,1,0.07141484660219048,27.245377485762244,0.15578205612180698,2094,29132,"0.8558,0.8268,1.9283",GAN-swinpix2pix-2.5D-T2-from-dual
T2,ReMIND-077-post,postop,2,cavity,1,0,0.0,nan,nan,2767,0,"0.8558,0.8268,1.9283",GAN-swinpix2pix-2.5D-T2-from-dual
T2,ReMIND-077-post,postop,lesion,lesion,1,1,0.14632424322654664,26.82243498614958,0.16907103825136613,4861,29132,"0.8558,0.8268,1.9283",GAN-swinpix2pix-2.5D-T2-from-dual
T2,ReMIND-077-pre,preop,1,tumor,1,1,0.16879584980688805,21.645391698142785,0.19604111153406928,6841,36916,"0.9765,0.9644,0.9880",GAN-swinpix2pix-2.5D-T2-from-dual
T2,ReMIND-077-pre,preop,2,cavity,1,0,0.0,nan,nan,5265,0,"0.9765,0.9644,0.9880",GAN-swinpix2pix-2.5D-T2-from-dual
T2,ReMIND-077-pre,preop,lesion,lesion,1,1,0.24352331606217617,21.168490855442048,0.2099569003430381,12106,36916,"0.9765,0.9644,0.9880",GAN-swinpix2pix-2.5D-T2-from-dual
T2,ReMIND-079-post,postop,1,tumor,1,1,0.18919266645223545,18.829718109711372,0.21228264147150466,7260,23830,"0.7990,0.7254,1.8280",GAN-swinpix2pix-2.5D-T2-from-dual
T2,ReMIND-079-post,postop,2,cavity,0,0,nan,nan,nan,0,0,"0.7990,0.7254,1.8280",GAN-swinpix2pix-2.5D-T2-from-dual
T2,ReMIND-079-post,postop,lesion,lesion,1,1,0.18919266645223545,18.829718109711372,0.21228264147150466,7260,23830,"0.7990,0.7254,1.8280",GAN-swinpix2pix-2.5D-T2-from-dual
T2,ReMIND-079-pre,preop,1,tumor,1,1,0.24124444444444446,18.680101349162996,0.28125,14068,19682,"0.9526,0.9132,0.9551",GAN-swinpix2pix-2.5D-T2-from-dual
T2,ReMIND-079-pre,preop,2,cavity,1,0,0.0,nan,nan,7069,0,"0.9526,0.9132,0.9551",GAN-swinpix2pix-2.5D-T2-from-dual
T2,ReMIND-079-pre,preop,lesion,lesion,1,1,0.21475293368284376,18.386845047580053,0.23102280010988005,21137,19682,"0.9526,0.9132,0.9551",GAN-swinpix2pix-2.5D-T2-from-dual
T2,ReMIND-087-pre,preop,1,tumor,1,1,0.13368104947052314,17.997799814147967,0.19565391708764332,11505,51765,"0.9766,0.9734,0.9968",GAN-swinpix2pix-2.5D-T2-from-dual
T2,ReMIND-087-pre,preop,2,cavity,1,0,0.0,nan,nan,11681,0,"0.9766,0.9734,0.9968",GAN-swinpix2pix-2.5D-T2-from-dual
T2,ReMIND-087-pre,preop,lesion,lesion,1,1,0.38646582433856785,15.127372682137636,0.2339073969508752,23186,51765,"0.9766,0.9734,0.9968",GAN-swinpix2pix-2.5D-T2-from-dual
T2,ReMIND-091-pre,preop,1,tumor,1,1,0.4172837864787609,14.861590092928846,0.23060866661100443,25347,49868,"0.9733,0.9707,0.9931",GAN-swinpix2pix-2.5D-T2-from-dual
T2,ReMIND-091-pre,preop,2,cavity,0,1,nan,nan,nan,0,94,"0.9733,0.9707,0.9931",GAN-swinpix2pix-2.5D-T2-from-dual
T2,ReMIND-091-pre,preop,lesion,lesion,1,1,0.4192062037737853,14.860864953156419,0.23356027897708403,25347,49962,"0.9733,0.9707,0.9931",GAN-swinpix2pix-2.5D-T2-from-dual
T2,ReMIND-096-post,postop,1,tumor,0,1,nan,nan,nan,0,26228,"0.8569,0.8553,1.9849",GAN-swinpix2pix-2.5D-T2-from-dual
T2,ReMIND-096-post,postop,2,cavity,1,0,0.0,nan,nan,2166,0,"0.8569,0.8553,1.9849",GAN-swinpix2pix-2.5D-T2-from-dual
T2,ReMIND-096-post,postop,lesion,lesion,1,1,0.1467211382686483,15.757765648552803,0.09304131717924821,2166,26228,"0.8569,0.8553,1.9849",GAN-swinpix2pix-2.5D-T2-from-dual
T2,ReMIND-096-pre,preop,1,tumor,1,1,0.2850474428394412,18.08838138098904,0.07626700500458165,18774,99052,"0.9755,0.9626,0.9851",GAN-swinpix2pix-2.5D-T2-from-dual
T2,ReMIND-096-pre,preop,2,cavity,0,0,nan,nan,nan,0,0,"0.9755,0.9626,0.9851",GAN-swinpix2pix-2.5D-T2-from-dual
T2,ReMIND-096-pre,preop,lesion,lesion,1,1,0.2850474428394412,18.08838138098904,0.07626700500458165,18774,99052,"0.9755,0.9626,0.9851",GAN-swinpix2pix-2.5D-T2-from-dual
T2,ReMIND-102-pre,preop,1,tumor,1,1,0.21509620128268378,0.22691003544935234,1.0,7693,20685,"0.0008,0.0174,0.0887",GAN-swinpix2pix-2.5D-T2-from-dual
T2,ReMIND-102-pre,preop,2,cavity,0,1,nan,nan,nan,0,4255,"0.0008,0.0174,0.0887",GAN-swinpix2pix-2.5D-T2-from-dual
T2,ReMIND-102-pre,preop,lesion,lesion,1,1,0.187049918793859,0.22591623477637768,1.0,7693,24940,"0.0008,0.0174,0.0887",GAN-swinpix2pix-2.5D-T2-from-dual
T2,ReMIND-107-pre,preop,1,tumor,1,1,0.3827414683895052,9.893770436303228,0.24745698996063864,57631,150243,"0.2343,0.2312,4.9330",GAN-swinpix2pix-2.5D-T2-from-dual
T2,ReMIND-107-pre,preop,2,cavity,0,1,nan,nan,nan,0,83260,"0.2343,0.2312,4.9330",GAN-swinpix2pix-2.5D-T2-from-dual
T2,ReMIND-107-pre,preop,lesion,lesion,1,1,0.3390054064451421,14.221093591089037,0.17209537724047708,57631,233503,"0.2343,0.2312,4.9330",GAN-swinpix2pix-2.5D-T2-from-dual
T2,ReMIND-109-post,postop,1,tumor,0,1,nan,nan,nan,0,33446,"0.8585,0.8371,1.9460",GAN-swinpix2pix-2.5D-T2-from-dual
T2,ReMIND-109-post,postop,2,cavity,1,0,0.0,nan,nan,3408,0,"0.8585,0.8371,1.9460",GAN-swinpix2pix-2.5D-T2-from-dual
T2,ReMIND-109-post,postop,lesion,lesion,1,1,0.0,45.0042994677286,0.0,3408,33446,"0.8585,0.8371,1.9460",GAN-swinpix2pix-2.5D-T2-from-dual
T2,ReMIND-109-pre,preop,1,tumor,1,1,0.23243295669463168,22.85238626609096,0.17275677939482775,10361,30881,"0.9755,0.9400,0.9620",GAN-swinpix2pix-2.5D-T2-from-dual
T2,ReMIND-109-pre,preop,2,cavity,0,0,nan,nan,nan,0,0,"0.9755,0.9400,0.9620",GAN-swinpix2pix-2.5D-T2-from-dual
T2,ReMIND-109-pre,preop,lesion,lesion,1,1,0.23243295669463168,22.85238626609096,0.17275677939482775,10361,30881,"0.9755,0.9400,0.9620",GAN-swinpix2pix-2.5D-T2-from-dual
T2,ReMIND-003-post,postop,1,tumor,0,1,nan,nan,nan,0,29603,"0.9264,0.9265,1.9922",GAN-swinpix2pix-2.5D-T2-from-single
T2,ReMIND-003-post,postop,2,cavity,1,0,0.0,nan,nan,2099,0,"0.9264,0.9265,1.9922",GAN-swinpix2pix-2.5D-T2-from-single
T2,ReMIND-003-post,postop,lesion,lesion,1,1,0.1250394296889786,38.35738596471571,0.11073377804730139,2099,29603,"0.9264,0.9265,1.9922",GAN-swinpix2pix-2.5D-T2-from-single
T2,ReMIND-003-pre,preop,1,tumor,1,1,0.35967382010052346,54.38613662943205,0.17132751188239195,10844,37105,"0.9757,0.9586,0.9825",GAN-swinpix2pix-2.5D-T2-from-single
T2,ReMIND-003-pre,preop,2,cavity,0,0,nan,nan,nan,0,0,"0.9757,0.9586,0.9825",GAN-swinpix2pix-2.5D-T2-from-single
T2,ReMIND-003-pre,preop,lesion,lesion,1,1,0.35967382010052346,54.38613662943205,0.17132751188239195,10844,37105,"0.9757,0.9586,0.9825",GAN-swinpix2pix-2.5D-T2-from-single
T2,ReMIND-004-pre,preop,1,tumor,1,1,0.14031111568970847,19.265495627201876,0.004858470637938319,2043,27078,"0.9761,0.9626,0.9802",GAN-swinpix2pix-2.5D-T2-from-single
T2,ReMIND-004-pre,preop,2,cavity,0,0,nan,nan,nan,0,0,"0.9761,0.9626,0.9802",GAN-swinpix2pix-2.5D-T2-from-single
T2,ReMIND-004-pre,preop,lesion,lesion,1,1,0.14031111568970847,19.265495627201876,0.004858470637938319,2043,27078,"0.9761,0.9626,0.9802",GAN-swinpix2pix-2.5D-T2-from-single
T2,ReMIND-023-pre,preop,1,tumor,1,1,0.33282707745714907,52.90105941486298,0.20925396412789185,3895,5323,"0.6872,0.6822,2.1845",GAN-swinpix2pix-2.5D-T2-from-single
T2,ReMIND-023-pre,preop,2,cavity,0,0,nan,nan,nan,0,0,"0.6872,0.6822,2.1845",GAN-swinpix2pix-2.5D-T2-from-single
T2,ReMIND-023-pre,preop,lesion,lesion,1,1,0.33282707745714907,52.90105941486298,0.20925396412789185,3895,5323,"0.6872,0.6822,2.1845",GAN-swinpix2pix-2.5D-T2-from-single
T2,ReMIND-031-post,postop,1,tumor,0,1,nan,nan,nan,0,149922,"0.0027,0.1312,0.0963",GAN-swinpix2pix-2.5D-T2-from-single
T2,ReMIND-031-post,postop,2,cavity,1,0,0.0,nan,nan,32424,0,"0.0027,0.1312,0.0963",GAN-swinpix2pix-2.5D-T2-from-single
T2,ReMIND-031-post,postop,lesion,lesion,1,1,0.1145843615982802,1.8135485970900183,0.9553198820781806,32424,149922,"0.0027,0.1312,0.0963",GAN-swinpix2pix-2.5D-T2-from-single
T2,ReMIND-031-pre,preop,1,tumor,1,1,0.24014705301023836,15.490883503790863,0.15260090654003886,8344,42250,"0.9766,0.9754,0.9990",GAN-swinpix2pix-2.5D-T2-from-single
T2,ReMIND-031-pre,preop,2,cavity,0,0,nan,nan,nan,0,0,"0.9766,0.9754,0.9990",GAN-swinpix2pix-2.5D-T2-from-single
T2,ReMIND-031-pre,preop,lesion,lesion,1,1,0.24014705301023836,15.490883503790863,0.15260090654003886,8344,42250,"0.9766,0.9754,0.9990",GAN-swinpix2pix-2.5D-T2-from-single
T2,ReMIND-032-post,postop,1,tumor,1,1,0.2597419028340081,24.324438007247704,0.24727569923719578,13367,18249,"0.8594,0.8379,1.9501",GAN-swinpix2pix-2.5D-T2-from-single
T2,ReMIND-032-post,postop,2,cavity,1,0,0.0,nan,nan,6211,0,"0.8594,0.8379,1.9501",GAN-swinpix2pix-2.5D-T2-from-single
T2,ReMIND-032-post,postop,lesion,lesion,1,1,0.37507600391254925,12.762208791233787,0.27403118040089086,19578,18249,"0.8594,0.8379,1.9501",GAN-swinpix2pix-2.5D-T2-from-single
T2,ReMIND-032-pre,preop,1,tumor,1,1,0.39481978110136956,11.838690274469922,0.25226122313500954,32911,19442,"0.8208,0.8169,1.9763",GAN-swinpix2pix-2.5D-T2-from-single
T2,ReMIND-032-pre,preop,2,cavity,0,0,nan,nan,nan,0,0,"0.8208,0.8169,1.9763",GAN-swinpix2pix-2.5D-T2-from-single
T2,ReMIND-032-pre,preop,lesion,lesion,1,1,0.39481978110136956,11.838690274469922,0.25226122313500954,32911,19442,"0.8208,0.8169,1.9763",GAN-swinpix2pix-2.5D-T2-from-single
T2,ReMIND-034-post,postop,1,tumor,1,1,0.0003678499172337686,39.30527998479167,0.01860166773572803,516,4921,"0.8557,0.8490,1.9836",GAN-swinpix2pix-2.5D-T2-from-single
T2,ReMIND-034-post,postop,2,cavity,1,0,0.0,nan,nan,12900,0,"0.8557,0.8490,1.9836",GAN-swinpix2pix-2.5D-T2-from-single
T2,ReMIND-034-post,postop,lesion,lesion,1,1,0.009161804002835797,41.28722955131807,0.036723549488054605,13416,4921,"0.8557,0.8490,1.9836",GAN-swinpix2pix-2.5D-T2-from-single
T2,ReMIND-034-pre,preop,1,tumor,1,1,0.38754503507003013,23.12438512748273,0.2886501605846643,206728,111635,"0.2679,0.2658,4.9631",GAN-swinpix2pix-2.5D-T2-from-single
T2,ReMIND-034-pre,preop,2,cavity,1,0,0.0,nan,nan,20636,0,"0.2679,0.2658,4.9631",GAN-swinpix2pix-2.5D-T2-from-single
T2,ReMIND-034-pre,preop,lesion,lesion,1,1,0.3639538759701356,24.09016335199924,0.28213270428839293,227364,111635,"0.2679,0.2658,4.9631",GAN-swinpix2pix-2.5D-T2-from-single
T2,ReMIND-045-post,postop,1,tumor,1,1,0.07648440120764843,24.08736438667972,0.17013115565454096,3767,29024,"0.7296,0.7296,2.0000",GAN-swinpix2pix-2.5D-T2-from-single
T2,ReMIND-045-post,postop,2,cavity,1,0,0.0,nan,nan,4649,0,"0.7296,0.7296,2.0000",GAN-swinpix2pix-2.5D-T2-from-single
T2,ReMIND-045-post,postop,lesion,lesion,1,1,0.17702991452991454,23.07218602967365,0.22479733943047184,8416,29024,"0.7296,0.7296,2.0000",GAN-swinpix2pix-2.5D-T2-from-single
T2,ReMIND-045-pre,preop,1,tumor,1,1,0.5809549174197456,5.377071612119137,0.48588064716577295,123470,150627,"0.2608,0.2430,0.9600",GAN-swinpix2pix-2.5D-T2-from-single
T2,ReMIND-045-pre,preop,2,cavity,0,0,nan,nan,nan,0,0,"0.2608,0.2430,0.9600",GAN-swinpix2pix-2.5D-T2-from-single
T2,ReMIND-045-pre,preop,lesion,lesion,1,1,0.5809549174197456,5.377071612119137,0.48588064716577295,123470,150627,"0.2608,0.2430,0.9600",GAN-swinpix2pix-2.5D-T2-from-single
T2,ReMIND-056-post,postop,1,tumor,0,1,nan,nan,nan,0,38747,"0.8539,0.8523,1.9741",GAN-swinpix2pix-2.5D-T2-from-single
T2,ReMIND-056-post,postop,2,cavity,1,0,0.0,nan,nan,17551,0,"0.8539,0.8523,1.9741",GAN-swinpix2pix-2.5D-T2-from-single
T2,ReMIND-056-post,postop,lesion,lesion,1,1,0.04998401364169242,26.08926715096168,0.1320431708224786,17551,38747,"0.8539,0.8523,1.9741",GAN-swinpix2pix-2.5D-T2-from-single
T2,ReMIND-056-pre,preop,1,tumor,1,1,0.5192400192400193,10.455485234027975,0.23405621696388876,55846,68894,"0.7937,0.7936,1.2000",GAN-swinpix2pix-2.5D-T2-from-single
T2,ReMIND-056-pre,preop,2,cavity,0,0,nan,nan,nan,0,0,"0.7937,0.7936,1.2000",GAN-swinpix2pix-2.5D-T2-from-single
T2,ReMIND-056-pre,preop,lesion,lesion,1,1,0.5192400192400193,10.455485234027975,0.23405621696388876,55846,68894,"0.7937,0.7936,1.2000",GAN-swinpix2pix-2.5D-T2-from-single
T2,ReMIND-077-post,postop,1,tumor,1,1,0.06601160643629649,26.891216892304218,0.15106409152417272,2094,28234,"0.8558,0.8268,1.9283",GAN-swinpix2pix-2.5D-T2-from-single
T2,ReMIND-077-post,postop,2,cavity,1,0,0.0,nan,nan,2767,0,"0.8558,0.8268,1.9283",GAN-swinpix2pix-2.5D-T2-from-single
T2,ReMIND-077-post,postop,lesion,lesion,1,1,0.15651911164828525,26.543722152876327,0.2054222031718817,4861,28234,"0.8558,0.8268,1.9283",GAN-swinpix2pix-2.5D-T2-from-single
T2,ReMIND-077-pre,preop,1,tumor,1,1,0.20366388578309108,19.933129628933475,0.1869046518080089,6841,39667,"0.9765,0.9644,0.9880",GAN-swinpix2pix-2.5D-T2-from-single
T2,ReMIND-077-pre,preop,2,cavity,1,0,0.0,nan,nan,5265,0,"0.9765,0.9644,0.9880",GAN-swinpix2pix-2.5D-T2-from-single
T2,ReMIND-077-pre,preop,lesion,lesion,1,1,0.2726517682962162,19.427241860590495,0.1963337330820627,12106,39667,"0.9765,0.9644,0.9880",GAN-swinpix2pix-2.5D-T2-from-single
T2,ReMIND-079-post,postop,1,tumor,1,1,0.11648613395338286,13.399036266119474,0.20761875853695552,7260,10373,"0.7990,0.7254,1.8280",GAN-swinpix2pix-2.5D-T2-from-single
T2,ReMIND-079-post,postop,2,cavity,0,0,nan,nan,nan,0,0,"0.7990,0.7254,1.8280",GAN-swinpix2pix-2.5D-T2-from-single
T2,ReMIND-079-post,postop,lesion,lesion,1,1,0.11648613395338286,13.399036266119474,0.20761875853695552,7260,10373,"0.7990,0.7254,1.8280",GAN-swinpix2pix-2.5D-T2-from-single
T2,ReMIND-079-pre,preop,1,tumor,1,1,0.34481596900530614,16.413294651089693,0.22493743559546592,14068,9678,"0.9526,0.9132,0.9551",GAN-swinpix2pix-2.5D-T2-from-single
T2,ReMIND-079-pre,preop,2,cavity,1,0,0.0,nan,nan,7069,0,"0.9526,0.9132,0.9551",GAN-swinpix2pix-2.5D-T2-from-single
T2,ReMIND-079-pre,preop,lesion,lesion,1,1,0.33250040564660066,24.299147800018396,0.22308217618939222,21137,9678,"0.9526,0.9132,0.9551",GAN-swinpix2pix-2.5D-T2-from-single
T2,ReMIND-087-post,postop,1,tumor,0,1,nan,nan,nan,0,37727,"0.8587,0.8570,1.9930",GAN-swinpix2pix-2.5D-T2-from-single
T2,ReMIND-087-post,postop,2,cavity,1,0,0.0,nan,nan,8781,0,"0.8587,0.8570,1.9930",GAN-swinpix2pix-2.5D-T2-from-single
T2,ReMIND-087-post,postop,lesion,lesion,1,1,0.24460307904016512,14.758120751595207,0.11991765311374164,8781,37727,"0.8587,0.8570,1.9930",GAN-swinpix2pix-2.5D-T2-from-single
T2,ReMIND-087-pre,preop,1,tumor,1,1,0.09230398215416152,23.940145499938026,0.16455397212817888,11505,54841,"0.9766,0.9734,0.9968",GAN-swinpix2pix-2.5D-T2-from-single
T2,ReMIND-087-pre,preop,2,cavity,1,0,0.0,nan,nan,11681,0,"0.9766,0.9734,0.9968",GAN-swinpix2pix-2.5D-T2-from-single
T2,ReMIND-087-pre,preop,lesion,lesion,1,1,0.2588591128711856,23.28215537616804,0.19863869981941937,23186,54841,"0.9766,0.9734,0.9968",GAN-swinpix2pix-2.5D-T2-from-single
T2,ReMIND-091-post,postop,1,tumor,0,1,nan,nan,nan,0,10746,"0.8574,0.8545,1.9930",GAN-swinpix2pix-2.5D-T2-from-single
T2,ReMIND-091-post,postop,2,cavity,1,0,0.0,nan,nan,7894,0,"0.8574,0.8545,1.9930",GAN-swinpix2pix-2.5D-T2-from-single
T2,ReMIND-091-post,postop,lesion,lesion,1,1,0.19356223175965664,14.098143968640041,0.18124230160126695,7894,10746,"0.8574,0.8545,1.9930",GAN-swinpix2pix-2.5D-T2-from-single
T2,ReMIND-091-pre,preop,1,tumor,1,1,0.4012689702477922,13.66954088306702,0.21629525057981244,25347,32968,"0.9733,0.9707,0.9931",GAN-swinpix2pix-2.5D-T2-from-single
T2,ReMIND-091-pre,preop,2,cavity,0,1,nan,nan,nan,0,792,"0.9733,0.9707,0.9931",GAN-swinpix2pix-2.5D-T2-from-single
T2,ReMIND-091-pre,preop,lesion,lesion,1,1,0.42015328133723584,13.655506828196012,0.2328042328042328,25347,33760,"0.9733,0.9707,0.9931",GAN-swinpix2pix-2.5D-T2-from-single
T2,ReMIND-096-post,postop,1,tumor,0,1,nan,nan,nan,0,28375,"0.8569,0.8553,1.9849",GAN-swinpix2pix-2.5D-T2-from-single
T2,ReMIND-096-post,postop,2,cavity,1,1,0.0,28.34740150696121,0.0,2166,7,"0.8569,0.8553,1.9849",GAN-swinpix2pix-2.5D-T2-from-single
T2,ReMIND-096-post,postop,lesion,lesion,1,1,0.14063113788136702,23.981069852986703,0.07210904294298695,2166,28382,"0.8569,0.8553,1.9849",GAN-swinpix2pix-2.5D-T2-from-single
T2,ReMIND-096-pre,preop,1,tumor,1,1,0.387776896642876,15.418257961397957,0.08460838640310975,18774,75801,"0.9755,0.9626,0.9851",GAN-swinpix2pix-2.5D-T2-from-single
T2,ReMIND-096-pre,preop,2,cavity,0,0,nan,nan,nan,0,0,"0.9755,0.9626,0.9851",GAN-swinpix2pix-2.5D-T2-from-single
T2,ReMIND-096-pre,preop,lesion,lesion,1,1,0.387776896642876,15.418257961397957,0.08460838640310975,18774,75801,"0.9755,0.9626,0.9851",GAN-swinpix2pix-2.5D-T2-from-single
T2,ReMIND-102-pre,preop,1,tumor,1,1,0.15434958878721186,0.41710973534763224,1.0,7693,26839,"0.0008,0.0174,0.0887",GAN-swinpix2pix-2.5D-T2-from-single
T2,ReMIND-102-pre,preop,2,cavity,0,1,nan,nan,nan,0,1102,"0.0008,0.0174,0.0887",GAN-swinpix2pix-2.5D-T2-from-single
T2,ReMIND-102-pre,preop,lesion,lesion,1,1,0.17668518830330582,0.41709327383788236,1.0,7693,27941,"0.0008,0.0174,0.0887",GAN-swinpix2pix-2.5D-T2-from-single
T2,ReMIND-107-post,postop,1,tumor,1,1,0.1784258950767575,22.517368337239606,0.1267534437002401,3621,35398,"0.8587,0.8481,1.9732",GAN-swinpix2pix-2.5D-T2-from-single
T2,ReMIND-107-post,postop,2,cavity,1,0,0.0,nan,nan,879,0,"0.8587,0.8481,1.9732",GAN-swinpix2pix-2.5D-T2-from-single
T2,ReMIND-107-post,postop,lesion,lesion,1,1,0.21249185422828212,20.716167385990335,0.17618192698982646,4500,35398,"0.8587,0.8481,1.9732",GAN-swinpix2pix-2.5D-T2-from-single
T2,ReMIND-107-pre,preop,1,tumor,1,1,0.4061066582189492,11.70952571553958,0.2524950503050628,57631,172806,"0.2343,0.2312,4.9330",GAN-swinpix2pix-2.5D-T2-from-single
T2,ReMIND-107-pre,preop,2,cavity,0,1,nan,nan,nan,0,72136,"0.2343,0.2312,4.9330",GAN-swinpix2pix-2.5D-T2-from-single
T2,ReMIND-107-pre,preop,lesion,lesion,1,1,0.3492182051934574,13.515484819602726,0.16073841037704656,57631,244942,"0.2343,0.2312,4.9330",GAN-swinpix2pix-2.5D-T2-from-single
T2,ReMIND-109-post,postop,1,tumor,0,1,nan,nan,nan,0,38594,"0.8585,0.8371,1.9460",GAN-swinpix2pix-2.5D-T2-from-single
T2,ReMIND-109-post,postop,2,cavity,1,0,0.0,nan,nan,3408,0,"0.8585,0.8371,1.9460",GAN-swinpix2pix-2.5D-T2-from-single
T2,ReMIND-109-post,postop,lesion,lesion,1,1,0.06637779153373649,39.30819204025734,0.07695260026866245,3408,38594,"0.8585,0.8371,1.9460",GAN-swinpix2pix-2.5D-T2-from-single
T2,ReMIND-109-pre,preop,1,tumor,1,1,0.306275159838977,40.852051763887545,0.1870922412927833,10361,31869,"0.9755,0.9400,0.9620",GAN-swinpix2pix-2.5D-T2-from-single
T2,ReMIND-109-pre,preop,2,cavity,0,0,nan,nan,nan,0,0,"0.9755,0.9400,0.9620",GAN-swinpix2pix-2.5D-T2-from-single
T2,ReMIND-109-pre,preop,lesion,lesion,1,1,0.306275159838977,40.852051763887545,0.1870922412927833,10361,31869,"0.9755,0.9400,0.9620",GAN-swinpix2pix-2.5D-T2-from-single
T2,ReMIND-003-post,postop,1,tumor,0,1,nan,nan,nan,0,24497,"0.9264,0.9265,1.9922",GAN-swinpix2pix-2D+3D-post-T2-from-dual
T2,ReMIND-003-post,postop,2,cavity,1,1,0.0,18.244241284521223,0.009247027741083224,2099,932,"0.9264,0.9265,1.9922",GAN-swinpix2pix-2D+3D-post-T2-from-dual
T2,ReMIND-003-post,postop,lesion,lesion,1,1,0.14399883754722465,27.50954786928769,0.06699164345403899,2099,25429,"0.9264,0.9265,1.9922",GAN-swinpix2pix-2D+3D-post-T2-from-dual
T2,ReMIND-023-pre,preop,1,tumor,1,1,0.37684020067439755,49.81914526442585,0.3266525342069763,3895,8264,"0.6872,0.6822,2.1845",GAN-swinpix2pix-2D+3D-post-T2-from-dual
T2,ReMIND-023-pre,preop,2,cavity,0,0,nan,nan,nan,0,0,"0.6872,0.6822,2.1845",GAN-swinpix2pix-2D+3D-post-T2-from-dual
T2,ReMIND-023-pre,preop,lesion,lesion,1,1,0.37684020067439755,49.81914526442585,0.3266525342069763,3895,8264,"0.6872,0.6822,2.1845",GAN-swinpix2pix-2D+3D-post-T2-from-dual
T2,ReMIND-032-post,postop,1,tumor,1,1,0.25624144259620707,27.646441406034345,0.24780329890550332,13367,20960,"0.8594,0.8379,1.9501",GAN-swinpix2pix-2D+3D-post-T2-from-dual
T2,ReMIND-032-post,postop,2,cavity,1,0,0.0,nan,nan,6211,0,"0.8594,0.8379,1.9501",GAN-swinpix2pix-2D+3D-post-T2-from-dual
T2,ReMIND-032-post,postop,lesion,lesion,1,1,0.34619369480487444,16.58869369764177,0.25274891939030864,19578,20960,"0.8594,0.8379,1.9501",GAN-swinpix2pix-2D+3D-post-T2-from-dual
T2,ReMIND-032-pre,preop,1,tumor,1,1,0.5229628648970676,10.619755208492279,0.25515186101071585,32911,42624,"0.8208,0.8169,1.9763",GAN-swinpix2pix-2D+3D-post-T2-from-dual
T2,ReMIND-032-pre,preop,2,cavity,0,1,nan,nan,nan,0,35,"0.8208,0.8169,1.9763",GAN-swinpix2pix-2D+3D-post-T2-from-dual
T2,ReMIND-032-pre,preop,lesion,lesion,1,1,0.5227206563451104,10.62054509859369,0.25482869989234375,32911,42659,"0.8208,0.8169,1.9763",GAN-swinpix2pix-2D+3D-post-T2-from-dual
T2,ReMIND-045-pre,preop,1,tumor,1,1,0.7115684240174843,3.01342345468311,0.6429763173749826,123470,157009,"0.2608,0.2430,0.9600",GAN-swinpix2pix-2D+3D-post-T2-from-dual
T2,ReMIND-045-pre,preop,2,cavity,0,0,nan,nan,nan,0,0,"0.2608,0.2430,0.9600",GAN-swinpix2pix-2D+3D-post-T2-from-dual
T2,ReMIND-045-pre,preop,lesion,lesion,1,1,0.7115684240174843,3.01342345468311,0.6429763173749826,123470,157009,"0.2608,0.2430,0.9600",GAN-swinpix2pix-2D+3D-post-T2-from-dual
T2,ReMIND-056-post,postop,1,tumor,0,1,nan,nan,nan,0,31598,"0.8539,0.8523,1.9741",GAN-swinpix2pix-2D+3D-post-T2-from-dual
T2,ReMIND-056-post,postop,2,cavity,1,0,0.0,nan,nan,17551,0,"0.8539,0.8523,1.9741",GAN-swinpix2pix-2D+3D-post-T2-from-dual
T2,ReMIND-056-post,postop,lesion,lesion,1,1,0.013306476225355551,23.274808790891015,0.10565150409470526,17551,31598,"0.8539,0.8523,1.9741",GAN-swinpix2pix-2D+3D-post-T2-from-dual
T2,ReMIND-056-pre,preop,1,tumor,1,1,0.641482372201175,10.163255276201676,0.41256015399422524,55846,82203,"0.7937,0.7936,1.2000",GAN-swinpix2pix-2D+3D-post-T2-from-dual
T2,ReMIND-056-pre,preop,2,cavity,0,0,nan,nan,nan,0,0,"0.7937,0.7936,1.2000",GAN-swinpix2pix-2D+3D-post-T2-from-dual
T2,ReMIND-056-pre,preop,lesion,lesion,1,1,0.641482372201175,10.163255276201676,0.41256015399422524,55846,82203,"0.7937,0.7936,1.2000",GAN-swinpix2pix-2D+3D-post-T2-from-dual
T2,ReMIND-077-post,postop,1,tumor,1,1,0.04334792253732238,25.631286933347187,0.12343049327354261,2094,31264,"0.8558,0.8268,1.9283",GAN-swinpix2pix-2D+3D-post-T2-from-dual
T2,ReMIND-077-post,postop,2,cavity,1,0,0.0,nan,nan,2767,0,"0.8558,0.8268,1.9283",GAN-swinpix2pix-2D+3D-post-T2-from-dual
T2,ReMIND-077-post,postop,lesion,lesion,1,1,0.12113494809688581,25.03833724342114,0.18117158944976786,4861,31264,"0.8558,0.8268,1.9283",GAN-swinpix2pix-2D+3D-post-T2-from-dual
T2,ReMIND-077-pre,preop,1,tumor,1,1,0.20682917752139934,15.38288011456905,0.2016706443914081,6841,36151,"0.9765,0.9644,0.9880",GAN-swinpix2pix-2D+3D-post-T2-from-dual
T2,ReMIND-077-pre,preop,2,cavity,1,1,0.0,44.19989983197118,0.0,5265,15,"0.9765,0.9644,0.9880",GAN-swinpix2pix-2D+3D-post-T2-from-dual
T2,ReMIND-077-pre,preop,lesion,lesion,1,1,0.29607225720914815,14.879690241957817,0.21882179946696076,12106,36166,"0.9765,0.9644,0.9880",GAN-swinpix2pix-2D+3D-post-T2-from-dual
T2,ReMIND-079-post,postop,1,tumor,1,1,0.2176835381930261,14.42541799043557,0.21398145828113255,7260,19669,"0.7990,0.7254,1.8280",GAN-swinpix2pix-2D+3D-post-T2-from-dual
T2,ReMIND-079-post,postop,2,cavity,0,0,nan,nan,nan,0,0,"0.7990,0.7254,1.8280",GAN-swinpix2pix-2D+3D-post-T2-from-dual
T2,ReMIND-079-post,postop,lesion,lesion,1,1,0.2176835381930261,14.42541799043557,0.21398145828113255,7260,19669,"0.7990,0.7254,1.8280",GAN-swinpix2pix-2D+3D-post-T2-from-dual
T2,ReMIND-079-pre,preop,1,tumor,1,1,0.01158504476040021,21.83988630649575,0.027082555098991407,14068,1124,"0.9526,0.9132,0.9551",GAN-swinpix2pix-2D+3D-post-T2-from-dual
T2,ReMIND-079-pre,preop,2,cavity,1,1,0.012062972807196893,44.25735093909793,0.04872521246458923,7069,2713,"0.9526,0.9132,0.9551",GAN-swinpix2pix-2D+3D-post-T2-from-dual
T2,ReMIND-079-pre,preop,lesion,lesion,1,1,0.01601665732361656,21.270620040445095,0.04639980766919101,21137,3837,"0.9526,0.9132,0.9551",GAN-swinpix2pix-2D+3D-post-T2-from-dual
T2,ReMIND-087-pre,preop,1,tumor,1,1,0.10434782608695652,29.368887410623735,0.11281559603707254,11505,23915,"0.9766,0.9734,0.9968",GAN-swinpix2pix-2D+3D-post-T2-from-dual
T2,ReMIND-087-pre,preop,2,cavity,1,1,0.0,18.245112019195812,0.032320441988950274,11681,1679,"0.9766,0.9734,0.9968",GAN-swinpix2pix-2D+3D-post-T2-from-dual
T2,ReMIND-087-pre,preop,lesion,lesion,1,1,0.2767937679376794,27.574643370479702,0.1474017171260732,23186,25594,"0.9766,0.9734,0.9968",GAN-swinpix2pix-2D+3D-post-T2-from-dual
T2,ReMIND-091-pre,preop,1,tumor,1,1,0.46590315553460643,13.781897272306168,0.22705527994330263,25347,53150,"0.9733,0.9707,0.9931",GAN-swinpix2pix-2D+3D-post-T2-from-dual
T2,ReMIND-091-pre,preop,2,cavity,0,1,nan,nan,nan,0,1093,"0.9733,0.9707,0.9931",GAN-swinpix2pix-2D+3D-post-T2-from-dual
T2,ReMIND-091-pre,preop,lesion,lesion,1,1,0.48312602085689155,13.733562985985449,0.20959389479422186,25347,54243,"0.9733,0.9707,0.9931",GAN-swinpix2pix-2D+3D-post-T2-from-dual
T2,ReMIND-096-post,postop,1,tumor,0,1,nan,nan,nan,0,18675,"0.8569,0.8553,1.9849",GAN-swinpix2pix-2D+3D-post-T2-from-dual
T2,ReMIND-096-post,postop,2,cavity,1,0,0.0,nan,nan,2166,0,"0.8569,0.8553,1.9849",GAN-swinpix2pix-2D+3D-post-T2-from-dual
T2,ReMIND-096-post,postop,lesion,lesion,1,1,0.1830046542872223,22.724749889869255,0.1587504567044209,2166,18675,"0.8569,0.8553,1.9849",GAN-swinpix2pix-2D+3D-post-T2-from-dual
T2,ReMIND-096-pre,preop,1,tumor,1,1,0.29564906114745026,17.728231949055925,0.050248403122782115,18774,104142,"0.9755,0.9626,0.9851",GAN-swinpix2pix-2D+3D-post-T2-from-dual
T2,ReMIND-096-pre,preop,2,cavity,0,0,nan,nan,nan,0,0,"0.9755,0.9626,0.9851",GAN-swinpix2pix-2D+3D-post-T2-from-dual
T2,ReMIND-096-pre,preop,lesion,lesion,1,1,0.29564906114745026,17.728231949055925,0.050248403122782115,18774,104142,"0.9755,0.9626,0.9851",GAN-swinpix2pix-2D+3D-post-T2-from-dual
T2,ReMIND-102-pre,preop,1,tumor,1,1,0.13988481295076013,0.3309131466621869,1.0,7693,50126,"0.0008,0.0174,0.0887",GAN-swinpix2pix-2D+3D-post-T2-from-dual
T2,ReMIND-102-pre,preop,2,cavity,0,1,nan,nan,nan,0,703,"0.0008,0.0174,0.0887",GAN-swinpix2pix-2D+3D-post-T2-from-dual
T2,ReMIND-102-pre,preop,lesion,lesion,1,1,0.14548374970096717,0.330768260772053,1.0,7693,50829,"0.0008,0.0174,0.0887",GAN-swinpix2pix-2D+3D-post-T2-from-dual
T2,ReMIND-107-pre,preop,1,tumor,1,1,0.23013855572661202,11.152776291028701,0.14606580197538502,57631,137886,"0.2343,0.2312,4.9330",GAN-swinpix2pix-2D+3D-post-T2-from-dual
T2,ReMIND-107-pre,preop,2,cavity,0,1,nan,nan,nan,0,96232,"0.2343,0.2312,4.9330",GAN-swinpix2pix-2D+3D-post-T2-from-dual
T2,ReMIND-107-pre,preop,lesion,lesion,1,1,0.37753685531055803,11.027710965059915,0.19759160826003105,57631,234118,"0.2343,0.2312,4.9330",GAN-swinpix2pix-2D+3D-post-T2-from-dual
T2,ReMIND-109-post,postop,1,tumor,0,1,nan,nan,nan,0,17247,"0.8585,0.8371,1.9460",GAN-swinpix2pix-2D+3D-post-T2-from-dual
T2,ReMIND-109-post,postop,2,cavity,1,0,0.0,nan,nan,3408,0,"0.8585,0.8371,1.9460",GAN-swinpix2pix-2D+3D-post-T2-from-dual
T2,ReMIND-109-post,postop,lesion,lesion,1,1,0.07707576857903656,43.43968839407621,0.11030048225547175,3408,17247,"0.8585,0.8371,1.9460",GAN-swinpix2pix-2D+3D-post-T2-from-dual
T2,ReMIND-109-pre,preop,1,tumor,1,1,0.34792483997522194,20.30044864316269,0.08656305331497148,10361,47755,"0.9755,0.9400,0.9620",GAN-swinpix2pix-2D+3D-post-T2-from-dual
T2,ReMIND-109-pre,preop,2,cavity,0,1,nan,nan,nan,0,110,"0.9755,0.9400,0.9620",GAN-swinpix2pix-2D+3D-post-T2-from-dual
T2,ReMIND-109-pre,preop,lesion,lesion,1,1,0.347267543708996,20.29451095777835,0.08576162167430075,10361,47865,"0.9755,0.9400,0.9620",GAN-swinpix2pix-2D+3D-post-T2-from-dual
T2,ReMIND-003-post,postop,1,tumor,0,1,nan,nan,nan,0,26147,"0.9264,0.9265,1.9922",GAN-swinpix2pix-2D+3D-post-T2-from-single
T2,ReMIND-003-post,postop,2,cavity,1,1,0.0,23.557860005335872,0.0,2099,465,"0.9264,0.9265,1.9922",GAN-swinpix2pix-2D+3D-post-T2-from-single
T2,ReMIND-003-post,postop,lesion,lesion,1,1,0.13472188359862075,29.906624786113824,0.09976309555146091,2099,26612,"0.9264,0.9265,1.9922",GAN-swinpix2pix-2D+3D-post-T2-from-single
T2,ReMIND-003-pre,preop,1,tumor,1,1,0.43851749220644265,9.586198329925537,0.20804297328687574,10844,29574,"0.9757,0.9586,0.9825",GAN-swinpix2pix-2D+3D-post-T2-from-single
T2,ReMIND-003-pre,preop,2,cavity,0,0,nan,nan,nan,0,0,"0.9757,0.9586,0.9825",GAN-swinpix2pix-2D+3D-post-T2-from-single
T2,ReMIND-003-pre,preop,lesion,lesion,1,1,0.43851749220644265,9.586198329925537,0.20804297328687574,10844,29574,"0.9757,0.9586,0.9825",GAN-swinpix2pix-2D+3D-post-T2-from-single
T2,ReMIND-004-pre,preop,1,tumor,1,1,0.12099138313937995,17.130939382608815,0.0,2043,31728,"0.9761,0.9626,0.9802",GAN-swinpix2pix-2D+3D-post-T2-from-single
T2,ReMIND-004-pre,preop,2,cavity,0,1,nan,nan,nan,0,3,"0.9761,0.9626,0.9802",GAN-swinpix2pix-2D+3D-post-T2-from-single
T2,ReMIND-004-pre,preop,lesion,lesion,1,1,0.12098063599218334,17.130939382608815,0.0,2043,31731,"0.9761,0.9626,0.9802",GAN-swinpix2pix-2D+3D-post-T2-from-single
T2,ReMIND-023-pre,preop,1,tumor,1,1,0.22728526507419872,55.04937802642947,0.23329907502569372,3895,14232,"0.6872,0.6822,2.1845",GAN-swinpix2pix-2D+3D-post-T2-from-single
T2,ReMIND-023-pre,preop,2,cavity,0,0,nan,nan,nan,0,0,"0.6872,0.6822,2.1845",GAN-swinpix2pix-2D+3D-post-T2-from-single
T2,ReMIND-023-pre,preop,lesion,lesion,1,1,0.22728526507419872,55.04937802642947,0.23329907502569372,3895,14232,"0.6872,0.6822,2.1845",GAN-swinpix2pix-2D+3D-post-T2-from-single
T2,ReMIND-031-post,postop,1,tumor,0,1,nan,nan,nan,0,152117,"0.0027,0.1312,0.0963",GAN-swinpix2pix-2D+3D-post-T2-from-single
T2,ReMIND-031-post,postop,2,cavity,1,0,0.0,nan,nan,32424,0,"0.0027,0.1312,0.0963",GAN-swinpix2pix-2D+3D-post-T2-from-single
T2,ReMIND-031-post,postop,lesion,lesion,1,1,0.14896418682027301,1.7482954612317414,0.955345476904158,32424,152117,"0.0027,0.1312,0.0963",GAN-swinpix2pix-2D+3D-post-T2-from-single
T2,ReMIND-031-pre,preop,1,tumor,1,1,0.3059372169656794,15.292067077457848,0.1609515645092156,8344,43549,"0.9766,0.9754,0.9990",GAN-swinpix2pix-2D+3D-post-T2-from-single
T2,ReMIND-031-pre,preop,2,cavity,0,0,nan,nan,nan,0,0,"0.9766,0.9754,0.9990",GAN-swinpix2pix-2D+3D-post-T2-from-single
T2,ReMIND-031-pre,preop,lesion,lesion,1,1,0.3059372169656794,15.292067077457848,0.1609515645092156,8344,43549,"0.9766,0.9754,0.9990",GAN-swinpix2pix-2D+3D-post-T2-from-single
T2,ReMIND-032-post,postop,1,tumor,1,1,0.30574062243314776,21.529800880813504,0.2523614609571788,13367,30461,"0.8594,0.8379,1.9501",GAN-swinpix2pix-2D+3D-post-T2-from-single
T2,ReMIND-032-post,postop,2,cavity,1,0,0.0,nan,nan,6211,0,"0.8594,0.8379,1.9501",GAN-swinpix2pix-2D+3D-post-T2-from-single
T2,ReMIND-032-post,postop,lesion,lesion,1,1,0.4977317692200084,10.62790524953391,0.29418595649144536,19578,30461,"0.8594,0.8379,1.9501",GAN-swinpix2pix-2D+3D-post-T2-from-single
T2,ReMIND-032-pre,preop,1,tumor,1,1,0.42358123485793997,10.85197481639741,0.22742074832192463,32911,35194,"0.8208,0.8169,1.9763",GAN-swinpix2pix-2D+3D-post-T2-from-single
T2,ReMIND-032-pre,preop,2,cavity,0,0,nan,nan,nan,0,0,"0.8208,0.8169,1.9763",GAN-swinpix2pix-2D+3D-post-T2-from-single
T2,ReMIND-032-pre,preop,lesion,lesion,1,1,0.42358123485793997,10.85197481639741,0.22742074832192463,32911,35194,"0.8208,0.8169,1.9763",GAN-swinpix2pix-2D+3D-post-T2-from-single
T2,ReMIND-034-post,postop,1,tumor,1,1,0.032249419331784886,44.35376551366992,0.05138731596828992,516,21872,"0.8557,0.8490,1.9836",GAN-swinpix2pix-2D+3D-post-T2-from-single
T2,ReMIND-034-post,postop,2,cavity,1,1,0.0,47.588016008543306,0.0,12900,225,"0.8557,0.8490,1.9836",GAN-swinpix2pix-2D+3D-post-T2-from-single
T2,ReMIND-034-post,postop,lesion,lesion,1,1,0.1964351082702109,42.04778206654582,0.1278928136419001,13416,22097,"0.8557,0.8490,1.9836",GAN-swinpix2pix-2D+3D-post-T2-from-single
T2,ReMIND-034-pre,preop,1,tumor,1,1,0.48888200386091185,19.043918442107355,0.3569933465637988,206728,128944,"0.2679,0.2658,4.9631",GAN-swinpix2pix-2D+3D-post-T2-from-single
T2,ReMIND-034-pre,preop,2,cavity,1,1,0.0,45.79277599486077,0.0,20636,3024,"0.2679,0.2658,4.9631",GAN-swinpix2pix-2D+3D-post-T2-from-single
T2,ReMIND-034-pre,preop,lesion,lesion,1,1,0.47345630224973007,19.813152268628524,0.3341910504830671,227364,131968,"0.2679,0.2658,4.9631",GAN-swinpix2pix-2D+3D-post-T2-from-single
T2,ReMIND-045-post,postop,1,tumor,1,1,0.061215275302393006,25.61368569235016,0.14431354780244676,3767,38314,"0.7296,0.7296,2.0000",GAN-swinpix2pix-2D+3D-post-T2-from-single
T2,ReMIND-045-post,postop,2,cavity,1,0,0.0,nan,nan,4649,0,"0.7296,0.7296,2.0000",GAN-swinpix2pix-2D+3D-post-T2-from-single
T2,ReMIND-045-post,postop,lesion,lesion,1,1,0.10823881874598759,24.525352340598694,0.17197145061728394,8416,38314,"0.7296,0.7296,2.0000",GAN-swinpix2pix-2D+3D-post-T2-from-single
T2,ReMIND-045-pre,preop,1,tumor,1,1,0.6531885225252715,3.929205592906318,0.5734758973898199,123470,158369,"0.2608,0.2430,0.9600",GAN-swinpix2pix-2D+3D-post-T2-from-single
T2,ReMIND-045-pre,preop,2,cavity,0,0,nan,nan,nan,0,0,"0.2608,0.2430,0.9600",GAN-swinpix2pix-2D+3D-post-T2-from-single
T2,ReMIND-045-pre,preop,lesion,lesion,1,1,0.6531885225252715,3.929205592906318,0.5734758973898199,123470,158369,"0.2608,0.2430,0.9600",GAN-swinpix2pix-2D+3D-post-T2-from-single
T2,ReMIND-056-post,postop,1,tumor,0,1,nan,nan,nan,0,40421,"0.8539,0.8523,1.9741",GAN-swinpix2pix-2D+3D-post-T2-from-single
T2,ReMIND-056-post,postop,2,cavity,1,0,0.0,nan,nan,17551,0,"0.8539,0.8523,1.9741",GAN-swinpix2pix-2D+3D-post-T2-from-single
T2,ReMIND-056-post,postop,lesion,lesion,1,1,0.04315876630097289,25.506687548229213,0.1390748630553865,17551,40421,"0.8539,0.8523,1.9741",GAN-swinpix2pix-2D+3D-post-T2-from-single
T2,ReMIND-056-pre,preop,1,tumor,1,1,0.6525762794419511,9.793305063519053,0.3592820674772356,55846,59126,"0.7937,0.7936,1.2000",GAN-swinpix2pix-2D+3D-post-T2-from-single
T2,ReMIND-056-pre,preop,2,cavity,0,0,nan,nan,nan,0,0,"0.7937,0.7936,1.2000",GAN-swinpix2pix-2D+3D-post-T2-from-single
T2,ReMIND-056-pre,preop,lesion,lesion,1,1,0.6525762794419511,9.793305063519053,0.3592820674772356,55846,59126,"0.7937,0.7936,1.2000",GAN-swinpix2pix-2D+3D-post-T2-from-single
T2,ReMIND-077-post,postop,1,tumor,1,1,0.04371911149731168,27.16432273489733,0.13720257949744274,2094,34732,"0.8558,0.8268,1.9283",GAN-swinpix2pix-2D+3D-post-T2-from-single
T2,ReMIND-077-post,postop,2,cavity,1,0,0.0,nan,nan,2767,0,"0.8558,0.8268,1.9283",GAN-swinpix2pix-2D+3D-post-T2-from-single
T2,ReMIND-077-post,postop,lesion,lesion,1,1,0.10809991665193343,26.673248909907752,0.18446601941747573,4861,34732,"0.8558,0.8268,1.9283",GAN-swinpix2pix-2D+3D-post-T2-from-single
T2,ReMIND-077-pre,preop,1,tumor,1,1,0.16731031137478777,26.05261840215078,0.15834826380001707,6841,46760,"0.9765,0.9644,0.9880",GAN-swinpix2pix-2D+3D-post-T2-from-single
T2,ReMIND-077-pre,preop,2,cavity,1,0,0.0,nan,nan,5265,0,"0.9765,0.9644,0.9880",GAN-swinpix2pix-2D+3D-post-T2-from-single
T2,ReMIND-077-pre,preop,lesion,lesion,1,1,0.23317364862569226,25.451381390445874,0.17803210936258146,12106,46760,"0.9765,0.9644,0.9880",GAN-swinpix2pix-2D+3D-post-T2-from-single
T2,ReMIND-079-post,postop,1,tumor,1,1,0.09809084924292298,15.121315871134557,0.19402350941792948,7260,10968,"0.7990,0.7254,1.8280",GAN-swinpix2pix-2D+3D-post-T2-from-single
T2,ReMIND-079-post,postop,2,cavity,0,0,nan,nan,nan,0,0,"0.7990,0.7254,1.8280",GAN-swinpix2pix-2D+3D-post-T2-from-single
T2,ReMIND-079-post,postop,lesion,lesion,1,1,0.09809084924292298,15.121315871134557,0.19402350941792948,7260,10968,"0.7990,0.7254,1.8280",GAN-swinpix2pix-2D+3D-post-T2-from-single
T2,ReMIND-079-pre,preop,1,tumor,1,1,0.014990929055666954,23.49887705756767,0.06526047565118913,14068,6878,"0.9526,0.9132,0.9551",GAN-swinpix2pix-2D+3D-post-T2-from-single
T2,ReMIND-079-pre,preop,2,cavity,1,1,0.0,41.494974655605624,0.0,7069,461,"0.9526,0.9132,0.9551",GAN-swinpix2pix-2D+3D-post-T2-from-single
T2,ReMIND-079-pre,preop,lesion,lesion,1,1,0.017980053378283466,23.305467895013038,0.06361095584125209,21137,7339,"0.9526,0.9132,0.9551",GAN-swinpix2pix-2D+3D-post-T2-from-single
T2,ReMIND-087-post,postop,1,tumor,0,1,nan,nan,nan,0,41903,"0.8587,0.8570,1.9930",GAN-swinpix2pix-2D+3D-post-T2-from-single
T2,ReMIND-087-post,postop,2,cavity,1,0,0.0,nan,nan,8781,0,"0.8587,0.8570,1.9930",GAN-swinpix2pix-2D+3D-post-T2-from-single
T2,ReMIND-087-post,postop,lesion,lesion,1,1,0.2409044274327204,15.21459884056782,0.13748678011729643,8781,41903,"0.8587,0.8570,1.9930",GAN-swinpix2pix-2D+3D-post-T2-from-single
T2,ReMIND-087-pre,preop,1,tumor,1,1,0.09529576152771309,15.762077872159372,0.1791962821213778,11505,9965,"0.9766,0.9734,0.9968",GAN-swinpix2pix-2D+3D-post-T2-from-single
T2,ReMIND-087-pre,preop,2,cavity,1,0,0.0,nan,nan,11681,0,"0.9766,0.9734,0.9968",GAN-swinpix2pix-2D+3D-post-T2-from-single
T2,ReMIND-087-pre,preop,lesion,lesion,1,1,0.17743054508159634,13.32291527544833,0.22223455009430823,23186,9965,"0.9766,0.9734,0.9968",GAN-swinpix2pix-2D+3D-post-T2-from-single
T2,ReMIND-091-post,postop,1,tumor,0,1,nan,nan,nan,0,19753,"0.8574,0.8545,1.9930",GAN-swinpix2pix-2D+3D-post-T2-from-single
T2,ReMIND-091-post,postop,2,cavity,1,0,0.0,nan,nan,7894,0,"0.8574,0.8545,1.9930",GAN-swinpix2pix-2D+3D-post-T2-from-single
T2,ReMIND-091-post,postop,lesion,lesion,1,1,0.2900857235866459,12.467204330492203,0.15943449048152294,7894,19753,"0.8574,0.8545,1.9930",GAN-swinpix2pix-2D+3D-post-T2-from-single
T2,ReMIND-091-pre,preop,1,tumor,1,1,0.40889444740762537,12.401017028394007,0.241098336867954,25347,29024,"0.9733,0.9707,0.9931",GAN-swinpix2pix-2D+3D-post-T2-from-single
T2,ReMIND-091-pre,preop,2,cavity,0,1,nan,nan,nan,0,815,"0.9733,0.9707,0.9931",GAN-swinpix2pix-2D+3D-post-T2-from-single
T2,ReMIND-091-pre,preop,lesion,lesion,1,1,0.4302902910158373,12.371465496290789,0.2533039647577093,25347,29839,"0.9733,0.9707,0.9931",GAN-swinpix2pix-2D+3D-post-T2-from-single
T2,ReMIND-096-post,postop,1,tumor,0,1,nan,nan,nan,0,8288,"0.8569,0.8553,1.9849",GAN-swinpix2pix-2D+3D-post-T2-from-single
T2,ReMIND-096-post,postop,2,cavity,1,1,0.0,46.72791952217152,0.0,2166,550,"0.8569,0.8553,1.9849",GAN-swinpix2pix-2D+3D-post-T2-from-single
T2,ReMIND-096-post,postop,lesion,lesion,1,1,0.0,40.797615457251325,0.0,2166,8838,"0.8569,0.8553,1.9849",GAN-swinpix2pix-2D+3D-post-T2-from-single
T2,ReMIND-096-pre,preop,1,tumor,1,1,0.33733007762673567,15.128420403627052,0.04306987399770905,18774,90982,"0.9755,0.9626,0.9851",GAN-swinpix2pix-2D+3D-post-T2-from-single
T2,ReMIND-096-pre,preop,2,cavity,0,0,nan,nan,nan,0,0,"0.9755,0.9626,0.9851",GAN-swinpix2pix-2D+3D-post-T2-from-single
T2,ReMIND-096-pre,preop,lesion,lesion,1,1,0.33733007762673567,15.128420403627052,0.04306987399770905,18774,90982,"0.9755,0.9626,0.9851",GAN-swinpix2pix-2D+3D-post-T2-from-single
T2,ReMIND-102-pre,preop,1,tumor,1,1,0.12763954270342973,0.3652550470688594,1.0,7693,36917,"0.0008,0.0174,0.0887",GAN-swinpix2pix-2D+3D-post-T2-from-single
T2,ReMIND-102-pre,preop,2,cavity,0,1,nan,nan,nan,0,830,"0.0008,0.0174,0.0887",GAN-swinpix2pix-2D+3D-post-T2-from-single
T2,ReMIND-102-pre,preop,lesion,lesion,1,1,0.1253080985915493,0.36514224072744594,1.0,7693,37747,"0.0008,0.0174,0.0887",GAN-swinpix2pix-2D+3D-post-T2-from-single
T2,ReMIND-107-post,postop,1,tumor,1,1,0.18138096873926485,23.253516296977164,0.13410596026490065,3621,34222,"0.8587,0.8481,1.9732",GAN-swinpix2pix-2D+3D-post-T2-from-single
T2,ReMIND-107-post,postop,2,cavity,1,0,0.0,nan,nan,879,0,"0.8587,0.8481,1.9732",GAN-swinpix2pix-2D+3D-post-T2-from-single
T2,ReMIND-107-post,postop,lesion,lesion,1,1,0.2130055265740406,20.97566934392412,0.18242102724861345,4500,34222,"0.8587,0.8481,1.9732",GAN-swinpix2pix-2D+3D-post-T2-from-single
T2,ReMIND-107-pre,preop,1,tumor,1,1,0.4273366359526351,10.273578508815786,0.29050678087080656,57631,145642,"0.2343,0.2312,4.9330",GAN-swinpix2pix-2D+3D-post-T2-from-single
T2,ReMIND-107-pre,preop,2,cavity,0,1,nan,nan,nan,0,41208,"0.2343,0.2312,4.9330",GAN-swinpix2pix-2D+3D-post-T2-from-single
T2,ReMIND-107-pre,preop,lesion,lesion,1,1,0.4249164556754922,11.979830940180264,0.24669196947071512,57631,186850,"0.2343,0.2312,4.9330",GAN-swinpix2pix-2D+3D-post-T2-from-single
T2,ReMIND-109-post,postop,1,tumor,0,1,nan,nan,nan,0,24030,"0.8585,0.8371,1.9460",GAN-swinpix2pix-2D+3D-post-T2-from-single
T2,ReMIND-109-post,postop,2,cavity,1,0,0.0,nan,nan,3408,0,"0.8585,0.8371,1.9460",GAN-swinpix2pix-2D+3D-post-T2-from-single
T2,ReMIND-109-post,postop,lesion,lesion,1,1,0.07150666958233107,45.569492586650725,0.12394078611536498,3408,24030,"0.8585,0.8371,1.9460",GAN-swinpix2pix-2D+3D-post-T2-from-single
T2,ReMIND-109-pre,preop,1,tumor,1,1,0.323921613006658,48.253643169222116,0.16593494312512472,10361,42658,"0.9755,0.9400,0.9620",GAN-swinpix2pix-2D+3D-post-T2-from-single
T2,ReMIND-109-pre,preop,2,cavity,0,1,nan,nan,nan,0,68,"0.9755,0.9400,0.9620",GAN-swinpix2pix-2D+3D-post-T2-from-single
T2,ReMIND-109-pre,preop,lesion,lesion,1,1,0.3235066965547121,48.24343341222538,0.1649965274332771,10361,42726,"0.9755,0.9400,0.9620",GAN-swinpix2pix-2D+3D-post-T2-from-single
T2,ReMIND-003-post,postop,1,tumor,0,1,nan,nan,nan,0,30667,"0.9264,0.9265,1.9922",GAN-swinpix2pix-2D-T2-from-dual
T2,ReMIND-003-post,postop,2,cavity,1,1,0.0,21.625821109549403,0.0,2099,125,"0.9264,0.9265,1.9922",GAN-swinpix2pix-2D-T2-from-dual
T2,ReMIND-003-post,postop,lesion,lesion,1,1,0.1158371591012739,32.32719430031201,0.08300489669174728,2099,30792,"0.9264,0.9265,1.9922",GAN-swinpix2pix-2D-T2-from-dual
T2,ReMIND-023-pre,preop,1,tumor,1,1,0.3875054993400792,52.96731773392396,0.3278493557978196,3895,7470,"0.6872,0.6822,2.1845",GAN-swinpix2pix-2D-T2-from-dual
T2,ReMIND-023-pre,preop,2,cavity,0,0,nan,nan,nan,0,0,"0.6872,0.6822,2.1845",GAN-swinpix2pix-2D-T2-from-dual
T2,ReMIND-023-pre,preop,lesion,lesion,1,1,0.3875054993400792,52.96731773392396,0.3278493557978196,3895,7470,"0.6872,0.6822,2.1845",GAN-swinpix2pix-2D-T2-from-dual
T2,ReMIND-032-post,postop,1,tumor,1,1,0.24969823508302613,21.268206182378794,0.17467051814406934,13367,17286,"0.8594,0.8379,1.9501",GAN-swinpix2pix-2D-T2-from-dual
T2,ReMIND-032-post,postop,2,cavity,1,0,0.0,nan,nan,6211,0,"0.8594,0.8379,1.9501",GAN-swinpix2pix-2D-T2-from-dual
T2,ReMIND-032-post,postop,lesion,lesion,1,1,0.2614474826388889,19.151392400437583,0.22752634841909486,19578,17286,"0.8594,0.8379,1.9501",GAN-swinpix2pix-2D-T2-from-dual
T2,ReMIND-032-pre,preop,1,tumor,1,1,0.3142048484351286,13.833532131132205,0.20499230637715848,32911,15847,"0.8208,0.8169,1.9763",GAN-swinpix2pix-2D-T2-from-dual
T2,ReMIND-032-pre,preop,2,cavity,0,1,nan,nan,nan,0,3,"0.8208,0.8169,1.9763",GAN-swinpix2pix-2D-T2-from-dual
T2,ReMIND-032-pre,preop,lesion,lesion,1,1,0.3141855171140871,13.833532131132205,0.20502735978112174,32911,15850,"0.8208,0.8169,1.9763",GAN-swinpix2pix-2D-T2-from-dual
T2,ReMIND-045-pre,preop,1,tumor,1,1,0.6449943831120121,4.886670269505684,0.5646437994722955,123470,149813,"0.2608,0.2430,0.9600",GAN-swinpix2pix-2D-T2-from-dual
T2,ReMIND-045-pre,preop,2,cavity,0,0,nan,nan,nan,0,0,"0.2608,0.2430,0.9600",GAN-swinpix2pix-2D-T2-from-dual
T2,ReMIND-045-pre,preop,lesion,lesion,1,1,0.6449943831120121,4.886670269505684,0.5646437994722955,123470,149813,"0.2608,0.2430,0.9600",GAN-swinpix2pix-2D-T2-from-dual
T2,ReMIND-056-post,postop,1,tumor,0,1,nan,nan,nan,0,33743,"0.8539,0.8523,1.9741",GAN-swinpix2pix-2D-T2-from-dual
T2,ReMIND-056-post,postop,2,cavity,1,0,0.0,nan,nan,17551,0,"0.8539,0.8523,1.9741",GAN-swinpix2pix-2D-T2-from-dual
T2,ReMIND-056-post,postop,lesion,lesion,1,1,0.024915194759621007,27.862582082941948,0.1383845240115391,17551,33743,"0.8539,0.8523,1.9741",GAN-swinpix2pix-2D-T2-from-dual
T2,ReMIND-056-pre,preop,1,tumor,1,1,0.6529710920770878,9.593597613721327,0.41306217433095566,55846,78650,"0.7937,0.7936,1.2000",GAN-swinpix2pix-2D-T2-from-dual
T2,ReMIND-056-pre,preop,2,cavity,0,0,nan,nan,nan,0,0,"0.7937,0.7936,1.2000",GAN-swinpix2pix-2D-T2-from-dual
T2,ReMIND-056-pre,preop,lesion,lesion,1,1,0.6529710920770878,9.593597613721327,0.41306217433095566,55846,78650,"0.7937,0.7936,1.2000",GAN-swinpix2pix-2D-T2-from-dual
T2,ReMIND-077-post,postop,1,tumor,1,1,0.05797025002637409,26.609654597331378,0.13117913832199546,2094,35822,"0.8558,0.8268,1.9283",GAN-swinpix2pix-2D-T2-from-dual
T2,ReMIND-077-post,postop,2,cavity,1,0,0.0,nan,nan,2767,0,"0.8558,0.8268,1.9283",GAN-swinpix2pix-2D-T2-from-dual
T2,ReMIND-077-post,postop,lesion,lesion,1,1,0.11754295405943514,26.25064911437426,0.14506634740097776,4861,35822,"0.8558,0.8268,1.9283",GAN-swinpix2pix-2D-T2-from-dual
T2,ReMIND-077-pre,preop,1,tumor,1,1,0.18497080085410716,16.268999066152496,0.21179461108286732,6841,32030,"0.9765,0.9644,0.9880",GAN-swinpix2pix-2D-T2-from-dual
T2,ReMIND-077-pre,preop,2,cavity,1,0,0.0,nan,nan,5265,0,"0.9765,0.9644,0.9880",GAN-swinpix2pix-2D-T2-from-dual
T2,ReMIND-077-pre,preop,lesion,lesion,1,1,0.27102591988399494,15.595208653566084,0.2269072550486163,12106,32030,"0.9765,0.9644,0.9880",GAN-swinpix2pix-2D-T2-from-dual
T2,ReMIND-079-post,postop,1,tumor,1,1,0.16609769326484383,15.485795319575477,0.1870760442699036,7260,24083,"0.7990,0.7254,1.8280",GAN-swinpix2pix-2D-T2-from-dual
T2,ReMIND-079-post,postop,2,cavity,0,0,nan,nan,nan,0,0,"0.7990,0.7254,1.8280",GAN-swinpix2pix-2D-T2-from-dual
T2,ReMIND-079-post,postop,lesion,lesion,1,1,0.16609769326484383,15.485795319575477,0.1870760442699036,7260,24083,"0.7990,0.7254,1.8280",GAN-swinpix2pix-2D-T2-from-dual
T2,ReMIND-079-pre,preop,1,tumor,1,1,0.1693444576877235,17.40844975145261,0.15191146881287726,14068,6907,"0.9526,0.9132,0.9551",GAN-swinpix2pix-2D-T2-from-dual
T2,ReMIND-079-pre,preop,2,cavity,1,1,0.0024012224405151714,47.62033725687355,0.023950131233595802,7069,2093,"0.9526,0.9132,0.9551",GAN-swinpix2pix-2D-T2-from-dual
T2,ReMIND-079-pre,preop,lesion,lesion,1,1,0.12257358064837243,17.40844975145261,0.12733850129198968,21137,9000,"0.9526,0.9132,0.9551",GAN-swinpix2pix-2D-T2-from-dual
T2,ReMIND-087-pre,preop,1,tumor,1,1,0.10352103724418457,24.49764794941186,0.11514368101819628,11505,27830,"0.9766,0.9734,0.9968",GAN-swinpix2pix-2D-T2-from-dual
T2,ReMIND-087-pre,preop,2,cavity,1,1,0.00016389412439564042,20.40053587097235,0.03979343863912515,11681,522,"0.9766,0.9734,0.9968",GAN-swinpix2pix-2D-T2-from-dual
T2,ReMIND-087-pre,preop,lesion,lesion,1,1,0.3039310799798207,21.822583028956053,0.14955221285105644,23186,28352,"0.9766,0.9734,0.9968",GAN-swinpix2pix-2D-T2-from-dual
T2,ReMIND-091-pre,preop,1,tumor,1,1,0.41808225748431194,14.951513642916765,0.21238709677419354,25347,49710,"0.9733,0.9707,0.9931",GAN-swinpix2pix-2D-T2-from-dual
T2,ReMIND-091-pre,preop,2,cavity,0,1,nan,nan,nan,0,1100,"0.9733,0.9707,0.9931",GAN-swinpix2pix-2D-T2-from-dual
T2,ReMIND-091-pre,preop,lesion,lesion,1,1,0.4374909725960844,14.886676631535344,0.20535326323107675,25347,50810,"0.9733,0.9707,0.9931",GAN-swinpix2pix-2D-T2-from-dual
T2,ReMIND-096-post,postop,1,tumor,0,1,nan,nan,nan,0,30041,"0.8569,0.8553,1.9849",GAN-swinpix2pix-2D-T2-from-dual
T2,ReMIND-096-post,postop,2,cavity,1,0,0.0,nan,nan,2166,0,"0.8569,0.8553,1.9849",GAN-swinpix2pix-2D-T2-from-dual
T2,ReMIND-096-post,postop,lesion,lesion,1,1,0.13295246375011643,23.979226118620684,0.06441270766540368,2166,30041,"0.8569,0.8553,1.9849",GAN-swinpix2pix-2D-T2-from-dual
T2,ReMIND-096-pre,preop,1,tumor,1,1,0.31439730314604225,17.710961057608724,0.05401600474214582,18774,97213,"0.9755,0.9626,0.9851",GAN-swinpix2pix-2D-T2-from-dual
T2,ReMIND-096-pre,preop,2,cavity,0,0,nan,nan,nan,0,0,"0.9755,0.9626,0.9851",GAN-swinpix2pix-2D-T2-from-dual
T2,ReMIND-096-pre,preop,lesion,lesion,1,1,0.31439730314604225,17.710961057608724,0.05401600474214582,18774,97213,"0.9755,0.9626,0.9851",GAN-swinpix2pix-2D-T2-from-dual
T2,ReMIND-102-pre,preop,1,tumor,1,1,0.12417775738106165,0.33029008977684576,1.0,7693,44603,"0.0008,0.0174,0.0887",GAN-swinpix2pix-2D-T2-from-dual
T2,ReMIND-102-pre,preop,2,cavity,0,1,nan,nan,nan,0,913,"0.0008,0.0174,0.0887",GAN-swinpix2pix-2D-T2-from-dual
T2,ReMIND-102-pre,preop,lesion,lesion,1,1,0.13306019658328477,0.3302407142259948,1.0,7693,45516,"0.0008,0.0174,0.0887",GAN-swinpix2pix-2D-T2-from-dual
T2,ReMIND-107-pre,preop,1,tumor,1,1,0.2570725878168075,11.884423802791364,0.20197295103394192,57631,86305,"0.2343,0.2312,4.9330",GAN-swinpix2pix-2D-T2-from-dual
T2,ReMIND-107-pre,preop,2,cavity,0,1,nan,nan,nan,0,162152,"0.2343,0.2312,4.9330",GAN-swinpix2pix-2D-T2-from-dual
T2,ReMIND-107-pre,preop,lesion,lesion,1,1,0.3568189540262931,14.616099069881614,0.21172921755866458,57631,248457,"0.2343,0.2312,4.9330",GAN-swinpix2pix-2D-T2-from-dual
T2,ReMIND-109-post,postop,1,tumor,0,1,nan,nan,nan,0,33158,"0.8585,0.8371,1.9460",GAN-swinpix2pix-2D-T2-from-dual
T2,ReMIND-109-post,postop,2,cavity,1,0,0.0,nan,nan,3408,0,"0.8585,0.8371,1.9460",GAN-swinpix2pix-2D-T2-from-dual
T2,ReMIND-109-post,postop,lesion,lesion,1,1,0.10517967510802385,35.68719911298612,0.10443548387096774,3408,33158,"0.8585,0.8371,1.9460",GAN-swinpix2pix-2D-T2-from-dual
T2,ReMIND-109-pre,preop,1,tumor,1,1,0.2554934823091248,24.81348525436527,0.14478050630511047,10361,51394,"0.9755,0.9400,0.9620",GAN-swinpix2pix-2D-T2-from-dual
T2,ReMIND-109-pre,preop,2,cavity,0,0,nan,nan,nan,0,0,"0.9755,0.9400,0.9620",GAN-swinpix2pix-2D-T2-from-dual
T2,ReMIND-109-pre,preop,lesion,lesion,1,1,0.2554934823091248,24.81348525436527,0.14478050630511047,10361,51394,"0.9755,0.9400,0.9620",GAN-swinpix2pix-2D-T2-from-dual
T2,ReMIND-003-post,postop,1,tumor,0,1,nan,nan,nan,0,24674,"0.9264,0.9265,1.9922",GAN-swinpix2pix-2D-T2-from-single
T2,ReMIND-003-post,postop,2,cavity,1,1,0.0,26.93101460750118,0.0,2099,11,"0.9264,0.9265,1.9922",GAN-swinpix2pix-2D-T2-from-single
T2,ReMIND-003-post,postop,lesion,lesion,1,1,0.14381720430107528,32.36846701482025,0.1195710455764075,2099,24685,"0.9264,0.9265,1.9922",GAN-swinpix2pix-2D-T2-from-single
T2,ReMIND-003-pre,preop,1,tumor,1,1,0.438183485807013,10.350169670652765,0.21698996655518393,10844,31677,"0.9757,0.9586,0.9825",GAN-swinpix2pix-2D-T2-from-single
T2,ReMIND-003-pre,preop,2,cavity,0,0,nan,nan,nan,0,0,"0.9757,0.9586,0.9825",GAN-swinpix2pix-2D-T2-from-single
T2,ReMIND-003-pre,preop,lesion,lesion,1,1,0.438183485807013,10.350169670652765,0.21698996655518393,10844,31677,"0.9757,0.9586,0.9825",GAN-swinpix2pix-2D-T2-from-single
T2,ReMIND-004-pre,preop,1,tumor,1,1,0.1128012588686746,19.354468608510548,0.0,2043,34180,"0.9761,0.9626,0.9802",GAN-swinpix2pix-2D-T2-from-single
T2,ReMIND-004-pre,preop,2,cavity,0,0,nan,nan,nan,0,0,"0.9761,0.9626,0.9802",GAN-swinpix2pix-2D-T2-from-single
T2,ReMIND-004-pre,preop,lesion,lesion,1,1,0.1128012588686746,19.354468608510548,0.0,2043,34180,"0.9761,0.9626,0.9802",GAN-swinpix2pix-2D-T2-from-single
T2,ReMIND-023-pre,preop,1,tumor,1,1,0.14179348418261722,56.6425943389427,0.18395047029408262,3895,23638,"0.6872,0.6822,2.1845",GAN-swinpix2pix-2D-T2-from-single
T2,ReMIND-023-pre,preop,2,cavity,0,0,nan,nan,nan,0,0,"0.6872,0.6822,2.1845",GAN-swinpix2pix-2D-T2-from-single
T2,ReMIND-023-pre,preop,lesion,lesion,1,1,0.14179348418261722,56.6425943389427,0.18395047029408262,3895,23638,"0.6872,0.6822,2.1845",GAN-swinpix2pix-2D-T2-from-single
T2,ReMIND-031-post,postop,1,tumor,0,1,nan,nan,nan,0,150034,"0.0027,0.1312,0.0963",GAN-swinpix2pix-2D-T2-from-single
T2,ReMIND-031-post,postop,2,cavity,1,0,0.0,nan,nan,32424,0,"0.0027,0.1312,0.0963",GAN-swinpix2pix-2D-T2-from-single
T2,ReMIND-031-post,postop,lesion,lesion,1,1,0.1643337096756514,1.7353001607555432,0.9561156292777196,32424,150034,"0.0027,0.1312,0.0963",GAN-swinpix2pix-2D-T2-from-single
T2,ReMIND-031-pre,preop,1,tumor,1,1,0.2685783602123809,16.611860697245692,0.16715798667976853,8344,41943,"0.9766,0.9754,0.9990",GAN-swinpix2pix-2D-T2-from-single
T2,ReMIND-031-pre,preop,2,cavity,0,0,nan,nan,nan,0,0,"0.9766,0.9754,0.9990",GAN-swinpix2pix-2D-T2-from-single
T2,ReMIND-031-pre,preop,lesion,lesion,1,1,0.2685783602123809,16.611860697245692,0.16715798667976853,8344,41943,"0.9766,0.9754,0.9990",GAN-swinpix2pix-2D-T2-from-single
T2,ReMIND-032-post,postop,1,tumor,1,1,0.29052258635961026,19.500943422317505,0.22654881350533523,13367,27277,"0.8594,0.8379,1.9501",GAN-swinpix2pix-2D-T2-from-single
T2,ReMIND-032-post,postop,2,cavity,1,0,0.0,nan,nan,6211,0,"0.8594,0.8379,1.9501",GAN-swinpix2pix-2D-T2-from-single
T2,ReMIND-032-post,postop,lesion,lesion,1,1,0.4815281186639633,12.120449126710794,0.27648578811369506,19578,27277,"0.8594,0.8379,1.9501",GAN-swinpix2pix-2D-T2-from-single
T2,ReMIND-032-pre,preop,1,tumor,1,1,0.5764446713053757,9.355568193822673,0.282279848730416,32911,41535,"0.8208,0.8169,1.9763",GAN-swinpix2pix-2D-T2-from-single
T2,ReMIND-032-pre,preop,2,cavity,0,0,nan,nan,nan,0,0,"0.8208,0.8169,1.9763",GAN-swinpix2pix-2D-T2-from-single
T2,ReMIND-032-pre,preop,lesion,lesion,1,1,0.5764446713053757,9.355568193822673,0.282279848730416,32911,41535,"0.8208,0.8169,1.9763",GAN-swinpix2pix-2D-T2-from-single
T2,ReMIND-034-post,postop,1,tumor,1,1,0.013214670981661273,52.02247968395779,0.034781240163676425,516,14316,"0.8557,0.8490,1.9836",GAN-swinpix2pix-2D-T2-from-single
T2,ReMIND-034-post,postop,2,cavity,1,1,0.0,69.15423493245713,0.0,12900,260,"0.8557,0.8490,1.9836",GAN-swinpix2pix-2D-T2-from-single
T2,ReMIND-034-post,postop,lesion,lesion,1,1,0.09852815090025721,45.85491689554889,0.07927519818799547,13416,14576,"0.8557,0.8490,1.9836",GAN-swinpix2pix-2D-T2-from-single
T2,ReMIND-034-pre,preop,1,tumor,1,1,0.5193779824100667,17.728303482977445,0.36128948486708534,206728,151204,"0.2679,0.2658,4.9631",GAN-swinpix2pix-2D-T2-from-single
T2,ReMIND-034-pre,preop,2,cavity,1,0,0.0,nan,nan,20636,0,"0.2679,0.2658,4.9631",GAN-swinpix2pix-2D-T2-from-single
T2,ReMIND-034-pre,preop,lesion,lesion,1,1,0.4910927495192409,17.280342833283502,0.3521958825397742,227364,151204,"0.2679,0.2658,4.9631",GAN-swinpix2pix-2D-T2-from-single
T2,ReMIND-045-post,postop,1,tumor,1,1,0.05503338578658614,25.98506302949724,0.13862522165432356,3767,43259,"0.7296,0.7296,2.0000",GAN-swinpix2pix-2D-T2-from-single
T2,ReMIND-045-post,postop,2,cavity,1,0,0.0,nan,nan,4649,0,"0.7296,0.7296,2.0000",GAN-swinpix2pix-2D-T2-from-single
T2,ReMIND-045-post,postop,lesion,lesion,1,1,0.11162070633768748,24.98790405974324,0.16985710434079265,8416,43259,"0.7296,0.7296,2.0000",GAN-swinpix2pix-2D-T2-from-single
T2,ReMIND-045-pre,preop,1,tumor,1,1,0.5936768226261994,6.476535093005725,0.49054495060127856,123470,183148,"0.2608,0.2430,0.9600",GAN-swinpix2pix-2D-T2-from-single
T2,ReMIND-045-pre,preop,2,cavity,0,0,nan,nan,nan,0,0,"0.2608,0.2430,0.9600",GAN-swinpix2pix-2D-T2-from-single
T2,ReMIND-045-pre,preop,lesion,lesion,1,1,0.5936768226261994,6.476535093005725,0.49054495060127856,123470,183148,"0.2608,0.2430,0.9600",GAN-swinpix2pix-2D-T2-from-single
T2,ReMIND-056-post,postop,1,tumor,0,1,nan,nan,nan,0,42538,"0.8539,0.8523,1.9741",GAN-swinpix2pix-2D-T2-from-single
T2,ReMIND-056-post,postop,2,cavity,1,0,0.0,nan,nan,17551,0,"0.8539,0.8523,1.9741",GAN-swinpix2pix-2D-T2-from-single
T2,ReMIND-056-post,postop,lesion,lesion,1,1,0.05877947710895505,29.152479992940496,0.12901469787697334,17551,42538,"0.8539,0.8523,1.9741",GAN-swinpix2pix-2D-T2-from-single
T2,ReMIND-056-pre,preop,1,tumor,1,1,0.49683328707325075,13.887688072161643,0.26085169774490163,55846,63047,"0.7937,0.7936,1.2000",GAN-swinpix2pix-2D-T2-from-single
T2,ReMIND-056-pre,preop,2,cavity,0,0,nan,nan,nan,0,0,"0.7937,0.7936,1.2000",GAN-swinpix2pix-2D-T2-from-single
T2,ReMIND-056-pre,preop,lesion,lesion,1,1,0.49683328707325075,13.887688072161643,0.26085169774490163,55846,63047,"0.7937,0.7936,1.2000",GAN-swinpix2pix-2D-T2-from-single
T2,ReMIND-077-post,postop,1,tumor,1,1,0.05728932695610813,27.144398416120804,0.14460009037505647,2094,35749,"0.8558,0.8268,1.9283",GAN-swinpix2pix-2D-T2-from-single
T2,ReMIND-077-post,postop,2,cavity,1,0,0.0,nan,nan,2767,0,"0.8558,0.8268,1.9283",GAN-swinpix2pix-2D-T2-from-single
T2,ReMIND-077-post,postop,lesion,lesion,1,1,0.12937700073873432,26.93536718990615,0.18846345101939332,4861,35749,"0.8558,0.8268,1.9283",GAN-swinpix2pix-2D-T2-from-single
T2,ReMIND-077-pre,preop,1,tumor,1,1,0.18730667888647037,22.753106777715114,0.14950697343874922,6841,45533,"0.9765,0.9644,0.9880",GAN-swinpix2pix-2D-T2-from-single
T2,ReMIND-077-pre,preop,2,cavity,1,0,0.0,nan,nan,5265,0,"0.9765,0.9644,0.9880",GAN-swinpix2pix-2D-T2-from-single
T2,ReMIND-077-pre,preop,lesion,lesion,1,1,0.2538211974531133,22.370724713105886,0.16108268691203168,12106,45533,"0.9765,0.9644,0.9880",GAN-swinpix2pix-2D-T2-from-single
T2,ReMIND-079-post,postop,1,tumor,1,1,0.18731853516905497,15.669457846825637,0.19995511669658886,7260,24771,"0.7990,0.7254,1.8280",GAN-swinpix2pix-2D-T2-from-single
T2,ReMIND-079-post,postop,2,cavity,0,0,nan,nan,nan,0,0,"0.7990,0.7254,1.8280",GAN-swinpix2pix-2D-T2-from-single
T2,ReMIND-079-post,postop,lesion,lesion,1,1,0.18731853516905497,15.669457846825637,0.19995511669658886,7260,24771,"0.7990,0.7254,1.8280",GAN-swinpix2pix-2D-T2-from-single
T2,ReMIND-079-pre,preop,1,tumor,1,1,0.2019796910999232,22.265729991514437,0.1570896515030593,14068,9370,"0.9526,0.9132,0.9551",GAN-swinpix2pix-2D-T2-from-single
T2,ReMIND-079-pre,preop,2,cavity,1,1,0.0,49.220650585253225,0.0,7069,434,"0.9526,0.9132,0.9551",GAN-swinpix2pix-2D-T2-from-single
T2,ReMIND-079-pre,preop,lesion,lesion,1,1,0.208590543292072,21.89124875514848,0.1506390111041274,21137,9804,"0.9526,0.9132,0.9551",GAN-swinpix2pix-2D-T2-from-single
T2,ReMIND-087-post,postop,1,tumor,0,1,nan,nan,nan,0,42629,"0.8587,0.8570,1.9930",GAN-swinpix2pix-2D-T2-from-single
T2,ReMIND-087-post,postop,2,cavity,1,0,0.0,nan,nan,8781,0,"0.8587,0.8570,1.9930",GAN-swinpix2pix-2D-T2-from-single
T2,ReMIND-087-post,postop,lesion,lesion,1,1,0.2327951760357907,15.70008919625034,0.13095238095238096,8781,42629,"0.8587,0.8570,1.9930",GAN-swinpix2pix-2D-T2-from-single
T2,ReMIND-087-pre,preop,1,tumor,1,1,0.06382187616193871,23.426281014905207,0.1534213235982402,11505,34216,"0.9766,0.9734,0.9968",GAN-swinpix2pix-2D-T2-from-single
T2,ReMIND-087-pre,preop,2,cavity,1,0,0.0,nan,nan,11681,0,"0.9766,0.9734,0.9968",GAN-swinpix2pix-2D-T2-from-single
T2,ReMIND-087-pre,preop,lesion,lesion,1,1,0.15145813734713076,22.517243767835897,0.1710016155088853,23186,34216,"0.9766,0.9734,0.9968",GAN-swinpix2pix-2D-T2-from-single
T2,ReMIND-091-post,postop,1,tumor,0,1,nan,nan,nan,0,19090,"0.8574,0.8545,1.9930",GAN-swinpix2pix-2D-T2-from-single
T2,ReMIND-091-post,postop,2,cavity,1,0,0.0,nan,nan,7894,0,"0.8574,0.8545,1.9930",GAN-swinpix2pix-2D-T2-from-single
T2,ReMIND-091-post,postop,lesion,lesion,1,1,0.2527423658464275,13.826508834592422,0.17883949191685913,7894,19090,"0.8574,0.8545,1.9930",GAN-swinpix2pix-2D-T2-from-single
T2,ReMIND-091-pre,preop,1,tumor,1,1,0.4704354544408462,12.725122398530686,0.2690182745431364,25347,35486,"0.9733,0.9707,0.9931",GAN-swinpix2pix-2D-T2-from-single
T2,ReMIND-091-pre,preop,2,cavity,0,1,nan,nan,nan,0,465,"0.9733,0.9707,0.9931",GAN-swinpix2pix-2D-T2-from-single
T2,ReMIND-091-pre,preop,lesion,lesion,1,1,0.4813207608731117,12.712286855394817,0.2621276595744681,25347,35951,"0.9733,0.9707,0.9931",GAN-swinpix2pix-2D-T2-from-single
T2,ReMIND-096-post,postop,1,tumor,0,1,nan,nan,nan,0,26838,"0.8569,0.8553,1.9849",GAN-swinpix2pix-2D-T2-from-single
T2,ReMIND-096-post,postop,2,cavity,1,1,0.0,32.55123824459481,0.0,2166,22,"0.8569,0.8553,1.9849",GAN-swinpix2pix-2D-T2-from-single
T2,ReMIND-096-post,postop,lesion,lesion,1,1,0.13098601254048095,24.18117403958228,0.08164679789298586,2166,26860,"0.8569,0.8553,1.9849",GAN-swinpix2pix-2D-T2-from-single
T2,ReMIND-096-pre,preop,1,tumor,1,1,0.34360740180846,15.696882990129932,0.047559154154547596,18774,88389,"0.9755,0.9626,0.9851",GAN-swinpix2pix-2D-T2-from-single
T2,ReMIND-096-pre,preop,2,cavity,0,0,nan,nan,nan,0,0,"0.9755,0.9626,0.9851",GAN-swinpix2pix-2D-T2-from-single
T2,ReMIND-096-pre,preop,lesion,lesion,1,1,0.34360740180846,15.696882990129932,0.047559154154547596,18774,88389,"0.9755,0.9626,0.9851",GAN-swinpix2pix-2D-T2-from-single
T2,ReMIND-102-pre,preop,1,tumor,1,1,0.25691618824666035,0.3749532057738621,1.0,7693,46130,"0.0008,0.0174,0.0887",GAN-swinpix2pix-2D-T2-from-single
T2,ReMIND-102-pre,preop,2,cavity,0,1,nan,nan,nan,0,69,"0.0008,0.0174,0.0887",GAN-swinpix2pix-2D-T2-from-single
T2,ReMIND-102-pre,preop,lesion,lesion,1,1,0.2565872485712165,0.374935656420984,1.0,7693,46199,"0.0008,0.0174,0.0887",GAN-swinpix2pix-2D-T2-from-single
T2,ReMIND-107-post,postop,1,tumor,1,1,0.17369521863903886,22.87209669688307,0.10669762894157908,3621,37497,"0.8587,0.8481,1.9732",GAN-swinpix2pix-2D-T2-from-single
T2,ReMIND-107-post,postop,2,cavity,1,0,0.0,nan,nan,879,0,"0.8587,0.8481,1.9732",GAN-swinpix2pix-2D-T2-from-single
T2,ReMIND-107-post,postop,lesion,lesion,1,1,0.20425268471557492,20.67683504691893,0.15514842300556586,4500,37497,"0.8587,0.8481,1.9732",GAN-swinpix2pix-2D-T2-from-single
T2,ReMIND-107-pre,preop,1,tumor,1,1,0.286503472958312,11.260131176115362,0.22771157693311297,57631,102751,"0.2343,0.2312,4.9330",GAN-swinpix2pix-2D-T2-from-single
T2,ReMIND-107-pre,preop,2,cavity,0,1,nan,nan,nan,0,138491,"0.2343,0.2312,4.9330",GAN-swinpix2pix-2D-T2-from-single
T2,ReMIND-107-pre,preop,lesion,lesion,1,1,0.3581922756488542,15.388402437330944,0.21289173589937246,57631,241242,"0.2343,0.2312,4.9330",GAN-swinpix2pix-2D-T2-from-single
T2,ReMIND-109-post,postop,1,tumor,0,1,nan,nan,nan,0,46274,"0.8585,0.8371,1.9460",GAN-swinpix2pix-2D-T2-from-single
T2,ReMIND-109-post,postop,2,cavity,1,0,0.0,nan,nan,3408,0,"0.8585,0.8371,1.9460",GAN-swinpix2pix-2D-T2-from-single
T2,ReMIND-109-post,postop,lesion,lesion,1,1,0.10502797793969647,35.20329130733532,0.06854838709677419,3408,46274,"0.8585,0.8371,1.9460",GAN-swinpix2pix-2D-T2-from-single
T2,ReMIND-109-pre,preop,1,tumor,1,1,0.28511262842192586,43.62469290856172,0.147353924847531,10361,36652,"0.9755,0.9400,0.9620",GAN-swinpix2pix-2D-T2-from-single
T2,ReMIND-109-pre,preop,2,cavity,0,0,nan,nan,nan,0,0,"0.9755,0.9400,0.9620",GAN-swinpix2pix-2D-T2-from-single
T2,ReMIND-109-pre,preop,lesion,lesion,1,1,0.28511262842192586,43.62469290856172,0.147353924847531,10361,36652,"0.9755,0.9400,0.9620",GAN-swinpix2pix-2D-T2-from-single
T2,ReMIND-003-post,postop,1,tumor,0,1,nan,nan,nan,0,25300,"0.9264,0.9265,1.9922",GAN-swinpix2pix-3D-T2-from-dual
T2,ReMIND-003-post,postop,2,cavity,1,0,0.0,nan,nan,2099,0,"0.9264,0.9265,1.9922",GAN-swinpix2pix-3D-T2-from-dual
T2,ReMIND-003-post,postop,lesion,lesion,1,1,0.15117340048906894,30.45667850234147,0.07263064658990256,2099,25300,"0.9264,0.9265,1.9922",GAN-swinpix2pix-3D-T2-from-dual
T2,ReMIND-023-pre,preop,1,tumor,1,1,0.2644395878863565,55.21003164140106,0.14946496375560925,3895,8917,"0.6872,0.6822,2.1845",GAN-swinpix2pix-3D-T2-from-dual
T2,ReMIND-023-pre,preop,2,cavity,0,0,nan,nan,nan,0,0,"0.6872,0.6822,2.1845",GAN-swinpix2pix-3D-T2-from-dual
T2,ReMIND-023-pre,preop,lesion,lesion,1,1,0.2644395878863565,55.21003164140106,0.14946496375560925,3895,8917,"0.6872,0.6822,2.1845",GAN-swinpix2pix-3D-T2-from-dual
T2,ReMIND-032-post,postop,1,tumor,1,1,0.2648904765448637,13.323921407339927,0.34661164894461194,13367,26944,"0.8594,0.8379,1.9501",GAN-swinpix2pix-3D-T2-from-dual
T2,ReMIND-032-post,postop,2,cavity,1,1,0.0,54.03839740162672,0.0,6211,3,"0.8594,0.8379,1.9501",GAN-swinpix2pix-3D-T2-from-dual
T2,ReMIND-032-post,postop,lesion,lesion,1,1,0.3448898441698012,12.890625,0.32859929769801016,19578,26947,"0.8594,0.8379,1.9501",GAN-swinpix2pix-3D-T2-from-dual
T2,ReMIND-032-pre,preop,1,tumor,1,1,0.48963300695119216,9.909791975843389,0.23440983960296338,32911,33984,"0.8208,0.8169,1.9763",GAN-swinpix2pix-3D-T2-from-dual
T2,ReMIND-032-pre,preop,2,cavity,0,0,nan,nan,nan,0,0,"0.8208,0.8169,1.9763",GAN-swinpix2pix-3D-T2-from-dual
T2,ReMIND-032-pre,preop,lesion,lesion,1,1,0.48963300695119216,9.909791975843389,0.23440983960296338,32911,33984,"0.8208,0.8169,1.9763",GAN-swinpix2pix-3D-T2-from-dual
T2,ReMIND-045-pre,preop,1,tumor,1,1,0.3049241242761632,11.781453992768666,0.28312717277063626,123470,245225,"0.2608,0.2430,0.9600",GAN-swinpix2pix-3D-T2-from-dual
T2,ReMIND-045-pre,preop,2,cavity,0,0,nan,nan,nan,0,0,"0.2608,0.2430,0.9600",GAN-swinpix2pix-3D-T2-from-dual
T2,ReMIND-045-pre,preop,lesion,lesion,1,1,0.3049241242761632,11.781453992768666,0.28312717277063626,123470,245225,"0.2608,0.2430,0.9600",GAN-swinpix2pix-3D-T2-from-dual
T2,ReMIND-056-post,postop,1,tumor,0,1,nan,nan,nan,0,51866,"0.8539,0.8523,1.9741",GAN-swinpix2pix-3D-T2-from-dual
T2,ReMIND-056-post,postop,2,cavity,1,0,0.0,nan,nan,17551,0,"0.8539,0.8523,1.9741",GAN-swinpix2pix-3D-T2-from-dual
T2,ReMIND-056-post,postop,lesion,lesion,1,1,0.11005949551262659,23.696718404821112,0.14587571362950325,17551,51866,"0.8539,0.8523,1.9741",GAN-swinpix2pix-3D-T2-from-dual
T2,ReMIND-056-pre,preop,1,tumor,1,1,0.42071709884169356,18.967045222737042,0.21211280628756357,55846,90661,"0.7937,0.7936,1.2000",GAN-swinpix2pix-3D-T2-from-dual
T2,ReMIND-056-pre,preop,2,cavity,0,0,nan,nan,nan,0,0,"0.7937,0.7936,1.2000",GAN-swinpix2pix-3D-T2-from-dual
T2,ReMIND-056-pre,preop,lesion,lesion,1,1,0.42071709884169356,18.967045222737042,0.21211280628756357,55846,90661,"0.7937,0.7936,1.2000",GAN-swinpix2pix-3D-T2-from-dual
T2,ReMIND-077-post,postop,1,tumor,1,1,0.07830461789257709,31.022068374076213,0.14144991698948534,2094,33485,"0.8558,0.8268,1.9283",GAN-swinpix2pix-3D-T2-from-dual
T2,ReMIND-077-post,postop,2,cavity,1,0,0.0,nan,nan,2767,0,"0.8558,0.8268,1.9283",GAN-swinpix2pix-3D-T2-from-dual
T2,ReMIND-077-post,postop,lesion,lesion,1,1,0.17707192405987587,29.510460016442224,0.1887087321742528,4861,33485,"0.8558,0.8268,1.9283",GAN-swinpix2pix-3D-T2-from-dual
T2,ReMIND-077-pre,preop,1,tumor,1,1,0.11608226404103493,30.651471125444914,0.18931925793681595,6841,54960,"0.9765,0.9644,0.9880",GAN-swinpix2pix-3D-T2-from-dual
T2,ReMIND-077-pre,preop,2,cavity,1,0,0.0,nan,nan,5265,0,"0.9765,0.9644,0.9880",GAN-swinpix2pix-3D-T2-from-dual
T2,ReMIND-077-pre,preop,lesion,lesion,1,1,0.1682223481346733,30.36084125554391,0.1968859138533178,12106,54960,"0.9765,0.9644,0.9880",GAN-swinpix2pix-3D-T2-from-dual
T2,ReMIND-079-post,postop,1,tumor,1,1,0.15486983282042752,17.361915769892942,0.22666490136369655,7260,16786,"0.7990,0.7254,1.8280",GAN-swinpix2pix-3D-T2-from-dual
T2,ReMIND-079-post,postop,2,cavity,0,0,nan,nan,nan,0,0,"0.7990,0.7254,1.8280",GAN-swinpix2pix-3D-T2-from-dual
T2,ReMIND-079-post,postop,lesion,lesion,1,1,0.15486983282042752,17.361915769892942,0.22666490136369655,7260,16786,"0.7990,0.7254,1.8280",GAN-swinpix2pix-3D-T2-from-dual
T2,ReMIND-079-pre,preop,1,tumor,1,1,0.26111146639380955,15.398261966231761,0.22377312506923674,14068,17206,"0.9526,0.9132,0.9551",GAN-swinpix2pix-3D-T2-from-dual
T2,ReMIND-079-pre,preop,2,cavity,1,1,0.0,58.08811468995514,0.0,7069,1292,"0.9526,0.9132,0.9551",GAN-swinpix2pix-3D-T2-from-dual
T2,ReMIND-079-pre,preop,lesion,lesion,1,1,0.25966948404188217,26.691303668717797,0.21707402848602075,21137,18498,"0.9526,0.9132,0.9551",GAN-swinpix2pix-3D-T2-from-dual
T2,ReMIND-087-pre,preop,1,tumor,1,1,0.0,34.81274546032641,0.0011065006915629322,11505,11239,"0.9766,0.9734,0.9968",GAN-swinpix2pix-3D-T2-from-dual
T2,ReMIND-087-pre,preop,2,cavity,1,0,0.0,nan,nan,11681,0,"0.9766,0.9734,0.9968",GAN-swinpix2pix-3D-T2-from-dual
T2,ReMIND-087-pre,preop,lesion,lesion,1,1,0.0004066811909949165,34.09960437604749,0.01411448414921026,23186,11239,"0.9766,0.9734,0.9968",GAN-swinpix2pix-3D-T2-from-dual
T2,ReMIND-091-pre,preop,1,tumor,1,1,0.4299661443980789,12.675956108869519,0.1585636832281575,25347,50859,"0.9733,0.9707,0.9931",GAN-swinpix2pix-3D-T2-from-dual
T2,ReMIND-091-pre,preop,2,cavity,0,0,nan,nan,nan,0,0,"0.9733,0.9707,0.9931",GAN-swinpix2pix-3D-T2-from-dual
T2,ReMIND-091-pre,preop,lesion,lesion,1,1,0.4299661443980789,12.675956108869519,0.1585636832281575,25347,50859,"0.9733,0.9707,0.9931",GAN-swinpix2pix-3D-T2-from-dual
T2,ReMIND-096-post,postop,1,tumor,0,1,nan,nan,nan,0,28521,"0.8569,0.8553,1.9849",GAN-swinpix2pix-3D-T2-from-dual
T2,ReMIND-096-post,postop,2,cavity,1,1,0.0,27.786351424917065,0.0,2166,26,"0.8569,0.8553,1.9849",GAN-swinpix2pix-3D-T2-from-dual
T2,ReMIND-096-post,postop,lesion,lesion,1,1,0.13740110051118418,18.498375802400087,0.06599464482595685,2166,28547,"0.8569,0.8553,1.9849",GAN-swinpix2pix-3D-T2-from-dual
T2,ReMIND-096-pre,preop,1,tumor,1,1,0.331960958296362,15.44011763599424,0.05545273348519362,18774,93926,"0.9755,0.9626,0.9851",GAN-swinpix2pix-3D-T2-from-dual
T2,ReMIND-096-pre,preop,2,cavity,0,0,nan,nan,nan,0,0,"0.9755,0.9626,0.9851",GAN-swinpix2pix-3D-T2-from-dual
T2,ReMIND-096-pre,preop,lesion,lesion,1,1,0.331960958296362,15.44011763599424,0.05545273348519362,18774,93926,"0.9755,0.9626,0.9851",GAN-swinpix2pix-3D-T2-from-dual
T2,ReMIND-102-pre,preop,1,tumor,1,1,0.30115947307715657,0.4094261289448303,1.0,7693,25253,"0.0008,0.0174,0.0887",GAN-swinpix2pix-3D-T2-from-dual
T2,ReMIND-102-pre,preop,2,cavity,0,1,nan,nan,nan,0,297,"0.0008,0.0174,0.0887",GAN-swinpix2pix-3D-T2-from-dual
T2,ReMIND-102-pre,preop,lesion,lesion,1,1,0.29870950275245917,0.4059729781826586,1.0,7693,25550,"0.0008,0.0174,0.0887",GAN-swinpix2pix-3D-T2-from-dual
T2,ReMIND-107-pre,preop,1,tumor,1,1,0.39202348856132563,13.653327441671543,0.22496102084359101,57631,209052,"0.2343,0.2312,4.9330",GAN-swinpix2pix-3D-T2-from-dual
T2,ReMIND-107-pre,preop,2,cavity,0,1,nan,nan,nan,0,415,"0.2343,0.2312,4.9330",GAN-swinpix2pix-3D-T2-from-dual
T2,ReMIND-107-pre,preop,lesion,lesion,1,1,0.3914143872286576,13.63783335122791,0.22444071473893198,57631,209467,"0.2343,0.2312,4.9330",GAN-swinpix2pix-3D-T2-from-dual
T2,ReMIND-109-post,postop,1,tumor,0,1,nan,nan,nan,0,43475,"0.8585,0.8371,1.9460",GAN-swinpix2pix-3D-T2-from-dual
T2,ReMIND-109-post,postop,2,cavity,1,0,0.0,nan,nan,3408,0,"0.8585,0.8371,1.9460",GAN-swinpix2pix-3D-T2-from-dual
T2,ReMIND-109-post,postop,lesion,lesion,1,1,0.04240342981464497,49.82157373121714,0.06774075430245331,3408,43475,"0.8585,0.8371,1.9460",GAN-swinpix2pix-3D-T2-from-dual
T2,ReMIND-109-pre,preop,1,tumor,1,1,0.20422516866810805,38.73703712743519,0.16607729224551654,10361,66417,"0.9755,0.9400,0.9620",GAN-swinpix2pix-3D-T2-from-dual
T2,ReMIND-109-pre,preop,2,cavity,0,0,nan,nan,nan,0,0,"0.9755,0.9400,0.9620",GAN-swinpix2pix-3D-T2-from-dual
T2,ReMIND-109-pre,preop,lesion,lesion,1,1,0.20422516866810805,38.73703712743519,0.16607729224551654,10361,66417,"0.9755,0.9400,0.9620",GAN-swinpix2pix-3D-T2-from-dual
T2,ReMIND-003-post,postop,1,tumor,0,1,nan,nan,nan,0,16416,"0.9264,0.9265,1.9922",GAN-swinpix2pix-3D-T2-from-single
T2,ReMIND-003-post,postop,2,cavity,1,1,0.0,26.58771688189768,0.0,2099,13,"0.9264,0.9265,1.9922",GAN-swinpix2pix-3D-T2-from-single
T2,ReMIND-003-post,postop,lesion,lesion,1,1,0.09283246977547496,38.618409750418536,0.12916111850865514,2099,16429,"0.9264,0.9265,1.9922",GAN-swinpix2pix-3D-T2-from-single
T2,ReMIND-003-pre,preop,1,tumor,1,1,0.1973090682843366,44.942713338037706,0.1601388888888889,10844,66304,"0.9757,0.9586,0.9825",GAN-swinpix2pix-3D-T2-from-single
T2,ReMIND-003-pre,preop,2,cavity,0,0,nan,nan,nan,0,0,"0.9757,0.9586,0.9825",GAN-swinpix2pix-3D-T2-from-single
T2,ReMIND-003-pre,preop,lesion,lesion,1,1,0.1973090682843366,44.942713338037706,0.1601388888888889,10844,66304,"0.9757,0.9586,0.9825",GAN-swinpix2pix-3D-T2-from-single
T2,ReMIND-004-pre,preop,1,tumor,1,1,0.07668237511781338,51.0544271995675,0.01669561860644663,2043,51007,"0.9761,0.9626,0.9802",GAN-swinpix2pix-3D-T2-from-single
T2,ReMIND-004-pre,preop,2,cavity,0,0,nan,nan,nan,0,0,"0.9761,0.9626,0.9802",GAN-swinpix2pix-3D-T2-from-single
T2,ReMIND-004-pre,preop,lesion,lesion,1,1,0.07668237511781338,51.0544271995675,0.01669561860644663,2043,51007,"0.9761,0.9626,0.9802",GAN-swinpix2pix-3D-T2-from-single
T2,ReMIND-023-pre,preop,1,tumor,1,1,0.00035938903863432165,32.71168125867239,0.008768585589020206,3895,7235,"0.6872,0.6822,2.1845",GAN-swinpix2pix-3D-T2-from-single
T2,ReMIND-023-pre,preop,2,cavity,0,1,nan,nan,nan,0,2,"0.6872,0.6822,2.1845",GAN-swinpix2pix-3D-T2-from-single
T2,ReMIND-023-pre,preop,lesion,lesion,1,1,0.00035932446999640676,32.71618996855307,0.008765243902439025,3895,7237,"0.6872,0.6822,2.1845",GAN-swinpix2pix-3D-T2-from-single
T2,ReMIND-031-post,postop,1,tumor,0,1,nan,nan,nan,0,112981,"0.0027,0.1312,0.0963",GAN-swinpix2pix-3D-T2-from-single
T2,ReMIND-031-post,postop,2,cavity,1,0,0.0,nan,nan,32424,0,"0.0027,0.1312,0.0963",GAN-swinpix2pix-3D-T2-from-single
T2,ReMIND-031-post,postop,lesion,lesion,1,1,0.10333894982978577,1.6310182412829035,0.9652658662092625,32424,112981,"0.0027,0.1312,0.0963",GAN-swinpix2pix-3D-T2-from-single
T2,ReMIND-031-pre,preop,1,tumor,1,1,0.08202646083646947,26.845908679308256,0.11006788047960414,8344,85455,"0.9766,0.9754,0.9990",GAN-swinpix2pix-3D-T2-from-single
T2,ReMIND-031-pre,preop,2,cavity,0,0,nan,nan,nan,0,0,"0.9766,0.9754,0.9990",GAN-swinpix2pix-3D-T2-from-single
T2,ReMIND-031-pre,preop,lesion,lesion,1,1,0.08202646083646947,26.845908679308256,0.11006788047960414,8344,85455,"0.9766,0.9754,0.9990",GAN-swinpix2pix-3D-T2-from-single
T2,ReMIND-032-post,postop,1,tumor,1,1,0.2970341454659667,13.27743099053266,0.3436065573770492,13367,31207,"0.8594,0.8379,1.9501",GAN-swinpix2pix-3D-T2-from-single
T2,ReMIND-032-post,postop,2,cavity,1,1,0.0,32.72982254645829,0.0,6211,499,"0.8594,0.8379,1.9501",GAN-swinpix2pix-3D-T2-from-single
T2,ReMIND-032-post,postop,lesion,lesion,1,1,0.4020747211605959,11.875079748544696,0.33671903544026305,19578,31706,"0.8594,0.8379,1.9501",GAN-swinpix2pix-3D-T2-from-single
T2,ReMIND-032-pre,preop,1,tumor,1,1,0.3090308686288586,16.688213811061892,0.14508009153318077,32911,36739,"0.8208,0.8169,1.9763",GAN-swinpix2pix-3D-T2-from-single
T2,ReMIND-032-pre,preop,2,cavity,0,1,nan,nan,nan,0,140,"0.8208,0.8169,1.9763",GAN-swinpix2pix-3D-T2-from-single
T2,ReMIND-032-pre,preop,lesion,lesion,1,1,0.30841094712709555,16.684358192954384,0.14652667723190702,32911,36879,"0.8208,0.8169,1.9763",GAN-swinpix2pix-3D-T2-from-single
T2,ReMIND-034-post,postop,1,tumor,1,1,0.018535151465665062,61.72283148058846,0.04100746740918871,516,23978,"0.8557,0.8490,1.9836",GAN-swinpix2pix-3D-T2-from-single
T2,ReMIND-034-post,postop,2,cavity,1,1,0.0,34.3299842647878,0.0,12900,400,"0.8557,0.8490,1.9836",GAN-swinpix2pix-3D-T2-from-single
T2,ReMIND-034-post,postop,lesion,lesion,1,1,0.13568291263163465,37.06118369069369,0.08581836665537106,13416,24378,"0.8557,0.8490,1.9836",GAN-swinpix2pix-3D-T2-from-single
T2,ReMIND-034-pre,preop,1,tumor,1,1,0.11423367958890837,25.43758481669018,0.16035026766405502,206728,119428,"0.2679,0.2658,4.9631",GAN-swinpix2pix-3D-T2-from-single
T2,ReMIND-034-pre,preop,2,cavity,1,1,0.0,56.02955377651593,0.0,20636,6548,"0.2679,0.2658,4.9631",GAN-swinpix2pix-3D-T2-from-single
T2,ReMIND-034-pre,preop,lesion,lesion,1,1,0.11030169242089771,25.1096961940655,0.1484295697378998,227364,125976,"0.2679,0.2658,4.9631",GAN-swinpix2pix-3D-T2-from-single
T2,ReMIND-045-post,postop,1,tumor,1,1,0.0781733746130031,27.732192779151788,0.10131936750931614,3767,37577,"0.7296,0.7296,2.0000",GAN-swinpix2pix-3D-T2-from-single
T2,ReMIND-045-post,postop,2,cavity,1,0,0.0,nan,nan,4649,0,"0.7296,0.7296,2.0000",GAN-swinpix2pix-3D-T2-from-single
T2,ReMIND-045-post,postop,lesion,lesion,1,1,0.15619768225599548,26.734573401903464,0.19809922399511729,8416,37577,"0.7296,0.7296,2.0000",GAN-swinpix2pix-3D-T2-from-single
T2,ReMIND-045-pre,preop,1,tumor,1,1,0.2705593885875131,12.0666172311964,0.2766057934508816,123470,218296,"0.2608,0.2430,0.9600",GAN-swinpix2pix-3D-T2-from-single
T2,ReMIND-045-pre,preop,2,cavity,0,0,nan,nan,nan,0,0,"0.2608,0.2430,0.9600",GAN-swinpix2pix-3D-T2-from-single
T2,ReMIND-045-pre,preop,lesion,lesion,1,1,0.2705593885875131,12.0666172311964,0.2766057934508816,123470,218296,"0.2608,0.2430,0.9600",GAN-swinpix2pix-3D-T2-from-single
T2,ReMIND-056-post,postop,1,tumor,0,1,nan,nan,nan,0,43988,"0.8539,0.8523,1.9741",GAN-swinpix2pix-3D-T2-from-single
T2,ReMIND-056-post,postop,2,cavity,1,0,0.0,nan,nan,17551,0,"0.8539,0.8523,1.9741",GAN-swinpix2pix-3D-T2-from-single
T2,ReMIND-056-post,postop,lesion,lesion,1,1,0.09769414517622971,28.396762521725126,0.10323277524882339,17551,43988,"0.8539,0.8523,1.9741",GAN-swinpix2pix-3D-T2-from-single
T2,ReMIND-056-pre,preop,1,tumor,1,1,0.47038933358973745,19.51275695613679,0.2586794653269938,55846,68957,"0.7937,0.7936,1.2000",GAN-swinpix2pix-3D-T2-from-single
T2,ReMIND-056-pre,preop,2,cavity,0,0,nan,nan,nan,0,0,"0.7937,0.7936,1.2000",GAN-swinpix2pix-3D-T2-from-single
T2,ReMIND-056-pre,preop,lesion,lesion,1,1,0.47038933358973745,19.51275695613679,0.2586794653269938,55846,68957,"0.7937,0.7936,1.2000",GAN-swinpix2pix-3D-T2-from-single
T2,ReMIND-077-post,postop,1,tumor,1,1,0.09175612002692457,30.280808061229024,0.1593420714469288,2094,26133,"0.8558,0.8268,1.9283",GAN-swinpix2pix-3D-T2-from-single
T2,ReMIND-077-post,postop,2,cavity,1,0,0.0,nan,nan,2767,0,"0.8558,0.8268,1.9283",GAN-swinpix2pix-3D-T2-from-single
T2,ReMIND-077-post,postop,lesion,lesion,1,1,0.2144931277021359,27.87198276890697,0.22470784641068448,4861,26133,"0.8558,0.8268,1.9283",GAN-swinpix2pix-3D-T2-from-single
T2,ReMIND-077-pre,preop,1,tumor,1,1,0.12913434211536984,29.364753293747317,0.1951421890322094,6841,58254,"0.9765,0.9644,0.9880",GAN-swinpix2pix-3D-T2-from-single
T2,ReMIND-077-pre,preop,2,cavity,1,0,0.0,nan,nan,5265,0,"0.9765,0.9644,0.9880",GAN-swinpix2pix-3D-T2-from-single
T2,ReMIND-077-pre,preop,lesion,lesion,1,1,0.2058271745309835,29.147347366029628,0.20597818387873637,12106,58254,"0.9765,0.9644,0.9880",GAN-swinpix2pix-3D-T2-from-single
T2,ReMIND-079-post,postop,1,tumor,1,1,0.018003706645485836,24.95882039414919,0.0691686668121318,7260,19179,"0.7990,0.7254,1.8280",GAN-swinpix2pix-3D-T2-from-single
T2,ReMIND-079-post,postop,2,cavity,0,1,nan,nan,nan,0,21,"0.7990,0.7254,1.8280",GAN-swinpix2pix-3D-T2-from-single
T2,ReMIND-079-post,postop,lesion,lesion,1,1,0.01798941798941799,24.954687795282076,0.06961677830240474,7260,19200,"0.7990,0.7254,1.8280",GAN-swinpix2pix-3D-T2-from-single
T2,ReMIND-079-pre,preop,1,tumor,1,1,0.1551541463162519,15.71828321869395,0.14206155349291646,14068,24629,"0.9526,0.9132,0.9551",GAN-swinpix2pix-3D-T2-from-single
T2,ReMIND-079-pre,preop,2,cavity,1,0,0.0,nan,nan,7069,0,"0.9526,0.9132,0.9551",GAN-swinpix2pix-3D-T2-from-single
T2,ReMIND-079-pre,preop,lesion,lesion,1,1,0.19905606782327492,20.900155055301965,0.15472685639515865,21137,24629,"0.9526,0.9132,0.9551",GAN-swinpix2pix-3D-T2-from-single
T2,ReMIND-087-post,postop,1,tumor,0,1,nan,nan,nan,0,25100,"0.8587,0.8570,1.9930",GAN-swinpix2pix-3D-T2-from-single
T2,ReMIND-087-post,postop,2,cavity,1,0,0.0,nan,nan,8781,0,"0.8587,0.8570,1.9930",GAN-swinpix2pix-3D-T2-from-single
T2,ReMIND-087-post,postop,lesion,lesion,1,1,0.27909447773088164,14.960212016222592,0.16188953130766393,8781,25100,"0.8587,0.8570,1.9930",GAN-swinpix2pix-3D-T2-from-single
T2,ReMIND-087-pre,preop,1,tumor,1,1,0.005868155790071459,28.754146888008265,0.029030880888003416,11505,9626,"0.9766,0.9734,0.9968",GAN-swinpix2pix-3D-T2-from-single
T2,ReMIND-087-pre,preop,2,cavity,1,0,0.0,nan,nan,11681,0,"0.9766,0.9734,0.9968",GAN-swinpix2pix-3D-T2-from-single
T2,ReMIND-087-pre,preop,lesion,lesion,1,1,0.008045836888943069,28.364711385727958,0.05651077487391105,23186,9626,"0.9766,0.9734,0.9968",GAN-swinpix2pix-3D-T2-from-single
T2,ReMIND-091-post,postop,1,tumor,0,1,nan,nan,nan,0,16814,"0.8574,0.8545,1.9930",GAN-swinpix2pix-3D-T2-from-single
T2,ReMIND-091-post,postop,2,cavity,1,1,0.0,28.387177033882846,0.0,7894,70,"0.8574,0.8545,1.9930",GAN-swinpix2pix-3D-T2-from-single
T2,ReMIND-091-post,postop,lesion,lesion,1,1,0.2661231737831948,12.162055867753992,0.2196268547083884,7894,16884,"0.8574,0.8545,1.9930",GAN-swinpix2pix-3D-T2-from-single
T2,ReMIND-091-pre,preop,1,tumor,1,1,0.4379403292419107,13.54660010247892,0.18376316444149599,25347,61094,"0.9733,0.9707,0.9931",GAN-swinpix2pix-3D-T2-from-single
T2,ReMIND-091-pre,preop,2,cavity,0,0,nan,nan,nan,0,0,"0.9733,0.9707,0.9931",GAN-swinpix2pix-3D-T2-from-single
T2,ReMIND-091-pre,preop,lesion,lesion,1,1,0.4379403292419107,13.54660010247892,0.18376316444149599,25347,61094,"0.9733,0.9707,0.9931",GAN-swinpix2pix-3D-T2-from-single
T2,ReMIND-096-post,postop,1,tumor,0,1,nan,nan,nan,0,3047,"0.8569,0.8553,1.9849",GAN-swinpix2pix-3D-T2-from-single
T2,ReMIND-096-post,postop,2,cavity,1,1,0.09818913480885312,12.365533432003474,0.25555555555555554,2166,319,"0.8569,0.8553,1.9849",GAN-swinpix2pix-3D-T2-from-single
T2,ReMIND-096-post,postop,lesion,lesion,1,1,0.044107013738250184,37.05958205249786,0.10988607129731716,2166,3366,"0.8569,0.8553,1.9849",GAN-swinpix2pix-3D-T2-from-single
T2,ReMIND-096-pre,preop,1,tumor,1,1,0.333873091569095,18.770743386751263,0.0339329517579722,18774,93622,"0.9755,0.9626,0.9851",GAN-swinpix2pix-3D-T2-from-single
T2,ReMIND-096-pre,preop,2,cavity,0,0,nan,nan,nan,0,0,"0.9755,0.9626,0.9851",GAN-swinpix2pix-3D-T2-from-single
T2,ReMIND-096-pre,preop,lesion,lesion,1,1,0.333873091569095,18.770743386751263,0.0339329517579722,18774,93622,"0.9755,0.9626,0.9851",GAN-swinpix2pix-3D-T2-from-single
T2,ReMIND-102-pre,preop,1,tumor,1,1,0.19495790732841312,0.9842534834797244,1.0,7693,36614,"0.0008,0.0174,0.0887",GAN-swinpix2pix-3D-T2-from-single
T2,ReMIND-102-pre,preop,2,cavity,0,1,nan,nan,nan,0,615,"0.0008,0.0174,0.0887",GAN-swinpix2pix-3D-T2-from-single
T2,ReMIND-102-pre,preop,lesion,lesion,1,1,0.19228885623970438,0.9820157565749744,1.0,7693,37229,"0.0008,0.0174,0.0887",GAN-swinpix2pix-3D-T2-from-single
T2,ReMIND-107-post,postop,1,tumor,1,1,0.03963120957754231,23.02239906804455,0.08176852167975418,3621,18180,"0.8587,0.8481,1.9732",GAN-swinpix2pix-3D-T2-from-single
T2,ReMIND-107-post,postop,2,cavity,1,1,0.0,34.53468631233317,0.0,879,3,"0.8587,0.8481,1.9732",GAN-swinpix2pix-3D-T2-from-single
T2,ReMIND-107-post,postop,lesion,lesion,1,1,0.07424062072918045,20.678009210050607,0.13378828757340105,4500,18183,"0.8587,0.8481,1.9732",GAN-swinpix2pix-3D-T2-from-single
T2,ReMIND-107-pre,preop,1,tumor,1,1,0.35522076718043805,13.849683508248566,0.30924626255828486,57631,114949,"0.2343,0.2312,4.9330",GAN-swinpix2pix-3D-T2-from-single
T2,ReMIND-107-pre,preop,2,cavity,0,1,nan,nan,nan,0,8307,"0.2343,0.2312,4.9330",GAN-swinpix2pix-3D-T2-from-single
T2,ReMIND-107-pre,preop,lesion,lesion,1,1,0.37574839540707733,13.876088443514416,0.326099404489235,57631,123256,"0.2343,0.2312,4.9330",GAN-swinpix2pix-3D-T2-from-single
T2,ReMIND-109-post,postop,1,tumor,0,1,nan,nan,nan,0,31511,"0.8585,0.8371,1.9460",GAN-swinpix2pix-3D-T2-from-single
T2,ReMIND-109-post,postop,2,cavity,1,1,0.0,48.8396713798651,0.0,3408,72,"0.8585,0.8371,1.9460",GAN-swinpix2pix-3D-T2-from-single
T2,ReMIND-109-post,postop,lesion,lesion,1,1,0.0,52.09896686194651,0.0,3408,31583,"0.8585,0.8371,1.9460",GAN-swinpix2pix-3D-T2-from-single
T2,ReMIND-109-pre,preop,1,tumor,1,1,0.17639829385256767,46.55596040012436,0.17584394023242944,10361,72633,"0.9755,0.9400,0.9620",GAN-swinpix2pix-3D-T2-from-single
T2,ReMIND-109-pre,preop,2,cavity,0,0,nan,nan,nan,0,0,"0.9755,0.9400,0.9620",GAN-swinpix2pix-3D-T2-from-single
T2,ReMIND-109-pre,preop,lesion,lesion,1,1,0.17639829385256767,46.55596040012436,0.17584394023242944,10361,72633,"0.9755,0.9400,0.9620",GAN-swinpix2pix-3D-T2-from-single
T2,ReMIND-003-post,postop,1,tumor,0,1,nan,nan,nan,0,1099,"0.9264,0.9265,1.9922",REAL_T2
T2,ReMIND-003-post,postop,2,cavity,1,1,0.7778981581798483,2.0715959360846536,0.8796400449943758,2099,1593,"0.9264,0.9265,1.9922",REAL_T2
T2,ReMIND-003-post,postop,lesion,lesion,1,1,0.6086412022542267,6.257881887221751,0.6865273454868831,2099,2692,"0.9264,0.9265,1.9922",REAL_T2
T2,ReMIND-003-pre,preop,1,tumor,1,1,0.8033710666733157,2.186372544139961,0.7701962574167047,10844,9209,"0.9757,0.9586,0.9825",REAL_T2
T2,ReMIND-003-pre,preop,2,cavity,0,0,nan,nan,nan,0,0,"0.9757,0.9586,0.9825",REAL_T2
T2,ReMIND-003-pre,preop,lesion,lesion,1,1,0.8033710666733157,2.186372544139961,0.7701962574167047,10844,9209,"0.9757,0.9586,0.9825",REAL_T2
T2,ReMIND-004-pre,preop,1,tumor,1,1,0.9091745228788227,0.9625694155693054,0.9963662790697675,2043,2306,"0.9761,0.9626,0.9802",REAL_T2
T2,ReMIND-004-pre,preop,2,cavity,0,0,nan,nan,nan,0,0,"0.9761,0.9626,0.9802",REAL_T2
T2,ReMIND-004-pre,preop,lesion,lesion,1,1,0.9091745228788227,0.9625694155693054,0.9963662790697675,2043,2306,"0.9761,0.9626,0.9802",REAL_T2
T2,ReMIND-023-pre,preop,1,tumor,1,1,0.8207171314741036,2.1714010358124507,0.8419014084507043,3895,2882,"0.6872,0.6822,2.1845",REAL_T2
T2,ReMIND-023-pre,preop,2,cavity,0,1,nan,nan,nan,0,116,"0.6872,0.6822,2.1845",REAL_T2
T2,ReMIND-023-pre,preop,lesion,lesion,1,1,0.8382416944726534,2.0465333461761475,0.8487854943551146,3895,2998,"0.6872,0.6822,2.1845",REAL_T2
T2,ReMIND-031-post,postop,1,tumor,0,0,nan,nan,nan,0,0,"0.0027,0.1312,0.0963",REAL_T2
T2,ReMIND-031-post,postop,2,cavity,1,1,0.5257150621645492,0.6877194210510982,0.9951528975693207,32424,11733,"0.0027,0.1312,0.0963",REAL_T2
T2,ReMIND-031-post,postop,lesion,lesion,1,1,0.5257150621645492,0.6877194210510982,0.9951528975693207,32424,11733,"0.0027,0.1312,0.0963",REAL_T2
T2,ReMIND-031-pre,preop,1,tumor,1,1,0.641299424060053,7.792169547624093,0.6225037577839811,8344,7109,"0.9766,0.9754,0.9990",REAL_T2
T2,ReMIND-031-pre,preop,2,cavity,0,1,nan,nan,nan,0,183,"0.9766,0.9754,0.9990",REAL_T2
T2,ReMIND-031-pre,preop,lesion,lesion,1,1,0.6341775390125352,7.730879729243673,0.6133135467458131,8344,7292,"0.9766,0.9754,0.9990",REAL_T2
T2,ReMIND-032-post,postop,1,tumor,1,1,0.32411607531224756,15.852821674957845,0.30141287284144425,13367,2726,"0.8594,0.8379,1.9501",REAL_T2
T2,ReMIND-032-post,postop,2,cavity,1,1,0.8156738710244246,5.80224245029499,0.8034583536288359,6211,5171,"0.8594,0.8379,1.9501",REAL_T2
T2,ReMIND-032-post,postop,lesion,lesion,1,1,0.5677888989990901,6.701384142651462,0.4427299703264095,19578,7897,"0.8594,0.8379,1.9501",REAL_T2
T2,ReMIND-032-pre,preop,1,tumor,1,1,0.7475424740042048,6.691263154006466,0.5599787685774947,32911,19886,"0.8208,0.8169,1.9763",REAL_T2
T2,ReMIND-032-pre,preop,2,cavity,0,1,nan,nan,nan,0,654,"0.8208,0.8169,1.9763",REAL_T2
T2,ReMIND-032-pre,preop,lesion,lesion,1,1,0.7627172550560326,6.617076386905755,0.6101539589442815,32911,20540,"0.8208,0.8169,1.9763",REAL_T2
T2,ReMIND-034-post,postop,1,tumor,1,0,0.0,nan,nan,516,0,"0.8557,0.8490,1.9836",REAL_T2
T2,ReMIND-034-post,postop,2,cavity,1,1,0.7113196154024803,9.100426571055197,0.6924101198402131,12900,8629,"0.8557,0.8490,1.9836",REAL_T2
T2,ReMIND-034-post,postop,lesion,lesion,1,1,0.6952143343161715,9.703842396314295,0.6990591730626393,13416,8629,"0.8557,0.8490,1.9836",REAL_T2
T2,ReMIND-034-pre,preop,1,tumor,1,1,0.6633706706322556,10.82614655897253,0.43419452887537996,206728,126808,"0.2679,0.2658,4.9631",REAL_T2
T2,ReMIND-034-pre,preop,2,cavity,1,1,0.6367986538360414,10.51118980557128,0.5978417477726484,20636,36415,"0.2679,0.2658,4.9631",REAL_T2
T2,ReMIND-034-pre,preop,lesion,lesion,1,1,0.7496511660654348,7.84021365537469,0.5750244824523446,227364,163223,"0.2679,0.2658,4.9631",REAL_T2
T2,ReMIND-045-post,postop,1,tumor,1,0,0.0,nan,nan,3767,0,"0.7296,0.7296,2.0000",REAL_T2
T2,ReMIND-045-post,postop,2,cavity,1,1,0.42422566371681414,8.398620456144023,0.49478079331941544,4649,2583,"0.7296,0.7296,2.0000",REAL_T2
T2,ReMIND-045-post,postop,lesion,lesion,1,1,0.4193108464405855,8.51018369821024,0.4951640432391428,8416,2583,"0.7296,0.7296,2.0000",REAL_T2
T2,ReMIND-045-pre,preop,1,tumor,1,1,0.8846838602329451,0.7128360708556767,0.930132385865862,123470,116930,"0.2608,0.2430,0.9600",REAL_T2
T2,ReMIND-045-pre,preop,2,cavity,0,0,nan,nan,nan,0,0,"0.2608,0.2430,0.9600",REAL_T2
T2,ReMIND-045-pre,preop,lesion,lesion,1,1,0.8846838602329451,0.7128360708556767,0.930132385865862,123470,116930,"0.2608,0.2430,0.9600",REAL_T2
T2,ReMIND-056-post,postop,1,tumor,0,0,nan,nan,nan,0,0,"0.8539,0.8523,1.9741",REAL_T2
T2,ReMIND-056-post,postop,2,cavity,1,1,0.9604846329127994,0.0,0.9966575146233735,17551,18435,"0.8539,0.8523,1.9741",REAL_T2
T2,ReMIND-056-post,postop,lesion,lesion,1,1,0.9604846329127994,0.0,0.9966575146233735,17551,18435,"0.8539,0.8523,1.9741",REAL_T2
T2,ReMIND-056-pre,preop,1,tumor,1,1,0.30915351171544453,14.938498881590089,0.49725455743465846,55846,12696,"0.7937,0.7936,1.2000",REAL_T2
T2,ReMIND-056-pre,preop,2,cavity,0,1,nan,nan,nan,0,41202,"0.7937,0.7936,1.2000",REAL_T2
T2,ReMIND-056-pre,preop,lesion,lesion,1,1,0.9147288234436507,0.7937123775482178,0.8937214611872146,55846,53898,"0.7937,0.7936,1.2000",REAL_T2
T2,ReMIND-077-post,postop,1,tumor,1,1,0.22585187271191215,12.689156610593688,0.3961393201846412,2094,1457,"0.8558,0.8268,1.9283",REAL_T2
T2,ReMIND-077-post,postop,2,cavity,1,1,0.7573914866848396,3.856660842895508,0.8271653543307087,2767,2002,"0.8558,0.8268,1.9283",REAL_T2
T2,ReMIND-077-post,postop,lesion,lesion,1,1,0.6372596153846154,5.135001540184021,0.7330430797433547,4861,3459,"0.8558,0.8268,1.9283",REAL_T2
T2,ReMIND-077-pre,preop,1,tumor,1,1,0.4020797227036395,9.988380322150727,0.4839090143218197,6841,5853,"0.9765,0.9644,0.9880",REAL_T2
T2,ReMIND-077-pre,preop,2,cavity,1,1,0.918613707165109,0.9643785357475281,0.9731012658227848,5265,5007,"0.9765,0.9644,0.9880",REAL_T2
T2,ReMIND-077-pre,preop,lesion,lesion,1,1,0.6490464164416965,4.0110933447738075,0.7114605085370348,12106,10860,"0.9765,0.9644,0.9880",REAL_T2
T2,ReMIND-079-post,postop,1,tumor,1,1,0.2772574864146144,11.0762197818829,0.3316609453393187,7260,1389,"0.7990,0.7254,1.8280",REAL_T2
T2,ReMIND-079-post,postop,2,cavity,0,0,nan,nan,nan,0,0,"0.7990,0.7254,1.8280",REAL_T2
T2,ReMIND-079-post,postop,lesion,lesion,1,1,0.2772574864146144,11.0762197818829,0.3316609453393187,7260,1389,"0.7990,0.7254,1.8280",REAL_T2
T2,ReMIND-079-pre,preop,1,tumor,1,1,0.40943249546514643,18.588433212199227,0.3532363271450075,14068,5227,"0.9526,0.9132,0.9551",REAL_T2
T2,ReMIND-079-pre,preop,2,cavity,1,1,0.0,33.95259538076967,0.0,7069,686,"0.9526,0.9132,0.9551",REAL_T2
T2,ReMIND-079-pre,preop,lesion,lesion,1,1,0.3659889094269871,16.634968201294107,0.3057187387603405,21137,5913,"0.9526,0.9132,0.9551",REAL_T2
T2,ReMIND-087-post,postop,1,tumor,0,1,nan,nan,nan,0,2076,"0.8587,0.8570,1.9930",REAL_T2
T2,ReMIND-087-post,postop,2,cavity,1,1,0.44054077327133384,10.381106353944565,0.4777373920945025,8781,2832,"0.8587,0.8570,1.9930",REAL_T2
T2,ReMIND-087-post,postop,lesion,lesion,1,1,0.4277887354810432,9.984611558471032,0.4607919254658385,8781,4908,"0.8587,0.8570,1.9930",REAL_T2
T2,ReMIND-087-pre,preop,1,tumor,1,1,0.5531554426090639,8.103247843085404,0.6597633136094675,11505,16827,"0.9766,0.9734,0.9968",REAL_T2
T2,ReMIND-087-pre,preop,2,cavity,1,1,0.01831595013991351,26.046167630781788,0.10126172759624717,11681,112,"0.9766,0.9734,0.9968",REAL_T2
T2,ReMIND-087-pre,preop,lesion,lesion,1,1,0.7471651090342679,5.621953496063843,0.7368916797488226,23186,16939,"0.9766,0.9734,0.9968",REAL_T2
T2,ReMIND-091-post,postop,1,tumor,0,1,nan,nan,nan,0,495,"0.8574,0.8545,1.9930",REAL_T2
T2,ReMIND-091-post,postop,2,cavity,1,1,0.873575189492565,6.0792156505938895,0.8188585607940446,7894,9389,"0.8574,0.8545,1.9930",REAL_T2
T2,ReMIND-091-post,postop,lesion,lesion,1,1,0.8548768140398245,6.100398993742793,0.7879609544468547,7894,9884,"0.8574,0.8545,1.9930",REAL_T2
T2,ReMIND-091-pre,preop,1,tumor,1,1,0.8693807761400775,1.3905204677981422,0.8207620528771384,25347,20856,"0.9733,0.9707,0.9931",REAL_T2
T2,ReMIND-091-pre,preop,2,cavity,0,1,nan,nan,nan,0,576,"0.9733,0.9707,0.9931",REAL_T2
T2,ReMIND-091-pre,preop,lesion,lesion,1,1,0.8833023365185233,1.3886502248961452,0.8463391781555347,25347,21432,"0.9733,0.9707,0.9931",REAL_T2
T2,ReMIND-096-post,postop,1,tumor,0,0,nan,nan,nan,0,0,"0.8569,0.8553,1.9849",REAL_T2
T2,ReMIND-096-post,postop,2,cavity,1,1,0.9221453287197232,0.8553285002708435,0.9872514023457419,2166,2458,"0.8569,0.8553,1.9849",REAL_T2
T2,ReMIND-096-post,postop,lesion,lesion,1,1,0.9221453287197232,0.8553285002708435,0.9872514023457419,2166,2458,"0.8569,0.8553,1.9849",REAL_T2
T2,ReMIND-096-pre,preop,1,tumor,1,1,0.8869888908276624,1.3704562932798152,0.8891547049441786,18774,15612,"0.9755,0.9626,0.9851",REAL_T2
T2,ReMIND-096-pre,preop,2,cavity,0,0,nan,nan,nan,0,0,"0.9755,0.9626,0.9851",REAL_T2
T2,ReMIND-096-pre,preop,lesion,lesion,1,1,0.8869888908276624,1.3704562932798152,0.8891547049441786,18774,15612,"0.9755,0.9626,0.9851",REAL_T2
T2,ReMIND-102-pre,preop,1,tumor,1,1,0.31737499630821936,0.22548204563715524,1.0,7693,26166,"0.0008,0.0174,0.0887",REAL_T2
T2,ReMIND-102-pre,preop,2,cavity,0,1,nan,nan,nan,0,101,"0.0008,0.0174,0.0887",REAL_T2
T2,ReMIND-102-pre,preop,lesion,lesion,1,1,0.31778563015312133,0.2165690012861892,1.0,7693,26267,"0.0008,0.0174,0.0887",REAL_T2
T2,ReMIND-107-post,postop,1,tumor,1,0,0.0,nan,nan,3621,0,"0.8587,0.8481,1.9732",REAL_T2
T2,ReMIND-107-post,postop,2,cavity,1,0,0.0,nan,nan,879,0,"0.8587,0.8481,1.9732",REAL_T2
T2,ReMIND-107-post,postop,lesion,lesion,1,0,0.0,nan,nan,4500,0,"0.8587,0.8481,1.9732",REAL_T2
T2,ReMIND-107-pre,preop,1,tumor,1,1,0.642426404389407,6.109945939493976,0.6634374177095893,57631,60107,"0.2343,0.2312,4.9330",REAL_T2
T2,ReMIND-107-pre,preop,2,cavity,0,1,nan,nan,nan,0,3341,"0.2343,0.2312,4.9330",REAL_T2
T2,ReMIND-107-pre,preop,lesion,lesion,1,1,0.6798866855524079,5.672549275976151,0.6850450894937368,57631,63448,"0.2343,0.2312,4.9330",REAL_T2
T2,ReMIND-109-post,postop,1,tumor,0,0,nan,nan,nan,0,0,"0.8585,0.8371,1.9460",REAL_T2
T2,ReMIND-109-post,postop,2,cavity,1,1,0.5411764705882353,5.5693382434603285,0.5780399274047187,3408,1267,"0.8585,0.8371,1.9460",REAL_T2
T2,ReMIND-109-post,postop,lesion,lesion,1,1,0.5411764705882353,5.5693382434603285,0.5780399274047187,3408,1267,"0.8585,0.8371,1.9460",REAL_T2
T2,ReMIND-109-pre,preop,1,tumor,1,1,0.6911088286518108,3.847867488861084,0.6645317638912931,10361,12032,"0.9755,0.9400,0.9620",REAL_T2
T2,ReMIND-109-pre,preop,2,cavity,0,1,nan,nan,nan,0,969,"0.9755,0.9400,0.9620",REAL_T2
T2,ReMIND-109-pre,preop,lesion,lesion,1,1,0.7453985104015067,3.847867488861084,0.6793436293436294,10361,13001,"0.9755,0.9400,0.9620",REAL_T2
T2,ReMIND-003-post,postop,1,tumor,0,1,nan,nan,nan,0,4643,"0.9264,0.9265,1.9922",ResViT-2.5D-T2-from-dual
T2,ReMIND-003-post,postop,2,cavity,1,1,0.34450506625097427,6.188701906900596,0.30678466076696165,2099,467,"0.9264,0.9265,1.9922",ResViT-2.5D-T2-from-dual
T2,ReMIND-003-post,postop,lesion,lesion,1,1,0.3756415591621584,39.84547669972908,0.31561350718823133,2099,5110,"0.9264,0.9265,1.9922",ResViT-2.5D-T2-from-dual
T2,ReMIND-003-pre,preop,1,tumor,1,1,0.7197002325781721,16.70260363817215,0.5953890489913545,10844,12374,"0.9757,0.9586,0.9825",ResViT-2.5D-T2-from-dual
T2,ReMIND-003-pre,preop,2,cavity,0,0,nan,nan,nan,0,0,"0.9757,0.9586,0.9825",ResViT-2.5D-T2-from-dual
T2,ReMIND-003-pre,preop,lesion,lesion,1,1,0.7197002325781721,16.70260363817215,0.5953890489913545,10844,12374,"0.9757,0.9586,0.9825",ResViT-2.5D-T2-from-dual
T2,ReMIND-004-pre,preop,1,tumor,1,1,0.635623869801085,2.929267599664423,0.6100852272727273,2043,2381,"0.9761,0.9626,0.9802",ResViT-2.5D-T2-from-dual
T2,ReMIND-004-pre,preop,2,cavity,0,1,nan,nan,nan,0,12,"0.9761,0.9626,0.9802",ResViT-2.5D-T2-from-dual
T2,ReMIND-004-pre,preop,lesion,lesion,1,1,0.6379621280432822,2.929267599664423,0.6114649681528662,2043,2393,"0.9761,0.9626,0.9802",ResViT-2.5D-T2-from-dual
T2,ReMIND-023-pre,preop,1,tumor,1,1,0.46680080482897385,26.718338945099994,0.36313815979232766,3895,3063,"0.6872,0.6822,2.1845",ResViT-2.5D-T2-from-dual
T2,ReMIND-023-pre,preop,2,cavity,0,0,nan,nan,nan,0,0,"0.6872,0.6822,2.1845",ResViT-2.5D-T2-from-dual
T2,ReMIND-023-pre,preop,lesion,lesion,1,1,0.46680080482897385,26.718338945099994,0.36313815979232766,3895,3063,"0.6872,0.6822,2.1845",ResViT-2.5D-T2-from-dual
T2,ReMIND-031-post,postop,1,tumor,0,1,nan,nan,nan,0,16370,"0.0027,0.1312,0.0963",ResViT-2.5D-T2-from-dual
T2,ReMIND-031-post,postop,2,cavity,1,0,0.0,nan,nan,32424,0,"0.0027,0.1312,0.0963",ResViT-2.5D-T2-from-dual
T2,ReMIND-031-post,postop,lesion,lesion,1,1,0.0645981063245481,1.7724693017450166,0.9412831241283124,32424,16370,"0.0027,0.1312,0.0963",ResViT-2.5D-T2-from-dual
T2,ReMIND-031-pre,preop,1,tumor,1,1,0.3302187415608966,12.168416164878401,0.3135514882603069,8344,10171,"0.9766,0.9754,0.9990",ResViT-2.5D-T2-from-dual
T2,ReMIND-031-pre,preop,2,cavity,0,0,nan,nan,nan,0,0,"0.9766,0.9754,0.9990",ResViT-2.5D-T2-from-dual
T2,ReMIND-031-pre,preop,lesion,lesion,1,1,0.3302187415608966,12.168416164878401,0.3135514882603069,8344,10171,"0.9766,0.9754,0.9990",ResViT-2.5D-T2-from-dual
T2,ReMIND-032-post,postop,1,tumor,1,1,0.11606894634417571,20.808811816173396,0.11929378081756005,13367,1021,"0.8594,0.8379,1.9501",ResViT-2.5D-T2-from-dual
T2,ReMIND-032-post,postop,2,cavity,1,0,0.0,nan,nan,6211,0,"0.8594,0.8379,1.9501",ResViT-2.5D-T2-from-dual
T2,ReMIND-032-post,postop,lesion,lesion,1,1,0.08709160638865965,20.32594454341286,0.10938461538461539,19578,1021,"0.8594,0.8379,1.9501",ResViT-2.5D-T2-from-dual
T2,ReMIND-032-pre,preop,1,tumor,1,1,0.11844022282531066,18.243993944818907,0.08121442125237191,32911,2094,"0.8208,0.8169,1.9763",ResViT-2.5D-T2-from-dual
T2,ReMIND-032-pre,preop,2,cavity,0,0,nan,nan,nan,0,0,"0.8208,0.8169,1.9763",ResViT-2.5D-T2-from-dual
T2,ReMIND-032-pre,preop,lesion,lesion,1,1,0.11844022282531066,18.243993944818907,0.08121442125237191,32911,2094,"0.8208,0.8169,1.9763",ResViT-2.5D-T2-from-dual
T2,ReMIND-034-post,postop,1,tumor,1,1,0.04078119827871566,27.02825384904965,0.10266900448081044,516,14589,"0.8557,0.8490,1.9836",ResViT-2.5D-T2-from-dual
T2,ReMIND-034-post,postop,2,cavity,1,0,0.0,nan,nan,12900,0,"0.8557,0.8490,1.9836",ResViT-2.5D-T2-from-dual
T2,ReMIND-034-post,postop,lesion,lesion,1,1,0.10169612569184074,27.51909924288082,0.0880085653104925,13416,14589,"0.8557,0.8490,1.9836",ResViT-2.5D-T2-from-dual
T2,ReMIND-034-pre,preop,1,tumor,1,1,0.4762411395578927,15.365327868897191,0.30519319211789586,206728,88404,"0.2679,0.2658,4.9631",ResViT-2.5D-T2-from-dual
T2,ReMIND-034-pre,preop,2,cavity,1,1,0.0,54.23742563368528,0.0,20636,43258,"0.2679,0.2658,4.9631",ResViT-2.5D-T2-from-dual
T2,ReMIND-034-pre,preop,lesion,lesion,1,1,0.5285466790705966,13.62859730362583,0.41258328081390117,227364,131662,"0.2679,0.2658,4.9631",ResViT-2.5D-T2-from-dual
T2,ReMIND-045-post,postop,1,tumor,1,1,0.25127334465195245,14.520750881550093,0.308361336232457,3767,8602,"0.7296,0.7296,2.0000",ResViT-2.5D-T2-from-dual
T2,ReMIND-045-post,postop,2,cavity,1,0,0.0,nan,nan,4649,0,"0.7296,0.7296,2.0000",ResViT-2.5D-T2-from-dual
T2,ReMIND-045-post,postop,lesion,lesion,1,1,0.3638500411329181,13.041565038092493,0.3444461282012426,8416,8602,"0.7296,0.7296,2.0000",ResViT-2.5D-T2-from-dual
T2,ReMIND-045-pre,preop,1,tumor,1,1,0.7975996927836457,1.6904861762701986,0.7582729694621194,123470,155161,"0.2608,0.2430,0.9600",ResViT-2.5D-T2-from-dual
T2,ReMIND-045-pre,preop,2,cavity,0,0,nan,nan,nan,0,0,"0.2608,0.2430,0.9600",ResViT-2.5D-T2-from-dual
T2,ReMIND-045-pre,preop,lesion,lesion,1,1,0.7975996927836457,1.6904861762701986,0.7582729694621194,123470,155161,"0.2608,0.2430,0.9600",ResViT-2.5D-T2-from-dual
T2,ReMIND-056-post,postop,1,tumor,0,1,nan,nan,nan,0,7815,"0.8539,0.8523,1.9741",ResViT-2.5D-T2-from-dual
T2,ReMIND-056-post,postop,2,cavity,1,0,0.0,nan,nan,17551,0,"0.8539,0.8523,1.9741",ResViT-2.5D-T2-from-dual
T2,ReMIND-056-post,postop,lesion,lesion,1,1,0.05669005755736024,18.245052565014067,0.21507197290431837,17551,7815,"0.8539,0.8523,1.9741",ResViT-2.5D-T2-from-dual
T2,ReMIND-056-pre,preop,1,tumor,1,1,0.8301337118099649,2.5453575881523167,0.7251273642911519,55846,51250,"0.7937,0.7936,1.2000",ResViT-2.5D-T2-from-dual
T2,ReMIND-056-pre,preop,2,cavity,0,1,nan,nan,nan,0,52,"0.7937,0.7936,1.2000",ResViT-2.5D-T2-from-dual
T2,ReMIND-056-pre,preop,lesion,lesion,1,1,0.8307014596632695,2.5453575881523167,0.7267404414778382,55846,51302,"0.7937,0.7936,1.2000",ResViT-2.5D-T2-from-dual
T2,ReMIND-077-post,postop,1,tumor,1,1,0.09616101379053299,20.748734780433818,0.1717517997943092,2094,3272,"0.8558,0.8268,1.9283",ResViT-2.5D-T2-from-dual
T2,ReMIND-077-post,postop,2,cavity,1,0,0.0,nan,nan,2767,0,"0.8558,0.8268,1.9283",ResViT-2.5D-T2-from-dual
T2,ReMIND-077-post,postop,lesion,lesion,1,1,0.08238042542727161,19.442187030768864,0.16771844660194174,4861,3272,"0.8558,0.8268,1.9283",ResViT-2.5D-T2-from-dual
T2,ReMIND-077-pre,preop,1,tumor,1,1,0.2955432326966523,12.502095129078352,0.3671238322401113,6841,2897,"0.9765,0.9644,0.9880",ResViT-2.5D-T2-from-dual
T2,ReMIND-077-pre,preop,2,cavity,1,0,0.0,nan,nan,5265,0,"0.9765,0.9644,0.9880",ResViT-2.5D-T2-from-dual
T2,ReMIND-077-pre,preop,lesion,lesion,1,1,0.19449443444644404,15.052527731671228,0.3289205702647658,12106,2897,"0.9765,0.9644,0.9880",ResViT-2.5D-T2-from-dual
T2,ReMIND-079-post,postop,1,tumor,1,1,0.05807282519611287,23.082488361550723,0.1197930846719303,7260,1281,"0.7990,0.7254,1.8280",ResViT-2.5D-T2-from-dual
T2,ReMIND-079-post,postop,2,cavity,0,0,nan,nan,nan,0,0,"0.7990,0.7254,1.8280",ResViT-2.5D-T2-from-dual
T2,ReMIND-079-post,postop,lesion,lesion,1,1,0.05807282519611287,23.082488361550723,0.1197930846719303,7260,1281,"0.7990,0.7254,1.8280",ResViT-2.5D-T2-from-dual
T2,ReMIND-079-pre,preop,1,tumor,1,1,0.15529243767477838,11.892675689566824,0.10809018567639257,14068,2739,"0.9526,0.9132,0.9551",ResViT-2.5D-T2-from-dual
T2,ReMIND-079-pre,preop,2,cavity,1,1,0.0,36.88809176855055,0.0,7069,872,"0.9526,0.9132,0.9551",ResViT-2.5D-T2-from-dual
T2,ReMIND-079-pre,preop,lesion,lesion,1,1,0.10546306772264426,14.215335144449531,0.08434898033063835,21137,3611,"0.9526,0.9132,0.9551",ResViT-2.5D-T2-from-dual
T2,ReMIND-087-post,postop,1,tumor,0,1,nan,nan,nan,0,6134,"0.8587,0.8570,1.9930",ResViT-2.5D-T2-from-dual
T2,ReMIND-087-post,postop,2,cavity,1,0,0.0,nan,nan,8781,0,"0.8587,0.8570,1.9930",ResViT-2.5D-T2-from-dual
T2,ReMIND-087-post,postop,lesion,lesion,1,1,0.31780087160576603,14.004773725714307,0.27335907335907333,8781,6134,"0.8587,0.8570,1.9930",ResViT-2.5D-T2-from-dual
T2,ReMIND-087-pre,preop,1,tumor,1,1,0.0004919645785503444,25.858620311834375,0.01384083044982699,11505,691,"0.9766,0.9734,0.9968",ResViT-2.5D-T2-from-dual
T2,ReMIND-087-pre,preop,2,cavity,1,0,0.0,nan,nan,11681,0,"0.9766,0.9734,0.9968",ResViT-2.5D-T2-from-dual
T2,ReMIND-087-pre,preop,lesion,lesion,1,1,0.05720986723625246,23.132182149561704,0.023730422401518746,23186,691,"0.9766,0.9734,0.9968",ResViT-2.5D-T2-from-dual
T2,ReMIND-091-post,postop,1,tumor,0,1,nan,nan,nan,0,5234,"0.8574,0.8545,1.9930",ResViT-2.5D-T2-from-dual
T2,ReMIND-091-post,postop,2,cavity,1,1,0.28775421895283426,11.985267827022291,0.18865943297164858,7894,1350,"0.8574,0.8545,1.9930",ResViT-2.5D-T2-from-dual
T2,ReMIND-091-post,postop,lesion,lesion,1,1,0.43928719436386243,9.455472824037352,0.2859313938341294,7894,6584,"0.8574,0.8545,1.9930",ResViT-2.5D-T2-from-dual
T2,ReMIND-091-pre,preop,1,tumor,1,1,0.6173011811532397,6.9514466524124146,0.4312102852076252,25347,13344,"0.9733,0.9707,0.9931",ResViT-2.5D-T2-from-dual
T2,ReMIND-091-pre,preop,2,cavity,0,0,nan,nan,nan,0,0,"0.9733,0.9707,0.9931",ResViT-2.5D-T2-from-dual
T2,ReMIND-091-pre,preop,lesion,lesion,1,1,0.6173011811532397,6.9514466524124146,0.4312102852076252,25347,13344,"0.9733,0.9707,0.9931",ResViT-2.5D-T2-from-dual
T2,ReMIND-096-post,postop,1,tumor,0,1,nan,nan,nan,0,4031,"0.8569,0.8553,1.9849",ResViT-2.5D-T2-from-dual
T2,ReMIND-096-post,postop,2,cavity,1,1,0.37445573294629897,8.946272078269667,0.4172821270310192,2166,590,"0.8569,0.8553,1.9849",ResViT-2.5D-T2-from-dual
T2,ReMIND-096-post,postop,lesion,lesion,1,1,0.17150434654486518,29.4093572115852,0.24268077601410934,2166,4621,"0.8569,0.8553,1.9849",ResViT-2.5D-T2-from-dual
T2,ReMIND-096-pre,preop,1,tumor,1,1,0.5721152891166598,10.77340180988667,0.3006535947712418,18774,31569,"0.9755,0.9626,0.9851",ResViT-2.5D-T2-from-dual
T2,ReMIND-096-pre,preop,2,cavity,0,0,nan,nan,nan,0,0,"0.9755,0.9626,0.9851",ResViT-2.5D-T2-from-dual
T2,ReMIND-096-pre,preop,lesion,lesion,1,1,0.5721152891166598,10.77340180988667,0.3006535947712418,18774,31569,"0.9755,0.9626,0.9851",ResViT-2.5D-T2-from-dual
T2,ReMIND-102-pre,preop,1,tumor,1,1,0.08057281593350069,0.2257844482730005,1.0,7693,16608,"0.0008,0.0174,0.0887",ResViT-2.5D-T2-from-dual
T2,ReMIND-102-pre,preop,2,cavity,0,1,nan,nan,nan,0,26,"0.0008,0.0174,0.0887",ResViT-2.5D-T2-from-dual
T2,ReMIND-102-pre,preop,lesion,lesion,1,1,0.08048670201833354,0.21565115530621604,1.0,7693,16634,"0.0008,0.0174,0.0887",ResViT-2.5D-T2-from-dual
T2,ReMIND-107-post,postop,1,tumor,1,1,0.056245151280062064,12.899363987620259,0.11021194605009633,3621,1535,"0.8587,0.8481,1.9732",ResViT-2.5D-T2-from-dual
T2,ReMIND-107-post,postop,2,cavity,1,1,0.0,26.493823947480525,0.0,879,10,"0.8587,0.8481,1.9732",ResViT-2.5D-T2-from-dual
T2,ReMIND-107-post,postop,lesion,lesion,1,1,0.05128205128205128,14.982644753594458,0.10239579914670167,4500,1545,"0.8587,0.8481,1.9732",ResViT-2.5D-T2-from-dual
T2,ReMIND-107-pre,preop,1,tumor,1,1,0.3560328842651089,11.821881810283298,0.3035792409493602,57631,64251,"0.2343,0.2312,4.9330",ResViT-2.5D-T2-from-dual
T2,ReMIND-107-pre,preop,2,cavity,0,1,nan,nan,nan,0,1940,"0.2343,0.2312,4.9330",ResViT-2.5D-T2-from-dual
T2,ReMIND-107-pre,preop,lesion,lesion,1,1,0.35045468495097803,12.848252767241025,0.29849223291846244,57631,66191,"0.2343,0.2312,4.9330",ResViT-2.5D-T2-from-dual
T2,ReMIND-109-post,postop,1,tumor,0,1,nan,nan,nan,0,1225,"0.8585,0.8371,1.9460",ResViT-2.5D-T2-from-dual
T2,ReMIND-109-post,postop,2,cavity,1,1,0.30043331728454503,14.614716283137463,0.3605546995377504,3408,746,"0.8585,0.8371,1.9460",ResViT-2.5D-T2-from-dual
T2,ReMIND-109-post,postop,lesion,lesion,1,1,0.3413273842721695,13.396297501916976,0.33085808580858084,3408,1971,"0.8585,0.8371,1.9460",ResViT-2.5D-T2-from-dual
T2,ReMIND-109-pre,preop,1,tumor,1,1,0.7498586239396795,2.369741304462637,0.6577068458630827,10361,10859,"0.9755,0.9400,0.9620",ResViT-2.5D-T2-from-dual
T2,ReMIND-109-pre,preop,2,cavity,0,0,nan,nan,nan,0,0,"0.9755,0.9400,0.9620",ResViT-2.5D-T2-from-dual
T2,ReMIND-109-pre,preop,lesion,lesion,1,1,0.7498586239396795,2.369741304462637,0.6577068458630827,10361,10859,"0.9755,0.9400,0.9620",ResViT-2.5D-T2-from-dual
T2,ReMIND-003-post,postop,1,tumor,0,1,nan,nan,nan,0,2722,"0.9264,0.9265,1.9922",ResViT-2.5D-T2-from-single
T2,ReMIND-003-post,postop,2,cavity,1,1,0.5498832165498833,4.8579670497784715,0.5533028122956181,2099,898,"0.9264,0.9265,1.9922",ResViT-2.5D-T2-from-single
T2,ReMIND-003-post,postop,lesion,lesion,1,1,0.5287637698898409,4.98951250096949,0.5037067545304778,2099,3620,"0.9264,0.9265,1.9922",ResViT-2.5D-T2-from-single
T2,ReMIND-003-pre,preop,1,tumor,1,1,0.7572063132029109,3.0390600664104417,0.6547829937998229,10844,10318,"0.9757,0.9586,0.9825",ResViT-2.5D-T2-from-single
T2,ReMIND-003-pre,preop,2,cavity,0,0,nan,nan,nan,0,0,"0.9757,0.9586,0.9825",ResViT-2.5D-T2-from-single
T2,ReMIND-003-pre,preop,lesion,lesion,1,1,0.7572063132029109,3.0390600664104417,0.6547829937998229,10844,10318,"0.9757,0.9586,0.9825",ResViT-2.5D-T2-from-single
T2,ReMIND-004-pre,preop,1,tumor,1,1,0.5455927051671733,41.979282763971376,0.5725534308211474,2043,3221,"0.9761,0.9626,0.9802",ResViT-2.5D-T2-from-single
T2,ReMIND-004-pre,preop,2,cavity,0,0,nan,nan,nan,0,0,"0.9761,0.9626,0.9802",ResViT-2.5D-T2-from-single
T2,ReMIND-004-pre,preop,lesion,lesion,1,1,0.5455927051671733,41.979282763971376,0.5725534308211474,2043,3221,"0.9761,0.9626,0.9802",ResViT-2.5D-T2-from-single
T2,ReMIND-023-pre,preop,1,tumor,1,1,0.5498292960494229,4.305795025136385,0.38910133843212236,3895,2256,"0.6872,0.6822,2.1845",ResViT-2.5D-T2-from-single
T2,ReMIND-023-pre,preop,2,cavity,0,0,nan,nan,nan,0,0,"0.6872,0.6822,2.1845",ResViT-2.5D-T2-from-single
T2,ReMIND-023-pre,preop,lesion,lesion,1,1,0.5498292960494229,4.305795025136385,0.38910133843212236,3895,2256,"0.6872,0.6822,2.1845",ResViT-2.5D-T2-from-single
T2,ReMIND-031-post,postop,1,tumor,0,1,nan,nan,nan,0,3363,"0.0027,0.1312,0.0963",ResViT-2.5D-T2-from-single
T2,ReMIND-031-post,postop,2,cavity,1,0,0.0,nan,nan,32424,0,"0.0027,0.1312,0.0963",ResViT-2.5D-T2-from-single
T2,ReMIND-031-post,postop,lesion,lesion,1,1,0.0,3.281778786454413,0.6613872644574399,32424,3363,"0.0027,0.1312,0.0963",ResViT-2.5D-T2-from-single
T2,ReMIND-031-pre,preop,1,tumor,1,1,0.46756912811958684,10.742176353931427,0.46530872056015277,8344,7243,"0.9766,0.9754,0.9990",ResViT-2.5D-T2-from-single
T2,ReMIND-031-pre,preop,2,cavity,0,1,nan,nan,nan,0,4,"0.9766,0.9754,0.9990",ResViT-2.5D-T2-from-single
T2,ReMIND-031-pre,preop,lesion,lesion,1,1,0.4679622859341928,10.742176353931427,0.4691541233835065,8344,7247,"0.9766,0.9754,0.9990",ResViT-2.5D-T2-from-single
T2,ReMIND-032-post,postop,1,tumor,1,1,0.0,41.95747137285818,0.0,13367,2878,"0.8594,0.8379,1.9501",ResViT-2.5D-T2-from-single
T2,ReMIND-032-post,postop,2,cavity,1,1,0.05747126436781609,30.191560573065193,0.11356354574581702,6211,575,"0.8594,0.8379,1.9501",ResViT-2.5D-T2-from-single
T2,ReMIND-032-post,postop,lesion,lesion,1,1,0.04576440449828492,35.42175278461776,0.0970713598240066,19578,3453,"0.8594,0.8379,1.9501",ResViT-2.5D-T2-from-single
T2,ReMIND-032-pre,preop,1,tumor,1,1,0.2859758423394787,21.21705106344968,0.2105549510337323,32911,6414,"0.8208,0.8169,1.9763",ResViT-2.5D-T2-from-single
T2,ReMIND-032-pre,preop,2,cavity,0,1,nan,nan,nan,0,232,"0.8208,0.8169,1.9763",ResViT-2.5D-T2-from-single
T2,ReMIND-032-pre,preop,lesion,lesion,1,1,0.2909219607149177,21.21478762186689,0.21232351975484295,32911,6646,"0.8208,0.8169,1.9763",ResViT-2.5D-T2-from-single
T2,ReMIND-034-post,postop,1,tumor,1,1,0.09582655826558266,12.153068606533308,0.13225255972696245,516,8709,"0.8557,0.8490,1.9836",ResViT-2.5D-T2-from-single
T2,ReMIND-034-post,postop,2,cavity,1,1,0.13855208111749273,23.547213588823343,0.14971802801528106,12900,1203,"0.8557,0.8490,1.9836",ResViT-2.5D-T2-from-single
T2,ReMIND-034-post,postop,lesion,lesion,1,1,0.5420953360768176,9.366590455389122,0.4384908442915079,13416,9912,"0.8557,0.8490,1.9836",ResViT-2.5D-T2-from-single
T2,ReMIND-034-pre,preop,1,tumor,1,1,0.6582730651576706,9.926162719726562,0.45527887576842024,206728,146001,"0.2679,0.2658,4.9631",ResViT-2.5D-T2-from-single
T2,ReMIND-034-pre,preop,2,cavity,1,0,0.0,nan,nan,20636,0,"0.2679,0.2658,4.9631",ResViT-2.5D-T2-from-single
T2,ReMIND-034-pre,preop,lesion,lesion,1,1,0.6236631714274236,11.024164030841266,0.4316779079615176,227364,146001,"0.2679,0.2658,4.9631",ResViT-2.5D-T2-from-single
T2,ReMIND-045-post,postop,1,tumor,1,1,0.0,28.548208533682434,0.0,3767,5071,"0.7296,0.7296,2.0000",ResViT-2.5D-T2-from-single
T2,ReMIND-045-post,postop,2,cavity,1,0,0.0,nan,nan,4649,0,"0.7296,0.7296,2.0000",ResViT-2.5D-T2-from-single
T2,ReMIND-045-post,postop,lesion,lesion,1,1,0.0,26.959416151772704,0.0,8416,5071,"0.7296,0.7296,2.0000",ResViT-2.5D-T2-from-single
T2,ReMIND-045-pre,preop,1,tumor,1,1,0.8328210965661165,1.2148799747228622,0.8507846196200789,123470,140080,"0.2608,0.2430,0.9600",ResViT-2.5D-T2-from-single
T2,ReMIND-045-pre,preop,2,cavity,0,0,nan,nan,nan,0,0,"0.2608,0.2430,0.9600",ResViT-2.5D-T2-from-single
T2,ReMIND-045-pre,preop,lesion,lesion,1,1,0.8328210965661165,1.2148799747228622,0.8507846196200789,123470,140080,"0.2608,0.2430,0.9600",ResViT-2.5D-T2-from-single
T2,ReMIND-056-post,postop,1,tumor,0,1,nan,nan,nan,0,1827,"0.8539,0.8523,1.9741",ResViT-2.5D-T2-from-single
T2,ReMIND-056-post,postop,2,cavity,1,0,0.0,nan,nan,17551,0,"0.8539,0.8523,1.9741",ResViT-2.5D-T2-from-single
T2,ReMIND-056-post,postop,lesion,lesion,1,1,0.013933326452678295,25.618125671157358,0.08799522197889707,17551,1827,"0.8539,0.8523,1.9741",ResViT-2.5D-T2-from-single
T2,ReMIND-056-pre,preop,1,tumor,1,1,0.7901400943348788,3.3804727454460646,0.6274308491363692,55846,43587,"0.7937,0.7936,1.2000",ResViT-2.5D-T2-from-single
T2,ReMIND-056-pre,preop,2,cavity,0,1,nan,nan,nan,0,356,"0.7937,0.7936,1.2000",ResViT-2.5D-T2-from-single
T2,ReMIND-056-pre,preop,lesion,lesion,1,1,0.7944162182204452,3.3671042839266234,0.6386213580471258,55846,43943,"0.7937,0.7936,1.2000",ResViT-2.5D-T2-from-single
T2,ReMIND-077-post,postop,1,tumor,1,1,0.11579449658024495,16.562361072637305,0.176007866273353,2094,4193,"0.8558,0.8268,1.9283",ResViT-2.5D-T2-from-single
T2,ReMIND-077-post,postop,2,cavity,1,1,0.0375886524822695,15.738454639515565,0.0842358604091456,2767,53,"0.8558,0.8268,1.9283",ResViT-2.5D-T2-from-single
T2,ReMIND-077-post,postop,lesion,lesion,1,1,0.15768090479850663,15.521312130399123,0.23921660060620192,4861,4246,"0.8558,0.8268,1.9283",ResViT-2.5D-T2-from-single
T2,ReMIND-077-pre,preop,1,tumor,1,1,0.4364011155571723,5.708653606349403,0.49011384062312763,6841,9653,"0.9765,0.9644,0.9880",ResViT-2.5D-T2-from-single
T2,ReMIND-077-pre,preop,2,cavity,1,0,0.0,nan,nan,5265,0,"0.9765,0.9644,0.9880",ResViT-2.5D-T2-from-single
T2,ReMIND-077-pre,preop,lesion,lesion,1,1,0.4129785376166184,8.33040797748773,0.46676396444208573,12106,9653,"0.9765,0.9644,0.9880",ResViT-2.5D-T2-from-single
T2,ReMIND-079-post,postop,1,tumor,1,0,0.0,nan,nan,7260,0,"0.7990,0.7254,1.8280",ResViT-2.5D-T2-from-single
T2,ReMIND-079-post,postop,2,cavity,0,1,nan,nan,nan,0,47,"0.7990,0.7254,1.8280",ResViT-2.5D-T2-from-single
T2,ReMIND-079-post,postop,lesion,lesion,1,1,0.01149582592035035,27.414893067857157,0.02362470469119136,7260,47,"0.7990,0.7254,1.8280",ResViT-2.5D-T2-from-single
T2,ReMIND-079-pre,preop,1,tumor,1,1,0.24939262105203683,11.851013824736292,0.32401968566439115,14068,3631,"0.9526,0.9132,0.9551",ResViT-2.5D-T2-from-single
T2,ReMIND-079-pre,preop,2,cavity,1,1,0.0,32.63326286833198,0.005380794701986755,7069,238,"0.9526,0.9132,0.9551",ResViT-2.5D-T2-from-single
T2,ReMIND-079-pre,preop,lesion,lesion,1,1,0.19339358553947053,13.8935949332307,0.25797683762703855,21137,3869,"0.9526,0.9132,0.9551",ResViT-2.5D-T2-from-single
T2,ReMIND-087-post,postop,1,tumor,0,1,nan,nan,nan,0,4138,"0.8587,0.8570,1.9930",ResViT-2.5D-T2-from-single
T2,ReMIND-087-post,postop,2,cavity,1,1,0.013391877058177827,34.08555702837782,0.04698375870069606,8781,329,"0.8587,0.8570,1.9930",ResViT-2.5D-T2-from-single
T2,ReMIND-087-post,postop,lesion,lesion,1,1,0.34208937198067635,14.354164105613277,0.2919152437770006,8781,4467,"0.8587,0.8570,1.9930",ResViT-2.5D-T2-from-single
T2,ReMIND-087-pre,preop,1,tumor,1,1,0.06663543130824093,15.452637217577461,0.15842894969108562,11505,7704,"0.9766,0.9734,0.9968",ResViT-2.5D-T2-from-single
T2,ReMIND-087-pre,preop,2,cavity,1,1,0.0712241653418124,16.606988900485238,0.10480852289087245,11681,899,"0.9766,0.9734,0.9968",ResViT-2.5D-T2-from-single
T2,ReMIND-087-pre,preop,lesion,lesion,1,1,0.379376513888452,13.56577315256009,0.28559453957609865,23186,8603,"0.9766,0.9734,0.9968",ResViT-2.5D-T2-from-single
T2,ReMIND-091-post,postop,1,tumor,0,1,nan,nan,nan,0,4294,"0.8574,0.8545,1.9930",ResViT-2.5D-T2-from-single
T2,ReMIND-091-post,postop,2,cavity,1,1,0.41265090292327644,10.897083139016095,0.32953105196451205,7894,2129,"0.8574,0.8545,1.9930",ResViT-2.5D-T2-from-single
T2,ReMIND-091-post,postop,lesion,lesion,1,1,0.5554236222672347,8.322844017293116,0.45717937792927144,7894,6423,"0.8574,0.8545,1.9930",ResViT-2.5D-T2-from-single
T2,ReMIND-091-pre,preop,1,tumor,1,1,0.700520223086657,6.027318023609227,0.48714891361950186,25347,17327,"0.9733,0.9707,0.9931",ResViT-2.5D-T2-from-single
T2,ReMIND-091-pre,preop,2,cavity,0,0,nan,nan,nan,0,0,"0.9733,0.9707,0.9931",ResViT-2.5D-T2-from-single
T2,ReMIND-091-pre,preop,lesion,lesion,1,1,0.700520223086657,6.027318023609227,0.48714891361950186,25347,17327,"0.9733,0.9707,0.9931",ResViT-2.5D-T2-from-single
T2,ReMIND-096-post,postop,1,tumor,0,1,nan,nan,nan,0,2956,"0.8569,0.8553,1.9849",ResViT-2.5D-T2-from-single
T2,ReMIND-096-post,postop,2,cavity,1,1,0.6477003319108582,4.279858839322225,0.7340085287846482,2166,2052,"0.8569,0.8553,1.9849",ResViT-2.5D-T2-from-single
T2,ReMIND-096-post,postop,lesion,lesion,1,1,0.3914134374128798,15.852152156540352,0.4612934055431666,2166,5008,"0.8569,0.8553,1.9849",ResViT-2.5D-T2-from-single
T2,ReMIND-096-pre,preop,1,tumor,1,1,0.48869518957297486,12.997060270206036,0.2715730072889725,18774,30099,"0.9755,0.9626,0.9851",ResViT-2.5D-T2-from-single
T2,ReMIND-096-pre,preop,2,cavity,0,0,nan,nan,nan,0,0,"0.9755,0.9626,0.9851",ResViT-2.5D-T2-from-single
T2,ReMIND-096-pre,preop,lesion,lesion,1,1,0.48869518957297486,12.997060270206036,0.2715730072889725,18774,30099,"0.9755,0.9626,0.9851",ResViT-2.5D-T2-from-single
T2,ReMIND-102-pre,preop,1,tumor,1,1,0.07800909308446997,0.19791418977604086,1.0,7693,21560,"0.0008,0.0174,0.0887",ResViT-2.5D-T2-from-single
T2,ReMIND-102-pre,preop,2,cavity,0,1,nan,nan,nan,0,134,"0.0008,0.0174,0.0887",ResViT-2.5D-T2-from-single
T2,ReMIND-102-pre,preop,lesion,lesion,1,1,0.07765338414945384,0.19780248776677303,1.0,7693,21694,"0.0008,0.0174,0.0887",ResViT-2.5D-T2-from-single
T2,ReMIND-107-post,postop,1,tumor,1,1,0.006599208095028597,17.17366933822632,0.058595433003015944,3621,925,"0.8587,0.8481,1.9732",ResViT-2.5D-T2-from-single
T2,ReMIND-107-post,postop,2,cavity,1,1,0.0,26.529682941258756,0.0,879,8,"0.8587,0.8481,1.9732",ResViT-2.5D-T2-from-single
T2,ReMIND-107-post,postop,lesion,lesion,1,1,0.008098656359285845,15.58896523035109,0.06134969325153374,4500,933,"0.8587,0.8481,1.9732",ResViT-2.5D-T2-from-single
T2,ReMIND-107-pre,preop,1,tumor,1,1,0.3176445049631954,12.771666048561936,0.29621814374979555,57631,43715,"0.2343,0.2312,4.9330",ResViT-2.5D-T2-from-single
T2,ReMIND-107-pre,preop,2,cavity,0,1,nan,nan,nan,0,1241,"0.2343,0.2312,4.9330",ResViT-2.5D-T2-from-single
T2,ReMIND-107-pre,preop,lesion,lesion,1,1,0.32156121145954164,12.734690063607466,0.27913070536021356,57631,44956,"0.2343,0.2312,4.9330",ResViT-2.5D-T2-from-single
T2,ReMIND-109-post,postop,1,tumor,0,1,nan,nan,nan,0,1166,"0.8585,0.8371,1.9460",ResViT-2.5D-T2-from-single
T2,ReMIND-109-post,postop,2,cavity,1,1,0.31133919843597263,15.498877718820596,0.37297014143530643,3408,684,"0.8585,0.8371,1.9460",ResViT-2.5D-T2-from-single
T2,ReMIND-109-post,postop,lesion,lesion,1,1,0.25561049828832255,14.742563517498565,0.32683307332293293,3408,1850,"0.8585,0.8371,1.9460",ResViT-2.5D-T2-from-single
T2,ReMIND-109-pre,preop,1,tumor,1,1,0.6274057322195044,5.138529318441109,0.45544964774140073,10361,11306,"0.9755,0.9400,0.9620",ResViT-2.5D-T2-from-single
T2,ReMIND-109-pre,preop,2,cavity,0,0,nan,nan,nan,0,0,"0.9755,0.9400,0.9620",ResViT-2.5D-T2-from-single
T2,ReMIND-109-pre,preop,lesion,lesion,1,1,0.6274057322195044,5.138529318441109,0.45544964774140073,10361,11306,"0.9755,0.9400,0.9620",ResViT-2.5D-T2-from-single
T2,ReMIND-003-post,postop,1,tumor,0,1,nan,nan,nan,0,4603,"0.9264,0.9265,1.9922",ResViT-2D+3D-refine-T2-from-dual
T2,ReMIND-003-post,postop,2,cavity,1,1,0.6958705357142857,2.8740905133390533,0.7754262198706643,2099,1485,"0.9264,0.9265,1.9922",ResViT-2D+3D-refine-T2-from-dual
T2,ReMIND-003-post,postop,lesion,lesion,1,1,0.39232930255282766,13.823440707663854,0.3534733441033926,2099,6088,"0.9264,0.9265,1.9922",ResViT-2D+3D-refine-T2-from-dual
T2,ReMIND-003-pre,preop,1,tumor,1,1,0.6198447661002727,5.833883551576492,0.4130217695226683,10844,12991,"0.9757,0.9586,0.9825",ResViT-2D+3D-refine-T2-from-dual
T2,ReMIND-003-pre,preop,2,cavity,0,0,nan,nan,nan,0,0,"0.9757,0.9586,0.9825",ResViT-2D+3D-refine-T2-from-dual
T2,ReMIND-003-pre,preop,lesion,lesion,1,1,0.6198447661002727,5.833883551576492,0.4130217695226683,10844,12991,"0.9757,0.9586,0.9825",ResViT-2D+3D-refine-T2-from-dual
T2,ReMIND-004-pre,preop,1,tumor,1,1,0.29851510496671785,49.91993690630392,0.23554090500449507,2043,9675,"0.9761,0.9626,0.9802",ResViT-2D+3D-refine-T2-from-dual
T2,ReMIND-004-pre,preop,2,cavity,0,0,nan,nan,nan,0,0,"0.9761,0.9626,0.9802",ResViT-2D+3D-refine-T2-from-dual
T2,ReMIND-004-pre,preop,lesion,lesion,1,1,0.29851510496671785,49.91993690630392,0.23554090500449507,2043,9675,"0.9761,0.9626,0.9802",ResViT-2D+3D-refine-T2-from-dual
T2,ReMIND-023-pre,preop,1,tumor,1,1,0.7030787448194198,2.7287111282348633,0.7084048027444254,3895,2861,"0.6872,0.6822,2.1845",ResViT-2D+3D-refine-T2-from-dual
T2,ReMIND-023-pre,preop,2,cavity,0,1,nan,nan,nan,0,297,"0.6872,0.6822,2.1845",ResViT-2D+3D-refine-T2-from-dual
T2,ReMIND-023-pre,preop,lesion,lesion,1,1,0.7489011768041968,2.669501529738187,0.7592422853651085,3895,3158,"0.6872,0.6822,2.1845",ResViT-2D+3D-refine-T2-from-dual
T2,ReMIND-031-post,postop,1,tumor,0,1,nan,nan,nan,0,33798,"0.0027,0.1312,0.0963",ResViT-2D+3D-refine-T2-from-dual
T2,ReMIND-031-post,postop,2,cavity,1,1,0.1410877759827679,2.6409775254481,0.8095709570957096,32424,2859,"0.0027,0.1312,0.0963",ResViT-2D+3D-refine-T2-from-dual
T2,ReMIND-031-post,postop,lesion,lesion,1,1,0.245856313602872,1.0671784526535677,0.9869823201743764,32424,36657,"0.0027,0.1312,0.0963",ResViT-2D+3D-refine-T2-from-dual
T2,ReMIND-031-pre,preop,1,tumor,1,1,0.16129032258064516,31.464519621625815,0.25986483540440375,8344,36792,"0.9766,0.9754,0.9990",ResViT-2D+3D-refine-T2-from-dual
T2,ReMIND-031-pre,preop,2,cavity,0,1,nan,nan,nan,0,3,"0.9766,0.9754,0.9990",ResViT-2D+3D-refine-T2-from-dual
T2,ReMIND-031-pre,preop,lesion,lesion,1,1,0.16127960300405414,31.464177041885595,0.25986483540440375,8344,36795,"0.9766,0.9754,0.9990",ResViT-2D+3D-refine-T2-from-dual
T2,ReMIND-032-post,postop,1,tumor,1,1,0.462843295638126,9.84185234723422,0.33306084316244305,13367,8917,"0.8594,0.8379,1.9501",ResViT-2D+3D-refine-T2-from-dual
T2,ReMIND-032-post,postop,2,cavity,1,0,0.0,nan,nan,6211,0,"0.8594,0.8379,1.9501",ResViT-2D+3D-refine-T2-from-dual
T2,ReMIND-032-post,postop,lesion,lesion,1,1,0.5158799789436743,9.012704306711736,0.3076572470373747,19578,8917,"0.8594,0.8379,1.9501",ResViT-2D+3D-refine-T2-from-dual
T2,ReMIND-032-pre,preop,1,tumor,1,1,0.07315864641930689,28.166976016459017,0.08368200836820083,32911,1398,"0.8208,0.8169,1.9763",ResViT-2D+3D-refine-T2-from-dual
T2,ReMIND-032-pre,preop,2,cavity,0,0,nan,nan,nan,0,0,"0.8208,0.8169,1.9763",ResViT-2D+3D-refine-T2-from-dual
T2,ReMIND-032-pre,preop,lesion,lesion,1,1,0.07315864641930689,28.166976016459017,0.08368200836820083,32911,1398,"0.8208,0.8169,1.9763",ResViT-2D+3D-refine-T2-from-dual
T2,ReMIND-034-post,postop,1,tumor,1,1,0.09722805543889122,11.16782509217201,0.09795412275263485,516,9008,"0.8557,0.8490,1.9836",ResViT-2D+3D-refine-T2-from-dual
T2,ReMIND-034-post,postop,2,cavity,1,1,0.09382134177774505,20.978730788002952,0.0738761974944731,12900,679,"0.8557,0.8490,1.9836",ResViT-2D+3D-refine-T2-from-dual
T2,ReMIND-034-post,postop,lesion,lesion,1,1,0.5606198329221314,15.785185948400816,0.42555764579414135,13416,9687,"0.8557,0.8490,1.9836",ResViT-2D+3D-refine-T2-from-dual
T2,ReMIND-034-pre,preop,1,tumor,1,1,0.4678232156903422,18.39587478765515,0.3009610945565955,206728,140339,"0.2679,0.2658,4.9631",ResViT-2D+3D-refine-T2-from-dual
T2,ReMIND-034-pre,preop,2,cavity,1,0,0.0,nan,nan,20636,0,"0.2679,0.2658,4.9631",ResViT-2D+3D-refine-T2-from-dual
T2,ReMIND-034-pre,preop,lesion,lesion,1,1,0.4415683309627607,20.39960947957352,0.2943725736268634,227364,140339,"0.2679,0.2658,4.9631",ResViT-2D+3D-refine-T2-from-dual
T2,ReMIND-045-post,postop,1,tumor,1,1,0.061603542864696936,18.538238301743053,0.13675783855903936,3767,11362,"0.7296,0.7296,2.0000",ResViT-2D+3D-refine-T2-from-dual
T2,ReMIND-045-post,postop,2,cavity,1,0,0.0,nan,nan,4649,0,"0.7296,0.7296,2.0000",ResViT-2D+3D-refine-T2-from-dual
T2,ReMIND-045-post,postop,lesion,lesion,1,1,0.05784204671857619,17.59596881971479,0.12009023354564756,8416,11362,"0.7296,0.7296,2.0000",ResViT-2D+3D-refine-T2-from-dual
T2,ReMIND-045-pre,preop,1,tumor,1,1,0.7647438150186462,2.4030460267238354,0.7099359983212674,123470,169619,"0.2608,0.2430,0.9600",ResViT-2D+3D-refine-T2-from-dual
T2,ReMIND-045-pre,preop,2,cavity,0,0,nan,nan,nan,0,0,"0.2608,0.2430,0.9600",ResViT-2D+3D-refine-T2-from-dual
T2,ReMIND-045-pre,preop,lesion,lesion,1,1,0.7647438150186462,2.4030460267238354,0.7099359983212674,123470,169619,"0.2608,0.2430,0.9600",ResViT-2D+3D-refine-T2-from-dual
T2,ReMIND-056-post,postop,1,tumor,0,1,nan,nan,nan,0,7450,"0.8539,0.8523,1.9741",ResViT-2D+3D-refine-T2-from-dual
T2,ReMIND-056-post,postop,2,cavity,1,0,0.0,nan,nan,17551,0,"0.8539,0.8523,1.9741",ResViT-2D+3D-refine-T2-from-dual
T2,ReMIND-056-post,postop,lesion,lesion,1,1,0.033918643254269826,19.041144390149814,0.1781222579701667,17551,7450,"0.8539,0.8523,1.9741",ResViT-2D+3D-refine-T2-from-dual
T2,ReMIND-056-pre,preop,1,tumor,1,1,0.750809375181746,4.911136413287485,0.5647815505852358,55846,47320,"0.7937,0.7936,1.2000",ResViT-2D+3D-refine-T2-from-dual
T2,ReMIND-056-pre,preop,2,cavity,0,0,nan,nan,nan,0,0,"0.7937,0.7936,1.2000",ResViT-2D+3D-refine-T2-from-dual
T2,ReMIND-056-pre,preop,lesion,lesion,1,1,0.750809375181746,4.911136413287485,0.5647815505852358,55846,47320,"0.7937,0.7936,1.2000",ResViT-2D+3D-refine-T2-from-dual
T2,ReMIND-077-post,postop,1,tumor,1,1,0.028250065393669893,21.424063196617798,0.06567534076827757,2094,1729,"0.8558,0.8268,1.9283",ResViT-2D+3D-refine-T2-from-dual
T2,ReMIND-077-post,postop,2,cavity,1,0,0.0,nan,nan,2767,0,"0.8558,0.8268,1.9283",ResViT-2D+3D-refine-T2-from-dual
T2,ReMIND-077-post,postop,lesion,lesion,1,1,0.01851289833080425,20.620416437906794,0.07008830022075055,4861,1729,"0.8558,0.8268,1.9283",ResViT-2D+3D-refine-T2-from-dual
T2,ReMIND-077-pre,preop,1,tumor,1,1,0.2660482624184983,11.02334508953384,0.24871667494618313,6841,8036,"0.9765,0.9644,0.9880",ResViT-2D+3D-refine-T2-from-dual
T2,ReMIND-077-pre,preop,2,cavity,1,0,0.0,nan,nan,5265,0,"0.9765,0.9644,0.9880",ResViT-2D+3D-refine-T2-from-dual
T2,ReMIND-077-pre,preop,lesion,lesion,1,1,0.21576804686724257,12.44881156000176,0.25478260869565217,12106,8036,"0.9765,0.9644,0.9880",ResViT-2D+3D-refine-T2-from-dual
T2,ReMIND-079-post,postop,1,tumor,1,1,0.029482841952634124,31.86308145876537,0.09069423929098966,7260,1016,"0.7990,0.7254,1.8280",ResViT-2D+3D-refine-T2-from-dual
T2,ReMIND-079-post,postop,2,cavity,0,0,nan,nan,nan,0,0,"0.7990,0.7254,1.8280",ResViT-2D+3D-refine-T2-from-dual
T2,ReMIND-079-post,postop,lesion,lesion,1,1,0.029482841952634124,31.86308145876537,0.09069423929098966,7260,1016,"0.7990,0.7254,1.8280",ResViT-2D+3D-refine-T2-from-dual
T2,ReMIND-079-pre,preop,1,tumor,1,1,0.3405059485461496,15.073072830844508,0.29052466718872355,14068,9215,"0.9526,0.9132,0.9551",ResViT-2D+3D-refine-T2-from-dual
T2,ReMIND-079-pre,preop,2,cavity,1,1,0.0034729759062296505,28.299184454599253,0.08327932598833442,7069,2145,"0.9526,0.9132,0.9551",ResViT-2D+3D-refine-T2-from-dual
T2,ReMIND-079-pre,preop,lesion,lesion,1,1,0.24562267286211034,13.55993926318243,0.2492354740061162,21137,11360,"0.9526,0.9132,0.9551",ResViT-2D+3D-refine-T2-from-dual
T2,ReMIND-087-post,postop,1,tumor,0,1,nan,nan,nan,0,1364,"0.8587,0.8570,1.9930",ResViT-2D+3D-refine-T2-from-dual
T2,ReMIND-087-post,postop,2,cavity,1,0,0.0,nan,nan,8781,0,"0.8587,0.8570,1.9930",ResViT-2D+3D-refine-T2-from-dual
T2,ReMIND-087-post,postop,lesion,lesion,1,1,0.17309019221291277,18.571493741647505,0.17142116182572614,8781,1364,"0.8587,0.8570,1.9930",ResViT-2D+3D-refine-T2-from-dual
T2,ReMIND-087-pre,preop,1,tumor,1,1,0.16422169929404695,10.362077442479983,0.23478127867849496,11505,8468,"0.9766,0.9734,0.9968",ResViT-2D+3D-refine-T2-from-dual
T2,ReMIND-087-pre,preop,2,cavity,1,0,0.0,nan,nan,11681,0,"0.9766,0.9734,0.9968",ResViT-2D+3D-refine-T2-from-dual
T2,ReMIND-087-pre,preop,lesion,lesion,1,1,0.37404435458393887,10.40699920418461,0.28403157255616274,23186,8468,"0.9766,0.9734,0.9968",ResViT-2D+3D-refine-T2-from-dual
T2,ReMIND-091-post,postop,1,tumor,0,1,nan,nan,nan,0,7641,"0.8574,0.8545,1.9930",ResViT-2D+3D-refine-T2-from-dual
T2,ReMIND-091-post,postop,2,cavity,1,0,0.0,nan,nan,7894,0,"0.8574,0.8545,1.9930",ResViT-2D+3D-refine-T2-from-dual
T2,ReMIND-091-post,postop,lesion,lesion,1,1,0.08587061474090762,23.24181812465799,0.12604698672114403,7894,7641,"0.8574,0.8545,1.9930",ResViT-2D+3D-refine-T2-from-dual
T2,ReMIND-091-pre,preop,1,tumor,1,1,0.06807722680608883,33.424727015707994,0.08262583383869011,25347,11376,"0.9733,0.9707,0.9931",ResViT-2D+3D-refine-T2-from-dual
T2,ReMIND-091-pre,preop,2,cavity,0,0,nan,nan,nan,0,0,"0.9733,0.9707,0.9931",ResViT-2D+3D-refine-T2-from-dual
T2,ReMIND-091-pre,preop,lesion,lesion,1,1,0.06807722680608883,33.424727015707994,0.08262583383869011,25347,11376,"0.9733,0.9707,0.9931",ResViT-2D+3D-refine-T2-from-dual
T2,ReMIND-096-post,postop,1,tumor,0,1,nan,nan,nan,0,3855,"0.8569,0.8553,1.9849",ResViT-2D+3D-refine-T2-from-dual
T2,ReMIND-096-post,postop,2,cavity,1,1,0.6926156583629893,3.969785213470459,0.7584945112388918,2166,2330,"0.8569,0.8553,1.9849",ResViT-2D+3D-refine-T2-from-dual
T2,ReMIND-096-post,postop,lesion,lesion,1,1,0.418632499101904,15.106625398537753,0.43420289855072464,2166,6185,"0.8569,0.8553,1.9849",ResViT-2D+3D-refine-T2-from-dual
T2,ReMIND-096-pre,preop,1,tumor,1,1,0.5833564442472313,12.185918451468075,0.40206518231687643,18774,35313,"0.9755,0.9626,0.9851",ResViT-2D+3D-refine-T2-from-dual
T2,ReMIND-096-pre,preop,2,cavity,0,0,nan,nan,nan,0,0,"0.9755,0.9626,0.9851",ResViT-2D+3D-refine-T2-from-dual
T2,ReMIND-096-pre,preop,lesion,lesion,1,1,0.5833564442472313,12.185918451468075,0.40206518231687643,18774,35313,"0.9755,0.9626,0.9851",ResViT-2D+3D-refine-T2-from-dual
T2,ReMIND-102-pre,preop,1,tumor,1,1,0.10307539383716377,0.19529623658260017,1.0,7693,25506,"0.0008,0.0174,0.0887",ResViT-2D+3D-refine-T2-from-dual
T2,ReMIND-102-pre,preop,2,cavity,0,1,nan,nan,nan,0,245,"0.0008,0.0174,0.0887",ResViT-2D+3D-refine-T2-from-dual
T2,ReMIND-102-pre,preop,lesion,lesion,1,1,0.10232029661523741,0.19778174325909278,1.0,7693,25751,"0.0008,0.0174,0.0887",ResViT-2D+3D-refine-T2-from-dual
T2,ReMIND-107-post,postop,1,tumor,1,1,0.0385613644790508,15.84328395665786,0.10342205323193916,3621,1773,"0.8587,0.8481,1.9732",ResViT-2D+3D-refine-T2-from-dual
T2,ReMIND-107-post,postop,2,cavity,1,0,0.0,nan,nan,879,0,"0.8587,0.8481,1.9732",ResViT-2D+3D-refine-T2-from-dual
T2,ReMIND-107-post,postop,lesion,lesion,1,1,0.03315797863860991,16.73005590300161,0.08854166666666667,4500,1773,"0.8587,0.8481,1.9732",ResViT-2D+3D-refine-T2-from-dual
T2,ReMIND-107-pre,preop,1,tumor,1,1,0.47565460554190325,9.197141858310067,0.4002687682853423,57631,60379,"0.2343,0.2312,4.9330",ResViT-2D+3D-refine-T2-from-dual
T2,ReMIND-107-pre,preop,2,cavity,0,0,nan,nan,nan,0,0,"0.2343,0.2312,4.9330",ResViT-2D+3D-refine-T2-from-dual
T2,ReMIND-107-pre,preop,lesion,lesion,1,1,0.47565460554190325,9.197141858310067,0.4002687682853423,57631,60379,"0.2343,0.2312,4.9330",ResViT-2D+3D-refine-T2-from-dual
T2,ReMIND-109-post,postop,1,tumor,0,1,nan,nan,nan,0,3984,"0.8585,0.8371,1.9460",ResViT-2D+3D-refine-T2-from-dual
T2,ReMIND-109-post,postop,2,cavity,1,1,0.16331854943908167,14.881532213918474,0.24876712328767123,3408,425,"0.8585,0.8371,1.9460",ResViT-2D+3D-refine-T2-from-dual
T2,ReMIND-109-post,postop,lesion,lesion,1,1,0.09568888320327491,33.7962421324775,0.16858037578288101,3408,4409,"0.8585,0.8371,1.9460",ResViT-2D+3D-refine-T2-from-dual
T2,ReMIND-109-pre,preop,1,tumor,1,1,0.6432949869846335,5.1904892071031,0.4832692307692308,10361,13457,"0.9755,0.9400,0.9620",ResViT-2D+3D-refine-T2-from-dual
T2,ReMIND-109-pre,preop,2,cavity,0,0,nan,nan,nan,0,0,"0.9755,0.9400,0.9620",ResViT-2D+3D-refine-T2-from-dual
T2,ReMIND-109-pre,preop,lesion,lesion,1,1,0.6432949869846335,5.1904892071031,0.4832692307692308,10361,13457,"0.9755,0.9400,0.9620",ResViT-2D+3D-refine-T2-from-dual
T2,ReMIND-003-post,postop,1,tumor,0,1,nan,nan,nan,0,3412,"0.9264,0.9265,1.9922",ResViT-2D+3D-refine-T2-from-single
T2,ReMIND-003-post,postop,2,cavity,1,1,0.32601880877742945,6.118555618249289,0.23387096774193547,2099,453,"0.9264,0.9265,1.9922",ResViT-2D+3D-refine-T2-from-single
T2,ReMIND-003-post,postop,lesion,lesion,1,1,0.5298457411133467,4.63247984917701,0.41598360655737704,2099,3865,"0.9264,0.9265,1.9922",ResViT-2D+3D-refine-T2-from-single
T2,ReMIND-003-pre,preop,1,tumor,1,1,0.7448426573426573,3.368201939024345,0.6012036108324975,10844,12036,"0.9757,0.9586,0.9825",ResViT-2D+3D-refine-T2-from-single
T2,ReMIND-003-pre,preop,2,cavity,0,0,nan,nan,nan,0,0,"0.9757,0.9586,0.9825",ResViT-2D+3D-refine-T2-from-single
T2,ReMIND-003-pre,preop,lesion,lesion,1,1,0.7448426573426573,3.368201939024345,0.6012036108324975,10844,12036,"0.9757,0.9586,0.9825",ResViT-2D+3D-refine-T2-from-single
T2,ReMIND-004-pre,preop,1,tumor,1,1,0.4773413897280967,7.098541590400522,0.306970509383378,2043,5901,"0.9761,0.9626,0.9802",ResViT-2D+3D-refine-T2-from-single
T2,ReMIND-004-pre,preop,2,cavity,0,0,nan,nan,nan,0,0,"0.9761,0.9626,0.9802",ResViT-2D+3D-refine-T2-from-single
T2,ReMIND-004-pre,preop,lesion,lesion,1,1,0.4773413897280967,7.098541590400522,0.306970509383378,2043,5901,"0.9761,0.9626,0.9802",ResViT-2D+3D-refine-T2-from-single
T2,ReMIND-023-pre,preop,1,tumor,1,1,0.6587995337995338,3.99909832799733,0.6511552229092092,3895,2969,"0.6872,0.6822,2.1845",ResViT-2D+3D-refine-T2-from-single
T2,ReMIND-023-pre,preop,2,cavity,0,0,nan,nan,nan,0,0,"0.6872,0.6822,2.1845",ResViT-2D+3D-refine-T2-from-single
T2,ReMIND-023-pre,preop,lesion,lesion,1,1,0.6587995337995338,3.99909832799733,0.6511552229092092,3895,2969,"0.6872,0.6822,2.1845",ResViT-2D+3D-refine-T2-from-single
T2,ReMIND-031-post,postop,1,tumor,0,0,nan,nan,nan,0,0,"0.0027,0.1312,0.0963",ResViT-2D+3D-refine-T2-from-single
T2,ReMIND-031-post,postop,2,cavity,1,0,0.0,nan,nan,32424,0,"0.0027,0.1312,0.0963",ResViT-2D+3D-refine-T2-from-single
T2,ReMIND-031-post,postop,lesion,lesion,1,0,0.0,nan,nan,32424,0,"0.0027,0.1312,0.0963",ResViT-2D+3D-refine-T2-from-single
T2,ReMIND-031-pre,preop,1,tumor,1,1,0.483827811442512,11.765020884507017,0.47524531668153436,8344,4363,"0.9766,0.9754,0.9990",ResViT-2D+3D-refine-T2-from-single
T2,ReMIND-031-pre,preop,2,cavity,0,0,nan,nan,nan,0,0,"0.9766,0.9754,0.9990",ResViT-2D+3D-refine-T2-from-single
T2,ReMIND-031-pre,preop,lesion,lesion,1,1,0.483827811442512,11.765020884507017,0.47524531668153436,8344,4363,"0.9766,0.9754,0.9990",ResViT-2D+3D-refine-T2-from-single
T2,ReMIND-032-post,postop,1,tumor,1,1,0.0,39.321813585522236,0.0,13367,4120,"0.8594,0.8379,1.9501",ResViT-2D+3D-refine-T2-from-single
T2,ReMIND-032-post,postop,2,cavity,1,1,0.0,41.022744041068414,0.0036153289949385392,6211,486,"0.8594,0.8379,1.9501",ResViT-2D+3D-refine-T2-from-single
T2,ReMIND-032-post,postop,lesion,lesion,1,1,0.03183923255044658,38.15226944521468,0.06173677069199457,19578,4606,"0.8594,0.8379,1.9501",ResViT-2D+3D-refine-T2-from-single
T2,ReMIND-032-pre,preop,1,tumor,1,1,0.4590679082233878,11.425530732782644,0.25554987212276215,32911,10368,"0.8208,0.8169,1.9763",ResViT-2D+3D-refine-T2-from-single
T2,ReMIND-032-pre,preop,2,cavity,0,1,nan,nan,nan,0,27,"0.8208,0.8169,1.9763",ResViT-2D+3D-refine-T2-from-single
T2,ReMIND-032-pre,preop,lesion,lesion,1,1,0.46002863344571193,11.425530732782644,0.2575257731958763,32911,10395,"0.8208,0.8169,1.9763",ResViT-2D+3D-refine-T2-from-single
T2,ReMIND-034-post,postop,1,tumor,1,1,0.0,22.999630532466334,0.004135079255685734,516,1679,"0.8557,0.8490,1.9836",ResViT-2D+3D-refine-T2-from-single
T2,ReMIND-034-post,postop,2,cavity,1,1,0.24018754186202276,18.177974722801547,0.22016725635252493,12900,2030,"0.8557,0.8490,1.9836",ResViT-2D+3D-refine-T2-from-single
T2,ReMIND-034-post,postop,lesion,lesion,1,1,0.2799416058394161,17.009985720006217,0.22872652582159625,13416,3709,"0.8557,0.8490,1.9836",ResViT-2D+3D-refine-T2-from-single
T2,ReMIND-034-pre,preop,1,tumor,1,1,0.5105951095883982,12.614924501115151,0.3535458220452493,206728,134184,"0.2679,0.2658,4.9631",ResViT-2D+3D-refine-T2-from-single
T2,ReMIND-034-pre,preop,2,cavity,1,1,0.0,34.361140858702015,0.0,20636,554,"0.2679,0.2658,4.9631",ResViT-2D+3D-refine-T2-from-single
T2,ReMIND-034-pre,preop,lesion,lesion,1,1,0.4991963590369564,12.156521051911886,0.35519343661066194,227364,134738,"0.2679,0.2658,4.9631",ResViT-2D+3D-refine-T2-from-single
T2,ReMIND-045-post,postop,1,tumor,1,1,0.07412292271168557,17.704522756223916,0.16307541625857003,3767,3815,"0.7296,0.7296,2.0000",ResViT-2D+3D-refine-T2-from-single
T2,ReMIND-045-post,postop,2,cavity,1,0,0.0,nan,nan,4649,0,"0.7296,0.7296,2.0000",ResViT-2D+3D-refine-T2-from-single
T2,ReMIND-045-post,postop,lesion,lesion,1,1,0.05379772708691031,18.46480403150082,0.09352773826458037,8416,3815,"0.7296,0.7296,2.0000",ResViT-2D+3D-refine-T2-from-single
T2,ReMIND-045-pre,preop,1,tumor,1,1,0.7959419427081119,1.7260386305049493,0.7670333061476403,123470,158734,"0.2608,0.2430,0.9600",ResViT-2D+3D-refine-T2-from-single
T2,ReMIND-045-pre,preop,2,cavity,0,0,nan,nan,nan,0,0,"0.2608,0.2430,0.9600",ResViT-2D+3D-refine-T2-from-single
T2,ReMIND-045-pre,preop,lesion,lesion,1,1,0.7959419427081119,1.7260386305049493,0.7670333061476403,123470,158734,"0.2608,0.2430,0.9600",ResViT-2D+3D-refine-T2-from-single
T2,ReMIND-056-post,postop,1,tumor,0,1,nan,nan,nan,0,4474,"0.8539,0.8523,1.9741",ResViT-2D+3D-refine-T2-from-single
T2,ReMIND-056-post,postop,2,cavity,1,0,0.0,nan,nan,17551,0,"0.8539,0.8523,1.9741",ResViT-2D+3D-refine-T2-from-single
T2,ReMIND-056-post,postop,lesion,lesion,1,1,0.023427922814982974,26.625845888781985,0.15987460815047022,17551,4474,"0.8539,0.8523,1.9741",ResViT-2D+3D-refine-T2-from-single
T2,ReMIND-056-pre,preop,1,tumor,1,1,0.8038671092487395,3.2725219959489116,0.6639647985178323,55846,47487,"0.7937,0.7936,1.2000",ResViT-2D+3D-refine-T2-from-single
T2,ReMIND-056-pre,preop,2,cavity,0,0,nan,nan,nan,0,0,"0.7937,0.7936,1.2000",ResViT-2D+3D-refine-T2-from-single
T2,ReMIND-056-pre,preop,lesion,lesion,1,1,0.8038671092487395,3.2725219959489116,0.6639647985178323,55846,47487,"0.7937,0.7936,1.2000",ResViT-2D+3D-refine-T2-from-single
T2,ReMIND-077-post,postop,1,tumor,1,1,0.20765027322404372,21.502007073588757,0.3985310119695321,2094,6141,"0.8558,0.8268,1.9283",ResViT-2D+3D-refine-T2-from-single
T2,ReMIND-077-post,postop,2,cavity,1,0,0.0,nan,nan,2767,0,"0.8558,0.8268,1.9283",ResViT-2D+3D-refine-T2-from-single
T2,ReMIND-077-post,postop,lesion,lesion,1,1,0.31103435738956553,21.211634635925293,0.4035663045706087,4861,6141,"0.8558,0.8268,1.9283",ResViT-2D+3D-refine-T2-from-single
T2,ReMIND-077-pre,preop,1,tumor,1,1,0.4375913001136179,5.5225532338194725,0.505285097513771,6841,11642,"0.9765,0.9644,0.9880",ResViT-2D+3D-refine-T2-from-single
T2,ReMIND-077-pre,preop,2,cavity,1,0,0.0,nan,nan,5265,0,"0.9765,0.9644,0.9880",ResViT-2D+3D-refine-T2-from-single
T2,ReMIND-077-pre,preop,lesion,lesion,1,1,0.5822806131042614,5.272807977087693,0.517946687780417,12106,11642,"0.9765,0.9644,0.9880",ResViT-2D+3D-refine-T2-from-single
T2,ReMIND-079-post,postop,1,tumor,1,1,0.20099190811798487,11.820096197403508,0.2544735746982938,7260,4233,"0.7990,0.7254,1.8280",ResViT-2D+3D-refine-T2-from-single
T2,ReMIND-079-post,postop,2,cavity,0,0,nan,nan,nan,0,0,"0.7990,0.7254,1.8280",ResViT-2D+3D-refine-T2-from-single
T2,ReMIND-079-post,postop,lesion,lesion,1,1,0.20099190811798487,11.820096197403508,0.2544735746982938,7260,4233,"0.7990,0.7254,1.8280",ResViT-2D+3D-refine-T2-from-single
T2,ReMIND-079-pre,preop,1,tumor,1,1,0.4044991813198548,12.803696505960014,0.37055589492974955,14068,14026,"0.9526,0.9132,0.9551",ResViT-2D+3D-refine-T2-from-single
T2,ReMIND-079-pre,preop,2,cavity,1,1,0.0,31.078639055466205,0.017292983039574328,7069,1496,"0.9526,0.9132,0.9551",ResViT-2D+3D-refine-T2-from-single
T2,ReMIND-079-pre,preop,lesion,lesion,1,1,0.3940642134264437,13.287343894843021,0.38745530105344544,21137,15522,"0.9526,0.9132,0.9551",ResViT-2D+3D-refine-T2-from-single
T2,ReMIND-087-post,postop,1,tumor,0,1,nan,nan,nan,0,4248,"0.8587,0.8570,1.9930",ResViT-2D+3D-refine-T2-from-single
T2,ReMIND-087-post,postop,2,cavity,1,1,0.002502274795268426,32.17546550671928,0.003381494005533354,8781,11,"0.8587,0.8570,1.9930",ResViT-2D+3D-refine-T2-from-single
T2,ReMIND-087-post,postop,lesion,lesion,1,1,0.40904907975460125,12.559329303073607,0.3612987578993245,8781,4259,"0.8587,0.8570,1.9930",ResViT-2D+3D-refine-T2-from-single
T2,ReMIND-087-pre,preop,1,tumor,1,1,0.1804794152423949,13.237687009179044,0.26346718903036237,11505,7101,"0.9766,0.9734,0.9968",ResViT-2D+3D-refine-T2-from-single
T2,ReMIND-087-pre,preop,2,cavity,1,1,0.0006846384253316217,26.919323214574135,0.0,11681,4,"0.9766,0.9734,0.9968",ResViT-2D+3D-refine-T2-from-single
T2,ReMIND-087-pre,preop,lesion,lesion,1,1,0.4020336073421148,11.867479236840122,0.3148077168774754,23186,7105,"0.9766,0.9734,0.9968",ResViT-2D+3D-refine-T2-from-single
T2,ReMIND-091-post,postop,1,tumor,0,1,nan,nan,nan,0,5948,"0.8574,0.8545,1.9930",ResViT-2D+3D-refine-T2-from-single
T2,ReMIND-091-post,postop,2,cavity,1,1,0.0551860064055186,14.70340375075832,0.0124516960068699,7894,224,"0.8574,0.8545,1.9930",ResViT-2D+3D-refine-T2-from-single
T2,ReMIND-091-post,postop,lesion,lesion,1,1,0.36669984359448315,12.719034857193574,0.24372929484145764,7894,6172,"0.8574,0.8545,1.9930",ResViT-2D+3D-refine-T2-from-single
T2,ReMIND-091-pre,preop,1,tumor,1,1,0.5737230966912946,10.394445993512196,0.43539242017308266,25347,12009,"0.9733,0.9707,0.9931",ResViT-2D+3D-refine-T2-from-single
T2,ReMIND-091-pre,preop,2,cavity,0,0,nan,nan,nan,0,0,"0.9733,0.9707,0.9931",ResViT-2D+3D-refine-T2-from-single
T2,ReMIND-091-pre,preop,lesion,lesion,1,1,0.5737230966912946,10.394445993512196,0.43539242017308266,25347,12009,"0.9733,0.9707,0.9931",ResViT-2D+3D-refine-T2-from-single
T2,ReMIND-096-post,postop,1,tumor,0,1,nan,nan,nan,0,9340,"0.8569,0.8553,1.9849",ResViT-2D+3D-refine-T2-from-single
T2,ReMIND-096-post,postop,2,cavity,1,1,0.08120552532440352,8.273366883108913,0.2688356164383562,2166,223,"0.8569,0.8553,1.9849",ResViT-2D+3D-refine-T2-from-single
T2,ReMIND-096-post,postop,lesion,lesion,1,1,0.3221075965555461,21.910793240691838,0.2498097895003804,2166,9563,"0.8569,0.8553,1.9849",ResViT-2D+3D-refine-T2-from-single
T2,ReMIND-096-pre,preop,1,tumor,1,1,0.6111578720189921,10.194032267860448,0.3783619325788001,18774,27561,"0.9755,0.9626,0.9851",ResViT-2D+3D-refine-T2-from-single
T2,ReMIND-096-pre,preop,2,cavity,0,0,nan,nan,nan,0,0,"0.9755,0.9626,0.9851",ResViT-2D+3D-refine-T2-from-single
T2,ReMIND-096-pre,preop,lesion,lesion,1,1,0.6111578720189921,10.194032267860448,0.3783619325788001,18774,27561,"0.9755,0.9626,0.9851",ResViT-2D+3D-refine-T2-from-single
T2,ReMIND-102-pre,preop,1,tumor,1,1,0.13979153893316984,0.19218864571588634,1.0,7693,18403,"0.0008,0.0174,0.0887",ResViT-2D+3D-refine-T2-from-single
T2,ReMIND-102-pre,preop,2,cavity,0,1,nan,nan,nan,0,1,"0.0008,0.0174,0.0887",ResViT-2D+3D-refine-T2-from-single
T2,ReMIND-102-pre,preop,lesion,lesion,1,1,0.13978618231980688,0.1921847013811668,1.0,7693,18404,"0.0008,0.0174,0.0887",ResViT-2D+3D-refine-T2-from-single
T2,ReMIND-107-post,postop,1,tumor,1,1,0.21217781098244304,9.170647891555097,0.2444022770398482,3621,1733,"0.8587,0.8481,1.9732",ResViT-2D+3D-refine-T2-from-single
T2,ReMIND-107-post,postop,2,cavity,1,1,0.0,23.934617542941858,0.0,879,131,"0.8587,0.8481,1.9732",ResViT-2D+3D-refine-T2-from-single
T2,ReMIND-107-post,postop,lesion,lesion,1,1,0.20615964802011313,11.000941640963658,0.2440795705715188,4500,1864,"0.8587,0.8481,1.9732",ResViT-2D+3D-refine-T2-from-single
T2,ReMIND-107-pre,preop,1,tumor,1,1,0.39393789115578787,11.464349051808806,0.3227119844220216,57631,43192,"0.2343,0.2312,4.9330",ResViT-2D+3D-refine-T2-from-single
T2,ReMIND-107-pre,preop,2,cavity,0,0,nan,nan,nan,0,0,"0.2343,0.2312,4.9330",ResViT-2D+3D-refine-T2-from-single
T2,ReMIND-107-pre,preop,lesion,lesion,1,1,0.39393789115578787,11.464349051808806,0.3227119844220216,57631,43192,"0.2343,0.2312,4.9330",ResViT-2D+3D-refine-T2-from-single
T2,ReMIND-109-post,postop,1,tumor,0,1,nan,nan,nan,0,1924,"0.8585,0.8371,1.9460",ResViT-2D+3D-refine-T2-from-single
T2,ReMIND-109-post,postop,2,cavity,1,1,0.09141583054626533,15.815585496328541,0.14353782013103036,3408,180,"0.8585,0.8371,1.9460",ResViT-2D+3D-refine-T2-from-single
T2,ReMIND-109-post,postop,lesion,lesion,1,1,0.32946298984034833,9.249886782139985,0.3408163265306122,3408,2104,"0.8585,0.8371,1.9460",ResViT-2D+3D-refine-T2-from-single
T2,ReMIND-109-pre,preop,1,tumor,1,1,0.712377478914976,3.6089997591404743,0.6088777219430486,10361,11574,"0.9755,0.9400,0.9620",ResViT-2D+3D-refine-T2-from-single
T2,ReMIND-109-pre,preop,2,cavity,0,0,nan,nan,nan,0,0,"0.9755,0.9400,0.9620",ResViT-2D+3D-refine-T2-from-single
T2,ReMIND-109-pre,preop,lesion,lesion,1,1,0.712377478914976,3.6089997591404743,0.6088777219430486,10361,11574,"0.9755,0.9400,0.9620",ResViT-2D+3D-refine-T2-from-single
T2,ReMIND-003-post,postop,1,tumor,0,1,nan,nan,nan,0,5582,"0.9264,0.9265,1.9922",ResViT-2D-T2-from-dual
T2,ReMIND-003-post,postop,2,cavity,1,1,0.48985208118335055,5.496218296386932,0.5089163237311386,2099,808,"0.9264,0.9265,1.9922",ResViT-2D-T2-from-dual
T2,ReMIND-003-post,postop,lesion,lesion,1,1,0.2754152432559783,38.48677468945595,0.23411173514631983,2099,6390,"0.9264,0.9265,1.9922",ResViT-2D-T2-from-dual
T2,ReMIND-003-pre,preop,1,tumor,1,1,0.7382618771726536,3.368201939024345,0.6031446540880503,10844,10731,"0.9757,0.9586,0.9825",ResViT-2D-T2-from-dual
T2,ReMIND-003-pre,preop,2,cavity,0,0,nan,nan,nan,0,0,"0.9757,0.9586,0.9825",ResViT-2D-T2-from-dual
T2,ReMIND-003-pre,preop,lesion,lesion,1,1,0.7382618771726536,3.368201939024345,0.6031446540880503,10844,10731,"0.9757,0.9586,0.9825",ResViT-2D-T2-from-dual
T2,ReMIND-004-pre,preop,1,tumor,1,1,0.5932864949258392,3.9206221103668213,0.6697002141327623,2043,3081,"0.9761,0.9626,0.9802",ResViT-2D-T2-from-dual
T2,ReMIND-004-pre,preop,2,cavity,0,1,nan,nan,nan,0,184,"0.9761,0.9626,0.9802",ResViT-2D-T2-from-dual
T2,ReMIND-004-pre,preop,lesion,lesion,1,1,0.6386586284853052,3.6584331293310037,0.6266901822457378,2043,3265,"0.9761,0.9626,0.9802",ResViT-2D-T2-from-dual
T2,ReMIND-023-pre,preop,1,tumor,1,1,0.7479314765178884,3.410888910293579,0.6932071269487751,3895,4686,"0.6872,0.6822,2.1845",ResViT-2D-T2-from-dual
T2,ReMIND-023-pre,preop,2,cavity,0,0,nan,nan,nan,0,0,"0.6872,0.6822,2.1845",ResViT-2D-T2-from-dual
T2,ReMIND-023-pre,preop,lesion,lesion,1,1,0.7479314765178884,3.410888910293579,0.6932071269487751,3895,4686,"0.6872,0.6822,2.1845",ResViT-2D-T2-from-dual
T2,ReMIND-031-post,postop,1,tumor,0,1,nan,nan,nan,0,23007,"0.0027,0.1312,0.0963",ResViT-2D-T2-from-dual
T2,ReMIND-031-post,postop,2,cavity,1,1,0.0,5.290990855764072,0.27754696531791906,32424,7,"0.0027,0.1312,0.0963",ResViT-2D-T2-from-dual
T2,ReMIND-031-post,postop,lesion,lesion,1,1,0.14365597604531188,1.8656984153089622,0.8977347993111671,32424,23014,"0.0027,0.1312,0.0963",ResViT-2D-T2-from-dual
T2,ReMIND-031-pre,preop,1,tumor,1,1,0.2165987047253538,31.99834296667903,0.3113876789047915,8344,25008,"0.9766,0.9754,0.9990",ResViT-2D-T2-from-dual
T2,ReMIND-031-pre,preop,2,cavity,0,0,nan,nan,nan,0,0,"0.9766,0.9754,0.9990",ResViT-2D-T2-from-dual
T2,ReMIND-031-pre,preop,lesion,lesion,1,1,0.2165987047253538,31.99834296667903,0.3113876789047915,8344,25008,"0.9766,0.9754,0.9990",ResViT-2D-T2-from-dual
T2,ReMIND-032-post,postop,1,tumor,1,1,0.1313104332496394,23.70349876447548,0.13065575802652782,13367,5352,"0.8594,0.8379,1.9501",ResViT-2D-T2-from-dual
T2,ReMIND-032-post,postop,2,cavity,1,0,0.0,nan,nan,6211,0,"0.8594,0.8379,1.9501",ResViT-2D-T2-from-dual
T2,ReMIND-032-post,postop,lesion,lesion,1,1,0.11592458884877657,21.371657104893814,0.17729468599033815,19578,5352,"0.8594,0.8379,1.9501",ResViT-2D-T2-from-dual
T2,ReMIND-032-pre,preop,1,tumor,1,1,0.1924872315887748,16.154350443857382,0.08011184050571359,32911,3507,"0.8208,0.8169,1.9763",ResViT-2D-T2-from-dual
T2,ReMIND-032-pre,preop,2,cavity,0,0,nan,nan,nan,0,0,"0.8208,0.8169,1.9763",ResViT-2D-T2-from-dual
T2,ReMIND-032-pre,preop,lesion,lesion,1,1,0.1924872315887748,16.154350443857382,0.08011184050571359,32911,3507,"0.8208,0.8169,1.9763",ResViT-2D-T2-from-dual
T2,ReMIND-034-post,postop,1,tumor,1,1,0.06415065452040113,27.939991893417943,0.13489170062191722,516,12547,"0.8557,0.8490,1.9836",ResViT-2D-T2-from-dual
T2,ReMIND-034-post,postop,2,cavity,1,1,0.003866676977805274,46.559906564161054,0.019719455173815816,12900,31,"0.8557,0.8490,1.9836",ResViT-2D-T2-from-dual
T2,ReMIND-034-post,postop,lesion,lesion,1,1,0.16049857659459876,27.501551934917494,0.16570978273105932,13416,12578,"0.8557,0.8490,1.9836",ResViT-2D-T2-from-dual
T2,ReMIND-034-pre,preop,1,tumor,1,1,0.48501864560705504,13.95709643205415,0.2765200868621064,206728,93879,"0.2679,0.2658,4.9631",ResViT-2D-T2-from-dual
T2,ReMIND-034-pre,preop,2,cavity,1,1,0.0,45.56902722012274,0.0,20636,11,"0.2679,0.2658,4.9631",ResViT-2D-T2-from-dual
T2,ReMIND-034-pre,preop,lesion,lesion,1,1,0.45425115329303295,14.536295239516553,0.2613386639836903,227364,93890,"0.2679,0.2658,4.9631",ResViT-2D-T2-from-dual
T2,ReMIND-045-post,postop,1,tumor,1,1,0.24054803116665796,14.603222257007019,0.2986950217496375,3767,15356,"0.7296,0.7296,2.0000",ResViT-2D-T2-from-dual
T2,ReMIND-045-post,postop,2,cavity,1,0,0.0,nan,nan,4649,0,"0.7296,0.7296,2.0000",ResViT-2D-T2-from-dual
T2,ReMIND-045-post,postop,lesion,lesion,1,1,0.40089180548544506,13.306316805188635,0.3647863689170001,8416,15356,"0.7296,0.7296,2.0000",ResViT-2D-T2-from-dual
T2,ReMIND-045-pre,preop,1,tumor,1,1,0.8082481110780464,1.4382848024895165,0.8050954287104407,123470,152084,"0.2608,0.2430,0.9600",ResViT-2D-T2-from-dual
T2,ReMIND-045-pre,preop,2,cavity,0,0,nan,nan,nan,0,0,"0.2608,0.2430,0.9600",ResViT-2D-T2-from-dual
T2,ReMIND-045-pre,preop,lesion,lesion,1,1,0.8082481110780464,1.4382848024895165,0.8050954287104407,123470,152084,"0.2608,0.2430,0.9600",ResViT-2D-T2-from-dual
T2,ReMIND-056-post,postop,1,tumor,0,1,nan,nan,nan,0,5966,"0.8539,0.8523,1.9741",ResViT-2D-T2-from-dual
T2,ReMIND-056-post,postop,2,cavity,1,0,0.0,nan,nan,17551,0,"0.8539,0.8523,1.9741",ResViT-2D-T2-from-dual
T2,ReMIND-056-post,postop,lesion,lesion,1,1,0.011310966534847132,21.84192903913729,0.12940637875782085,17551,5966,"0.8539,0.8523,1.9741",ResViT-2D-T2-from-dual
T2,ReMIND-056-pre,preop,1,tumor,1,1,0.7752799668187474,3.600005865097046,0.5535514367458639,55846,40594,"0.7937,0.7936,1.2000",ResViT-2D-T2-from-dual
T2,ReMIND-056-pre,preop,2,cavity,0,0,nan,nan,nan,0,0,"0.7937,0.7936,1.2000",ResViT-2D-T2-from-dual
T2,ReMIND-056-pre,preop,lesion,lesion,1,1,0.7752799668187474,3.600005865097046,0.5535514367458639,55846,40594,"0.7937,0.7936,1.2000",ResViT-2D-T2-from-dual
T2,ReMIND-077-post,postop,1,tumor,1,1,0.06312178387650086,21.997719399845842,0.15656390717007274,2094,3736,"0.8558,0.8268,1.9283",ResViT-2D-T2-from-dual
T2,ReMIND-077-post,postop,2,cavity,1,0,0.0,nan,nan,2767,0,"0.8558,0.8268,1.9283",ResViT-2D-T2-from-dual
T2,ReMIND-077-post,postop,lesion,lesion,1,1,0.042805629870885195,21.509958606276268,0.11271393643031785,4861,3736,"0.8558,0.8268,1.9283",ResViT-2D-T2-from-dual
T2,ReMIND-077-pre,preop,1,tumor,1,1,0.1698271522067461,28.718367252256307,0.20240197809961144,6841,5077,"0.9765,0.9644,0.9880",ResViT-2D-T2-from-dual
T2,ReMIND-077-pre,preop,2,cavity,1,0,0.0,nan,nan,5265,0,"0.9765,0.9644,0.9880",ResViT-2D-T2-from-dual
T2,ReMIND-077-pre,preop,lesion,lesion,1,1,0.11965314555083513,27.73273977553247,0.18917675915989576,12106,5077,"0.9765,0.9644,0.9880",ResViT-2D-T2-from-dual
T2,ReMIND-079-post,postop,1,tumor,1,1,0.00022693747872461136,25.04168678391556,0.027145599122566495,7260,1553,"0.7990,0.7254,1.8280",ResViT-2D-T2-from-dual
T2,ReMIND-079-post,postop,2,cavity,0,0,nan,nan,nan,0,0,"0.7990,0.7254,1.8280",ResViT-2D-T2-from-dual
T2,ReMIND-079-post,postop,lesion,lesion,1,1,0.00022693747872461136,25.04168678391556,0.027145599122566495,7260,1553,"0.7990,0.7254,1.8280",ResViT-2D-T2-from-dual
T2,ReMIND-079-pre,preop,1,tumor,1,1,0.1822866344605475,12.061835292250889,0.1640581844964095,14068,1457,"0.9526,0.9132,0.9551",ResViT-2D-T2-from-dual
T2,ReMIND-079-pre,preop,2,cavity,1,1,0.0,30.840828561854813,0.024213075060532687,7069,1378,"0.9526,0.9132,0.9551",ResViT-2D-T2-from-dual
T2,ReMIND-079-pre,preop,lesion,lesion,1,1,0.118805272818288,14.535492509470561,0.1188499194447887,21137,2835,"0.9526,0.9132,0.9551",ResViT-2D-T2-from-dual
T2,ReMIND-087-post,postop,1,tumor,0,1,nan,nan,nan,0,2808,"0.8587,0.8570,1.9930",ResViT-2D-T2-from-dual
T2,ReMIND-087-post,postop,2,cavity,1,0,0.0,nan,nan,8781,0,"0.8587,0.8570,1.9930",ResViT-2D-T2-from-dual
T2,ReMIND-087-post,postop,lesion,lesion,1,1,0.28371731814651824,17.145103407978944,0.26629028463890847,8781,2808,"0.8587,0.8570,1.9930",ResViT-2D-T2-from-dual
T2,ReMIND-087-pre,preop,1,tumor,1,1,0.12816852881823104,11.346141405629481,0.22884673291177357,11505,8812,"0.9766,0.9734,0.9968",ResViT-2D-T2-from-dual
T2,ReMIND-087-pre,preop,2,cavity,1,0,0.0,nan,nan,11681,0,"0.9766,0.9734,0.9968",ResViT-2D-T2-from-dual
T2,ReMIND-087-pre,preop,lesion,lesion,1,1,0.3427089193074567,10.92560902298593,0.2941599712195707,23186,8812,"0.9766,0.9734,0.9968",ResViT-2D-T2-from-dual
T2,ReMIND-091-post,postop,1,tumor,0,1,nan,nan,nan,0,6756,"0.8574,0.8545,1.9930",ResViT-2D-T2-from-dual
T2,ReMIND-091-post,postop,2,cavity,1,1,0.07175982426165486,16.428394725710604,0.0932062966031483,7894,300,"0.8574,0.8545,1.9930",ResViT-2D-T2-from-dual
T2,ReMIND-091-post,postop,lesion,lesion,1,1,0.17150501672240803,16.62528805428968,0.18548216923401561,7894,7056,"0.8574,0.8545,1.9930",ResViT-2D-T2-from-dual
T2,ReMIND-091-pre,preop,1,tumor,1,1,0.14511287223823247,25.383134661691983,0.14364806224749363,25347,7965,"0.9733,0.9707,0.9931",ResViT-2D-T2-from-dual
T2,ReMIND-091-pre,preop,2,cavity,0,0,nan,nan,nan,0,0,"0.9733,0.9707,0.9931",ResViT-2D-T2-from-dual
T2,ReMIND-091-pre,preop,lesion,lesion,1,1,0.14511287223823247,25.383134661691983,0.14364806224749363,25347,7965,"0.9733,0.9707,0.9931",ResViT-2D-T2-from-dual
T2,ReMIND-096-post,postop,1,tumor,0,1,nan,nan,nan,0,8323,"0.8569,0.8553,1.9849",ResViT-2D-T2-from-dual
T2,ReMIND-096-post,postop,2,cavity,1,1,0.3263194204898241,7.530779171319322,0.4216335540838852,2166,733,"0.8569,0.8553,1.9849",ResViT-2D-T2-from-dual
T2,ReMIND-096-post,postop,lesion,lesion,1,1,0.16521119230083764,19.210818999441376,0.19906725576828668,2166,9056,"0.8569,0.8553,1.9849",ResViT-2D-T2-from-dual
T2,ReMIND-096-pre,preop,1,tumor,1,1,0.44540519198499656,13.542474136851876,0.23663213052280577,18774,31881,"0.9755,0.9626,0.9851",ResViT-2D-T2-from-dual
T2,ReMIND-096-pre,preop,2,cavity,0,0,nan,nan,nan,0,0,"0.9755,0.9626,0.9851",ResViT-2D-T2-from-dual
T2,ReMIND-096-pre,preop,lesion,lesion,1,1,0.44540519198499656,13.542474136851876,0.23663213052280577,18774,31881,"0.9755,0.9626,0.9851",ResViT-2D-T2-from-dual
T2,ReMIND-102-pre,preop,1,tumor,1,1,0.07171601034780109,0.20616428207739215,1.0,7693,20139,"0.0008,0.0174,0.0887",ResViT-2D-T2-from-dual
T2,ReMIND-102-pre,preop,2,cavity,0,1,nan,nan,nan,0,1147,"0.0008,0.0174,0.0887",ResViT-2D-T2-from-dual
T2,ReMIND-102-pre,preop,lesion,lesion,1,1,0.06887746299044135,0.22628191311696064,1.0,7693,21286,"0.0008,0.0174,0.0887",ResViT-2D-T2-from-dual
T2,ReMIND-107-post,postop,1,tumor,1,1,0.08354324097397145,17.76327059742244,0.16432748538011696,3621,5907,"0.8587,0.8481,1.9732",ResViT-2D-T2-from-dual
T2,ReMIND-107-post,postop,2,cavity,1,0,0.0,nan,nan,879,0,"0.8587,0.8481,1.9732",ResViT-2D-T2-from-dual
T2,ReMIND-107-post,postop,lesion,lesion,1,1,0.0764869799173633,18.008981606492625,0.14319005696530296,4500,5907,"0.8587,0.8481,1.9732",ResViT-2D-T2-from-dual
T2,ReMIND-107-pre,preop,1,tumor,1,1,0.4595088478248709,10.179457200160687,0.4295612694550364,57631,49627,"0.2343,0.2312,4.9330",ResViT-2D-T2-from-dual
T2,ReMIND-107-pre,preop,2,cavity,0,1,nan,nan,nan,0,1374,"0.2343,0.2312,4.9330",ResViT-2D-T2-from-dual
T2,ReMIND-107-pre,preop,lesion,lesion,1,1,0.4638412254216069,10.158508199129173,0.42045132941088853,57631,51001,"0.2343,0.2312,4.9330",ResViT-2D-T2-from-dual
T2,ReMIND-109-post,postop,1,tumor,0,0,nan,nan,nan,0,0,"0.8585,0.8371,1.9460",ResViT-2D-T2-from-dual
T2,ReMIND-109-post,postop,2,cavity,1,1,0.002929973630237328,21.229140591436142,0.014521452145214522,3408,5,"0.8585,0.8371,1.9460",ResViT-2D-T2-from-dual
T2,ReMIND-109-post,postop,lesion,lesion,1,1,0.002929973630237328,21.229140591436142,0.014521452145214522,3408,5,"0.8585,0.8371,1.9460",ResViT-2D-T2-from-dual
T2,ReMIND-109-pre,preop,1,tumor,1,1,0.6483512255184886,4.996978731871909,0.4669537539786557,10361,15628,"0.9755,0.9400,0.9620",ResViT-2D-T2-from-dual
T2,ReMIND-109-pre,preop,2,cavity,0,0,nan,nan,nan,0,0,"0.9755,0.9400,0.9620",ResViT-2D-T2-from-dual
T2,ReMIND-109-pre,preop,lesion,lesion,1,1,0.6483512255184886,4.996978731871909,0.4669537539786557,10361,15628,"0.9755,0.9400,0.9620",ResViT-2D-T2-from-dual
T2,ReMIND-003-post,postop,1,tumor,0,1,nan,nan,nan,0,3419,"0.9264,0.9265,1.9922",ResViT-2D-T2-from-single
T2,ReMIND-003-post,postop,2,cavity,1,1,0.5681104833647207,3.8720763725582583,0.5777351247600768,2099,1087,"0.9264,0.9265,1.9922",ResViT-2D-T2-from-single
T2,ReMIND-003-post,postop,lesion,lesion,1,1,0.4175624526873581,6.971505858129882,0.3793233082706767,2099,4506,"0.9264,0.9265,1.9922",ResViT-2D-T2-from-single
T2,ReMIND-003-pre,preop,1,tumor,1,1,0.6451554097165254,5.230932475769078,0.47221052631578947,10844,11098,"0.9757,0.9586,0.9825",ResViT-2D-T2-from-single
T2,ReMIND-003-pre,preop,2,cavity,0,1,nan,nan,nan,0,42,"0.9757,0.9586,0.9825",ResViT-2D-T2-from-single
T2,ReMIND-003-pre,preop,lesion,lesion,1,1,0.6439228529839883,5.2730919141752,0.4683120686048944,10844,11140,"0.9757,0.9586,0.9825",ResViT-2D-T2-from-single
T2,ReMIND-004-pre,preop,1,tumor,1,1,0.5649217143760873,5.246567259078357,0.47214076246334313,2043,4280,"0.9761,0.9626,0.9802",ResViT-2D-T2-from-single
T2,ReMIND-004-pre,preop,2,cavity,0,1,nan,nan,nan,0,96,"0.9761,0.9626,0.9802",ResViT-2D-T2-from-single
T2,ReMIND-004-pre,preop,lesion,lesion,1,1,0.5670665212649946,5.237048384490959,0.44410876132930516,2043,4376,"0.9761,0.9626,0.9802",ResViT-2D-T2-from-single
T2,ReMIND-023-pre,preop,1,tumor,1,1,0.7217446673034066,2.465160629453536,0.7205035971223022,3895,2387,"0.6872,0.6822,2.1845",ResViT-2D-T2-from-single
T2,ReMIND-023-pre,preop,2,cavity,0,1,nan,nan,nan,0,119,"0.6872,0.6822,2.1845",ResViT-2D-T2-from-single
T2,ReMIND-023-pre,preop,lesion,lesion,1,1,0.7436338072176223,2.2885629170459145,0.7528248587570622,3895,2506,"0.6872,0.6822,2.1845",ResViT-2D-T2-from-single
T2,ReMIND-031-post,postop,1,tumor,0,0,nan,nan,nan,0,0,"0.0027,0.1312,0.0963",ResViT-2D-T2-from-single
T2,ReMIND-031-post,postop,2,cavity,1,1,0.02908892987814097,2.493551369997986,0.757282400139543,32424,647,"0.0027,0.1312,0.0963",ResViT-2D-T2-from-single
T2,ReMIND-031-post,postop,lesion,lesion,1,1,0.02908892987814097,2.493551369997986,0.757282400139543,32424,647,"0.0027,0.1312,0.0963",ResViT-2D-T2-from-single
T2,ReMIND-031-pre,preop,1,tumor,1,1,0.43249779100590613,12.027060184780481,0.4154147615937296,8344,13159,"0.9766,0.9754,0.9990",ResViT-2D-T2-from-single
T2,ReMIND-031-pre,preop,2,cavity,0,1,nan,nan,nan,0,1,"0.9766,0.9754,0.9990",ResViT-2D-T2-from-single
T2,ReMIND-031-pre,preop,lesion,lesion,1,1,0.43247767857142855,12.027060184780481,0.41561836301257965,8344,13160,"0.9766,0.9754,0.9990",ResViT-2D-T2-from-single
T2,ReMIND-032-post,postop,1,tumor,1,1,0.0,37.18201025210027,0.0,13367,3763,"0.8594,0.8379,1.9501",ResViT-2D-T2-from-single
T2,ReMIND-032-post,postop,2,cavity,1,0,0.0,nan,nan,6211,0,"0.8594,0.8379,1.9501",ResViT-2D-T2-from-single
T2,ReMIND-032-post,postop,lesion,lesion,1,1,0.04052954029390343,36.22569317024059,0.07555982964692952,19578,3763,"0.8594,0.8379,1.9501",ResViT-2D-T2-from-single
T2,ReMIND-032-pre,preop,1,tumor,1,1,0.3193923999698212,14.511064112449358,0.16929900475984422,32911,6852,"0.8208,0.8169,1.9763",ResViT-2D-T2-from-single
T2,ReMIND-032-pre,preop,2,cavity,0,1,nan,nan,nan,0,461,"0.8208,0.8169,1.9763",ResViT-2D-T2-from-single
T2,ReMIND-032-pre,preop,lesion,lesion,1,1,0.3173229912490056,14.462244134210327,0.16902306792813862,32911,7313,"0.8208,0.8169,1.9763",ResViT-2D-T2-from-single
T2,ReMIND-034-post,postop,1,tumor,1,1,0.022271714922048998,21.490627997763124,0.057971014492753624,516,4423,"0.8557,0.8490,1.9836",ResViT-2D-T2-from-single
T2,ReMIND-034-post,postop,2,cavity,1,1,0.46243969676085456,18.74173878118655,0.4143629807692308,12900,4512,"0.8557,0.8490,1.9836",ResViT-2D-T2-from-single
T2,ReMIND-034-post,postop,lesion,lesion,1,1,0.4194890608921301,19.68596683040655,0.35213694852941174,13416,8935,"0.8557,0.8490,1.9836",ResViT-2D-T2-from-single
T2,ReMIND-034-pre,preop,1,tumor,1,1,0.47633512917089516,19.693421059678414,0.3444699021037284,206728,86914,"0.2679,0.2658,4.9631",ResViT-2D-T2-from-single
T2,ReMIND-034-pre,preop,2,cavity,1,1,0.0,48.06444220020447,0.0,20636,33,"0.2679,0.2658,4.9631",ResViT-2D-T2-from-single
T2,ReMIND-034-pre,preop,lesion,lesion,1,1,0.44522145263767415,22.38940498793334,0.3359674961909599,227364,86947,"0.2679,0.2658,4.9631",ResViT-2D-T2-from-single
T2,ReMIND-045-post,postop,1,tumor,1,1,0.012416427889207259,20.996221922877506,0.047685834502103785,3767,6703,"0.7296,0.7296,2.0000",ResViT-2D-T2-from-single
T2,ReMIND-045-post,postop,2,cavity,1,0,0.0,nan,nan,4649,0,"0.7296,0.7296,2.0000",ResViT-2D-T2-from-single
T2,ReMIND-045-post,postop,lesion,lesion,1,1,0.010714994377935048,21.15186536159481,0.048690858980248046,8416,6703,"0.7296,0.7296,2.0000",ResViT-2D-T2-from-single
T2,ReMIND-045-pre,preop,1,tumor,1,1,0.7667870294233313,2.535625595347975,0.7409337723793532,123470,156240,"0.2608,0.2430,0.9600",ResViT-2D-T2-from-single
T2,ReMIND-045-pre,preop,2,cavity,0,0,nan,nan,nan,0,0,"0.2608,0.2430,0.9600",ResViT-2D-T2-from-single
T2,ReMIND-045-pre,preop,lesion,lesion,1,1,0.7667870294233313,2.535625595347975,0.7409337723793532,123470,156240,"0.2608,0.2430,0.9600",ResViT-2D-T2-from-single
T2,ReMIND-056-post,postop,1,tumor,0,1,nan,nan,nan,0,5118,"0.8539,0.8523,1.9741",ResViT-2D-T2-from-single
T2,ReMIND-056-post,postop,2,cavity,1,0,0.0,nan,nan,17551,0,"0.8539,0.8523,1.9741",ResViT-2D-T2-from-single
T2,ReMIND-056-post,postop,lesion,lesion,1,1,0.014027967709206406,23.046193500045106,0.1279344572238853,17551,5118,"0.8539,0.8523,1.9741",ResViT-2D-T2-from-single
T2,ReMIND-056-pre,preop,1,tumor,1,1,0.8322948966876286,2.509889409128764,0.7237988695242581,55846,47675,"0.7937,0.7936,1.2000",ResViT-2D-T2-from-single
T2,ReMIND-056-pre,preop,2,cavity,0,0,nan,nan,nan,0,0,"0.7937,0.7936,1.2000",ResViT-2D-T2-from-single
T2,ReMIND-056-pre,preop,lesion,lesion,1,1,0.8322948966876286,2.509889409128764,0.7237988695242581,55846,47675,"0.7937,0.7936,1.2000",ResViT-2D-T2-from-single
T2,ReMIND-077-post,postop,1,tumor,1,1,0.1031237211840131,21.52803661386321,0.19169510807736065,2094,5237,"0.8558,0.8268,1.9283",ResViT-2D-T2-from-single
T2,ReMIND-077-post,postop,2,cavity,1,1,0.09069048436963242,13.93462921717709,0.15822424587364825,2767,144,"0.8558,0.8268,1.9283",ResViT-2D-T2-from-single
T2,ReMIND-077-post,postop,lesion,lesion,1,1,0.17555165006834603,20.180392782616458,0.29174464545643586,4861,5381,"0.8558,0.8268,1.9283",ResViT-2D-T2-from-single
T2,ReMIND-077-pre,preop,1,tumor,1,1,0.3295115002432076,8.455301598492806,0.38480594549958713,6841,7550,"0.9765,0.9644,0.9880",ResViT-2D-T2-from-single
T2,ReMIND-077-pre,preop,2,cavity,1,0,0.0,nan,nan,5265,0,"0.9765,0.9644,0.9880",ResViT-2D-T2-from-single
T2,ReMIND-077-pre,preop,lesion,lesion,1,1,0.31216931216931215,8.925414699026742,0.3749277038750723,12106,7550,"0.9765,0.9644,0.9880",ResViT-2D-T2-from-single
T2,ReMIND-079-post,postop,1,tumor,1,1,0.0018339009693476552,25.349228126701068,0.02686014201914171,7260,374,"0.7990,0.7254,1.8280",ResViT-2D-T2-from-single
T2,ReMIND-079-post,postop,2,cavity,0,0,nan,nan,nan,0,0,"0.7990,0.7254,1.8280",ResViT-2D-T2-from-single
T2,ReMIND-079-post,postop,lesion,lesion,1,1,0.0018339009693476552,25.349228126701068,0.02686014201914171,7260,374,"0.7990,0.7254,1.8280",ResViT-2D-T2-from-single
T2,ReMIND-079-pre,preop,1,tumor,1,1,0.42487819429253254,10.307048275094237,0.39978563772775993,14068,6046,"0.9526,0.9132,0.9551",ResViT-2D-T2-from-single
T2,ReMIND-079-pre,preop,2,cavity,1,1,0.00035174111853675694,28.751739010681824,0.051739257527038875,7069,4303,"0.9526,0.9132,0.9551",ResViT-2D-T2-from-single
T2,ReMIND-079-pre,preop,lesion,lesion,1,1,0.2911770310614241,13.867532457178022,0.31730567777079405,21137,10349,"0.9526,0.9132,0.9551",ResViT-2D-T2-from-single
T2,ReMIND-087-post,postop,1,tumor,0,1,nan,nan,nan,0,998,"0.8587,0.8570,1.9930",ResViT-2D-T2-from-single
T2,ReMIND-087-post,postop,2,cavity,1,1,0.004074241738343142,22.942657479647153,0.019726858877086494,8781,55,"0.8587,0.8570,1.9930",ResViT-2D-T2-from-single
T2,ReMIND-087-post,postop,lesion,lesion,1,1,0.08582468985153549,17.35867956394972,0.18117765475591344,8781,1053,"0.8587,0.8570,1.9930",ResViT-2D-T2-from-single
T2,ReMIND-087-pre,preop,1,tumor,1,1,0.04530120481927711,17.58892664108102,0.15937072503419972,11505,5095,"0.9766,0.9734,0.9968",ResViT-2D-T2-from-single
T2,ReMIND-087-pre,preop,2,cavity,1,0,0.0,nan,nan,11681,0,"0.9766,0.9734,0.9968",ResViT-2D-T2-from-single
T2,ReMIND-087-pre,preop,lesion,lesion,1,1,0.2704289098688165,15.76329192576612,0.20636182902584493,23186,5095,"0.9766,0.9734,0.9968",ResViT-2D-T2-from-single
T2,ReMIND-091-post,postop,1,tumor,0,1,nan,nan,nan,0,5989,"0.8574,0.8545,1.9930",ResViT-2D-T2-from-single
T2,ReMIND-091-post,postop,2,cavity,1,1,0.306672369546621,11.288043944009186,0.1423670668953688,7894,1458,"0.8574,0.8545,1.9930",ResViT-2D-T2-from-single
T2,ReMIND-091-post,postop,lesion,lesion,1,1,0.4101427547096017,10.431499019228154,0.22816166883963493,7894,7447,"0.8574,0.8545,1.9930",ResViT-2D-T2-from-single
T2,ReMIND-091-pre,preop,1,tumor,1,1,0.48377261718193476,12.281325620884504,0.36369336886659354,25347,9748,"0.9733,0.9707,0.9931",ResViT-2D-T2-from-single
T2,ReMIND-091-pre,preop,2,cavity,0,0,nan,nan,nan,0,0,"0.9733,0.9707,0.9931",ResViT-2D-T2-from-single
T2,ReMIND-091-pre,preop,lesion,lesion,1,1,0.48377261718193476,12.281325620884504,0.36369336886659354,25347,9748,"0.9733,0.9707,0.9931",ResViT-2D-T2-from-single
T2,ReMIND-096-post,postop,1,tumor,0,1,nan,nan,nan,0,2815,"0.8569,0.8553,1.9849",ResViT-2D-T2-from-single
T2,ReMIND-096-post,postop,2,cavity,1,1,0.6460965003106233,4.992482637293466,0.7191685912240184,2166,2663,"0.8569,0.8553,1.9849",ResViT-2D-T2-from-single
T2,ReMIND-096-post,postop,lesion,lesion,1,1,0.4196755625327054,16.608393706578152,0.48311921123394086,2166,5478,"0.8569,0.8553,1.9849",ResViT-2D-T2-from-single
T2,ReMIND-096-pre,preop,1,tumor,1,1,0.4498801348990289,13.25388087324868,0.24034385303815356,18774,30448,"0.9755,0.9626,0.9851",ResViT-2D-T2-from-single
T2,ReMIND-096-pre,preop,2,cavity,0,0,nan,nan,nan,0,0,"0.9755,0.9626,0.9851",ResViT-2D-T2-from-single
T2,ReMIND-096-pre,preop,lesion,lesion,1,1,0.4498801348990289,13.25388087324868,0.24034385303815356,18774,30448,"0.9755,0.9626,0.9851",ResViT-2D-T2-from-single
T2,ReMIND-102-pre,preop,1,tumor,1,1,0.1056891216377053,0.1917575933214292,1.0,7693,21714,"0.0008,0.0174,0.0887",ResViT-2D-T2-from-single
T2,ReMIND-102-pre,preop,2,cavity,0,1,nan,nan,nan,0,247,"0.0008,0.0174,0.0887",ResViT-2D-T2-from-single
T2,ReMIND-102-pre,preop,lesion,lesion,1,1,0.10480879476630471,0.19209298361864235,1.0,7693,21961,"0.0008,0.0174,0.0887",ResViT-2D-T2-from-single
T2,ReMIND-107-post,postop,1,tumor,1,1,0.11275352354761087,13.415905928516931,0.22662384011420414,3621,2197,"0.8587,0.8481,1.9732",ResViT-2D-T2-from-single
T2,ReMIND-107-post,postop,2,cavity,1,0,0.0,nan,nan,879,0,"0.8587,0.8481,1.9732",ResViT-2D-T2-from-single
T2,ReMIND-107-post,postop,lesion,lesion,1,1,0.09795430789905928,14.24259278946062,0.18865598027127004,4500,2197,"0.8587,0.8481,1.9732",ResViT-2D-T2-from-single
T2,ReMIND-107-pre,preop,1,tumor,1,1,0.37882030648060955,11.297829071333432,0.29755827803301005,57631,59179,"0.2343,0.2312,4.9330",ResViT-2D-T2-from-single
T2,ReMIND-107-pre,preop,2,cavity,0,1,nan,nan,nan,0,686,"0.2343,0.2312,4.9330",ResViT-2D-T2-from-single
T2,ReMIND-107-pre,preop,lesion,lesion,1,1,0.3779532920269626,11.270264465351953,0.29448502917861835,57631,59865,"0.2343,0.2312,4.9330",ResViT-2D-T2-from-single
T2,ReMIND-109-post,postop,1,tumor,0,1,nan,nan,nan,0,1314,"0.8585,0.8371,1.9460",ResViT-2D-T2-from-single
T2,ReMIND-109-post,postop,2,cavity,1,1,0.445875753168502,11.994961454766054,0.4960919540229885,3408,1405,"0.8585,0.8371,1.9460",ResViT-2D-T2-from-single
T2,ReMIND-109-post,postop,lesion,lesion,1,1,0.4351232250693651,12.430009924943048,0.4705671213208902,3408,2719,"0.8585,0.8371,1.9460",ResViT-2D-T2-from-single
T2,ReMIND-109-pre,preop,1,tumor,1,1,0.617500731635938,5.467696357628911,0.45430159034297757,10361,13558,"0.9755,0.9400,0.9620",ResViT-2D-T2-from-single
T2,ReMIND-109-pre,preop,2,cavity,0,0,nan,nan,nan,0,0,"0.9755,0.9400,0.9620",ResViT-2D-T2-from-single
T2,ReMIND-109-pre,preop,lesion,lesion,1,1,0.617500731635938,5.467696357628911,0.45430159034297757,10361,13558,"0.9755,0.9400,0.9620",ResViT-2D-T2-from-single
T2,ReMIND-003-post,postop,1,tumor,0,1,nan,nan,nan,0,345,"0.9264,0.9265,1.9922",ResViT-3D-T2-from-dual
T2,ReMIND-003-post,postop,2,cavity,1,1,0.6802471961547265,4.63273286819458,0.7548717948717949,2099,2270,"0.9264,0.9265,1.9922",ResViT-3D-T2-from-dual
T2,ReMIND-003-post,postop,lesion,lesion,1,1,0.6622825625795503,4.2072522189173345,0.7574257425742574,2099,2615,"0.9264,0.9265,1.9922",ResViT-3D-T2-from-dual
T2,ReMIND-003-pre,preop,1,tumor,1,1,0.727424382106326,3.2494217809691293,0.5923060840476688,10844,11935,"0.9757,0.9586,0.9825",ResViT-3D-T2-from-dual
T2,ReMIND-003-pre,preop,2,cavity,0,0,nan,nan,nan,0,0,"0.9757,0.9586,0.9825",ResViT-3D-T2-from-dual
T2,ReMIND-003-pre,preop,lesion,lesion,1,1,0.727424382106326,3.2494217809691293,0.5923060840476688,10844,11935,"0.9757,0.9586,0.9825",ResViT-3D-T2-from-dual
T2,ReMIND-004-pre,preop,1,tumor,1,1,0.0,60.8468288829562,0.0,2043,51,"0.9761,0.9626,0.9802",ResViT-3D-T2-from-dual
T2,ReMIND-004-pre,preop,2,cavity,0,0,nan,nan,nan,0,0,"0.9761,0.9626,0.9802",ResViT-3D-T2-from-dual
T2,ReMIND-004-pre,preop,lesion,lesion,1,1,0.0,60.8468288829562,0.0,2043,51,"0.9761,0.9626,0.9802",ResViT-3D-T2-from-dual
T2,ReMIND-023-pre,preop,1,tumor,1,1,0.7023038698991115,3.410888910293579,0.6580921757770632,3895,2746,"0.6872,0.6822,2.1845",ResViT-3D-T2-from-dual
T2,ReMIND-023-pre,preop,2,cavity,0,1,nan,nan,nan,0,318,"0.6872,0.6822,2.1845",ResViT-3D-T2-from-dual
T2,ReMIND-023-pre,preop,lesion,lesion,1,1,0.6750969966949274,3.516120920850247,0.6152019002375297,3895,3064,"0.6872,0.6822,2.1845",ResViT-3D-T2-from-dual
T2,ReMIND-031-post,postop,1,tumor,0,1,nan,nan,nan,0,46576,"0.0027,0.1312,0.0963",ResViT-3D-T2-from-dual
T2,ReMIND-031-post,postop,2,cavity,1,0,0.0,nan,nan,32424,0,"0.0027,0.1312,0.0963",ResViT-3D-T2-from-dual
T2,ReMIND-031-post,postop,lesion,lesion,1,1,0.018632911392405062,2.060495622610357,0.8971973031704463,32424,46576,"0.0027,0.1312,0.0963",ResViT-3D-T2-from-dual
T2,ReMIND-031-pre,preop,1,tumor,1,1,0.10309739461030974,9.885618274990817,0.11435378201310303,8344,599,"0.9766,0.9754,0.9990",ResViT-3D-T2-from-dual
T2,ReMIND-031-pre,preop,2,cavity,0,0,nan,nan,nan,0,0,"0.9766,0.9754,0.9990",ResViT-3D-T2-from-dual
T2,ReMIND-031-pre,preop,lesion,lesion,1,1,0.10309739461030974,9.885618274990817,0.11435378201310303,8344,599,"0.9766,0.9754,0.9990",ResViT-3D-T2-from-dual
T2,ReMIND-032-post,postop,1,tumor,1,1,0.07047477744807122,18.243205065769,0.14976825028968713,13367,2809,"0.8594,0.8379,1.9501",ResViT-3D-T2-from-dual
T2,ReMIND-032-post,postop,2,cavity,1,0,0.0,nan,nan,6211,0,"0.8594,0.8379,1.9501",ResViT-3D-T2-from-dual
T2,ReMIND-032-post,postop,lesion,lesion,1,1,0.15696609639522938,18.204525183029695,0.13840101166221722,19578,2809,"0.8594,0.8379,1.9501",ResViT-3D-T2-from-dual
T2,ReMIND-032-pre,preop,1,tumor,1,1,0.02851409231137868,33.7453266007179,0.0249645390070922,32911,476,"0.8208,0.8169,1.9763",ResViT-3D-T2-from-dual
T2,ReMIND-032-pre,preop,2,cavity,0,1,nan,nan,nan,0,2854,"0.8208,0.8169,1.9763",ResViT-3D-T2-from-dual
T2,ReMIND-032-pre,preop,lesion,lesion,1,1,0.06158770453353936,31.510570745397864,0.142786500185437,32911,3330,"0.8208,0.8169,1.9763",ResViT-3D-T2-from-dual
T2,ReMIND-034-post,postop,1,tumor,1,1,0.09191820837390458,13.884948968887329,0.2316338819751104,516,4619,"0.8557,0.8490,1.9836",ResViT-3D-T2-from-dual
T2,ReMIND-034-post,postop,2,cavity,1,1,0.15802842040227913,15.83599381735382,0.14773683324920073,12900,1667,"0.8557,0.8490,1.9836",ResViT-3D-T2-from-dual
T2,ReMIND-034-post,postop,lesion,lesion,1,1,0.41670896355699927,14.065432494535546,0.33518267929634643,13416,6286,"0.8557,0.8490,1.9836",ResViT-3D-T2-from-dual
T2,ReMIND-034-pre,preop,1,tumor,1,1,0.15211152945965198,26.88205308235239,0.12167207728405348,206728,38947,"0.2679,0.2658,4.9631",ResViT-3D-T2-from-dual
T2,ReMIND-034-pre,preop,2,cavity,1,1,0.0,63.51746142733906,0.0,20636,498,"0.2679,0.2658,4.9631",ResViT-3D-T2-from-dual
T2,ReMIND-034-pre,preop,lesion,lesion,1,1,0.14379574901896114,32.41050453336203,0.11618159232416532,227364,39445,"0.2679,0.2658,4.9631",ResViT-3D-T2-from-dual
T2,ReMIND-045-post,postop,1,tumor,1,1,0.0198876930276088,21.39366016769418,0.07017543859649122,3767,4781,"0.7296,0.7296,2.0000",ResViT-3D-T2-from-dual
T2,ReMIND-045-post,postop,2,cavity,1,1,0.0,28.172197759536118,0.008091210003677823,4649,242,"0.7296,0.7296,2.0000",ResViT-3D-T2-from-dual
T2,ReMIND-045-post,postop,lesion,lesion,1,1,0.06235583004687849,19.999998807907104,0.11156294200848656,8416,5023,"0.7296,0.7296,2.0000",ResViT-3D-T2-from-dual
T2,ReMIND-045-pre,preop,1,tumor,1,1,0.6574220546823286,3.242067542808587,0.665273826458037,123470,143929,"0.2608,0.2430,0.9600",ResViT-3D-T2-from-dual
T2,ReMIND-045-pre,preop,2,cavity,0,1,nan,nan,nan,0,1426,"0.2608,0.2430,0.9600",ResViT-3D-T2-from-dual
T2,ReMIND-045-pre,preop,lesion,lesion,1,1,0.6539347158932391,3.3759483362062497,0.6594818105837329,123470,145355,"0.2608,0.2430,0.9600",ResViT-3D-T2-from-dual
T2,ReMIND-056-post,postop,1,tumor,0,0,nan,nan,nan,0,0,"0.8539,0.8523,1.9741",ResViT-3D-T2-from-dual
T2,ReMIND-056-post,postop,2,cavity,1,0,0.0,nan,nan,17551,0,"0.8539,0.8523,1.9741",ResViT-3D-T2-from-dual
T2,ReMIND-056-post,postop,lesion,lesion,1,0,0.0,nan,nan,17551,0,"0.8539,0.8523,1.9741",ResViT-3D-T2-from-dual
T2,ReMIND-056-pre,preop,1,tumor,1,1,0.7451743543891022,4.046387200727536,0.5178791615289766,55846,39219,"0.7937,0.7936,1.2000",ResViT-3D-T2-from-dual
T2,ReMIND-056-pre,preop,2,cavity,0,1,nan,nan,nan,0,57,"0.7937,0.7936,1.2000",ResViT-3D-T2-from-dual
T2,ReMIND-056-pre,preop,lesion,lesion,1,1,0.745211412712096,4.013687878176833,0.5201550864668595,55846,39276,"0.7937,0.7936,1.2000",ResViT-3D-T2-from-dual
T2,ReMIND-077-post,postop,1,tumor,1,1,0.3434965034965035,6.5688914608630355,0.549618320610687,2094,1481,"0.8558,0.8268,1.9283",ResViT-3D-T2-from-dual
T2,ReMIND-077-post,postop,2,cavity,1,1,0.1830065359477124,17.703569950989007,0.28971486761710796,2767,599,"0.8558,0.8268,1.9283",ResViT-3D-T2-from-dual
T2,ReMIND-077-post,postop,lesion,lesion,1,1,0.4031119435239879,11.981670260429382,0.4534468552595441,4861,2080,"0.8558,0.8268,1.9283",ResViT-3D-T2-from-dual
T2,ReMIND-077-pre,preop,1,tumor,1,1,0.40293614595210947,6.843402123724501,0.484006734006734,6841,7191,"0.9765,0.9644,0.9880",ResViT-3D-T2-from-dual
T2,ReMIND-077-pre,preop,2,cavity,1,0,0.0,nan,nan,5265,0,"0.9765,0.9644,0.9880",ResViT-3D-T2-from-dual
T2,ReMIND-077-pre,preop,lesion,lesion,1,1,0.37632792662071823,9.21215057195211,0.4416997500367593,12106,7191,"0.9765,0.9644,0.9880",ResViT-3D-T2-from-dual
T2,ReMIND-079-post,postop,1,tumor,1,1,0.04186394218788936,15.546311923283309,0.09597329438764865,7260,4779,"0.7990,0.7254,1.8280",ResViT-3D-T2-from-dual
T2,ReMIND-079-post,postop,2,cavity,0,1,nan,nan,nan,0,519,"0.7990,0.7254,1.8280",ResViT-3D-T2-from-dual
T2,ReMIND-079-post,postop,lesion,lesion,1,1,0.040293040293040296,15.666089395825574,0.09623689080814313,7260,5298,"0.7990,0.7254,1.8280",ResViT-3D-T2-from-dual
T2,ReMIND-079-pre,preop,1,tumor,1,1,0.3289539031107499,15.98548818939242,0.3349910208592347,14068,8081,"0.9526,0.9132,0.9551",ResViT-3D-T2-from-dual
T2,ReMIND-079-pre,preop,2,cavity,1,1,0.0012690355329949238,26.08908282219032,0.06292466765140325,7069,3963,"0.9526,0.9132,0.9551",ResViT-3D-T2-from-dual
T2,ReMIND-079-pre,preop,lesion,lesion,1,1,0.23905246978692626,14.936394584145464,0.2708131185717058,21137,12044,"0.9526,0.9132,0.9551",ResViT-3D-T2-from-dual
T2,ReMIND-087-post,postop,1,tumor,0,1,nan,nan,nan,0,2464,"0.8587,0.8570,1.9930",ResViT-3D-T2-from-dual
T2,ReMIND-087-post,postop,2,cavity,1,1,0.01783295711060948,18.464028554729477,0.009644364074743821,8781,79,"0.8587,0.8570,1.9930",ResViT-3D-T2-from-dual
T2,ReMIND-087-post,postop,lesion,lesion,1,1,0.17484987636877428,16.847727765981503,0.19590909090909092,8781,2543,"0.8587,0.8570,1.9930",ResViT-3D-T2-from-dual
T2,ReMIND-087-pre,preop,1,tumor,1,1,0.1160275319567355,14.75891706288212,0.1409707351891506,11505,4767,"0.9766,0.9734,0.9968",ResViT-3D-T2-from-dual
T2,ReMIND-087-pre,preop,2,cavity,1,1,0.18856702279986784,13.780572844604349,0.1873230233064692,11681,6477,"0.9766,0.9734,0.9968",ResViT-3D-T2-from-dual
T2,ReMIND-087-pre,preop,lesion,lesion,1,1,0.32884112692419404,12.815739989194032,0.2623100651205301,23186,11244,"0.9766,0.9734,0.9968",ResViT-3D-T2-from-dual
T2,ReMIND-091-post,postop,1,tumor,0,1,nan,nan,nan,0,2478,"0.8574,0.8545,1.9930",ResViT-3D-T2-from-dual
T2,ReMIND-091-post,postop,2,cavity,1,1,0.575271282286413,8.83003063399867,0.4209023415191319,7894,5192,"0.8574,0.8545,1.9930",ResViT-3D-T2-from-dual
T2,ReMIND-091-post,postop,lesion,lesion,1,1,0.7345155487021331,3.534527831000471,0.5969087340529932,7894,7670,"0.8574,0.8545,1.9930",ResViT-3D-T2-from-dual
T2,ReMIND-091-pre,preop,1,tumor,1,1,0.74375,3.688799402994497,0.5357734806629835,25347,17853,"0.9733,0.9707,0.9931",ResViT-3D-T2-from-dual
T2,ReMIND-091-pre,preop,2,cavity,0,0,nan,nan,nan,0,0,"0.9733,0.9707,0.9931",ResViT-3D-T2-from-dual
T2,ReMIND-091-pre,preop,lesion,lesion,1,1,0.74375,3.688799402994497,0.5357734806629835,25347,17853,"0.9733,0.9707,0.9931",ResViT-3D-T2-from-dual
T2,ReMIND-096-post,postop,1,tumor,0,1,nan,nan,nan,0,677,"0.8569,0.8553,1.9849",ResViT-3D-T2-from-dual
T2,ReMIND-096-post,postop,2,cavity,1,1,0.5525712414018997,6.668745282042221,0.5394736842105263,2166,3940,"0.8569,0.8553,1.9849",ResViT-3D-T2-from-dual
T2,ReMIND-096-post,postop,lesion,lesion,1,1,0.49977885891198587,11.930547443758512,0.48335015136226034,2166,4617,"0.8569,0.8553,1.9849",ResViT-3D-T2-from-dual
T2,ReMIND-096-pre,preop,1,tumor,1,1,0.6089985729874926,8.571356422219235,0.37867824409068984,18774,28878,"0.9755,0.9626,0.9851",ResViT-3D-T2-from-dual
T2,ReMIND-096-pre,preop,2,cavity,0,0,nan,nan,nan,0,0,"0.9755,0.9626,0.9851",ResViT-3D-T2-from-dual
T2,ReMIND-096-pre,preop,lesion,lesion,1,1,0.6089985729874926,8.571356422219235,0.37867824409068984,18774,28878,"0.9755,0.9626,0.9851",ResViT-3D-T2-from-dual
T2,ReMIND-102-pre,preop,1,tumor,1,1,0.023359543845128065,0.17639605610752415,1.0,7693,14054,"0.0008,0.0174,0.0887",ResViT-3D-T2-from-dual
T2,ReMIND-102-pre,preop,2,cavity,0,1,nan,nan,nan,0,2721,"0.0008,0.0174,0.0887",ResViT-3D-T2-from-dual
T2,ReMIND-102-pre,preop,lesion,lesion,1,1,0.020761811345430765,0.2089341588494279,1.0,7693,16775,"0.0008,0.0174,0.0887",ResViT-3D-T2-from-dual
T2,ReMIND-107-post,postop,1,tumor,1,1,0.0,19.112233237776273,0.003693444136657433,3621,415,"0.8587,0.8481,1.9732",ResViT-3D-T2-from-dual
T2,ReMIND-107-post,postop,2,cavity,1,0,0.0,nan,nan,879,0,"0.8587,0.8481,1.9732",ResViT-3D-T2-from-dual
T2,ReMIND-107-post,postop,lesion,lesion,1,1,0.0,23.066914291607382,0.003067484662576687,4500,415,"0.8587,0.8481,1.9732",ResViT-3D-T2-from-dual
T2,ReMIND-107-pre,preop,1,tumor,1,1,0.07179402768061671,19.434382845296877,0.1587689406116719,57631,15272,"0.2343,0.2312,4.9330",ResViT-3D-T2-from-dual
T2,ReMIND-107-pre,preop,2,cavity,0,0,nan,nan,nan,0,0,"0.2343,0.2312,4.9330",ResViT-3D-T2-from-dual
T2,ReMIND-107-pre,preop,lesion,lesion,1,1,0.07179402768061671,19.434382845296877,0.1587689406116719,57631,15272,"0.2343,0.2312,4.9330",ResViT-3D-T2-from-dual
T2,ReMIND-109-post,postop,1,tumor,0,1,nan,nan,nan,0,1531,"0.8585,0.8371,1.9460",ResViT-3D-T2-from-dual
T2,ReMIND-109-post,postop,2,cavity,1,0,0.0,nan,nan,3408,0,"0.8585,0.8371,1.9460",ResViT-3D-T2-from-dual
T2,ReMIND-109-post,postop,lesion,lesion,1,1,0.20489977728285078,14.587717929607715,0.19560131024801122,3408,1531,"0.8585,0.8371,1.9460",ResViT-3D-T2-from-dual
T2,ReMIND-109-pre,preop,1,tumor,1,1,0.6959315884944286,3.975049691663602,0.5710388724710161,10361,8934,"0.9755,0.9400,0.9620",ResViT-3D-T2-from-dual
T2,ReMIND-109-pre,preop,2,cavity,0,0,nan,nan,nan,0,0,"0.9755,0.9400,0.9620",ResViT-3D-T2-from-dual
T2,ReMIND-109-pre,preop,lesion,lesion,1,1,0.6959315884944286,3.975049691663602,0.5710388724710161,10361,8934,"0.9755,0.9400,0.9620",ResViT-3D-T2-from-dual
T2,ReMIND-003-post,postop,1,tumor,0,1,nan,nan,nan,0,57,"0.9264,0.9265,1.9922",ResViT-3D-T2-from-single
T2,ReMIND-003-post,postop,2,cavity,1,1,0.7269542369170133,2.8741757293939694,0.7841318907779495,2099,2468,"0.9264,0.9265,1.9922",ResViT-3D-T2-from-single
T2,ReMIND-003-post,postop,lesion,lesion,1,1,0.7201557093425606,2.921325207172451,0.7764942240080361,2099,2525,"0.9264,0.9265,1.9922",ResViT-3D-T2-from-single
T2,ReMIND-003-pre,preop,1,tumor,1,1,0.6506024096385542,4.302433636323173,0.4683314415437003,10844,9574,"0.9757,0.9586,0.9825",ResViT-3D-T2-from-single
T2,ReMIND-003-pre,preop,2,cavity,0,0,nan,nan,nan,0,0,"0.9757,0.9586,0.9825",ResViT-3D-T2-from-single
T2,ReMIND-003-pre,preop,lesion,lesion,1,1,0.6506024096385542,4.302433636323173,0.4683314415437003,10844,9574,"0.9757,0.9586,0.9825",ResViT-3D-T2-from-single
T2,ReMIND-004-pre,preop,1,tumor,1,1,0.2842602689930934,38.33471684929604,0.32516493873704055,2043,708,"0.9761,0.9626,0.9802",ResViT-3D-T2-from-single
T2,ReMIND-004-pre,preop,2,cavity,0,0,nan,nan,nan,0,0,"0.9761,0.9626,0.9802",ResViT-3D-T2-from-single
T2,ReMIND-004-pre,preop,lesion,lesion,1,1,0.2842602689930934,38.33471684929604,0.32516493873704055,2043,708,"0.9761,0.9626,0.9802",ResViT-3D-T2-from-single
T2,ReMIND-023-pre,preop,1,tumor,1,1,0.4621676891615542,6.812760922323971,0.4345631067961165,3895,1484,"0.6872,0.6822,2.1845",ResViT-3D-T2-from-single
T2,ReMIND-023-pre,preop,2,cavity,0,1,nan,nan,nan,0,909,"0.6872,0.6822,2.1845",ResViT-3D-T2-from-single
T2,ReMIND-023-pre,preop,lesion,lesion,1,1,0.3953562340966921,8.048665889764646,0.3652655588139459,3895,2393,"0.6872,0.6822,2.1845",ResViT-3D-T2-from-single
T2,ReMIND-031-post,postop,1,tumor,0,1,nan,nan,nan,0,28801,"0.0027,0.1312,0.0963",ResViT-3D-T2-from-single
T2,ReMIND-031-post,postop,2,cavity,1,1,0.0,5.278139037823397,0.14543812104787715,32424,5,"0.0027,0.1312,0.0963",ResViT-3D-T2-from-single
T2,ReMIND-031-post,postop,lesion,lesion,1,1,0.006140780663073657,2.5172395451084197,0.7495717276822537,32424,28806,"0.0027,0.1312,0.0963",ResViT-3D-T2-from-single
T2,ReMIND-031-pre,preop,1,tumor,1,1,0.6294344542836964,8.519061688178617,0.6233836206896551,8344,10063,"0.9766,0.9754,0.9990",ResViT-3D-T2-from-single
T2,ReMIND-031-pre,preop,2,cavity,0,1,nan,nan,nan,0,1,"0.9766,0.9754,0.9990",ResViT-3D-T2-from-single
T2,ReMIND-031-pre,preop,lesion,lesion,1,1,0.6294002607561929,8.519061688178617,0.6232716825282816,8344,10064,"0.9766,0.9754,0.9990",ResViT-3D-T2-from-single
T2,ReMIND-032-post,postop,1,tumor,1,1,0.007076101468624833,24.02546822869709,0.006890215893431328,13367,1613,"0.8594,0.8379,1.9501",ResViT-3D-T2-from-single
T2,ReMIND-032-post,postop,2,cavity,1,1,0.43774726553409354,11.34373647073483,0.40167114294240525,6211,2383,"0.8594,0.8379,1.9501",ResViT-3D-T2-from-single
T2,ReMIND-032-post,postop,lesion,lesion,1,1,0.1964028166624247,16.970266871414633,0.19946559786239146,19578,3996,"0.8594,0.8379,1.9501",ResViT-3D-T2-from-single
T2,ReMIND-032-pre,preop,1,tumor,1,1,0.04548828646931322,31.69189602750457,0.029709843120921838,32911,768,"0.8208,0.8169,1.9763",ResViT-3D-T2-from-single
T2,ReMIND-032-pre,preop,2,cavity,0,0,nan,nan,nan,0,0,"0.8208,0.8169,1.9763",ResViT-3D-T2-from-single
T2,ReMIND-032-pre,preop,lesion,lesion,1,1,0.04548828646931322,31.69189602750457,0.029709843120921838,32911,768,"0.8208,0.8169,1.9763",ResViT-3D-T2-from-single
T2,ReMIND-034-post,postop,1,tumor,1,1,0.07171183079973563,20.066975928665123,0.15393343419062028,516,5536,"0.8557,0.8490,1.9836",ResViT-3D-T2-from-single
T2,ReMIND-034-post,postop,2,cavity,1,1,0.18469877006462374,14.544599326512605,0.1998947922146239,12900,1491,"0.8557,0.8490,1.9836",ResViT-3D-T2-from-single
T2,ReMIND-034-post,postop,lesion,lesion,1,1,0.482903683412415,12.019220475675404,0.4246890210924824,13416,7027,"0.8557,0.8490,1.9836",ResViT-3D-T2-from-single
T2,ReMIND-034-pre,preop,1,tumor,1,1,0.39740508907974986,21.202182505287325,0.24508097523830244,206728,104959,"0.2679,0.2658,4.9631",ResViT-3D-T2-from-single
T2,ReMIND-034-pre,preop,2,cavity,1,0,0.0,nan,nan,20636,0,"0.2679,0.2658,4.9631",ResViT-3D-T2-from-single
T2,ReMIND-034-pre,preop,lesion,lesion,1,1,0.3727277377731905,25.8939215491772,0.2390146868680171,227364,104959,"0.2679,0.2658,4.9631",ResViT-3D-T2-from-single
T2,ReMIND-045-post,postop,1,tumor,1,1,0.06766655040111615,17.060703074961012,0.11128165771297006,3767,10568,"0.7296,0.7296,2.0000",ResViT-3D-T2-from-single
T2,ReMIND-045-post,postop,2,cavity,1,0,0.0,nan,nan,4649,0,"0.7296,0.7296,2.0000",ResViT-3D-T2-from-single
T2,ReMIND-045-post,postop,lesion,lesion,1,1,0.13495575221238937,15.57159225570063,0.16217417061611375,8416,10568,"0.7296,0.7296,2.0000",ResViT-3D-T2-from-single
T2,ReMIND-045-pre,preop,1,tumor,1,1,0.6403825050948424,4.954857897490425,0.6419155681628567,123470,131690,"0.2608,0.2430,0.9600",ResViT-3D-T2-from-single
T2,ReMIND-045-pre,preop,2,cavity,0,0,nan,nan,nan,0,0,"0.2608,0.2430,0.9600",ResViT-3D-T2-from-single
T2,ReMIND-045-pre,preop,lesion,lesion,1,1,0.6403825050948424,4.954857897490425,0.6419155681628567,123470,131690,"0.2608,0.2430,0.9600",ResViT-3D-T2-from-single
T2,ReMIND-056-post,postop,1,tumor,0,0,nan,nan,nan,0,0,"0.8539,0.8523,1.9741",ResViT-3D-T2-from-single
T2,ReMIND-056-post,postop,2,cavity,1,0,0.0,nan,nan,17551,0,"0.8539,0.8523,1.9741",ResViT-3D-T2-from-single
T2,ReMIND-056-post,postop,lesion,lesion,1,0,0.0,nan,nan,17551,0,"0.8539,0.8523,1.9741",ResViT-3D-T2-from-single
T2,ReMIND-056-pre,preop,1,tumor,1,1,0.7488937129498205,4.145541166373967,0.584672435105068,55846,39970,"0.7937,0.7936,1.2000",ResViT-3D-T2-from-single
T2,ReMIND-056-pre,preop,2,cavity,0,0,nan,nan,nan,0,0,"0.7937,0.7936,1.2000",ResViT-3D-T2-from-single
T2,ReMIND-056-pre,preop,lesion,lesion,1,1,0.7488937129498205,4.145541166373967,0.584672435105068,55846,39970,"0.7937,0.7936,1.2000",ResViT-3D-T2-from-single
T2,ReMIND-077-post,postop,1,tumor,1,1,0.25766871165644173,5.784991264343262,0.5591822094691535,2094,1818,"0.8558,0.8268,1.9283",ResViT-3D-T2-from-single
T2,ReMIND-077-post,postop,2,cavity,1,1,0.29479620610099977,14.027347969401479,0.43923532089212564,2767,1134,"0.8558,0.8268,1.9283",ResViT-3D-T2-from-single
T2,ReMIND-077-post,postop,lesion,lesion,1,1,0.5114552668629208,6.631489890569933,0.6208645254769379,4861,2952,"0.8558,0.8268,1.9283",ResViT-3D-T2-from-single
T2,ReMIND-077-pre,preop,1,tumor,1,1,0.47601476014760147,5.678674736697359,0.6414442700156986,6841,7793,"0.9765,0.9644,0.9880",ResViT-3D-T2-from-single
T2,ReMIND-077-pre,preop,2,cavity,1,0,0.0,nan,nan,5265,0,"0.9765,0.9644,0.9880",ResViT-3D-T2-from-single
T2,ReMIND-077-pre,preop,lesion,lesion,1,1,0.4386150057791849,9.258691291606407,0.5920342967777624,12106,7793,"0.9765,0.9644,0.9880",ResViT-3D-T2-from-single
T2,ReMIND-079-post,postop,1,tumor,1,1,0.06997225238267583,16.644933799794984,0.13117977528089889,7260,1029,"0.7990,0.7254,1.8280",ResViT-3D-T2-from-single
T2,ReMIND-079-post,postop,2,cavity,0,1,nan,nan,nan,0,2523,"0.7990,0.7254,1.8280",ResViT-3D-T2-from-single
T2,ReMIND-079-post,postop,lesion,lesion,1,1,0.0536440991490936,16.503233946850735,0.10953817591088419,7260,3552,"0.7990,0.7254,1.8280",ResViT-3D-T2-from-single
T2,ReMIND-079-pre,preop,1,tumor,1,1,0.29273535590405003,15.78580821819453,0.25836740875359687,14068,6401,"0.9526,0.9132,0.9551",ResViT-3D-T2-from-single
T2,ReMIND-079-pre,preop,2,cavity,1,1,0.010508617065994116,28.27267469873892,0.06991458399240746,7069,2447,"0.9526,0.9132,0.9551",ResViT-3D-T2-from-single
T2,ReMIND-079-pre,preop,lesion,lesion,1,1,0.2367183591795898,15.35169540250635,0.22941856797392493,21137,8848,"0.9526,0.9132,0.9551",ResViT-3D-T2-from-single
T2,ReMIND-087-post,postop,1,tumor,0,1,nan,nan,nan,0,782,"0.8587,0.8570,1.9930",ResViT-3D-T2-from-single
T2,ReMIND-087-post,postop,2,cavity,1,1,0.17457643911621917,11.832421963824665,0.23063598119277406,8781,1312,"0.8587,0.8570,1.9930",ResViT-3D-T2-from-single
T2,ReMIND-087-post,postop,lesion,lesion,1,1,0.24551724137931036,11.162233749105543,0.29947857628655633,8781,2094,"0.8587,0.8570,1.9930",ResViT-3D-T2-from-single
T2,ReMIND-087-pre,preop,1,tumor,1,1,0.022010667746944837,21.998680268588547,0.0705860670844084,11505,3306,"0.9766,0.9734,0.9968",ResViT-3D-T2-from-single
T2,ReMIND-087-pre,preop,2,cavity,1,1,0.17901479507964402,14.178489805044958,0.14647020013195514,11681,5960,"0.9766,0.9734,0.9968",ResViT-3D-T2-from-single
T2,ReMIND-087-pre,preop,lesion,lesion,1,1,0.2054726981387896,19.434316968181662,0.182694596524637,23186,9266,"0.9766,0.9734,0.9968",ResViT-3D-T2-from-single
T2,ReMIND-091-post,postop,1,tumor,0,1,nan,nan,nan,0,1544,"0.8574,0.8545,1.9930",ResViT-3D-T2-from-single
T2,ReMIND-091-post,postop,2,cavity,1,1,0.5815890490330992,8.587641269031687,0.4075935231714126,7894,5913,"0.8574,0.8545,1.9930",ResViT-3D-T2-from-single
T2,ReMIND-091-post,postop,lesion,lesion,1,1,0.6634095498664582,4.272364974021912,0.4932495344506518,7894,7457,"0.8574,0.8545,1.9930",ResViT-3D-T2-from-single
T2,ReMIND-091-pre,preop,1,tumor,1,1,0.7566532822859278,3.686685213406239,0.5512377264555387,25347,17489,"0.9733,0.9707,0.9931",ResViT-3D-T2-from-single
T2,ReMIND-091-pre,preop,2,cavity,0,1,nan,nan,nan,0,3,"0.9733,0.9707,0.9931",ResViT-3D-T2-from-single
T2,ReMIND-091-pre,preop,lesion,lesion,1,1,0.7567403534162795,3.686685213406239,0.5516526068316968,25347,17492,"0.9733,0.9707,0.9931",ResViT-3D-T2-from-single
T2,ReMIND-096-post,postop,1,tumor,0,1,nan,nan,nan,0,2709,"0.8569,0.8553,1.9849",ResViT-3D-T2-from-single
T2,ReMIND-096-post,postop,2,cavity,1,1,0.7204322593556134,3.2440838846509976,0.8081264108352144,2166,2831,"0.8569,0.8553,1.9849",ResViT-3D-T2-from-single
T2,ReMIND-096-post,postop,lesion,lesion,1,1,0.4702828964443291,19.100376163399172,0.5417391304347826,2166,5540,"0.8569,0.8553,1.9849",ResViT-3D-T2-from-single
T2,ReMIND-096-pre,preop,1,tumor,1,1,0.6595802671027527,6.62694043662434,0.4346409664721053,18774,21585,"0.9755,0.9626,0.9851",ResViT-3D-T2-from-single
T2,ReMIND-096-pre,preop,2,cavity,0,0,nan,nan,nan,0,0,"0.9755,0.9626,0.9851",ResViT-3D-T2-from-single
T2,ReMIND-096-pre,preop,lesion,lesion,1,1,0.6595802671027527,6.62694043662434,0.4346409664721053,18774,21585,"0.9755,0.9626,0.9851",ResViT-3D-T2-from-single
T2,ReMIND-102-pre,preop,1,tumor,1,1,0.01000363768643143,0.2067074614805675,1.0,7693,14299,"0.0008,0.0174,0.0887",ResViT-3D-T2-from-single
T2,ReMIND-102-pre,preop,2,cavity,0,1,nan,nan,nan,0,4295,"0.0008,0.0174,0.0887",ResViT-3D-T2-from-single
T2,ReMIND-102-pre,preop,lesion,lesion,1,1,0.009586487617453494,0.2266414330396373,1.0,7693,18594,"0.0008,0.0174,0.0887",ResViT-3D-T2-from-single
T2,ReMIND-107-post,postop,1,tumor,1,1,0.04669430504036657,14.265890390528163,0.09911504424778761,3621,962,"0.8587,0.8481,1.9732",ResViT-3D-T2-from-single
T2,ReMIND-107-post,postop,2,cavity,1,0,0.0,nan,nan,879,0,"0.8587,0.8481,1.9732",ResViT-3D-T2-from-single
T2,ReMIND-107-post,postop,lesion,lesion,1,1,0.039179787623581104,17.002349293028107,0.08290155440414508,4500,962,"0.8587,0.8481,1.9732",ResViT-3D-T2-from-single
T2,ReMIND-107-pre,preop,1,tumor,1,1,0.0060289933613331525,21.080262051821983,0.0356810340106249,57631,1417,"0.2343,0.2312,4.9330",ResViT-3D-T2-from-single
T2,ReMIND-107-pre,preop,2,cavity,0,1,nan,nan,nan,0,2604,"0.2343,0.2312,4.9330",ResViT-3D-T2-from-single
T2,ReMIND-107-pre,preop,lesion,lesion,1,1,0.00577434633101927,20.994255750697334,0.033751230378697615,57631,4021,"0.2343,0.2312,4.9330",ResViT-3D-T2-from-single
T2,ReMIND-109-post,postop,1,tumor,0,1,nan,nan,nan,0,971,"0.8585,0.8371,1.9460",ResViT-3D-T2-from-single
T2,ReMIND-109-post,postop,2,cavity,1,1,0.36074918566775244,13.584622942465003,0.4010577346848832,3408,1504,"0.8585,0.8371,1.9460",ResViT-3D-T2-from-single
T2,ReMIND-109-post,postop,lesion,lesion,1,1,0.37327893931667516,11.430749351033096,0.49807220469681035,3408,2475,"0.8585,0.8371,1.9460",ResViT-3D-T2-from-single
T2,ReMIND-109-pre,preop,1,tumor,1,1,0.4354542928591275,7.159491074445747,0.25687458081824277,10361,7634,"0.9755,0.9400,0.9620",ResViT-3D-T2-from-single
T2,ReMIND-109-pre,preop,2,cavity,0,0,nan,nan,nan,0,0,"0.9755,0.9400,0.9620",ResViT-3D-T2-from-single
T2,ReMIND-109-pre,preop,lesion,lesion,1,1,0.4354542928591275,7.159491074445747,0.25687458081824277,10361,7634,"0.9755,0.9400,0.9620",ResViT-3D-T2-from-single
T2,ReMIND-003-post,postop,1,tumor,0,1,nan,nan,nan,0,35,"0.9264,0.9265,1.9922",SynDiff-2.5D-T2
T2,ReMIND-003-post,postop,2,cavity,1,1,0.6101514748870582,4.4067653857951425,0.6969846762234305,2099,1664,"0.9264,0.9265,1.9922",SynDiff-2.5D-T2
T2,ReMIND-003-post,postop,lesion,lesion,1,1,0.6055818852027383,4.597273697102762,0.6935090287945339,2099,1699,"0.9264,0.9265,1.9922",SynDiff-2.5D-T2
T2,ReMIND-003-pre,preop,1,tumor,1,1,0.6796980318145053,3.9566599056807146,0.4735938170888793,10844,11410,"0.9757,0.9586,0.9825",SynDiff-2.5D-T2
T2,ReMIND-003-pre,preop,2,cavity,0,0,nan,nan,nan,0,0,"0.9757,0.9586,0.9825",SynDiff-2.5D-T2
T2,ReMIND-003-pre,preop,lesion,lesion,1,1,0.6796980318145053,3.9566599056807146,0.4735938170888793,10844,11410,"0.9757,0.9586,0.9825",SynDiff-2.5D-T2
T2,ReMIND-004-pre,preop,1,tumor,1,1,0.11060743427017226,9.850040515970095,0.22924411400247832,2043,163,"0.9761,0.9626,0.9802",SynDiff-2.5D-T2
T2,ReMIND-004-pre,preop,2,cavity,0,0,nan,nan,nan,0,0,"0.9761,0.9626,0.9802",SynDiff-2.5D-T2
T2,ReMIND-004-pre,preop,lesion,lesion,1,1,0.11060743427017226,9.850040515970095,0.22924411400247832,2043,163,"0.9761,0.9626,0.9802",SynDiff-2.5D-T2
T2,ReMIND-023-pre,preop,1,tumor,1,1,0.7751166407465008,2.1588140922761605,0.7881808472766109,3895,2535,"0.6872,0.6822,2.1845",SynDiff-2.5D-T2
T2,ReMIND-023-pre,preop,2,cavity,0,0,nan,nan,nan,0,0,"0.6872,0.6822,2.1845",SynDiff-2.5D-T2
T2,ReMIND-023-pre,preop,lesion,lesion,1,1,0.7751166407465008,2.1588140922761605,0.7881808472766109,3895,2535,"0.6872,0.6822,2.1845",SynDiff-2.5D-T2
T2,ReMIND-031-post,postop,1,tumor,0,0,nan,nan,nan,0,0,"0.0027,0.1312,0.0963",SynDiff-2.5D-T2
T2,ReMIND-031-post,postop,2,cavity,1,0,0.0,nan,nan,32424,0,"0.0027,0.1312,0.0963",SynDiff-2.5D-T2
T2,ReMIND-031-post,postop,lesion,lesion,1,0,0.0,nan,nan,32424,0,"0.0027,0.1312,0.0963",SynDiff-2.5D-T2
T2,ReMIND-031-pre,preop,1,tumor,1,1,0.0,35.78581464109843,0.0,8344,199,"0.9766,0.9754,0.9990",SynDiff-2.5D-T2
T2,ReMIND-031-pre,preop,2,cavity,0,0,nan,nan,nan,0,0,"0.9766,0.9754,0.9990",SynDiff-2.5D-T2
T2,ReMIND-031-pre,preop,lesion,lesion,1,1,0.0,35.78581464109843,0.0,8344,199,"0.9766,0.9754,0.9990",SynDiff-2.5D-T2
T2,ReMIND-032-post,postop,1,tumor,1,1,0.2641509433962264,22.125018942084196,0.19233736178966315,13367,4335,"0.8594,0.8379,1.9501",SynDiff-2.5D-T2
T2,ReMIND-032-post,postop,2,cavity,1,0,0.0,nan,nan,6211,0,"0.8594,0.8379,1.9501",SynDiff-2.5D-T2
T2,ReMIND-032-post,postop,lesion,lesion,1,1,0.2024003680006691,20.63632385202215,0.22888249280440495,19578,4335,"0.8594,0.8379,1.9501",SynDiff-2.5D-T2
T2,ReMIND-032-pre,preop,1,tumor,1,1,0.3151728178090217,19.968540933940865,0.249485949280329,32911,9764,"0.8208,0.8169,1.9763",SynDiff-2.5D-T2
T2,ReMIND-032-pre,preop,2,cavity,0,0,nan,nan,nan,0,0,"0.8208,0.8169,1.9763",SynDiff-2.5D-T2
T2,ReMIND-032-pre,preop,lesion,lesion,1,1,0.3151728178090217,19.968540933940865,0.249485949280329,32911,9764,"0.8208,0.8169,1.9763",SynDiff-2.5D-T2
T2,ReMIND-034-post,postop,1,tumor,1,1,0.0,22.636055519836226,0.0,516,74,"0.8557,0.8490,1.9836",SynDiff-2.5D-T2
T2,ReMIND-034-post,postop,2,cavity,1,1,0.7087245874737897,5.902991462485877,0.6764559482329517,12900,9038,"0.8557,0.8490,1.9836",SynDiff-2.5D-T2
T2,ReMIND-034-post,postop,lesion,lesion,1,1,0.7080965909090909,5.895967607097287,0.648385053831539,13416,9112,"0.8557,0.8490,1.9836",SynDiff-2.5D-T2
T2,ReMIND-034-pre,preop,1,tumor,1,1,0.6236523785626525,10.693811244262568,0.3889712999861717,206728,139994,"0.2679,0.2658,4.9631",SynDiff-2.5D-T2
T2,ReMIND-034-pre,preop,2,cavity,1,1,0.6075936883629192,10.529775625274432,0.6130381919610929,20636,19924,"0.2679,0.2658,4.9631",SynDiff-2.5D-T2
T2,ReMIND-034-pre,preop,lesion,lesion,1,1,0.6543500601628788,9.78447566764389,0.45104313617543496,227364,159918,"0.2679,0.2658,4.9631",SynDiff-2.5D-T2
T2,ReMIND-045-post,postop,1,tumor,1,1,0.0,24.959434279654953,0.0006042296072507553,3767,1872,"0.7296,0.7296,2.0000",SynDiff-2.5D-T2
T2,ReMIND-045-post,postop,2,cavity,1,0,0.0,nan,nan,4649,0,"0.7296,0.7296,2.0000",SynDiff-2.5D-T2
T2,ReMIND-045-post,postop,lesion,lesion,1,1,0.0,23.695045788884563,0.0004123711340206186,8416,1872,"0.7296,0.7296,2.0000",SynDiff-2.5D-T2
T2,ReMIND-045-pre,preop,1,tumor,1,1,0.7969817291162734,1.5742451562095838,0.7847104211638267,123470,139462,"0.2608,0.2430,0.9600",SynDiff-2.5D-T2
T2,ReMIND-045-pre,preop,2,cavity,0,0,nan,nan,nan,0,0,"0.2608,0.2430,0.9600",SynDiff-2.5D-T2
T2,ReMIND-045-pre,preop,lesion,lesion,1,1,0.7969817291162734,1.5742451562095838,0.7847104211638267,123470,139462,"0.2608,0.2430,0.9600",SynDiff-2.5D-T2
T2,ReMIND-056-post,postop,1,tumor,0,1,nan,nan,nan,0,87,"0.8539,0.8523,1.9741",SynDiff-2.5D-T2
T2,ReMIND-056-post,postop,2,cavity,1,0,0.0,nan,nan,17551,0,"0.8539,0.8523,1.9741",SynDiff-2.5D-T2
T2,ReMIND-056-post,postop,lesion,lesion,1,1,0.00873114865631024,29.03980771161448,0.04264740153810301,17551,87,"0.8539,0.8523,1.9741",SynDiff-2.5D-T2
T2,ReMIND-056-pre,preop,1,tumor,1,1,0.8277232618286932,2.5277953971639735,0.6931710213776722,55846,49322,"0.7937,0.7936,1.2000",SynDiff-2.5D-T2
T2,ReMIND-056-pre,preop,2,cavity,0,1,nan,nan,nan,0,24,"0.7937,0.7936,1.2000",SynDiff-2.5D-T2
T2,ReMIND-056-pre,preop,lesion,lesion,1,1,0.827990721727888,2.5277953971639735,0.6932945299043772,55846,49346,"0.7937,0.7936,1.2000",SynDiff-2.5D-T2
T2,ReMIND-077-post,postop,1,tumor,1,1,0.22492836676217765,17.354973793029785,0.38830542151575365,2094,4886,"0.8558,0.8268,1.9283",SynDiff-2.5D-T2
T2,ReMIND-077-post,postop,2,cavity,1,1,0.0064794816414686825,22.411033614271766,0.020910209102091022,2767,11,"0.8558,0.8268,1.9283",SynDiff-2.5D-T2
T2,ReMIND-077-post,postop,lesion,lesion,1,1,0.27669604427136707,15.71826788678017,0.3933629253857535,4861,4897,"0.8558,0.8268,1.9283",SynDiff-2.5D-T2
T2,ReMIND-077-pre,preop,1,tumor,1,1,0.40982997995396836,7.461235514776843,0.4819076204769051,6841,6628,"0.9765,0.9644,0.9880",SynDiff-2.5D-T2
T2,ReMIND-077-pre,preop,2,cavity,1,1,0.17033623485236388,13.890034354194825,0.22066198595787362,5265,594,"0.9765,0.9644,0.9880",SynDiff-2.5D-T2
T2,ReMIND-077-pre,preop,lesion,lesion,1,1,0.373033940397351,8.390336797027569,0.4508479448117275,12106,7222,"0.9765,0.9644,0.9880",SynDiff-2.5D-T2
T2,ReMIND-079-post,postop,1,tumor,1,1,0.05301718396163581,20.995134562929064,0.07908327953518399,7260,247,"0.7990,0.7254,1.8280",SynDiff-2.5D-T2
T2,ReMIND-079-post,postop,2,cavity,0,0,nan,nan,nan,0,0,"0.7990,0.7254,1.8280",SynDiff-2.5D-T2
T2,ReMIND-079-post,postop,lesion,lesion,1,1,0.05301718396163581,20.995134562929064,0.07908327953518399,7260,247,"0.7990,0.7254,1.8280",SynDiff-2.5D-T2
T2,ReMIND-079-pre,preop,1,tumor,1,1,0.4583762524580953,7.9284504597112155,0.3932500743383883,14068,7290,"0.9526,0.9132,0.9551",SynDiff-2.5D-T2
T2,ReMIND-079-pre,preop,2,cavity,1,1,0.0,37.29299349915864,0.0014847809948032665,7069,962,"0.9526,0.9132,0.9551",SynDiff-2.5D-T2
T2,ReMIND-079-pre,preop,lesion,lesion,1,1,0.3953179761135119,11.757362939601938,0.3386058688774954,21137,8252,"0.9526,0.9132,0.9551",SynDiff-2.5D-T2
T2,ReMIND-087-post,postop,1,tumor,0,1,nan,nan,nan,0,3076,"0.8587,0.8570,1.9930",SynDiff-2.5D-T2
T2,ReMIND-087-post,postop,2,cavity,1,1,0.0009082652134423251,38.957449203480394,0.012236157846436219,8781,27,"0.8587,0.8570,1.9930",SynDiff-2.5D-T2
T2,ReMIND-087-post,postop,lesion,lesion,1,1,0.30528441602154155,14.70468957590538,0.327465583389754,8781,3103,"0.8587,0.8570,1.9930",SynDiff-2.5D-T2
T2,ReMIND-087-pre,preop,1,tumor,1,1,0.02703601108033241,13.677236469932769,0.09570342795098495,11505,6545,"0.9766,0.9734,0.9968",SynDiff-2.5D-T2
T2,ReMIND-087-pre,preop,2,cavity,1,1,0.009669250249405265,17.014112133294827,0.06311475409836066,11681,1350,"0.9766,0.9734,0.9968",SynDiff-2.5D-T2
T2,ReMIND-087-pre,preop,lesion,lesion,1,1,0.23107364627907725,11.552196265316667,0.16291161178509533,23186,7895,"0.9766,0.9734,0.9968",SynDiff-2.5D-T2
T2,ReMIND-091-post,postop,1,tumor,0,1,nan,nan,nan,0,1758,"0.8574,0.8545,1.9930",SynDiff-2.5D-T2
T2,ReMIND-091-post,postop,2,cavity,1,1,0.008325974517471931,20.73929792419641,0.032682705401724924,7894,33,"0.8574,0.8545,1.9930",SynDiff-2.5D-T2
T2,ReMIND-091-post,postop,lesion,lesion,1,1,0.04667010841507486,18.680002155528808,0.1701048359824146,7894,1791,"0.8574,0.8545,1.9930",SynDiff-2.5D-T2
T2,ReMIND-091-pre,preop,1,tumor,1,1,0.6562942008486563,5.760272229170668,0.46236559139784944,25347,13538,"0.9733,0.9707,0.9931",SynDiff-2.5D-T2
T2,ReMIND-091-pre,preop,2,cavity,0,1,nan,nan,nan,0,96,"0.9733,0.9707,0.9931",SynDiff-2.5D-T2
T2,ReMIND-091-pre,preop,lesion,lesion,1,1,0.6596033965265129,5.675612197066058,0.46104082806210467,25347,13634,"0.9733,0.9707,0.9931",SynDiff-2.5D-T2
T2,ReMIND-096-post,postop,1,tumor,0,1,nan,nan,nan,0,3775,"0.8569,0.8553,1.9849",SynDiff-2.5D-T2
T2,ReMIND-096-post,postop,2,cavity,1,1,0.40373523757209556,6.073372415564417,0.489007724301842,2166,1475,"0.8569,0.8553,1.9849",SynDiff-2.5D-T2
T2,ReMIND-096-post,postop,lesion,lesion,1,1,0.20361380798274,12.063597871580933,0.2545176110260337,2166,5250,"0.8569,0.8553,1.9849",SynDiff-2.5D-T2
T2,ReMIND-096-pre,preop,1,tumor,1,1,0.6652646185200443,7.90441069141964,0.4583824569676963,18774,27349,"0.9755,0.9626,0.9851",SynDiff-2.5D-T2
T2,ReMIND-096-pre,preop,2,cavity,0,0,nan,nan,nan,0,0,"0.9755,0.9626,0.9851",SynDiff-2.5D-T2
T2,ReMIND-096-pre,preop,lesion,lesion,1,1,0.6652646185200443,7.90441069141964,0.4583824569676963,18774,27349,"0.9755,0.9626,0.9851",SynDiff-2.5D-T2
T2,ReMIND-102-pre,preop,1,tumor,1,1,0.0007525586995785671,0.1954336675121794,1.0,7693,5595,"0.0008,0.0174,0.0887",SynDiff-2.5D-T2
T2,ReMIND-102-pre,preop,2,cavity,0,1,nan,nan,nan,0,14571,"0.0008,0.0174,0.0887",SynDiff-2.5D-T2
T2,ReMIND-102-pre,preop,lesion,lesion,1,1,0.005456046519975591,0.27532246614572103,1.0,7693,20166,"0.0008,0.0174,0.0887",SynDiff-2.5D-T2
T2,ReMIND-107-post,postop,1,tumor,1,1,0.017169179229480736,17.335715557765944,0.11196754563894523,3621,1155,"0.8587,0.8481,1.9732",SynDiff-2.5D-T2
T2,ReMIND-107-post,postop,2,cavity,1,0,0.0,nan,nan,879,0,"0.8587,0.8481,1.9732",SynDiff-2.5D-T2
T2,ReMIND-107-post,postop,lesion,lesion,1,1,0.014500442086648984,18.093541983122616,0.09494324045407637,4500,1155,"0.8587,0.8481,1.9732",SynDiff-2.5D-T2
T2,ReMIND-107-pre,preop,1,tumor,1,1,0.2199983708996125,13.435222406139303,0.2572964385990838,57631,28306,"0.2343,0.2312,4.9330",SynDiff-2.5D-T2
T2,ReMIND-107-pre,preop,2,cavity,0,1,nan,nan,nan,0,1405,"0.2343,0.2312,4.9330",SynDiff-2.5D-T2
T2,ReMIND-107-pre,preop,lesion,lesion,1,1,0.2342973598039889,13.060313623220132,0.27754090594366093,57631,29711,"0.2343,0.2312,4.9330",SynDiff-2.5D-T2
T2,ReMIND-109-post,postop,1,tumor,0,1,nan,nan,nan,0,16,"0.8585,0.8371,1.9460",SynDiff-2.5D-T2
T2,ReMIND-109-post,postop,2,cavity,1,1,0.3932872655478776,11.45979568298849,0.48538754764930114,3408,1657,"0.8585,0.8371,1.9460",SynDiff-2.5D-T2
T2,ReMIND-109-post,postop,lesion,lesion,1,1,0.3920488092895099,11.306574180146285,0.48548590660496427,3408,1673,"0.8585,0.8371,1.9460",SynDiff-2.5D-T2
T2,ReMIND-109-pre,preop,1,tumor,1,1,0.6058829374937891,4.770606024479182,0.4248990864669641,10361,9765,"0.9755,0.9400,0.9620",SynDiff-2.5D-T2
T2,ReMIND-109-pre,preop,2,cavity,0,1,nan,nan,nan,0,27,"0.9755,0.9400,0.9620",SynDiff-2.5D-T2
T2,ReMIND-109-pre,preop,lesion,lesion,1,1,0.6077507070907557,4.770606024479182,0.4314063848144953,10361,9792,"0.9755,0.9400,0.9620",SynDiff-2.5D-T2
T2,ReMIND-003-post,postop,1,tumor,0,1,nan,nan,nan,0,1094,"0.9264,0.9265,1.9922",SynDiff-2.5D-T2-from-dual
T2,ReMIND-003-post,postop,2,cavity,1,1,0.6595022624434389,3.5428339984348813,0.7203928365106874,2099,1437,"0.9264,0.9265,1.9922",SynDiff-2.5D-T2-from-dual
T2,ReMIND-003-post,postop,lesion,lesion,1,1,0.5658747300215983,5.04255572221894,0.665158371040724,2099,2531,"0.9264,0.9265,1.9922",SynDiff-2.5D-T2-from-dual
T2,ReMIND-003-pre,preop,1,tumor,1,1,0.558321983110869,5.622852222782475,0.41496598639455784,10844,7511,"0.9757,0.9586,0.9825",SynDiff-2.5D-T2-from-dual
T2,ReMIND-003-pre,preop,2,cavity,0,0,nan,nan,nan,0,0,"0.9757,0.9586,0.9825",SynDiff-2.5D-T2-from-dual
T2,ReMIND-003-pre,preop,lesion,lesion,1,1,0.558321983110869,5.622852222782475,0.41496598639455784,10844,7511,"0.9757,0.9586,0.9825",SynDiff-2.5D-T2-from-dual
T2,ReMIND-004-pre,preop,1,tumor,1,1,0.16338378602529546,15.210784956944176,0.21956769055745165,2043,2780,"0.9761,0.9626,0.9802",SynDiff-2.5D-T2-from-dual
T2,ReMIND-004-pre,preop,2,cavity,0,0,nan,nan,nan,0,0,"0.9761,0.9626,0.9802",SynDiff-2.5D-T2-from-dual
T2,ReMIND-004-pre,preop,lesion,lesion,1,1,0.16338378602529546,15.210784956944176,0.21956769055745165,2043,2780,"0.9761,0.9626,0.9802",SynDiff-2.5D-T2-from-dual
T2,ReMIND-023-pre,preop,1,tumor,1,1,0.5130252899790835,4.071442299593997,0.27344072697232547,3895,1364,"0.6872,0.6822,2.1845",SynDiff-2.5D-T2-from-dual
T2,ReMIND-023-pre,preop,2,cavity,0,0,nan,nan,nan,0,0,"0.6872,0.6822,2.1845",SynDiff-2.5D-T2-from-dual
T2,ReMIND-023-pre,preop,lesion,lesion,1,1,0.5130252899790835,4.071442299593997,0.27344072697232547,3895,1364,"0.6872,0.6822,2.1845",SynDiff-2.5D-T2-from-dual
T2,ReMIND-031-post,postop,1,tumor,0,1,nan,nan,nan,0,7748,"0.0027,0.1312,0.0963",SynDiff-2.5D-T2-from-dual
T2,ReMIND-031-post,postop,2,cavity,1,1,0.002044118899582659,3.9026529621108237,0.48510808646917536,32424,2799,"0.0027,0.1312,0.0963",SynDiff-2.5D-T2-from-dual
T2,ReMIND-031-post,postop,lesion,lesion,1,1,0.0030252961299481046,2.653688740467019,0.7869582827055488,32424,10547,"0.0027,0.1312,0.0963",SynDiff-2.5D-T2-from-dual
T2,ReMIND-031-pre,preop,1,tumor,1,1,0.4116593164277839,14.669191067713184,0.38270583367811334,8344,6168,"0.9766,0.9754,0.9990",SynDiff-2.5D-T2-from-dual
T2,ReMIND-031-pre,preop,2,cavity,0,0,nan,nan,nan,0,0,"0.9766,0.9754,0.9990",SynDiff-2.5D-T2-from-dual
T2,ReMIND-031-pre,preop,lesion,lesion,1,1,0.4116593164277839,14.669191067713184,0.38270583367811334,8344,6168,"0.9766,0.9754,0.9990",SynDiff-2.5D-T2-from-dual
T2,ReMIND-032-post,postop,1,tumor,1,1,0.09968973425064076,28.71889021804962,0.054716399506781754,13367,1459,"0.8594,0.8379,1.9501",SynDiff-2.5D-T2-from-dual
T2,ReMIND-032-post,postop,2,cavity,1,0,0.0,nan,nan,6211,0,"0.8594,0.8379,1.9501",SynDiff-2.5D-T2-from-dual
T2,ReMIND-032-post,postop,lesion,lesion,1,1,0.07520083662119123,27.936157021258346,0.08550962542904045,19578,1459,"0.8594,0.8379,1.9501",SynDiff-2.5D-T2-from-dual
T2,ReMIND-032-pre,preop,1,tumor,1,1,0.14979779513600355,15.114401891167633,0.08740028155795401,32911,3191,"0.8208,0.8169,1.9763",SynDiff-2.5D-T2-from-dual
T2,ReMIND-032-pre,preop,2,cavity,0,1,nan,nan,nan,0,31,"0.8208,0.8169,1.9763",SynDiff-2.5D-T2-from-dual
T2,ReMIND-032-pre,preop,lesion,lesion,1,1,0.15099770293083883,14.218855197319305,0.09783752191700759,32911,3222,"0.8208,0.8169,1.9763",SynDiff-2.5D-T2-from-dual
T2,ReMIND-034-post,postop,1,tumor,1,1,0.0,12.099238098278313,0.04878048780487805,516,117,"0.8557,0.8490,1.9836",SynDiff-2.5D-T2-from-dual
T2,ReMIND-034-post,postop,2,cavity,1,1,0.47398843930635837,10.88443234802101,0.450629944330501,12900,4746,"0.8557,0.8490,1.9836",SynDiff-2.5D-T2-from-dual
T2,ReMIND-034-post,postop,lesion,lesion,1,1,0.4818644345970786,10.628285827348584,0.420538264922568,13416,4863,"0.8557,0.8490,1.9836",SynDiff-2.5D-T2-from-dual
T2,ReMIND-034-pre,preop,1,tumor,1,1,0.26556312051531444,26.749763892067925,0.12688611951902537,206728,65727,"0.2679,0.2658,4.9631",SynDiff-2.5D-T2-from-dual
T2,ReMIND-034-pre,preop,2,cavity,1,0,0.0,nan,nan,20636,0,"0.2679,0.2658,4.9631",SynDiff-2.5D-T2-from-dual
T2,ReMIND-034-pre,preop,lesion,lesion,1,1,0.2468653080442593,31.439486450683496,0.12340875387258285,227364,65727,"0.2679,0.2658,4.9631",SynDiff-2.5D-T2-from-dual
T2,ReMIND-045-post,postop,1,tumor,1,1,0.012856568903173965,14.752528478991168,0.09550147492625369,3767,8678,"0.7296,0.7296,2.0000",SynDiff-2.5D-T2-from-dual
T2,ReMIND-045-post,postop,2,cavity,1,0,0.0,nan,nan,4649,0,"0.7296,0.7296,2.0000",SynDiff-2.5D-T2-from-dual
T2,ReMIND-045-post,postop,lesion,lesion,1,1,0.07055107055107056,13.756635654957117,0.1777713957495692,8416,8678,"0.7296,0.7296,2.0000",SynDiff-2.5D-T2-from-dual
T2,ReMIND-045-pre,preop,1,tumor,1,1,0.7734502172906618,1.9896518399649512,0.7669050279329609,123470,144374,"0.2608,0.2430,0.9600",SynDiff-2.5D-T2-from-dual
T2,ReMIND-045-pre,preop,2,cavity,0,0,nan,nan,nan,0,0,"0.2608,0.2430,0.9600",SynDiff-2.5D-T2-from-dual
T2,ReMIND-045-pre,preop,lesion,lesion,1,1,0.7734502172906618,1.9896518399649512,0.7669050279329609,123470,144374,"0.2608,0.2430,0.9600",SynDiff-2.5D-T2-from-dual
T2,ReMIND-056-post,postop,1,tumor,0,0,nan,nan,nan,0,0,"0.8539,0.8523,1.9741",SynDiff-2.5D-T2-from-dual
T2,ReMIND-056-post,postop,2,cavity,1,0,0.0,nan,nan,17551,0,"0.8539,0.8523,1.9741",SynDiff-2.5D-T2-from-dual
T2,ReMIND-056-post,postop,lesion,lesion,1,0,0.0,nan,nan,17551,0,"0.8539,0.8523,1.9741",SynDiff-2.5D-T2-from-dual
T2,ReMIND-056-pre,preop,1,tumor,1,1,0.797125748502994,3.47268824030931,0.6292916400765795,55846,40179,"0.7937,0.7936,1.2000",SynDiff-2.5D-T2-from-dual
T2,ReMIND-056-pre,preop,2,cavity,0,0,nan,nan,nan,0,0,"0.7937,0.7936,1.2000",SynDiff-2.5D-T2-from-dual
T2,ReMIND-056-pre,preop,lesion,lesion,1,1,0.797125748502994,3.47268824030931,0.6292916400765795,55846,40179,"0.7937,0.7936,1.2000",SynDiff-2.5D-T2-from-dual
T2,ReMIND-077-post,postop,1,tumor,1,1,0.10794269022117123,17.688015843113586,0.24078834618680378,2094,5095,"0.8558,0.8268,1.9283",SynDiff-2.5D-T2-from-dual
T2,ReMIND-077-post,postop,2,cavity,1,0,0.0,nan,nan,2767,0,"0.8558,0.8268,1.9283",SynDiff-2.5D-T2-from-dual
T2,ReMIND-077-post,postop,lesion,lesion,1,1,0.17517075130574528,16.152247747671975,0.296343537414966,4861,5095,"0.8558,0.8268,1.9283",SynDiff-2.5D-T2-from-dual
T2,ReMIND-077-pre,preop,1,tumor,1,1,0.2791351731411496,8.703686775695205,0.3877055306427504,6841,4537,"0.9765,0.9644,0.9880",SynDiff-2.5D-T2-from-dual
T2,ReMIND-077-pre,preop,2,cavity,1,0,0.0,nan,nan,5265,0,"0.9765,0.9644,0.9880",SynDiff-2.5D-T2-from-dual
T2,ReMIND-077-pre,preop,lesion,lesion,1,1,0.32145646818482243,8.868996969533212,0.3726058264928376,12106,4537,"0.9765,0.9644,0.9880",SynDiff-2.5D-T2-from-dual
T2,ReMIND-079-post,postop,1,tumor,1,1,0.006556481355006146,21.817735320869314,0.02888814242526033,7260,61,"0.7990,0.7254,1.8280",SynDiff-2.5D-T2-from-dual
T2,ReMIND-079-post,postop,2,cavity,0,0,nan,nan,nan,0,0,"0.7990,0.7254,1.8280",SynDiff-2.5D-T2-from-dual
T2,ReMIND-079-post,postop,lesion,lesion,1,1,0.006556481355006146,21.817735320869314,0.02888814242526033,7260,61,"0.7990,0.7254,1.8280",SynDiff-2.5D-T2-from-dual
T2,ReMIND-079-pre,preop,1,tumor,1,1,0.1859962800743985,18.224515705928983,0.20293356341673857,14068,2599,"0.9526,0.9132,0.9551",SynDiff-2.5D-T2-from-dual
T2,ReMIND-079-pre,preop,2,cavity,1,1,0.2703845379504731,21.352163264961526,0.3131578947368421,7069,2865,"0.9526,0.9132,0.9551",SynDiff-2.5D-T2-from-dual
T2,ReMIND-079-pre,preop,lesion,lesion,1,1,0.2511935641517236,16.513689749042314,0.269471100200848,21137,5464,"0.9526,0.9132,0.9551",SynDiff-2.5D-T2-from-dual
T2,ReMIND-087-post,postop,1,tumor,0,1,nan,nan,nan,0,2814,"0.8587,0.8570,1.9930",SynDiff-2.5D-T2-from-dual
T2,ReMIND-087-post,postop,2,cavity,1,1,0.0029542097488921715,23.675850287806483,0.013182096873083998,8781,20,"0.8587,0.8570,1.9930",SynDiff-2.5D-T2-from-dual
T2,ReMIND-087-post,postop,lesion,lesion,1,1,0.3025398191993112,17.576302628672245,0.3355596499309074,8781,2834,"0.8587,0.8570,1.9930",SynDiff-2.5D-T2-from-dual
T2,ReMIND-087-pre,preop,1,tumor,1,1,0.05940457277060164,16.710090873241032,0.11764705882352941,11505,2972,"0.9766,0.9734,0.9968",SynDiff-2.5D-T2-from-dual
T2,ReMIND-087-pre,preop,2,cavity,1,1,0.006237164372100099,17.55791312088918,0.07100591715976332,11681,1466,"0.9766,0.9734,0.9968",SynDiff-2.5D-T2-from-dual
T2,ReMIND-087-pre,preop,lesion,lesion,1,1,0.16615986099044308,15.588031369835981,0.1797945205479452,23186,4438,"0.9766,0.9734,0.9968",SynDiff-2.5D-T2-from-dual
T2,ReMIND-091-post,postop,1,tumor,0,1,nan,nan,nan,0,1253,"0.8574,0.8545,1.9930",SynDiff-2.5D-T2-from-dual
T2,ReMIND-091-post,postop,2,cavity,1,1,0.000253324889170361,22.92365428069862,0.0018424689083371719,7894,1,"0.8574,0.8545,1.9930",SynDiff-2.5D-T2-from-dual
T2,ReMIND-091-post,postop,lesion,lesion,1,1,0.07914298207258418,15.08434869224213,0.20319555401180966,7894,1254,"0.8574,0.8545,1.9930",SynDiff-2.5D-T2-from-dual
T2,ReMIND-091-pre,preop,1,tumor,1,1,0.48605902020642533,11.151759325787449,0.32662412043855343,25347,9048,"0.9733,0.9707,0.9931",SynDiff-2.5D-T2-from-dual
T2,ReMIND-091-pre,preop,2,cavity,0,1,nan,nan,nan,0,129,"0.9733,0.9707,0.9931",SynDiff-2.5D-T2-from-dual
T2,ReMIND-091-pre,preop,lesion,lesion,1,1,0.4917159077743019,11.13515707098019,0.32592950265572185,25347,9177,"0.9733,0.9707,0.9931",SynDiff-2.5D-T2-from-dual
T2,ReMIND-096-post,postop,1,tumor,0,1,nan,nan,nan,0,4733,"0.8569,0.8553,1.9849",SynDiff-2.5D-T2-from-dual
T2,ReMIND-096-post,postop,2,cavity,1,1,0.23890784982935154,22.04391215607109,0.3549367088607595,2166,1643,"0.8569,0.8553,1.9849",SynDiff-2.5D-T2-from-dual
T2,ReMIND-096-post,postop,lesion,lesion,1,1,0.11940997424490751,22.87947479544962,0.27370564281559046,2166,6376,"0.8569,0.8553,1.9849",SynDiff-2.5D-T2-from-dual
T2,ReMIND-096-pre,preop,1,tumor,1,1,0.5466690496403199,7.605799116914944,0.26885788602506505,18774,25988,"0.9755,0.9626,0.9851",SynDiff-2.5D-T2-from-dual
T2,ReMIND-096-pre,preop,2,cavity,0,0,nan,nan,nan,0,0,"0.9755,0.9626,0.9851",SynDiff-2.5D-T2-from-dual
T2,ReMIND-096-pre,preop,lesion,lesion,1,1,0.5466690496403199,7.605799116914944,0.26885788602506505,18774,25988,"0.9755,0.9626,0.9851",SynDiff-2.5D-T2-from-dual
T2,ReMIND-102-pre,preop,1,tumor,1,1,0.014441381121176317,0.19169939933357075,1.0,7693,15158,"0.0008,0.0174,0.0887",SynDiff-2.5D-T2-from-dual
T2,ReMIND-102-pre,preop,2,cavity,0,1,nan,nan,nan,0,2958,"0.0008,0.0174,0.0887",SynDiff-2.5D-T2-from-dual
T2,ReMIND-102-pre,preop,lesion,lesion,1,1,0.012786237359060792,0.23720474005166947,1.0,7693,18116,"0.0008,0.0174,0.0887",SynDiff-2.5D-T2-from-dual
T2,ReMIND-107-post,postop,1,tumor,1,1,0.0798650168728909,16.224671017886852,0.1368151233578981,3621,3491,"0.8587,0.8481,1.9732",SynDiff-2.5D-T2-from-dual
T2,ReMIND-107-post,postop,2,cavity,1,0,0.0,nan,nan,879,0,"0.8587,0.8481,1.9732",SynDiff-2.5D-T2-from-dual
T2,ReMIND-107-post,postop,lesion,lesion,1,1,0.07107996496058065,16.386267414765726,0.11815885489755824,4500,3491,"0.8587,0.8481,1.9732",SynDiff-2.5D-T2-from-dual
T2,ReMIND-107-pre,preop,1,tumor,1,1,0.24241978757028923,13.6771918706617,0.2585004951744762,57631,23996,"0.2343,0.2312,4.9330",SynDiff-2.5D-T2-from-dual
T2,ReMIND-107-pre,preop,2,cavity,0,1,nan,nan,nan,0,1922,"0.2343,0.2312,4.9330",SynDiff-2.5D-T2-from-dual
T2,ReMIND-107-pre,preop,lesion,lesion,1,1,0.2370584926210966,13.664659537166921,0.25146408059504755,57631,25918,"0.2343,0.2312,4.9330",SynDiff-2.5D-T2-from-dual
T2,ReMIND-109-post,postop,1,tumor,0,1,nan,nan,nan,0,69,"0.8585,0.8371,1.9460",SynDiff-2.5D-T2-from-dual
T2,ReMIND-109-post,postop,2,cavity,1,1,0.3359055832955061,12.579805843320745,0.4008704061895551,3408,998,"0.8585,0.8371,1.9460",SynDiff-2.5D-T2-from-dual
T2,ReMIND-109-post,postop,lesion,lesion,1,1,0.3307262569832402,12.331163358764842,0.4016007532956685,3408,1067,"0.8585,0.8371,1.9460",SynDiff-2.5D-T2-from-dual
T2,ReMIND-109-pre,preop,1,tumor,1,1,0.543787204376039,6.618398346560886,0.394646533973919,10361,8286,"0.9755,0.9400,0.9620",SynDiff-2.5D-T2-from-dual
T2,ReMIND-109-pre,preop,2,cavity,0,0,nan,nan,nan,0,0,"0.9755,0.9400,0.9620",SynDiff-2.5D-T2-from-dual
T2,ReMIND-109-pre,preop,lesion,lesion,1,1,0.543787204376039,6.618398346560886,0.394646533973919,10361,8286,"0.9755,0.9400,0.9620",SynDiff-2.5D-T2-from-dual
T2,ReMIND-003-post,postop,1,tumor,0,1,nan,nan,nan,0,129,"0.9264,0.9265,1.9922",SynDiff-2D-T2
T2,ReMIND-003-post,postop,2,cavity,1,1,0.6958710976837865,2.874145295088642,0.8075232046897899,2099,1873,"0.9264,0.9265,1.9922",SynDiff-2D-T2
T2,ReMIND-003-post,postop,lesion,lesion,1,1,0.6886125335284077,2.8740905133390533,0.8000947418285173,2099,2002,"0.9264,0.9265,1.9922",SynDiff-2D-T2
T2,ReMIND-003-pre,preop,1,tumor,1,1,0.7078200821201941,3.1048011089971475,0.551716597419637,10844,10588,"0.9757,0.9586,0.9825",SynDiff-2D-T2
T2,ReMIND-003-pre,preop,2,cavity,0,1,nan,nan,nan,0,240,"0.9757,0.9586,0.9825",SynDiff-2D-T2
T2,ReMIND-003-pre,preop,lesion,lesion,1,1,0.7019195275009229,3.4753807425256795,0.54005112910098,10844,10828,"0.9757,0.9586,0.9825",SynDiff-2D-T2
T2,ReMIND-004-pre,preop,1,tumor,1,1,0.5900316911552866,3.4857005430307617,0.6307053941908713,2043,1428,"0.9761,0.9626,0.9802",SynDiff-2D-T2
T2,ReMIND-004-pre,preop,2,cavity,0,0,nan,nan,nan,0,0,"0.9761,0.9626,0.9802",SynDiff-2D-T2
T2,ReMIND-004-pre,preop,lesion,lesion,1,1,0.5900316911552866,3.4857005430307617,0.6307053941908713,2043,1428,"0.9761,0.9626,0.9802",SynDiff-2D-T2
T2,ReMIND-023-pre,preop,1,tumor,1,1,0.637123745819398,3.29897495235629,0.45513280689160085,3895,2085,"0.6872,0.6822,2.1845",SynDiff-2D-T2
T2,ReMIND-023-pre,preop,2,cavity,0,0,nan,nan,nan,0,0,"0.6872,0.6822,2.1845",SynDiff-2D-T2
T2,ReMIND-023-pre,preop,lesion,lesion,1,1,0.637123745819398,3.29897495235629,0.45513280689160085,3895,2085,"0.6872,0.6822,2.1845",SynDiff-2D-T2
T2,ReMIND-031-post,postop,1,tumor,0,1,nan,nan,nan,0,264,"0.0027,0.1312,0.0963",SynDiff-2D-T2
T2,ReMIND-031-post,postop,2,cavity,1,0,0.0,nan,nan,32424,0,"0.0027,0.1312,0.0963",SynDiff-2D-T2
T2,ReMIND-031-post,postop,lesion,lesion,1,1,0.004466470876162506,4.6629528067078505,0.4705569350833629,32424,264,"0.0027,0.1312,0.0963",SynDiff-2D-T2
T2,ReMIND-031-pre,preop,1,tumor,1,1,0.12819979188345473,20.371040283138615,0.0800662617338487,8344,1266,"0.9766,0.9754,0.9990",SynDiff-2D-T2
T2,ReMIND-031-pre,preop,2,cavity,0,0,nan,nan,nan,0,0,"0.9766,0.9754,0.9990",SynDiff-2D-T2
T2,ReMIND-031-pre,preop,lesion,lesion,1,1,0.12819979188345473,20.371040283138615,0.0800662617338487,8344,1266,"0.9766,0.9754,0.9990",SynDiff-2D-T2
T2,ReMIND-032-post,postop,1,tumor,1,1,0.0,38.381846202753046,0.0,13367,5592,"0.8594,0.8379,1.9501",SynDiff-2D-T2
T2,ReMIND-032-post,postop,2,cavity,1,0,0.0,nan,nan,6211,0,"0.8594,0.8379,1.9501",SynDiff-2D-T2
T2,ReMIND-032-post,postop,lesion,lesion,1,1,0.003575685339690107,37.59560437513888,0.018018018018018018,19578,5592,"0.8594,0.8379,1.9501",SynDiff-2D-T2
T2,ReMIND-032-pre,preop,1,tumor,1,1,0.4011913698331598,12.890762729791021,0.28523828756058156,32911,8386,"0.8208,0.8169,1.9763",SynDiff-2D-T2
T2,ReMIND-032-pre,preop,2,cavity,0,1,nan,nan,nan,0,21,"0.8208,0.8169,1.9763",SynDiff-2D-T2
T2,ReMIND-032-pre,preop,lesion,lesion,1,1,0.40200396921438597,12.890742788234883,0.28709349593495936,32911,8407,"0.8208,0.8169,1.9763",SynDiff-2D-T2
T2,ReMIND-034-post,postop,1,tumor,1,0,0.0,nan,nan,516,0,"0.8557,0.8490,1.9836",SynDiff-2D-T2
T2,ReMIND-034-post,postop,2,cavity,1,1,0.6273421910741227,8.33732257386793,0.5920848422141749,12900,7647,"0.8557,0.8490,1.9836",SynDiff-2D-T2
T2,ReMIND-034-post,postop,lesion,lesion,1,1,0.6305844371646964,8.339167498107827,0.5682871903563386,13416,7647,"0.8557,0.8490,1.9836",SynDiff-2D-T2
T2,ReMIND-034-pre,preop,1,tumor,1,1,0.4022662702563578,13.962534600147453,0.22373802825805228,206728,96325,"0.2679,0.2658,4.9631",SynDiff-2D-T2
T2,ReMIND-034-pre,preop,2,cavity,1,1,0.6643372281545257,5.566921703660545,0.7028436607475474,20636,15138,"0.2679,0.2658,4.9631",SynDiff-2D-T2
T2,ReMIND-034-pre,preop,lesion,lesion,1,1,0.4654587739465863,13.354988986800995,0.27366334953515714,227364,111463,"0.2679,0.2658,4.9631",SynDiff-2D-T2
T2,ReMIND-045-post,postop,1,tumor,1,1,0.0,33.554727326134675,0.0,3767,2768,"0.7296,0.7296,2.0000",SynDiff-2D-T2
T2,ReMIND-045-post,postop,2,cavity,1,0,0.0,nan,nan,4649,0,"0.7296,0.7296,2.0000",SynDiff-2D-T2
T2,ReMIND-045-post,postop,lesion,lesion,1,1,0.001072961373390558,31.49048462890741,0.009400705052878966,8416,2768,"0.7296,0.7296,2.0000",SynDiff-2D-T2
T2,ReMIND-045-pre,preop,1,tumor,1,1,0.749215679675727,2.272149174201113,0.7544206432761102,123470,143959,"0.2608,0.2430,0.9600",SynDiff-2D-T2
T2,ReMIND-045-pre,preop,2,cavity,0,1,nan,nan,nan,0,22,"0.2608,0.2430,0.9600",SynDiff-2D-T2
T2,ReMIND-045-pre,preop,lesion,lesion,1,1,0.74915405064853,2.272149174201113,0.7543026578715541,123470,143981,"0.2608,0.2430,0.9600",SynDiff-2D-T2
T2,ReMIND-056-post,postop,1,tumor,0,1,nan,nan,nan,0,1879,"0.8539,0.8523,1.9741",SynDiff-2D-T2
T2,ReMIND-056-post,postop,2,cavity,1,0,0.0,nan,nan,17551,0,"0.8539,0.8523,1.9741",SynDiff-2D-T2
T2,ReMIND-056-post,postop,lesion,lesion,1,1,0.07967061245496655,19.996737375670993,0.16991382540277258,17551,1879,"0.8539,0.8523,1.9741",SynDiff-2D-T2
T2,ReMIND-056-pre,preop,1,tumor,1,1,0.8087567610249121,3.174849510192871,0.6480246913580247,55846,45470,"0.7937,0.7936,1.2000",SynDiff-2D-T2
T2,ReMIND-056-pre,preop,2,cavity,0,0,nan,nan,nan,0,0,"0.7937,0.7936,1.2000",SynDiff-2D-T2
T2,ReMIND-056-pre,preop,lesion,lesion,1,1,0.8087567610249121,3.174849510192871,0.6480246913580247,55846,45470,"0.7937,0.7936,1.2000",SynDiff-2D-T2
T2,ReMIND-077-post,postop,1,tumor,1,1,0.10037823683444864,18.79932964642818,0.15085817524841916,2094,4780,"0.8558,0.8268,1.9283",SynDiff-2D-T2
T2,ReMIND-077-post,postop,2,cavity,1,0,0.0,nan,nan,2767,0,"0.8558,0.8268,1.9283",SynDiff-2D-T2
T2,ReMIND-077-post,postop,lesion,lesion,1,1,0.09646302250803858,17.84255750528008,0.1847922192749779,4861,4780,"0.8558,0.8268,1.9283",SynDiff-2D-T2
T2,ReMIND-077-pre,preop,1,tumor,1,1,0.3367139959432049,11.516810226125553,0.35057576311460426,6841,4991,"0.9765,0.9644,0.9880",SynDiff-2D-T2
T2,ReMIND-077-pre,preop,2,cavity,1,1,0.07320166696865374,17.036954659810288,0.1603875134553283,5265,254,"0.9765,0.9644,0.9880",SynDiff-2D-T2
T2,ReMIND-077-pre,preop,lesion,lesion,1,1,0.2566999020229382,12.798994441684634,0.3468440594059406,12106,5245,"0.9765,0.9644,0.9880",SynDiff-2D-T2
T2,ReMIND-079-post,postop,1,tumor,1,1,0.3261984392419175,15.851590593890988,0.37325612003158726,7260,1710,"0.7990,0.7254,1.8280",SynDiff-2D-T2
T2,ReMIND-079-post,postop,2,cavity,0,0,nan,nan,nan,0,0,"0.7990,0.7254,1.8280",SynDiff-2D-T2
T2,ReMIND-079-post,postop,lesion,lesion,1,1,0.3261984392419175,15.851590593890988,0.37325612003158726,7260,1710,"0.7990,0.7254,1.8280",SynDiff-2D-T2
T2,ReMIND-079-pre,preop,1,tumor,1,1,0.408008961075329,12.405939779256334,0.3717408274785324,14068,7358,"0.9526,0.9132,0.9551",SynDiff-2D-T2
T2,ReMIND-079-pre,preop,2,cavity,1,1,0.00506400337600225,47.75734289941528,0.03940455341506129,7069,40,"0.9526,0.9132,0.9551",SynDiff-2D-T2
T2,ReMIND-079-pre,preop,lesion,lesion,1,1,0.3952339232521465,20.337165783000238,0.355145746579417,21137,7398,"0.9526,0.9132,0.9551",SynDiff-2D-T2
T2,ReMIND-087-post,postop,1,tumor,0,1,nan,nan,nan,0,4719,"0.8587,0.8570,1.9930",SynDiff-2D-T2
T2,ReMIND-087-post,postop,2,cavity,1,1,0.10371967654986523,15.967447859869285,0.05910231391134653,8781,494,"0.8587,0.8570,1.9930",SynDiff-2D-T2
T2,ReMIND-087-post,postop,lesion,lesion,1,1,0.42118050593111334,10.421346923284647,0.36335642802155504,8781,5213,"0.8587,0.8570,1.9930",SynDiff-2D-T2
T2,ReMIND-087-pre,preop,1,tumor,1,1,0.08165197325602036,15.345504880965937,0.17027441622635078,11505,5396,"0.9766,0.9734,0.9968",SynDiff-2D-T2
T2,ReMIND-087-pre,preop,2,cavity,1,1,0.04065827686350436,15.452637217577461,0.10495626822157435,11681,1748,"0.9766,0.9734,0.9968",SynDiff-2D-T2
T2,ReMIND-087-pre,preop,lesion,lesion,1,1,0.32990438509726344,13.735630100718332,0.2711636984630398,23186,7144,"0.9766,0.9734,0.9968",SynDiff-2D-T2
T2,ReMIND-091-post,postop,1,tumor,0,1,nan,nan,nan,0,7064,"0.8574,0.8545,1.9930",SynDiff-2D-T2
T2,ReMIND-091-post,postop,2,cavity,1,1,0.06947418510587676,17.05437163242255,0.17877963466770308,7894,512,"0.8574,0.8545,1.9930",SynDiff-2D-T2
T2,ReMIND-091-post,postop,lesion,lesion,1,1,0.08093083387201035,34.51000862551493,0.18387293830177154,7894,7576,"0.8574,0.8545,1.9930",SynDiff-2D-T2
T2,ReMIND-091-pre,preop,1,tumor,1,1,0.5713925455187371,7.086053607497078,0.3428212641272499,25347,14307,"0.9733,0.9707,0.9931",SynDiff-2D-T2
T2,ReMIND-091-pre,preop,2,cavity,0,1,nan,nan,nan,0,942,"0.9733,0.9707,0.9931",SynDiff-2D-T2
T2,ReMIND-091-pre,preop,lesion,lesion,1,1,0.6025716819391073,6.911683977255821,0.36620100366201,25347,15249,"0.9733,0.9707,0.9931",SynDiff-2D-T2
T2,ReMIND-096-post,postop,1,tumor,0,1,nan,nan,nan,0,2564,"0.8569,0.8553,1.9849",SynDiff-2D-T2
T2,ReMIND-096-post,postop,2,cavity,1,1,0.4800625488663018,4.407729867523929,0.5844364219815483,2166,2950,"0.8569,0.8553,1.9849",SynDiff-2D-T2
T2,ReMIND-096-post,postop,lesion,lesion,1,1,0.32473958333333336,9.10189941358258,0.4266740453790813,2166,5514,"0.8569,0.8553,1.9849",SynDiff-2D-T2
T2,ReMIND-096-pre,preop,1,tumor,1,1,0.7198298523156336,5.0210416534915305,0.5511436648676433,18774,23072,"0.9755,0.9626,0.9851",SynDiff-2D-T2
T2,ReMIND-096-pre,preop,2,cavity,0,0,nan,nan,nan,0,0,"0.9755,0.9626,0.9851",SynDiff-2D-T2
T2,ReMIND-096-pre,preop,lesion,lesion,1,1,0.7198298523156336,5.0210416534915305,0.5511436648676433,18774,23072,"0.9755,0.9626,0.9851",SynDiff-2D-T2
T2,ReMIND-102-pre,preop,1,tumor,1,1,0.01876675603217158,0.24421561465807498,1.0,7693,22147,"0.0008,0.0174,0.0887",SynDiff-2D-T2
T2,ReMIND-102-pre,preop,2,cavity,0,1,nan,nan,nan,0,422,"0.0008,0.0174,0.0887",SynDiff-2D-T2
T2,ReMIND-102-pre,preop,lesion,lesion,1,1,0.018505055845614963,0.25921459998370877,1.0,7693,22569,"0.0008,0.0174,0.0887",SynDiff-2D-T2
T2,ReMIND-107-post,postop,1,tumor,1,1,0.0,21.974073534378658,0.0032287822878228783,3621,418,"0.8587,0.8481,1.9732",SynDiff-2D-T2
T2,ReMIND-107-post,postop,2,cavity,1,0,0.0,nan,nan,879,0,"0.8587,0.8481,1.9732",SynDiff-2D-T2
T2,ReMIND-107-post,postop,lesion,lesion,1,1,0.0,25.81546549401082,0.0026819923371647508,4500,418,"0.8587,0.8481,1.9732",SynDiff-2D-T2
T2,ReMIND-107-pre,preop,1,tumor,1,1,0.2456219432486646,14.062441245790778,0.22224242223911678,57631,31107,"0.2343,0.2312,4.9330",SynDiff-2D-T2
T2,ReMIND-107-pre,preop,2,cavity,0,1,nan,nan,nan,0,1447,"0.2343,0.2312,4.9330",SynDiff-2D-T2
T2,ReMIND-107-pre,preop,lesion,lesion,1,1,0.24170316571491934,13.448179166530476,0.21881314560062073,57631,32554,"0.2343,0.2312,4.9330",SynDiff-2D-T2
T2,ReMIND-109-post,postop,1,tumor,0,1,nan,nan,nan,0,548,"0.8585,0.8371,1.9460",SynDiff-2D-T2
T2,ReMIND-109-post,postop,2,cavity,1,1,0.43888070692194403,11.505706751960913,0.5088275237664102,3408,1345,"0.8585,0.8371,1.9460",SynDiff-2D-T2
T2,ReMIND-109-post,postop,lesion,lesion,1,1,0.41048858705904545,10.827217476563451,0.48503937007874015,3408,1893,"0.8585,0.8371,1.9460",SynDiff-2D-T2
T2,ReMIND-109-pre,preop,1,tumor,1,1,0.559976276380171,5.971147953253629,0.3748350197976243,10361,9872,"0.9755,0.9400,0.9620",SynDiff-2D-T2
T2,ReMIND-109-pre,preop,2,cavity,0,1,nan,nan,nan,0,335,"0.9755,0.9400,0.9620",SynDiff-2D-T2
T2,ReMIND-109-pre,preop,lesion,lesion,1,1,0.5825554259043174,5.640070080757141,0.42049849591749033,10361,10207,"0.9755,0.9400,0.9620",SynDiff-2D-T2
T2,ReMIND-003-post,postop,1,tumor,0,1,nan,nan,nan,0,1910,"0.9264,0.9265,1.9922",SynDiff-2D-T2-from-dual
T2,ReMIND-003-post,postop,2,cavity,1,1,0.6611951782508335,4.090696947730603,0.699349945828819,2099,1800,"0.9264,0.9265,1.9922",SynDiff-2D-T2-from-dual
T2,ReMIND-003-post,postop,lesion,lesion,1,1,0.5715269409536925,5.04255572221894,0.5942591155934833,2099,3710,"0.9264,0.9265,1.9922",SynDiff-2D-T2-from-dual
T2,ReMIND-003-pre,preop,1,tumor,1,1,0.6360092917043978,7.454606703106417,0.398348623853211,10844,14555,"0.9757,0.9586,0.9825",SynDiff-2D-T2-from-dual
T2,ReMIND-003-pre,preop,2,cavity,0,0,nan,nan,nan,0,0,"0.9757,0.9586,0.9825",SynDiff-2D-T2-from-dual
T2,ReMIND-003-pre,preop,lesion,lesion,1,1,0.6360092917043978,7.454606703106417,0.398348623853211,10844,14555,"0.9757,0.9586,0.9825",SynDiff-2D-T2-from-dual
T2,ReMIND-004-pre,preop,1,tumor,1,1,0.3561643835616438,10.792696053854028,0.3169302870533099,2043,3213,"0.9761,0.9626,0.9802",SynDiff-2D-T2-from-dual
T2,ReMIND-004-pre,preop,2,cavity,0,0,nan,nan,nan,0,0,"0.9761,0.9626,0.9802",SynDiff-2D-T2-from-dual
T2,ReMIND-004-pre,preop,lesion,lesion,1,1,0.3561643835616438,10.792696053854028,0.3169302870533099,2043,3213,"0.9761,0.9626,0.9802",SynDiff-2D-T2-from-dual
T2,ReMIND-023-pre,preop,1,tumor,1,1,0.7939957112223016,2.184525966644287,0.7614213197969543,3895,3100,"0.6872,0.6822,2.1845",SynDiff-2D-T2-from-dual
T2,ReMIND-023-pre,preop,2,cavity,0,0,nan,nan,nan,0,0,"0.6872,0.6822,2.1845",SynDiff-2D-T2-from-dual
T2,ReMIND-023-pre,preop,lesion,lesion,1,1,0.7939957112223016,2.184525966644287,0.7614213197969543,3895,3100,"0.6872,0.6822,2.1845",SynDiff-2D-T2-from-dual
T2,ReMIND-031-post,postop,1,tumor,0,1,nan,nan,nan,0,5438,"0.0027,0.1312,0.0963",SynDiff-2D-T2-from-dual
T2,ReMIND-031-post,postop,2,cavity,1,1,0.0011616887285622573,3.8437800358275975,0.34122252869472375,32424,287,"0.0027,0.1312,0.0963",SynDiff-2D-T2-from-dual
T2,ReMIND-031-post,postop,lesion,lesion,1,1,0.0035649689375868306,3.0122064324969893,0.6745275772007989,32424,5725,"0.0027,0.1312,0.0963",SynDiff-2D-T2-from-dual
T2,ReMIND-031-pre,preop,1,tumor,1,1,0.1389287110647726,19.171204598387185,0.17486870258704532,8344,7002,"0.9766,0.9754,0.9990",SynDiff-2D-T2-from-dual
T2,ReMIND-031-pre,preop,2,cavity,0,0,nan,nan,nan,0,0,"0.9766,0.9754,0.9990",SynDiff-2D-T2-from-dual
T2,ReMIND-031-pre,preop,lesion,lesion,1,1,0.1389287110647726,19.171204598387185,0.17486870258704532,8344,7002,"0.9766,0.9754,0.9990",SynDiff-2D-T2-from-dual
T2,ReMIND-032-post,postop,1,tumor,1,1,0.12193464698251899,24.35142327399568,0.07389300181589607,13367,2822,"0.8594,0.8379,1.9501",SynDiff-2D-T2-from-dual
T2,ReMIND-032-post,postop,2,cavity,1,1,0.0,51.493836404142186,0.0,6211,95,"0.8594,0.8379,1.9501",SynDiff-2D-T2-from-dual
T2,ReMIND-032-post,postop,lesion,lesion,1,1,0.10455656812625028,22.68159244490821,0.1194271818427452,19578,2917,"0.8594,0.8379,1.9501",SynDiff-2D-T2-from-dual
T2,ReMIND-032-pre,preop,1,tumor,1,1,0.49760372449678214,9.999339762016309,0.1628444980889157,32911,10907,"0.8208,0.8169,1.9763",SynDiff-2D-T2-from-dual
T2,ReMIND-032-pre,preop,2,cavity,0,1,nan,nan,nan,0,8,"0.8208,0.8169,1.9763",SynDiff-2D-T2-from-dual
T2,ReMIND-032-pre,preop,lesion,lesion,1,1,0.49787797198010314,9.997174584161108,0.1632879475542108,32911,10915,"0.8208,0.8169,1.9763",SynDiff-2D-T2-from-dual
T2,ReMIND-034-post,postop,1,tumor,1,1,0.0,34.07603279912391,0.0,516,248,"0.8557,0.8490,1.9836",SynDiff-2D-T2-from-dual
T2,ReMIND-034-post,postop,2,cavity,1,1,0.46118387767721625,14.845444784318877,0.40603075085833706,12900,4889,"0.8557,0.8490,1.9836",SynDiff-2D-T2-from-dual
T2,ReMIND-034-post,postop,lesion,lesion,1,1,0.4469358055301029,14.783568725764896,0.3921888921888922,13416,5137,"0.8557,0.8490,1.9836",SynDiff-2D-T2-from-dual
T2,ReMIND-034-pre,preop,1,tumor,1,1,0.4793141555875557,16.48197622254105,0.3512868239488033,206728,91882,"0.2679,0.2658,4.9631",SynDiff-2D-T2-from-dual
T2,ReMIND-034-pre,preop,2,cavity,1,1,0.0,48.1648295992505,0.0,20636,333,"0.2679,0.2658,4.9631",SynDiff-2D-T2-from-dual
T2,ReMIND-034-pre,preop,lesion,lesion,1,1,0.4480644848378648,20.234407124541445,0.33869701221631504,227364,92215,"0.2679,0.2658,4.9631",SynDiff-2D-T2-from-dual
T2,ReMIND-045-post,postop,1,tumor,1,1,0.046587737029550484,25.63713832995445,0.13533834586466165,3767,6622,"0.7296,0.7296,2.0000",SynDiff-2D-T2-from-dual
T2,ReMIND-045-post,postop,2,cavity,1,0,0.0,nan,nan,4649,0,"0.7296,0.7296,2.0000",SynDiff-2D-T2-from-dual
T2,ReMIND-045-post,postop,lesion,lesion,1,1,0.07633993882165181,23.612690579147866,0.15147911401813588,8416,6622,"0.7296,0.7296,2.0000",SynDiff-2D-T2-from-dual
T2,ReMIND-045-pre,preop,1,tumor,1,1,0.7821201389704772,1.8418660898204666,0.7892293407613742,123470,114854,"0.2608,0.2430,0.9600",SynDiff-2D-T2-from-dual
T2,ReMIND-045-pre,preop,2,cavity,0,0,nan,nan,nan,0,0,"0.2608,0.2430,0.9600",SynDiff-2D-T2-from-dual
T2,ReMIND-045-pre,preop,lesion,lesion,1,1,0.7821201389704772,1.8418660898204666,0.7892293407613742,123470,114854,"0.2608,0.2430,0.9600",SynDiff-2D-T2-from-dual
T2,ReMIND-056-post,postop,1,tumor,0,1,nan,nan,nan,0,3024,"0.8539,0.8523,1.9741",SynDiff-2D-T2-from-dual
T2,ReMIND-056-post,postop,2,cavity,1,1,0.00011390170283045732,32.94501135420698,0.00687366674567433,17551,8,"0.8539,0.8523,1.9741",SynDiff-2D-T2-from-dual
T2,ReMIND-056-post,postop,lesion,lesion,1,1,0.2577855511830151,15.867272293851762,0.207378223495702,17551,3032,"0.8539,0.8523,1.9741",SynDiff-2D-T2-from-dual
T2,ReMIND-056-pre,preop,1,tumor,1,1,0.8385520591012177,2.4000039100646973,0.6970216938350288,55846,46893,"0.7937,0.7936,1.2000",SynDiff-2D-T2-from-dual
T2,ReMIND-056-pre,preop,2,cavity,0,0,nan,nan,nan,0,0,"0.7937,0.7936,1.2000",SynDiff-2D-T2-from-dual
T2,ReMIND-056-pre,preop,lesion,lesion,1,1,0.8385520591012177,2.4000039100646973,0.6970216938350288,55846,46893,"0.7937,0.7936,1.2000",SynDiff-2D-T2-from-dual
T2,ReMIND-077-post,postop,1,tumor,1,1,0.09776046738072054,19.51508577528709,0.19625838333921639,2094,3041,"0.8558,0.8268,1.9283",SynDiff-2D-T2-from-dual
T2,ReMIND-077-post,postop,2,cavity,1,1,0.14088131231907366,19.24792872320704,0.24661246612466126,2767,342,"0.8558,0.8268,1.9283",SynDiff-2D-T2-from-dual
T2,ReMIND-077-post,postop,lesion,lesion,1,1,0.12299854439592431,18.321823897015395,0.27281257330518416,4861,3383,"0.8558,0.8268,1.9283",SynDiff-2D-T2-from-dual
T2,ReMIND-077-pre,preop,1,tumor,1,1,0.2098398388798312,17.398414982743027,0.2625340069957248,6841,3586,"0.9765,0.9644,0.9880",SynDiff-2D-T2-from-dual
T2,ReMIND-077-pre,preop,2,cavity,1,1,0.015454202789295138,17.929989515831444,0.03744239631336405,5265,41,"0.9765,0.9644,0.9880",SynDiff-2D-T2-from-dual
T2,ReMIND-077-pre,preop,lesion,lesion,1,1,0.15356257547829402,16.85191100234273,0.2533112582781457,12106,3627,"0.9765,0.9644,0.9880",SynDiff-2D-T2-from-dual
T2,ReMIND-079-post,postop,1,tumor,1,1,0.12557392102846648,16.539446802103395,0.18206972883231876,7260,1452,"0.7990,0.7254,1.8280",SynDiff-2D-T2-from-dual
T2,ReMIND-079-post,postop,2,cavity,0,0,nan,nan,nan,0,0,"0.7990,0.7254,1.8280",SynDiff-2D-T2-from-dual
T2,ReMIND-079-post,postop,lesion,lesion,1,1,0.12557392102846648,16.539446802103395,0.18206972883231876,7260,1452,"0.7990,0.7254,1.8280",SynDiff-2D-T2-from-dual
T2,ReMIND-079-pre,preop,1,tumor,1,1,0.36799083667412924,18.106182109878308,0.33283926218708826,14068,5139,"0.9526,0.9132,0.9551",SynDiff-2D-T2-from-dual
T2,ReMIND-079-pre,preop,2,cavity,1,1,0.0021069265209375824,28.60236770395225,0.053220208252988815,7069,525,"0.9526,0.9132,0.9551",SynDiff-2D-T2-from-dual
T2,ReMIND-079-pre,preop,lesion,lesion,1,1,0.29461587254206933,15.269846992557287,0.2738944365192582,21137,5664,"0.9526,0.9132,0.9551",SynDiff-2D-T2-from-dual
T2,ReMIND-087-post,postop,1,tumor,0,1,nan,nan,nan,0,1267,"0.8587,0.8570,1.9930",SynDiff-2D-T2-from-dual
T2,ReMIND-087-post,postop,2,cavity,1,1,0.00545144804088586,18.201902298494183,0.0,8781,24,"0.8587,0.8570,1.9930",SynDiff-2D-T2-from-dual
T2,ReMIND-087-post,postop,lesion,lesion,1,1,0.18328038125496426,14.729963058129396,0.21414342629482072,8781,1291,"0.8587,0.8570,1.9930",SynDiff-2D-T2-from-dual
T2,ReMIND-087-pre,preop,1,tumor,1,1,0.057701149425287354,17.16831216003891,0.14012199254490004,11505,5895,"0.9766,0.9734,0.9968",SynDiff-2D-T2-from-dual
T2,ReMIND-087-pre,preop,2,cavity,1,1,0.015595501928917344,17.386970237800877,0.08896361968816875,11681,502,"0.9766,0.9734,0.9968",SynDiff-2D-T2-from-dual
T2,ReMIND-087-pre,preop,lesion,lesion,1,1,0.2799580840347497,15.513464277953428,0.21303130567574446,23186,6397,"0.9766,0.9734,0.9968",SynDiff-2D-T2-from-dual
T2,ReMIND-091-post,postop,1,tumor,0,1,nan,nan,nan,0,59,"0.8574,0.8545,1.9930",SynDiff-2D-T2-from-dual
T2,ReMIND-091-post,postop,2,cavity,1,1,0.012087635356333417,18.385856717052064,0.014427412082957619,7894,48,"0.8574,0.8545,1.9930",SynDiff-2D-T2-from-dual
T2,ReMIND-091-post,postop,lesion,lesion,1,1,0.02124734408198975,17.35974904083182,0.033816425120772944,7894,107,"0.8574,0.8545,1.9930",SynDiff-2D-T2-from-dual
T2,ReMIND-091-pre,preop,1,tumor,1,1,0.47042052744119744,8.86314465825314,0.33959919217026563,25347,8325,"0.9733,0.9707,0.9931",SynDiff-2D-T2-from-dual
T2,ReMIND-091-pre,preop,2,cavity,0,1,nan,nan,nan,0,80,"0.9733,0.9707,0.9931",SynDiff-2D-T2-from-dual
T2,ReMIND-091-pre,preop,lesion,lesion,1,1,0.47404598246029866,8.842512425168541,0.33620424484773914,25347,8405,"0.9733,0.9707,0.9931",SynDiff-2D-T2-from-dual
T2,ReMIND-096-post,postop,1,tumor,0,1,nan,nan,nan,0,4310,"0.8569,0.8553,1.9849",SynDiff-2D-T2-from-dual
T2,ReMIND-096-post,postop,2,cavity,1,1,0.2493150684931507,16.03866086378579,0.37251512532411407,2166,2214,"0.8569,0.8553,1.9849",SynDiff-2D-T2-from-dual
T2,ReMIND-096-post,postop,lesion,lesion,1,1,0.161795166858458,15.47233087567129,0.32926195426195426,2166,6524,"0.8569,0.8553,1.9849",SynDiff-2D-T2-from-dual
T2,ReMIND-096-pre,preop,1,tumor,1,1,0.5712025316455697,12.34415227048007,0.3873996036299155,18774,34314,"0.9755,0.9626,0.9851",SynDiff-2D-T2-from-dual
T2,ReMIND-096-pre,preop,2,cavity,0,0,nan,nan,nan,0,0,"0.9755,0.9626,0.9851",SynDiff-2D-T2-from-dual
T2,ReMIND-096-pre,preop,lesion,lesion,1,1,0.5712025316455697,12.34415227048007,0.3873996036299155,18774,34314,"0.9755,0.9626,0.9851",SynDiff-2D-T2-from-dual
T2,ReMIND-102-pre,preop,1,tumor,1,1,0.0627287853577371,0.1587630252860703,1.0,7693,16347,"0.0008,0.0174,0.0887",SynDiff-2D-T2-from-dual
T2,ReMIND-102-pre,preop,2,cavity,0,1,nan,nan,nan,0,3162,"0.0008,0.0174,0.0887",SynDiff-2D-T2-from-dual
T2,ReMIND-102-pre,preop,lesion,lesion,1,1,0.059554444526137784,0.1921689240422898,1.0,7693,19509,"0.0008,0.0174,0.0887",SynDiff-2D-T2-from-dual
T2,ReMIND-107-post,postop,1,tumor,1,1,0.006369426751592357,18.550235097459858,0.06831566548881036,3621,1403,"0.8587,0.8481,1.9732",SynDiff-2D-T2-from-dual
T2,ReMIND-107-post,postop,2,cavity,1,0,0.0,nan,nan,879,0,"0.8587,0.8481,1.9732",SynDiff-2D-T2-from-dual
T2,ReMIND-107-post,postop,lesion,lesion,1,1,0.005420972386921904,18.955599243416856,0.05821344931415189,4500,1403,"0.8587,0.8481,1.9732",SynDiff-2D-T2-from-dual
T2,ReMIND-107-pre,preop,1,tumor,1,1,0.19113078955908944,15.029161540623104,0.1788339222614841,57631,28645,"0.2343,0.2312,4.9330",SynDiff-2D-T2-from-dual
T2,ReMIND-107-pre,preop,2,cavity,0,1,nan,nan,nan,0,116,"0.2343,0.2312,4.9330",SynDiff-2D-T2-from-dual
T2,ReMIND-107-pre,preop,lesion,lesion,1,1,0.19087415501435318,15.026217451408467,0.17879917330554132,57631,28761,"0.2343,0.2312,4.9330",SynDiff-2D-T2-from-dual
T2,ReMIND-109-post,postop,1,tumor,0,1,nan,nan,nan,0,871,"0.8585,0.8371,1.9460",SynDiff-2D-T2-from-dual
T2,ReMIND-109-post,postop,2,cavity,1,1,0.40397599399849965,11.141471023075704,0.3977832512315271,3408,1924,"0.8585,0.8371,1.9460",SynDiff-2D-T2-from-dual
T2,ReMIND-109-post,postop,lesion,lesion,1,1,0.4104465581170401,10.318352368218653,0.4322033898305085,3408,2795,"0.8585,0.8371,1.9460",SynDiff-2D-T2-from-dual
T2,ReMIND-109-pre,preop,1,tumor,1,1,0.6145022149685241,5.536746348938453,0.4849246231155779,10361,11084,"0.9755,0.9400,0.9620",SynDiff-2D-T2-from-dual
T2,ReMIND-109-pre,preop,2,cavity,0,0,nan,nan,nan,0,0,"0.9755,0.9400,0.9620",SynDiff-2D-T2-from-dual
T2,ReMIND-109-pre,preop,lesion,lesion,1,1,0.6145022149685241,5.536746348938453,0.4849246231155779,10361,11084,"0.9755,0.9400,0.9620",SynDiff-2D-T2-from-dual
T2,ReMIND-003-post,postop,1,tumor,0,1,nan,nan,nan,0,3494,"0.9264,0.9265,1.9922",SynDiff-3D+3D-refine-T2
T2,ReMIND-003-post,postop,2,cavity,1,1,0.3164005805515239,8.573590808952007,0.3323057953144266,2099,1346,"0.9264,0.9265,1.9922",SynDiff-3D+3D-refine-T2
T2,ReMIND-003-post,postop,lesion,lesion,1,1,0.21818705865398472,45.894438038873346,0.22732661529342027,2099,4840,"0.9264,0.9265,1.9922",SynDiff-3D+3D-refine-T2
T2,ReMIND-003-pre,preop,1,tumor,1,1,0.5607297167546808,6.2146528143135455,0.4204416116549055,10844,7903,"0.9757,0.9586,0.9825",SynDiff-3D+3D-refine-T2
T2,ReMIND-003-pre,preop,2,cavity,0,0,nan,nan,nan,0,0,"0.9757,0.9586,0.9825",SynDiff-3D+3D-refine-T2
T2,ReMIND-003-pre,preop,lesion,lesion,1,1,0.5607297167546808,6.2146528143135455,0.4204416116549055,10844,7903,"0.9757,0.9586,0.9825",SynDiff-3D+3D-refine-T2
T2,ReMIND-004-pre,preop,1,tumor,1,1,0.31046312178387653,47.201890865310354,0.2509669101847873,2043,6119,"0.9761,0.9626,0.9802",SynDiff-3D+3D-refine-T2
T2,ReMIND-004-pre,preop,2,cavity,0,0,nan,nan,nan,0,0,"0.9761,0.9626,0.9802",SynDiff-3D+3D-refine-T2
T2,ReMIND-004-pre,preop,lesion,lesion,1,1,0.31046312178387653,47.201890865310354,0.2509669101847873,2043,6119,"0.9761,0.9626,0.9802",SynDiff-3D+3D-refine-T2
T2,ReMIND-023-pre,preop,1,tumor,1,1,0.7401768172888016,3.5109865375604077,0.6918903483723586,3895,4249,"0.6872,0.6822,2.1845",SynDiff-3D+3D-refine-T2
T2,ReMIND-023-pre,preop,2,cavity,0,0,nan,nan,nan,0,0,"0.6872,0.6822,2.1845",SynDiff-3D+3D-refine-T2
T2,ReMIND-023-pre,preop,lesion,lesion,1,1,0.7401768172888016,3.5109865375604077,0.6918903483723586,3895,4249,"0.6872,0.6822,2.1845",SynDiff-3D+3D-refine-T2
T2,ReMIND-031-post,postop,1,tumor,0,1,nan,nan,nan,0,10470,"0.0027,0.1312,0.0963",SynDiff-3D+3D-refine-T2
T2,ReMIND-031-post,postop,2,cavity,1,0,0.0,nan,nan,32424,0,"0.0027,0.1312,0.0963",SynDiff-3D+3D-refine-T2
T2,ReMIND-031-post,postop,lesion,lesion,1,1,0.022007740010257845,3.545581889573512,0.7108355091383812,32424,10470,"0.0027,0.1312,0.0963",SynDiff-3D+3D-refine-T2
T2,ReMIND-031-pre,preop,1,tumor,1,1,0.2990256864481842,18.767567394070504,0.28844076341375585,8344,8591,"0.9766,0.9754,0.9990",SynDiff-3D+3D-refine-T2
T2,ReMIND-031-pre,preop,2,cavity,0,0,nan,nan,nan,0,0,"0.9766,0.9754,0.9990",SynDiff-3D+3D-refine-T2
T2,ReMIND-031-pre,preop,lesion,lesion,1,1,0.2990256864481842,18.767567394070504,0.28844076341375585,8344,8591,"0.9766,0.9754,0.9990",SynDiff-3D+3D-refine-T2
T2,ReMIND-032-post,postop,1,tumor,1,1,0.20915752934045953,10.024556763626054,0.33727067102287006,13367,4782,"0.8594,0.8379,1.9501",SynDiff-3D+3D-refine-T2
T2,ReMIND-032-post,postop,2,cavity,1,0,0.0,nan,nan,6211,0,"0.8594,0.8379,1.9501",SynDiff-3D+3D-refine-T2
T2,ReMIND-032-post,postop,lesion,lesion,1,1,0.2993431855500821,10.868396741352674,0.2551707257373638,19578,4782,"0.8594,0.8379,1.9501",SynDiff-3D+3D-refine-T2
T2,ReMIND-032-pre,preop,1,tumor,1,1,0.4637727710732804,9.43127539350672,0.28520839008444565,32911,10675,"0.8208,0.8169,1.9763",SynDiff-3D+3D-refine-T2
T2,ReMIND-032-pre,preop,2,cavity,0,0,nan,nan,nan,0,0,"0.8208,0.8169,1.9763",SynDiff-3D+3D-refine-T2
T2,ReMIND-032-pre,preop,lesion,lesion,1,1,0.4637727710732804,9.43127539350672,0.28520839008444565,32911,10675,"0.8208,0.8169,1.9763",SynDiff-3D+3D-refine-T2
T2,ReMIND-034-post,postop,1,tumor,1,1,0.06385088241126313,14.959940426093505,0.15985130111524162,516,4527,"0.8557,0.8490,1.9836",SynDiff-3D+3D-refine-T2
T2,ReMIND-034-post,postop,2,cavity,1,1,0.388495359062042,21.22481509633865,0.3965653064439893,12900,3476,"0.8557,0.8490,1.9836",SynDiff-3D+3D-refine-T2
T2,ReMIND-034-post,postop,lesion,lesion,1,1,0.5513796162285821,15.810074660406737,0.4888419384656015,13416,8003,"0.8557,0.8490,1.9836",SynDiff-3D+3D-refine-T2
T2,ReMIND-034-pre,preop,1,tumor,1,1,0.4893844781445138,14.031890725415408,0.3203284165919648,206728,95942,"0.2679,0.2658,4.9631",SynDiff-3D+3D-refine-T2
T2,ReMIND-034-pre,preop,2,cavity,1,1,0.36121571760051735,11.644894730876,0.4203477443609023,20636,5653,"0.2679,0.2658,4.9631",SynDiff-3D+3D-refine-T2
T2,ReMIND-034-pre,preop,lesion,lesion,1,1,0.49026778413115313,13.356451146133585,0.3366180934642081,227364,101595,"0.2679,0.2658,4.9631",SynDiff-3D+3D-refine-T2
T2,ReMIND-045-post,postop,1,tumor,1,1,0.021904680414135364,25.766558169913047,0.04340993910823021,3767,7920,"0.7296,0.7296,2.0000",SynDiff-3D+3D-refine-T2
T2,ReMIND-045-post,postop,2,cavity,1,0,0.0,nan,nan,4649,0,"0.7296,0.7296,2.0000",SynDiff-3D+3D-refine-T2
T2,ReMIND-045-post,postop,lesion,lesion,1,1,0.03709598432908913,24.096101626172146,0.08731714673503242,8416,7920,"0.7296,0.7296,2.0000",SynDiff-3D+3D-refine-T2
T2,ReMIND-045-pre,preop,1,tumor,1,1,0.7349652020439464,2.3109960447321405,0.6833047651696948,123470,136028,"0.2608,0.2430,0.9600",SynDiff-3D+3D-refine-T2
T2,ReMIND-045-pre,preop,2,cavity,0,1,nan,nan,nan,0,14,"0.2608,0.2430,0.9600",SynDiff-3D+3D-refine-T2
T2,ReMIND-045-pre,preop,lesion,lesion,1,1,0.7349255525756034,2.3109960447321405,0.68316424458459,123470,136042,"0.2608,0.2430,0.9600",SynDiff-3D+3D-refine-T2
T2,ReMIND-056-post,postop,1,tumor,0,1,nan,nan,nan,0,6173,"0.8539,0.8523,1.9741",SynDiff-3D+3D-refine-T2
T2,ReMIND-056-post,postop,2,cavity,1,1,0.0,46.60216707245615,0.001422475106685633,17551,7,"0.8539,0.8523,1.9741",SynDiff-3D+3D-refine-T2
T2,ReMIND-056-post,postop,lesion,lesion,1,1,0.08722767687834478,21.747350704788236,0.22374847374847376,17551,6180,"0.8539,0.8523,1.9741",SynDiff-3D+3D-refine-T2
T2,ReMIND-056-pre,preop,1,tumor,1,1,0.6421956314372306,7.5830041791830425,0.3803980990426338,55846,26973,"0.7937,0.7936,1.2000",SynDiff-3D+3D-refine-T2
T2,ReMIND-056-pre,preop,2,cavity,0,0,nan,nan,nan,0,0,"0.7937,0.7936,1.2000",SynDiff-3D+3D-refine-T2
T2,ReMIND-056-pre,preop,lesion,lesion,1,1,0.6421956314372306,7.5830041791830425,0.3803980990426338,55846,26973,"0.7937,0.7936,1.2000",SynDiff-3D+3D-refine-T2
T2,ReMIND-077-post,postop,1,tumor,1,1,0.192458758837392,17.354973793029785,0.314410480349345,2094,5544,"0.8558,0.8268,1.9283",SynDiff-3D+3D-refine-T2
T2,ReMIND-077-post,postop,2,cavity,1,1,0.1079857743291303,20.753157637960847,0.1683222958057395,2767,326,"0.8558,0.8268,1.9283",SynDiff-3D+3D-refine-T2
T2,ReMIND-077-post,postop,lesion,lesion,1,1,0.258130649520082,15.71826788678017,0.30197811447811446,4861,5870,"0.8558,0.8268,1.9283",SynDiff-3D+3D-refine-T2
T2,ReMIND-077-pre,preop,1,tumor,1,1,0.4118196371398079,5.242111448145243,0.48398576512455516,6841,8151,"0.9765,0.9644,0.9880",SynDiff-3D+3D-refine-T2
T2,ReMIND-077-pre,preop,2,cavity,1,1,0.2990979585377433,6.765808191243537,0.2871287128712871,5265,1054,"0.9765,0.9644,0.9880",SynDiff-3D+3D-refine-T2
T2,ReMIND-077-pre,preop,lesion,lesion,1,1,0.551827694617803,4.8116914034658205,0.49844808126410833,12106,9205,"0.9765,0.9644,0.9880",SynDiff-3D+3D-refine-T2
T2,ReMIND-079-post,postop,1,tumor,1,1,0.2777493081889925,13.078394069269926,0.29697260932244113,7260,2497,"0.7990,0.7254,1.8280",SynDiff-3D+3D-refine-T2
T2,ReMIND-079-post,postop,2,cavity,0,0,nan,nan,nan,0,0,"0.7990,0.7254,1.8280",SynDiff-3D+3D-refine-T2
T2,ReMIND-079-post,postop,lesion,lesion,1,1,0.2777493081889925,13.078394069269926,0.29697260932244113,7260,2497,"0.7990,0.7254,1.8280",SynDiff-3D+3D-refine-T2
T2,ReMIND-079-pre,preop,1,tumor,1,1,0.02881505439576595,15.229127095427929,0.07153780798640612,14068,2937,"0.9526,0.9132,0.9551",SynDiff-3D+3D-refine-T2
T2,ReMIND-079-pre,preop,2,cavity,1,1,0.0,51.15541648533668,0.0,7069,80,"0.9526,0.9132,0.9551",SynDiff-3D+3D-refine-T2
T2,ReMIND-079-pre,preop,lesion,lesion,1,1,0.049184400099362424,19.006305869993934,0.07781415260639638,21137,3017,"0.9526,0.9132,0.9551",SynDiff-3D+3D-refine-T2
T2,ReMIND-087-post,postop,1,tumor,0,1,nan,nan,nan,0,5721,"0.8587,0.8570,1.9930",SynDiff-3D+3D-refine-T2
T2,ReMIND-087-post,postop,2,cavity,1,0,0.0,nan,nan,8781,0,"0.8587,0.8570,1.9930",SynDiff-3D+3D-refine-T2
T2,ReMIND-087-post,postop,lesion,lesion,1,1,0.41621845262722384,9.335726729560664,0.34507177033492825,8781,5721,"0.8587,0.8570,1.9930",SynDiff-3D+3D-refine-T2
T2,ReMIND-087-pre,preop,1,tumor,1,1,0.4021402831871292,10.014455183361626,0.4086297518640753,11505,15968,"0.9766,0.9734,0.9968",SynDiff-3D+3D-refine-T2
T2,ReMIND-087-pre,preop,2,cavity,1,0,0.0,nan,nan,11681,0,"0.9766,0.9734,0.9968",SynDiff-3D+3D-refine-T2
T2,ReMIND-087-pre,preop,lesion,lesion,1,1,0.43734995147366806,10.270043770446723,0.4065600323952217,23186,15968,"0.9766,0.9734,0.9968",SynDiff-3D+3D-refine-T2
T2,ReMIND-091-post,postop,1,tumor,0,1,nan,nan,nan,0,7698,"0.8574,0.8545,1.9930",SynDiff-3D+3D-refine-T2
T2,ReMIND-091-post,postop,2,cavity,1,1,0.10512760477639897,15.253949595991433,0.12143407864302236,7894,648,"0.8574,0.8545,1.9930",SynDiff-3D+3D-refine-T2
T2,ReMIND-091-post,postop,lesion,lesion,1,1,0.17364532019704434,33.10708504214619,0.15612610911836888,7894,8346,"0.8574,0.8545,1.9930",SynDiff-3D+3D-refine-T2
T2,ReMIND-091-pre,preop,1,tumor,1,1,0.6652354160497483,5.419451953344817,0.42595244915496994,25347,15177,"0.9733,0.9707,0.9931",SynDiff-3D+3D-refine-T2
T2,ReMIND-091-pre,preop,2,cavity,0,0,nan,nan,nan,0,0,"0.9733,0.9707,0.9931",SynDiff-3D+3D-refine-T2
T2,ReMIND-091-pre,preop,lesion,lesion,1,1,0.6652354160497483,5.419451953344817,0.42595244915496994,25347,15177,"0.9733,0.9707,0.9931",SynDiff-3D+3D-refine-T2
T2,ReMIND-096-post,postop,1,tumor,0,1,nan,nan,nan,0,7168,"0.8569,0.8553,1.9849",SynDiff-3D+3D-refine-T2
T2,ReMIND-096-post,postop,2,cavity,1,1,0.008932559178204555,14.311129676597869,0.10117878192534381,2166,73,"0.8569,0.8553,1.9849",SynDiff-3D+3D-refine-T2
T2,ReMIND-096-post,postop,lesion,lesion,1,1,0.2041033273094504,12.88156000352274,0.2052345994254708,2166,7241,"0.8569,0.8553,1.9849",SynDiff-3D+3D-refine-T2
T2,ReMIND-096-pre,preop,1,tumor,1,1,0.6450357442798911,6.415812215508148,0.36674342503938917,18774,30045,"0.9755,0.9626,0.9851",SynDiff-3D+3D-refine-T2
T2,ReMIND-096-pre,preop,2,cavity,0,0,nan,nan,nan,0,0,"0.9755,0.9626,0.9851",SynDiff-3D+3D-refine-T2
T2,ReMIND-096-pre,preop,lesion,lesion,1,1,0.6450357442798911,6.415812215508148,0.36674342503938917,18774,30045,"0.9755,0.9626,0.9851",SynDiff-3D+3D-refine-T2
T2,ReMIND-102-pre,preop,1,tumor,1,1,0.02427689533189984,0.24498651286926806,1.0,7693,21141,"0.0008,0.0174,0.0887",SynDiff-3D+3D-refine-T2
T2,ReMIND-102-pre,preop,2,cavity,0,1,nan,nan,nan,0,1890,"0.0008,0.0174,0.0887",SynDiff-3D+3D-refine-T2
T2,ReMIND-102-pre,preop,lesion,lesion,1,1,0.022783491732847286,0.24481362162919207,1.0,7693,23031,"0.0008,0.0174,0.0887",SynDiff-3D+3D-refine-T2
T2,ReMIND-107-post,postop,1,tumor,1,1,0.1019569944431022,16.15765276642369,0.1534683855125844,3621,4657,"0.8587,0.8481,1.9732",SynDiff-3D+3D-refine-T2
T2,ReMIND-107-post,postop,2,cavity,1,1,0.0,26.00263068743381,0.0,879,2,"0.8587,0.8481,1.9732",SynDiff-3D+3D-refine-T2
T2,ReMIND-107-post,postop,lesion,lesion,1,1,0.09739054481930341,16.066835083280832,0.12357723577235773,4500,4659,"0.8587,0.8481,1.9732",SynDiff-3D+3D-refine-T2
T2,ReMIND-107-pre,preop,1,tumor,1,1,0.21651634947753187,13.743206918643022,0.21338155515370705,57631,43045,"0.2343,0.2312,4.9330",SynDiff-3D+3D-refine-T2
T2,ReMIND-107-pre,preop,2,cavity,0,1,nan,nan,nan,0,754,"0.2343,0.2312,4.9330",SynDiff-3D+3D-refine-T2
T2,ReMIND-107-pre,preop,lesion,lesion,1,1,0.21490683229813665,14.017160585045719,0.21092859124110086,57631,43799,"0.2343,0.2312,4.9330",SynDiff-3D+3D-refine-T2
T2,ReMIND-109-post,postop,1,tumor,0,1,nan,nan,nan,0,724,"0.8585,0.8371,1.9460",SynDiff-3D+3D-refine-T2
T2,ReMIND-109-post,postop,2,cavity,1,1,0.25921521997621877,16.778442563709056,0.30578512396694213,3408,797,"0.8585,0.8371,1.9460",SynDiff-3D+3D-refine-T2
T2,ReMIND-109-post,postop,lesion,lesion,1,1,0.2446743761412051,16.37548811502691,0.31532663316582915,3408,1521,"0.8585,0.8371,1.9460",SynDiff-3D+3D-refine-T2
T2,ReMIND-109-pre,preop,1,tumor,1,1,0.5019572417946402,6.193641343607388,0.39669421487603307,10361,9565,"0.9755,0.9400,0.9620",SynDiff-3D+3D-refine-T2
T2,ReMIND-109-pre,preop,2,cavity,0,1,nan,nan,nan,0,39,"0.9755,0.9400,0.9620",SynDiff-3D+3D-refine-T2
T2,ReMIND-109-pre,preop,lesion,lesion,1,1,0.5048835462058603,6.193641343607388,0.3887489504617968,10361,9604,"0.9755,0.9400,0.9620",SynDiff-3D+3D-refine-T2
T2,ReMIND-003-post,postop,1,tumor,0,1,nan,nan,nan,0,640,"0.9264,0.9265,1.9922",SynDiff-3D+3D-refine-T2-from-dual
T2,ReMIND-003-post,postop,2,cavity,1,1,0.6716189643871532,4.49077453767775,0.6664982314300152,2099,2478,"0.9264,0.9265,1.9922",SynDiff-3D+3D-refine-T2-from-dual
T2,ReMIND-003-post,postop,lesion,lesion,1,1,0.639064596511405,4.490852450332847,0.6375432525951558,2099,3118,"0.9264,0.9265,1.9922",SynDiff-3D+3D-refine-T2-from-dual
T2,ReMIND-003-pre,preop,1,tumor,1,1,0.6053983527684906,7.135436832289241,0.39831339478329086,10844,13682,"0.9757,0.9586,0.9825",SynDiff-3D+3D-refine-T2-from-dual
T2,ReMIND-003-pre,preop,2,cavity,0,0,nan,nan,nan,0,0,"0.9757,0.9586,0.9825",SynDiff-3D+3D-refine-T2-from-dual
T2,ReMIND-003-pre,preop,lesion,lesion,1,1,0.6053983527684906,7.135436832289241,0.39831339478329086,10844,13682,"0.9757,0.9586,0.9825",SynDiff-3D+3D-refine-T2-from-dual
T2,ReMIND-004-pre,preop,1,tumor,1,1,0.08939771030363365,20.85548770781838,0.1214171974522293,2043,8002,"0.9761,0.9626,0.9802",SynDiff-3D+3D-refine-T2-from-dual
T2,ReMIND-004-pre,preop,2,cavity,0,0,nan,nan,nan,0,0,"0.9761,0.9626,0.9802",SynDiff-3D+3D-refine-T2-from-dual
T2,ReMIND-004-pre,preop,lesion,lesion,1,1,0.08939771030363365,20.85548770781838,0.1214171974522293,2043,8002,"0.9761,0.9626,0.9802",SynDiff-3D+3D-refine-T2-from-dual
T2,ReMIND-023-pre,preop,1,tumor,1,1,0.8024375380865326,2.184525966644287,0.8252344416027281,3895,4310,"0.6872,0.6822,2.1845",SynDiff-3D+3D-refine-T2-from-dual
T2,ReMIND-023-pre,preop,2,cavity,0,1,nan,nan,nan,0,1,"0.6872,0.6822,2.1845",SynDiff-3D+3D-refine-T2-from-dual
T2,ReMIND-023-pre,preop,lesion,lesion,1,1,0.8023397514014136,2.184525966644287,0.8252344416027281,3895,4311,"0.6872,0.6822,2.1845",SynDiff-3D+3D-refine-T2-from-dual
T2,ReMIND-031-post,postop,1,tumor,0,1,nan,nan,nan,0,12015,"0.0027,0.1312,0.0963",SynDiff-3D+3D-refine-T2-from-dual
T2,ReMIND-031-post,postop,2,cavity,1,0,0.0,nan,nan,32424,0,"0.0027,0.1312,0.0963",SynDiff-3D+3D-refine-T2-from-dual
T2,ReMIND-031-post,postop,lesion,lesion,1,1,0.00801098134521479,0.9435798469698337,1.0,32424,12015,"0.0027,0.1312,0.0963",SynDiff-3D+3D-refine-T2-from-dual
T2,ReMIND-031-pre,preop,1,tumor,1,1,0.0033327778703549408,23.217161067654626,0.05380776741158603,8344,3658,"0.9766,0.9754,0.9990",SynDiff-3D+3D-refine-T2-from-dual
T2,ReMIND-031-pre,preop,2,cavity,0,0,nan,nan,nan,0,0,"0.9766,0.9754,0.9990",SynDiff-3D+3D-refine-T2-from-dual
T2,ReMIND-031-pre,preop,lesion,lesion,1,1,0.0033327778703549408,23.217161067654626,0.05380776741158603,8344,3658,"0.9766,0.9754,0.9990",SynDiff-3D+3D-refine-T2-from-dual
T2,ReMIND-032-post,postop,1,tumor,1,1,0.09584510853225904,24.967229243730728,0.05735870173475098,13367,3264,"0.8594,0.8379,1.9501",SynDiff-3D+3D-refine-T2-from-dual
T2,ReMIND-032-post,postop,2,cavity,1,1,0.018351477449455676,21.06229564997501,0.07325718786923986,6211,219,"0.8594,0.8379,1.9501",SynDiff-3D+3D-refine-T2-from-dual
T2,ReMIND-032-post,postop,lesion,lesion,1,1,0.11803477732969082,22.60959510932285,0.1402642466301882,19578,3483,"0.8594,0.8379,1.9501",SynDiff-3D+3D-refine-T2-from-dual
T2,ReMIND-032-pre,preop,1,tumor,1,1,0.5480174338258743,9.985173222617334,0.24976204073862554,32911,14124,"0.8208,0.8169,1.9763",SynDiff-3D+3D-refine-T2-from-dual
T2,ReMIND-032-pre,preop,2,cavity,0,1,nan,nan,nan,0,308,"0.8208,0.8169,1.9763",SynDiff-3D+3D-refine-T2-from-dual
T2,ReMIND-032-pre,preop,lesion,lesion,1,1,0.5574636165853453,9.983958990246954,0.2539928370922466,32911,14432,"0.8208,0.8169,1.9763",SynDiff-3D+3D-refine-T2-from-dual
T2,ReMIND-034-post,postop,1,tumor,1,1,0.0,23.204247192017093,0.0,516,11,"0.8557,0.8490,1.9836",SynDiff-3D+3D-refine-T2-from-dual
T2,ReMIND-034-post,postop,2,cavity,1,1,0.47905232842471335,13.30516971530375,0.4406340057636888,12900,5503,"0.8557,0.8490,1.9836",SynDiff-3D+3D-refine-T2-from-dual
T2,ReMIND-034-post,postop,lesion,lesion,1,1,0.47437929212889596,12.855186119456251,0.438386524822695,13416,5514,"0.8557,0.8490,1.9836",SynDiff-3D+3D-refine-T2-from-dual
T2,ReMIND-034-pre,preop,1,tumor,1,1,0.4794139303012085,16.59644635087959,0.3046269772954972,206728,89346,"0.2679,0.2658,4.9631",SynDiff-3D+3D-refine-T2-from-dual
T2,ReMIND-034-pre,preop,2,cavity,1,1,0.594349634303743,11.80216154505728,0.6395888178513226,20636,14229,"0.2679,0.2658,4.9631",SynDiff-3D+3D-refine-T2-from-dual
T2,ReMIND-034-pre,preop,lesion,lesion,1,1,0.5082870257056437,12.333157054283538,0.34897095014425333,227364,103575,"0.2679,0.2658,4.9631",SynDiff-3D+3D-refine-T2-from-dual
T2,ReMIND-045-post,postop,1,tumor,1,1,0.013803471368047014,32.34843347759351,0.06461248231410156,3767,10867,"0.7296,0.7296,2.0000",SynDiff-3D+3D-refine-T2-from-dual
T2,ReMIND-045-post,postop,2,cavity,1,0,0.0,nan,nan,4649,0,"0.7296,0.7296,2.0000",SynDiff-3D+3D-refine-T2-from-dual
T2,ReMIND-045-post,postop,lesion,lesion,1,1,0.04750298190115646,30.97072953631949,0.11466902923680547,8416,10867,"0.7296,0.7296,2.0000",SynDiff-3D+3D-refine-T2-from-dual
T2,ReMIND-045-pre,preop,1,tumor,1,1,0.7557000320112536,2.0044330316563888,0.7890564714135391,123470,98327,"0.2608,0.2430,0.9600",SynDiff-3D+3D-refine-T2-from-dual
T2,ReMIND-045-pre,preop,2,cavity,0,0,nan,nan,nan,0,0,"0.2608,0.2430,0.9600",SynDiff-3D+3D-refine-T2-from-dual
T2,ReMIND-045-pre,preop,lesion,lesion,1,1,0.7557000320112536,2.0044330316563888,0.7890564714135391,123470,98327,"0.2608,0.2430,0.9600",SynDiff-3D+3D-refine-T2-from-dual
T2,ReMIND-056-post,postop,1,tumor,0,1,nan,nan,nan,0,3363,"0.8539,0.8523,1.9741",SynDiff-3D+3D-refine-T2-from-dual
T2,ReMIND-056-post,postop,2,cavity,1,1,0.029289642015486478,19.065076701073007,0.048482102401449935,17551,271,"0.8539,0.8523,1.9741",SynDiff-3D+3D-refine-T2-from-dual
T2,ReMIND-056-post,postop,lesion,lesion,1,1,0.2666981354732122,15.23378131129472,0.25599861902295873,17551,3634,"0.8539,0.8523,1.9741",SynDiff-3D+3D-refine-T2-from-dual
T2,ReMIND-056-pre,preop,1,tumor,1,1,0.8077419852331656,2.861379836280181,0.6195986259265955,55846,47900,"0.7937,0.7936,1.2000",SynDiff-3D+3D-refine-T2-from-dual
T2,ReMIND-056-pre,preop,2,cavity,0,0,nan,nan,nan,0,0,"0.7937,0.7936,1.2000",SynDiff-3D+3D-refine-T2-from-dual
T2,ReMIND-056-pre,preop,lesion,lesion,1,1,0.8077419852331656,2.861379836280181,0.6195986259265955,55846,47900,"0.7937,0.7936,1.2000",SynDiff-3D+3D-refine-T2-from-dual
T2,ReMIND-077-post,postop,1,tumor,1,1,0.013325257419745608,16.669835810456675,0.1080835603996367,2094,1208,"0.8558,0.8268,1.9283",SynDiff-3D+3D-refine-T2-from-dual
T2,ReMIND-077-post,postop,2,cavity,1,1,0.37926391382405744,9.69818151427014,0.5165589660743134,2767,1689,"0.8558,0.8268,1.9283",SynDiff-3D+3D-refine-T2-from-dual
T2,ReMIND-077-post,postop,lesion,lesion,1,1,0.2817736530033514,13.498312950134277,0.4348744426191035,4861,2897,"0.8558,0.8268,1.9283",SynDiff-3D+3D-refine-T2-from-dual
T2,ReMIND-077-pre,preop,1,tumor,1,1,0.24008214319051618,8.05791586849519,0.4031936127744511,6841,3872,"0.9765,0.9644,0.9880",SynDiff-3D+3D-refine-T2-from-dual
T2,ReMIND-077-pre,preop,2,cavity,1,1,0.14260686755430974,9.741712821317565,0.16817269076305222,5265,443,"0.9765,0.9644,0.9880",SynDiff-3D+3D-refine-T2-from-dual
T2,ReMIND-077-pre,preop,lesion,lesion,1,1,0.24663540588271116,7.887055400963011,0.40526236201421445,12106,4315,"0.9765,0.9644,0.9880",SynDiff-3D+3D-refine-T2-from-dual
T2,ReMIND-079-post,postop,1,tumor,1,0,0.0,nan,nan,7260,0,"0.7990,0.7254,1.8280",SynDiff-3D+3D-refine-T2-from-dual
T2,ReMIND-079-post,postop,2,cavity,0,0,nan,nan,nan,0,0,"0.7990,0.7254,1.8280",SynDiff-3D+3D-refine-T2-from-dual
T2,ReMIND-079-post,postop,lesion,lesion,1,0,0.0,nan,nan,7260,0,"0.7990,0.7254,1.8280",SynDiff-3D+3D-refine-T2-from-dual
T2,ReMIND-079-pre,preop,1,tumor,1,1,0.2530939092453288,19.084408943434415,0.22297420888970185,14068,2416,"0.9526,0.9132,0.9551",SynDiff-3D+3D-refine-T2-from-dual
T2,ReMIND-079-pre,preop,2,cavity,1,1,0.0,38.33226723555145,0.0,7069,1,"0.9526,0.9132,0.9551",SynDiff-3D+3D-refine-T2-from-dual
T2,ReMIND-079-pre,preop,lesion,lesion,1,1,0.18621041012142311,22.42323906914297,0.16083634901487737,21137,2417,"0.9526,0.9132,0.9551",SynDiff-3D+3D-refine-T2-from-dual
T2,ReMIND-087-post,postop,1,tumor,0,1,nan,nan,nan,0,1319,"0.8587,0.8570,1.9930",SynDiff-3D+3D-refine-T2-from-dual
T2,ReMIND-087-post,postop,2,cavity,1,1,0.3266242937853107,11.360967102391172,0.2725647899910634,8781,2547,"0.8587,0.8570,1.9930",SynDiff-3D+3D-refine-T2-from-dual
T2,ReMIND-087-post,postop,lesion,lesion,1,1,0.4821696845101605,7.355984861049377,0.4134538152610442,8781,3866,"0.8587,0.8570,1.9930",SynDiff-3D+3D-refine-T2-from-dual
T2,ReMIND-087-pre,preop,1,tumor,1,1,0.036414736970733795,19.03921068130088,0.11217777777777778,11505,4862,"0.9766,0.9734,0.9968",SynDiff-3D+3D-refine-T2-from-dual
T2,ReMIND-087-pre,preop,2,cavity,1,1,0.17047096214966773,14.580210098102958,0.20541525644363448,11681,2163,"0.9766,0.9734,0.9968",SynDiff-3D+3D-refine-T2-from-dual
T2,ReMIND-087-pre,preop,lesion,lesion,1,1,0.2906226208996723,17.16831216003891,0.22323406349987693,23186,7025,"0.9766,0.9734,0.9968",SynDiff-3D+3D-refine-T2-from-dual
T2,ReMIND-091-post,postop,1,tumor,0,1,nan,nan,nan,0,69,"0.8574,0.8545,1.9930",SynDiff-3D+3D-refine-T2-from-dual
T2,ReMIND-091-post,postop,2,cavity,1,1,0.19897669130187606,14.620054544996227,0.2087912087912088,7894,901,"0.8574,0.8545,1.9930",SynDiff-3D+3D-refine-T2-from-dual
T2,ReMIND-091-post,postop,lesion,lesion,1,1,0.19742779783393502,14.98840949353371,0.20364415862808147,7894,970,"0.8574,0.8545,1.9930",SynDiff-3D+3D-refine-T2-from-dual
T2,ReMIND-091-pre,preop,1,tumor,1,1,0.300049523337873,20.745185296758503,0.2259434732886783,25347,6961,"0.9733,0.9707,0.9931",SynDiff-3D+3D-refine-T2-from-dual
T2,ReMIND-091-pre,preop,2,cavity,0,1,nan,nan,nan,0,974,"0.9733,0.9707,0.9931",SynDiff-3D+3D-refine-T2-from-dual
T2,ReMIND-091-pre,preop,lesion,lesion,1,1,0.3497986899825732,20.463556123718725,0.24645849200304645,25347,7935,"0.9733,0.9707,0.9931",SynDiff-3D+3D-refine-T2-from-dual
T2,ReMIND-096-post,postop,1,tumor,0,1,nan,nan,nan,0,1752,"0.8569,0.8553,1.9849",SynDiff-3D+3D-refine-T2-from-dual
T2,ReMIND-096-post,postop,2,cavity,1,1,0.2948241349728339,25.956896255429946,0.32586683031604785,2166,4828,"0.8569,0.8553,1.9849",SynDiff-3D+3D-refine-T2-from-dual
T2,ReMIND-096-post,postop,lesion,lesion,1,1,0.23713697690372743,27.97074662320972,0.2772727272727273,2166,6580,"0.8569,0.8553,1.9849",SynDiff-3D+3D-refine-T2-from-dual
T2,ReMIND-096-pre,preop,1,tumor,1,1,0.5418666902639205,12.805314221998561,0.3296038360543441,18774,26429,"0.9755,0.9626,0.9851",SynDiff-3D+3D-refine-T2-from-dual
T2,ReMIND-096-pre,preop,2,cavity,0,0,nan,nan,nan,0,0,"0.9755,0.9626,0.9851",SynDiff-3D+3D-refine-T2-from-dual
T2,ReMIND-096-pre,preop,lesion,lesion,1,1,0.5418666902639205,12.805314221998561,0.3296038360543441,18774,26429,"0.9755,0.9626,0.9851",SynDiff-3D+3D-refine-T2-from-dual
T2,ReMIND-102-pre,preop,1,tumor,1,1,0.0003444415740979936,0.29670944638408886,1.0,7693,3920,"0.0008,0.0174,0.0887",SynDiff-3D+3D-refine-T2-from-dual
T2,ReMIND-102-pre,preop,2,cavity,0,1,nan,nan,nan,0,14815,"0.0008,0.0174,0.0887",SynDiff-3D+3D-refine-T2-from-dual
T2,ReMIND-102-pre,preop,lesion,lesion,1,1,0.018843650673528077,0.21150310927555802,1.0,7693,18735,"0.0008,0.0174,0.0887",SynDiff-3D+3D-refine-T2-from-dual
T2,ReMIND-107-post,postop,1,tumor,1,1,0.038409311348205626,19.684073378844925,0.11355311355311355,3621,1534,"0.8587,0.8481,1.9732",SynDiff-3D+3D-refine-T2-from-dual
T2,ReMIND-107-post,postop,2,cavity,1,0,0.0,nan,nan,879,0,"0.8587,0.8481,1.9732",SynDiff-3D+3D-refine-T2-from-dual
T2,ReMIND-107-post,postop,lesion,lesion,1,1,0.03281405369572423,19.648060311634527,0.09486029665401863,4500,1534,"0.8587,0.8481,1.9732",SynDiff-3D+3D-refine-T2-from-dual
T2,ReMIND-107-pre,preop,1,tumor,1,1,0.29463914957229465,11.352770954072202,0.29291786587699015,57631,38697,"0.2343,0.2312,4.9330",SynDiff-3D+3D-refine-T2-from-dual
T2,ReMIND-107-pre,preop,2,cavity,0,0,nan,nan,nan,0,0,"0.2343,0.2312,4.9330",SynDiff-3D+3D-refine-T2-from-dual
T2,ReMIND-107-pre,preop,lesion,lesion,1,1,0.29463914957229465,11.352770954072202,0.29291786587699015,57631,38697,"0.2343,0.2312,4.9330",SynDiff-3D+3D-refine-T2-from-dual
T2,ReMIND-109-post,postop,1,tumor,0,0,nan,nan,nan,0,0,"0.8585,0.8371,1.9460",SynDiff-3D+3D-refine-T2-from-dual
T2,ReMIND-109-post,postop,2,cavity,1,1,0.5144356955380578,9.615132896993279,0.5296694544006372,3408,2307,"0.8585,0.8371,1.9460",SynDiff-3D+3D-refine-T2-from-dual
T2,ReMIND-109-post,postop,lesion,lesion,1,1,0.5144356955380578,9.615132896993279,0.5296694544006372,3408,2307,"0.8585,0.8371,1.9460",SynDiff-3D+3D-refine-T2-from-dual
T2,ReMIND-109-pre,preop,1,tumor,1,1,0.5904451225928654,6.404588709242151,0.42624828218048555,10361,8645,"0.9755,0.9400,0.9620",SynDiff-3D+3D-refine-T2-from-dual
T2,ReMIND-109-pre,preop,2,cavity,0,0,nan,nan,nan,0,0,"0.9755,0.9400,0.9620",SynDiff-3D+3D-refine-T2-from-dual
T2,ReMIND-109-pre,preop,lesion,lesion,1,1,0.5904451225928654,6.404588709242151,0.42624828218048555,10361,8645,"0.9755,0.9400,0.9620",SynDiff-3D+3D-refine-T2-from-dual
T2,ReMIND-003-post,postop,1,tumor,0,1,nan,nan,nan,0,10162,"0.9264,0.9265,1.9922",SynDiff-3D-T2
T2,ReMIND-003-post,postop,2,cavity,1,1,0.13053613053613053,21.758263549165537,0.1819137749737119,2099,5194,"0.9264,0.9265,1.9922",SynDiff-3D-T2
T2,ReMIND-003-post,postop,lesion,lesion,1,1,0.05992552277284446,33.16594339886385,0.1225898112441648,2099,15356,"0.9264,0.9265,1.9922",SynDiff-3D-T2
T2,ReMIND-003-pre,preop,1,tumor,1,1,0.43658814739077434,12.141946573804274,0.24252623242922194,10844,14585,"0.9757,0.9586,0.9825",SynDiff-3D-T2
T2,ReMIND-003-pre,preop,2,cavity,0,0,nan,nan,nan,0,0,"0.9757,0.9586,0.9825",SynDiff-3D-T2
T2,ReMIND-003-pre,preop,lesion,lesion,1,1,0.43658814739077434,12.141946573804274,0.24252623242922194,10844,14585,"0.9757,0.9586,0.9825",SynDiff-3D-T2
T2,ReMIND-004-pre,preop,1,tumor,1,1,0.0,50.38882608579998,0.0,2043,6743,"0.9761,0.9626,0.9802",SynDiff-3D-T2
T2,ReMIND-004-pre,preop,2,cavity,0,1,nan,nan,nan,0,298,"0.9761,0.9626,0.9802",SynDiff-3D-T2
T2,ReMIND-004-pre,preop,lesion,lesion,1,1,0.0,50.35057640010021,0.0,2043,7041,"0.9761,0.9626,0.9802",SynDiff-3D-T2
T2,ReMIND-023-pre,preop,1,tumor,1,1,0.0,42.28553399649426,0.0,3895,7491,"0.6872,0.6822,2.1845",SynDiff-3D-T2
T2,ReMIND-023-pre,preop,2,cavity,0,1,nan,nan,nan,0,14,"0.6872,0.6822,2.1845",SynDiff-3D-T2
T2,ReMIND-023-pre,preop,lesion,lesion,1,1,0.0,42.28285040750228,0.0,3895,7505,"0.6872,0.6822,2.1845",SynDiff-3D-T2
T2,ReMIND-031-post,postop,1,tumor,0,1,nan,nan,nan,0,34396,"0.0027,0.1312,0.0963",SynDiff-3D-T2
T2,ReMIND-031-post,postop,2,cavity,1,1,0.0,4.335184913506307,0.18694388159633513,32424,516,"0.0027,0.1312,0.0963",SynDiff-3D-T2
T2,ReMIND-031-post,postop,lesion,lesion,1,1,0.0001485089699417845,2.5067279078226465,0.7760745416290953,32424,34912,"0.0027,0.1312,0.0963",SynDiff-3D-T2
T2,ReMIND-031-pre,preop,1,tumor,1,1,0.4158125915080527,13.238660033941855,0.35186809331696195,8344,12146,"0.9766,0.9754,0.9990",SynDiff-3D-T2
T2,ReMIND-031-pre,preop,2,cavity,0,0,nan,nan,nan,0,0,"0.9766,0.9754,0.9990",SynDiff-3D-T2
T2,ReMIND-031-pre,preop,lesion,lesion,1,1,0.4158125915080527,13.238660033941855,0.35186809331696195,8344,12146,"0.9766,0.9754,0.9990",SynDiff-3D-T2
T2,ReMIND-032-post,postop,1,tumor,1,1,0.05184523049418976,18.90625,0.1776657274210292,13367,2295,"0.8594,0.8379,1.9501",SynDiff-3D-T2
T2,ReMIND-032-post,postop,2,cavity,1,1,0.010217113665389528,27.483773471231245,0.024562864279766863,6211,53,"0.8594,0.8379,1.9501",SynDiff-3D-T2
T2,ReMIND-032-post,postop,lesion,lesion,1,1,0.16902307762473776,18.90625,0.15866209262435677,19578,2348,"0.8594,0.8379,1.9501",SynDiff-3D-T2
T2,ReMIND-032-pre,preop,1,tumor,1,1,0.01421212521463479,33.71322956233696,0.07542306399193097,32911,4944,"0.8208,0.8169,1.9763",SynDiff-3D-T2
T2,ReMIND-032-pre,preop,2,cavity,0,1,nan,nan,nan,0,1790,"0.8208,0.8169,1.9763",SynDiff-3D-T2
T2,ReMIND-032-pre,preop,lesion,lesion,1,1,0.031227140875268004,33.47127925028264,0.11109837193304288,32911,6734,"0.8208,0.8169,1.9763",SynDiff-3D-T2
T2,ReMIND-034-post,postop,1,tumor,1,1,0.0,23.85583360954345,0.0,516,1665,"0.8557,0.8490,1.9836",SynDiff-3D-T2
T2,ReMIND-034-post,postop,2,cavity,1,1,0.17831059666528867,26.629153757559383,0.1828438395415473,12900,1614,"0.8557,0.8490,1.9836",SynDiff-3D-T2
T2,ReMIND-034-post,postop,lesion,lesion,1,1,0.1916741539383049,16.827669792185365,0.2185276832663161,13416,3279,"0.8557,0.8490,1.9836",SynDiff-3D-T2
T2,ReMIND-034-pre,preop,1,tumor,1,1,0.03407575771134039,30.521169583018153,0.04493998371549392,206728,16774,"0.2679,0.2658,4.9631",SynDiff-3D-T2
T2,ReMIND-034-pre,preop,2,cavity,1,1,0.0,48.51405713752097,0.0,20636,4635,"0.2679,0.2658,4.9631",SynDiff-3D-T2
T2,ReMIND-034-pre,preop,lesion,lesion,1,1,0.04582490865166236,35.931232092998066,0.06654391121973775,227364,21409,"0.2679,0.2658,4.9631",SynDiff-3D-T2
T2,ReMIND-045-post,postop,1,tumor,1,1,0.0,21.272110295608098,0.01087207957436965,3767,8049,"0.7296,0.7296,2.0000",SynDiff-3D-T2
T2,ReMIND-045-post,postop,2,cavity,1,0,0.0,nan,nan,4649,0,"0.7296,0.7296,2.0000",SynDiff-3D-T2
T2,ReMIND-045-post,postop,lesion,lesion,1,1,0.012389918007895536,21.936142002284903,0.05031553812041617,8416,8049,"0.7296,0.7296,2.0000",SynDiff-3D-T2
T2,ReMIND-045-pre,preop,1,tumor,1,1,0.5777881238824969,3.4399424013008875,0.6720107049080993,123470,78431,"0.2608,0.2430,0.9600",SynDiff-3D-T2
T2,ReMIND-045-pre,preop,2,cavity,0,0,nan,nan,nan,0,0,"0.2608,0.2430,0.9600",SynDiff-3D-T2
T2,ReMIND-045-pre,preop,lesion,lesion,1,1,0.5777881238824969,3.4399424013008875,0.6720107049080993,123470,78431,"0.2608,0.2430,0.9600",SynDiff-3D-T2
T2,ReMIND-056-post,postop,1,tumor,0,1,nan,nan,nan,0,12963,"0.8539,0.8523,1.9741",SynDiff-3D-T2
T2,ReMIND-056-post,postop,2,cavity,1,0,0.0,nan,nan,17551,0,"0.8539,0.8523,1.9741",SynDiff-3D-T2
T2,ReMIND-056-post,postop,lesion,lesion,1,1,0.08546896506521597,15.817451611130938,0.20191616766467066,17551,12963,"0.8539,0.8523,1.9741",SynDiff-3D-T2
T2,ReMIND-056-pre,preop,1,tumor,1,1,0.5323311100916353,9.949776436149756,0.3669961594157275,55846,29165,"0.7937,0.7936,1.2000",SynDiff-3D-T2
T2,ReMIND-056-pre,preop,2,cavity,0,0,nan,nan,nan,0,0,"0.7937,0.7936,1.2000",SynDiff-3D-T2
T2,ReMIND-056-pre,preop,lesion,lesion,1,1,0.5323311100916353,9.949776436149756,0.3669961594157275,55846,29165,"0.7937,0.7936,1.2000",SynDiff-3D-T2
T2,ReMIND-077-post,postop,1,tumor,1,1,0.0,33.94582330134336,0.0,2094,808,"0.8558,0.8268,1.9283",SynDiff-3D-T2
T2,ReMIND-077-post,postop,2,cavity,1,1,0.0,37.325705000273196,0.0,2767,2142,"0.8558,0.8268,1.9283",SynDiff-3D-T2
T2,ReMIND-077-post,postop,lesion,lesion,1,1,0.0,34.05473778018247,0.0,4861,2950,"0.8558,0.8268,1.9283",SynDiff-3D-T2
T2,ReMIND-077-pre,preop,1,tumor,1,1,0.004927536231884058,20.633310420148895,0.02503755633450175,6841,59,"0.9765,0.9644,0.9880",SynDiff-3D-T2
T2,ReMIND-077-pre,preop,2,cavity,1,0,0.0,nan,nan,5265,0,"0.9765,0.9644,0.9880",SynDiff-3D-T2
T2,ReMIND-077-pre,preop,lesion,lesion,1,1,0.002959309494451295,20.933557069486895,0.021833161688980432,12106,59,"0.9765,0.9644,0.9880",SynDiff-3D-T2
T2,ReMIND-079-post,postop,1,tumor,1,1,0.0035218562253987984,28.764029979683983,0.042997838097525824,7260,2394,"0.7990,0.7254,1.8280",SynDiff-3D-T2
T2,ReMIND-079-post,postop,2,cavity,0,1,nan,nan,nan,0,1,"0.7990,0.7254,1.8280",SynDiff-3D-T2
T2,ReMIND-079-post,postop,lesion,lesion,1,1,0.003521491455204557,28.763317403801356,0.042997838097525824,7260,2395,"0.7990,0.7254,1.8280",SynDiff-3D-T2
T2,ReMIND-079-pre,preop,1,tumor,1,1,0.18959149412423054,15.986724824517871,0.23509933774834438,14068,3802,"0.9526,0.9132,0.9551",SynDiff-3D-T2
T2,ReMIND-079-pre,preop,2,cavity,1,0,0.0,nan,nan,7069,0,"0.9526,0.9132,0.9551",SynDiff-3D-T2
T2,ReMIND-079-pre,preop,lesion,lesion,1,1,0.13585147760535707,21.222514804649347,0.17888422315536892,21137,3802,"0.9526,0.9132,0.9551",SynDiff-3D-T2
T2,ReMIND-087-post,postop,1,tumor,0,1,nan,nan,nan,0,1894,"0.8587,0.8570,1.9930",SynDiff-3D-T2
T2,ReMIND-087-post,postop,2,cavity,1,0,0.0,nan,nan,8781,0,"0.8587,0.8570,1.9930",SynDiff-3D-T2
T2,ReMIND-087-post,postop,lesion,lesion,1,1,0.09798594847775176,25.75736300658346,0.11601814275483409,8781,1894,"0.8587,0.8570,1.9930",SynDiff-3D-T2
T2,ReMIND-087-pre,preop,1,tumor,1,1,0.1740603493912123,11.995648238071643,0.27452519227750743,11505,7385,"0.9766,0.9734,0.9968",SynDiff-3D-T2
T2,ReMIND-087-pre,preop,2,cavity,1,1,0.06848078411142636,14.418792174852388,0.12366375121477162,11681,3827,"0.9766,0.9734,0.9968",SynDiff-3D-T2
T2,ReMIND-087-pre,preop,lesion,lesion,1,1,0.3317634746206175,9.814019175728323,0.3021558499887716,23186,11212,"0.9766,0.9734,0.9968",SynDiff-3D-T2
T2,ReMIND-091-post,postop,1,tumor,0,1,nan,nan,nan,0,13,"0.8574,0.8545,1.9930",SynDiff-3D-T2
T2,ReMIND-091-post,postop,2,cavity,1,1,0.5854498493327593,6.563919474513013,0.44079777833880335,7894,6044,"0.8574,0.8545,1.9930",SynDiff-3D-T2
T2,ReMIND-091-post,postop,lesion,lesion,1,1,0.5867679736219625,6.55044567242327,0.44157814871016693,7894,6057,"0.8574,0.8545,1.9930",SynDiff-3D-T2
T2,ReMIND-091-pre,preop,1,tumor,1,1,0.6193532022828154,5.725794103418671,0.31350180505415165,25347,14078,"0.9733,0.9707,0.9931",SynDiff-3D-T2
T2,ReMIND-091-pre,preop,2,cavity,0,1,nan,nan,nan,0,1234,"0.9733,0.9707,0.9931",SynDiff-3D-T2
T2,ReMIND-091-pre,preop,lesion,lesion,1,1,0.6605671561031998,4.1238218320969295,0.3660202130565419,25347,15312,"0.9733,0.9707,0.9931",SynDiff-3D-T2
T2,ReMIND-096-post,postop,1,tumor,0,1,nan,nan,nan,0,5403,"0.8569,0.8553,1.9849",SynDiff-3D-T2
T2,ReMIND-096-post,postop,2,cavity,1,1,0.3831373673644967,6.351485377598539,0.44571085782843434,2166,1321,"0.8569,0.8553,1.9849",SynDiff-3D-T2
T2,ReMIND-096-post,postop,lesion,lesion,1,1,0.18942632170978627,24.45171938762599,0.28995840760546643,2166,6724,"0.8569,0.8553,1.9849",SynDiff-3D-T2
T2,ReMIND-096-pre,preop,1,tumor,1,1,0.41388525019648936,10.012068291682453,0.23204096561814191,18774,19396,"0.9755,0.9626,0.9851",SynDiff-3D-T2
T2,ReMIND-096-pre,preop,2,cavity,0,0,nan,nan,nan,0,0,"0.9755,0.9626,0.9851",SynDiff-3D-T2
T2,ReMIND-096-pre,preop,lesion,lesion,1,1,0.41388525019648936,10.012068291682453,0.23204096561814191,18774,19396,"0.9755,0.9626,0.9851",SynDiff-3D-T2
T2,ReMIND-102-pre,preop,1,tumor,1,1,0.02325274144536927,0.17899590452754718,1.0,7693,15014,"0.0008,0.0174,0.0887",SynDiff-3D-T2
T2,ReMIND-102-pre,preop,2,cavity,0,1,nan,nan,nan,0,1873,"0.0008,0.0174,0.0887",SynDiff-3D-T2
T2,ReMIND-102-pre,preop,lesion,lesion,1,1,0.021480878763222133,0.21270126988901084,1.0,7693,16887,"0.0008,0.0174,0.0887",SynDiff-3D-T2
T2,ReMIND-107-post,postop,1,tumor,1,1,0.0,31.650924729517758,0.0,3621,96,"0.8587,0.8481,1.9732",SynDiff-3D-T2
T2,ReMIND-107-post,postop,2,cavity,1,0,0.0,nan,nan,879,0,"0.8587,0.8481,1.9732",SynDiff-3D-T2
T2,ReMIND-107-post,postop,lesion,lesion,1,1,0.0,32.607880060485286,0.0,4500,96,"0.8587,0.8481,1.9732",SynDiff-3D-T2
T2,ReMIND-107-pre,preop,1,tumor,1,1,0.17828171091445427,18.105917510486393,0.2357317159847426,57631,7457,"0.2343,0.2312,4.9330",SynDiff-3D-T2
T2,ReMIND-107-pre,preop,2,cavity,0,1,nan,nan,nan,0,11864,"0.2343,0.2312,4.9330",SynDiff-3D-T2
T2,ReMIND-107-pre,preop,lesion,lesion,1,1,0.27352115604532695,17.39901480287664,0.2970446624629827,57631,19321,"0.2343,0.2312,4.9330",SynDiff-3D-T2
T2,ReMIND-109-post,postop,1,tumor,0,1,nan,nan,nan,0,1798,"0.8585,0.8371,1.9460",SynDiff-3D-T2
T2,ReMIND-109-post,postop,2,cavity,1,1,0.2788480635551142,12.34910244985608,0.3086745926904447,3408,1627,"0.8585,0.8371,1.9460",SynDiff-3D-T2
T2,ReMIND-109-post,postop,lesion,lesion,1,1,0.2988438460412703,10.798156071449156,0.3229061553985873,3408,3425,"0.8585,0.8371,1.9460",SynDiff-3D-T2
T2,ReMIND-109-pre,preop,1,tumor,1,1,0.12022081373952156,34.82464669525646,0.1192339373970346,10361,9203,"0.9755,0.9400,0.9620",SynDiff-3D-T2
T2,ReMIND-109-pre,preop,2,cavity,0,0,nan,nan,nan,0,0,"0.9755,0.9400,0.9620",SynDiff-3D-T2
T2,ReMIND-109-pre,preop,lesion,lesion,1,1,0.12022081373952156,34.82464669525646,0.1192339373970346,10361,9203,"0.9755,0.9400,0.9620",SynDiff-3D-T2
T2,ReMIND-003-post,postop,1,tumor,0,1,nan,nan,nan,0,6989,"0.9264,0.9265,1.9922",SynDiff-3D-T2-from-dual
T2,ReMIND-003-post,postop,2,cavity,1,1,0.599252409994098,7.61193046006275,0.6421194431971262,2099,2984,"0.9264,0.9265,1.9922",SynDiff-3D-T2-from-dual
T2,ReMIND-003-post,postop,lesion,lesion,1,1,0.2905897945659377,21.48801398250045,0.34390695215437483,2099,9973,"0.9264,0.9265,1.9922",SynDiff-3D-T2-from-dual
T2,ReMIND-003-pre,preop,1,tumor,1,1,0.5613050199332845,5.576759747332748,0.2771257978175829,10844,13738,"0.9757,0.9586,0.9825",SynDiff-3D-T2-from-dual
T2,ReMIND-003-pre,preop,2,cavity,0,0,nan,nan,nan,0,0,"0.9757,0.9586,0.9825",SynDiff-3D-T2-from-dual
T2,ReMIND-003-pre,preop,lesion,lesion,1,1,0.5613050199332845,5.576759747332748,0.2771257978175829,10844,13738,"0.9757,0.9586,0.9825",SynDiff-3D-T2-from-dual
T2,ReMIND-004-pre,preop,1,tumor,1,1,0.3794414146422079,7.811437997601285,0.4352701325178389,2043,4008,"0.9761,0.9626,0.9802",SynDiff-3D-T2-from-dual
T2,ReMIND-004-pre,preop,2,cavity,0,1,nan,nan,nan,0,186,"0.9761,0.9626,0.9802",SynDiff-3D-T2-from-dual
T2,ReMIND-004-pre,preop,lesion,lesion,1,1,0.41975308641975306,7.672645109838893,0.35365183964854474,2043,4194,"0.9761,0.9626,0.9802",SynDiff-3D-T2-from-dual
T2,ReMIND-023-pre,preop,1,tumor,1,1,0.5266965706844161,4.895016815629353,0.4041994750656168,3895,3016,"0.6872,0.6822,2.1845",SynDiff-3D-T2-from-dual
T2,ReMIND-023-pre,preop,2,cavity,0,0,nan,nan,nan,0,0,"0.6872,0.6822,2.1845",SynDiff-3D-T2-from-dual
T2,ReMIND-023-pre,preop,lesion,lesion,1,1,0.5266965706844161,4.895016815629353,0.4041994750656168,3895,3016,"0.6872,0.6822,2.1845",SynDiff-3D-T2-from-dual
T2,ReMIND-031-post,postop,1,tumor,0,1,nan,nan,nan,0,22582,"0.0027,0.1312,0.0963",SynDiff-3D-T2-from-dual
T2,ReMIND-031-post,postop,2,cavity,1,0,0.0,nan,nan,32424,0,"0.0027,0.1312,0.0963",SynDiff-3D-T2-from-dual
T2,ReMIND-031-post,postop,lesion,lesion,1,1,0.0014180271243137113,2.0213499515440936,0.8677742221011779,32424,22582,"0.0027,0.1312,0.0963",SynDiff-3D-T2-from-dual
T2,ReMIND-031-pre,preop,1,tumor,1,1,0.16230674584068902,19.979009421254286,0.22826086956521738,8344,10349,"0.9766,0.9754,0.9990",SynDiff-3D-T2-from-dual
T2,ReMIND-031-pre,preop,2,cavity,0,0,nan,nan,nan,0,0,"0.9766,0.9754,0.9990",SynDiff-3D-T2-from-dual
T2,ReMIND-031-pre,preop,lesion,lesion,1,1,0.16230674584068902,19.979009421254286,0.22826086956521738,8344,10349,"0.9766,0.9754,0.9990",SynDiff-3D-T2-from-dual
T2,ReMIND-032-post,postop,1,tumor,1,1,0.06957222483379222,17.1875,0.1823997503510688,13367,1524,"0.8594,0.8379,1.9501",SynDiff-3D-T2-from-dual
T2,ReMIND-032-post,postop,2,cavity,1,1,0.02208741639446259,28.635970593082206,0.0753669178897263,6211,218,"0.8594,0.8379,1.9501",SynDiff-3D-T2-from-dual
T2,ReMIND-032-post,postop,lesion,lesion,1,1,0.14831144465290808,17.690765727109333,0.1723264819779565,19578,1742,"0.8594,0.8379,1.9501",SynDiff-3D-T2-from-dual
T2,ReMIND-032-pre,preop,1,tumor,1,1,0.24912665425708239,11.548040717616885,0.09840734099778504,32911,6306,"0.8208,0.8169,1.9763",SynDiff-3D-T2-from-dual
T2,ReMIND-032-pre,preop,2,cavity,0,1,nan,nan,nan,0,2438,"0.8208,0.8169,1.9763",SynDiff-3D-T2-from-dual
T2,ReMIND-032-pre,preop,lesion,lesion,1,1,0.24083543392149803,12.667858560807263,0.11082852391665851,32911,8744,"0.8208,0.8169,1.9763",SynDiff-3D-T2-from-dual
T2,ReMIND-034-post,postop,1,tumor,1,1,0.0,19.394145464567153,0.0,516,1413,"0.8557,0.8490,1.9836",SynDiff-3D-T2-from-dual
T2,ReMIND-034-post,postop,2,cavity,1,1,0.11542541905368131,34.64113172661279,0.14595190012851111,12900,1239,"0.8557,0.8490,1.9836",SynDiff-3D-T2-from-dual
T2,ReMIND-034-post,postop,lesion,lesion,1,1,0.10156833457804332,25.94937532894495,0.1308211288464703,13416,2652,"0.8557,0.8490,1.9836",SynDiff-3D-T2-from-dual
T2,ReMIND-034-pre,preop,1,tumor,1,1,0.11825235796117231,26.001638256685204,0.13050764256817374,206728,20481,"0.2679,0.2658,4.9631",SynDiff-3D-T2-from-dual
T2,ReMIND-034-pre,preop,2,cavity,1,0,0.0,nan,nan,20636,0,"0.2679,0.2658,4.9631",SynDiff-3D-T2-from-dual
T2,ReMIND-034-pre,preop,lesion,lesion,1,1,0.10840646371724263,29.006676875029683,0.1265106204927515,227364,20481,"0.2679,0.2658,4.9631",SynDiff-3D-T2-from-dual
T2,ReMIND-045-post,postop,1,tumor,1,1,0.05857658888997364,16.001053297024725,0.15647032067318625,3767,6476,"0.7296,0.7296,2.0000",SynDiff-3D-T2-from-dual
T2,ReMIND-045-post,postop,2,cavity,1,1,0.0,38.50247374185783,0.0,4649,6,"0.7296,0.7296,2.0000",SynDiff-3D-T2-from-dual
T2,ReMIND-045-post,postop,lesion,lesion,1,1,0.07088199758356827,17.289591060314073,0.17290192113245703,8416,6482,"0.7296,0.7296,2.0000",SynDiff-3D-T2-from-dual
T2,ReMIND-045-pre,preop,1,tumor,1,1,0.5612851625395957,4.674454542208078,0.5310525589736516,123470,66576,"0.2608,0.2430,0.9600",SynDiff-3D-T2-from-dual
T2,ReMIND-045-pre,preop,2,cavity,0,0,nan,nan,nan,0,0,"0.2608,0.2430,0.9600",SynDiff-3D-T2-from-dual
T2,ReMIND-045-pre,preop,lesion,lesion,1,1,0.5612851625395957,4.674454542208078,0.5310525589736516,123470,66576,"0.2608,0.2430,0.9600",SynDiff-3D-T2-from-dual
T2,ReMIND-056-post,postop,1,tumor,0,1,nan,nan,nan,0,3169,"0.8539,0.8523,1.9741",SynDiff-3D-T2-from-dual
T2,ReMIND-056-post,postop,2,cavity,1,0,0.0,nan,nan,17551,0,"0.8539,0.8523,1.9741",SynDiff-3D-T2-from-dual
T2,ReMIND-056-post,postop,lesion,lesion,1,1,0.0,31.89659163260357,0.005039972193256865,17551,3169,"0.8539,0.8523,1.9741",SynDiff-3D-T2-from-dual
T2,ReMIND-056-pre,preop,1,tumor,1,1,0.4609149993628138,9.128686784620339,0.17121191039376651,55846,22624,"0.7937,0.7936,1.2000",SynDiff-3D-T2-from-dual
T2,ReMIND-056-pre,preop,2,cavity,0,0,nan,nan,nan,0,0,"0.7937,0.7936,1.2000",SynDiff-3D-T2-from-dual
T2,ReMIND-056-pre,preop,lesion,lesion,1,1,0.4609149993628138,9.128686784620339,0.17121191039376651,55846,22624,"0.7937,0.7936,1.2000",SynDiff-3D-T2-from-dual
T2,ReMIND-077-post,postop,1,tumor,1,1,0.014643363249881908,22.625977790994437,0.06135209066041422,2094,2140,"0.8558,0.8268,1.9283",SynDiff-3D-T2-from-dual
T2,ReMIND-077-post,postop,2,cavity,1,1,0.0,38.001424395444005,0.0,2767,33,"0.8558,0.8268,1.9283",SynDiff-3D-T2-from-dual
T2,ReMIND-077-post,postop,lesion,lesion,1,1,0.008814330395223202,22.807900467676873,0.04174421696357352,4861,2173,"0.8558,0.8268,1.9283",SynDiff-3D-T2-from-dual
T2,ReMIND-077-pre,preop,1,tumor,1,1,0.314854517611026,6.945608405043529,0.39209726443769,6841,9484,"0.9765,0.9644,0.9880",SynDiff-3D-T2-from-dual
T2,ReMIND-077-pre,preop,2,cavity,1,1,0.0,25.905349827332582,0.0,5265,159,"0.9765,0.9644,0.9880",SynDiff-3D-T2-from-dual
T2,ReMIND-077-pre,preop,lesion,lesion,1,1,0.33730286449951724,9.099096044479984,0.3542466922748613,12106,9643,"0.9765,0.9644,0.9880",SynDiff-3D-T2-from-dual
T2,ReMIND-079-post,postop,1,tumor,1,0,0.0,nan,nan,7260,0,"0.7990,0.7254,1.8280",SynDiff-3D-T2-from-dual
T2,ReMIND-079-post,postop,2,cavity,0,1,nan,nan,nan,0,9,"0.7990,0.7254,1.8280",SynDiff-3D-T2-from-dual
T2,ReMIND-079-post,postop,lesion,lesion,1,1,0.0,23.7423324606893,0.0,7260,9,"0.7990,0.7254,1.8280",SynDiff-3D-T2-from-dual
T2,ReMIND-079-pre,preop,1,tumor,1,1,0.1561395617811476,12.211295313538095,0.15917397660818713,14068,1495,"0.9526,0.9132,0.9551",SynDiff-3D-T2-from-dual
T2,ReMIND-079-pre,preop,2,cavity,1,1,0.0,37.20538688606776,0.0,7069,3845,"0.9526,0.9132,0.9551",SynDiff-3D-T2-from-dual
T2,ReMIND-079-pre,preop,lesion,lesion,1,1,0.09631000490992182,20.097973357773444,0.10385338345864661,21137,5340,"0.9526,0.9132,0.9551",SynDiff-3D-T2-from-dual
T2,ReMIND-087-post,postop,1,tumor,0,1,nan,nan,nan,0,7122,"0.8587,0.8570,1.9930",SynDiff-3D-T2-from-dual
T2,ReMIND-087-post,postop,2,cavity,1,1,0.0,48.16833271087029,0.0,8781,91,"0.8587,0.8570,1.9930",SynDiff-3D-T2-from-dual
T2,ReMIND-087-post,postop,lesion,lesion,1,1,0.14893084906840065,21.594490753326873,0.14737016209063844,8781,7213,"0.8587,0.8570,1.9930",SynDiff-3D-T2-from-dual
T2,ReMIND-087-pre,preop,1,tumor,1,1,0.13118440779610194,14.619097810138875,0.20346526784295024,11505,7171,"0.9766,0.9734,0.9968",SynDiff-3D-T2-from-dual
T2,ReMIND-087-pre,preop,2,cavity,1,1,0.1775684000724769,14.316666578737852,0.19945167923235094,11681,4876,"0.9766,0.9734,0.9968",SynDiff-3D-T2-from-dual
T2,ReMIND-087-pre,preop,lesion,lesion,1,1,0.39252973065024266,12.195440200589687,0.30243161094224924,23186,12047,"0.9766,0.9734,0.9968",SynDiff-3D-T2-from-dual
T2,ReMIND-091-post,postop,1,tumor,0,1,nan,nan,nan,0,866,"0.8574,0.8545,1.9930",SynDiff-3D-T2-from-dual
T2,ReMIND-091-post,postop,2,cavity,1,1,0.5336153497507177,7.6475087958472585,0.41596099563767003,7894,5344,"0.8574,0.8545,1.9930",SynDiff-3D-T2-from-dual
T2,ReMIND-091-post,postop,lesion,lesion,1,1,0.6159954622802042,4.7917063473126245,0.4666508987701041,7894,6210,"0.8574,0.8545,1.9930",SynDiff-3D-T2-from-dual
T2,ReMIND-091-pre,preop,1,tumor,1,1,0.6524661410956135,4.343301201194452,0.37385001393922496,25347,14229,"0.9733,0.9707,0.9931",SynDiff-3D-T2-from-dual
T2,ReMIND-091-pre,preop,2,cavity,0,1,nan,nan,nan,0,1588,"0.9733,0.9707,0.9931",SynDiff-3D-T2-from-dual
T2,ReMIND-091-pre,preop,lesion,lesion,1,1,0.7040618015741911,4.089130143835888,0.4235343500769554,25347,15817,"0.9733,0.9707,0.9931",SynDiff-3D-T2-from-dual
T2,ReMIND-096-post,postop,1,tumor,0,1,nan,nan,nan,0,2060,"0.8569,0.8553,1.9849",SynDiff-3D-T2-from-dual
T2,ReMIND-096-post,postop,2,cavity,1,1,0.3869275330637228,10.033298728785,0.3821371610845295,2166,6983,"0.8569,0.8553,1.9849",SynDiff-3D-T2-from-dual
T2,ReMIND-096-post,postop,lesion,lesion,1,1,0.31599607458292445,16.90241922249681,0.3100203458799593,2166,9043,"0.8569,0.8553,1.9849",SynDiff-3D-T2-from-dual
T2,ReMIND-096-pre,preop,1,tumor,1,1,0.480618197429228,9.998238195291144,0.24928977272727273,18774,20825,"0.9755,0.9626,0.9851",SynDiff-3D-T2-from-dual
T2,ReMIND-096-pre,preop,2,cavity,0,0,nan,nan,nan,0,0,"0.9755,0.9626,0.9851",SynDiff-3D-T2-from-dual
T2,ReMIND-096-pre,preop,lesion,lesion,1,1,0.480618197429228,9.998238195291144,0.24928977272727273,18774,20825,"0.9755,0.9626,0.9851",SynDiff-3D-T2-from-dual
T2,ReMIND-102-pre,preop,1,tumor,1,1,0.022096246948317955,0.15713351089064553,1.0,7693,16474,"0.0008,0.0174,0.0887",SynDiff-3D-T2-from-dual
T2,ReMIND-102-pre,preop,2,cavity,0,1,nan,nan,nan,0,1799,"0.0008,0.0174,0.0887",SynDiff-3D-T2-from-dual
T2,ReMIND-102-pre,preop,lesion,lesion,1,1,0.02056535469460063,0.1858299883318277,1.0,7693,18273,"0.0008,0.0174,0.0887",SynDiff-3D-T2-from-dual
T2,ReMIND-107-post,postop,1,tumor,1,1,0.17999533690837025,12.109572009822115,0.24681238615664844,3621,668,"0.8587,0.8481,1.9732",SynDiff-3D-T2-from-dual
T2,ReMIND-107-post,postop,2,cavity,1,1,0.0,14.489488702245543,0.01084010840108401,879,38,"0.8587,0.8481,1.9732",SynDiff-3D-T2-from-dual
T2,ReMIND-107-post,postop,lesion,lesion,1,1,0.17210910487898579,12.139978235458827,0.21166791323859388,4500,706,"0.8587,0.8481,1.9732",SynDiff-3D-T2-from-dual
T2,ReMIND-107-pre,preop,1,tumor,1,1,0.004606757636892186,22.640874156169772,0.03534754115279426,57631,5320,"0.2343,0.2312,4.9330",SynDiff-3D-T2-from-dual
T2,ReMIND-107-pre,preop,2,cavity,0,1,nan,nan,nan,0,5126,"0.2343,0.2312,4.9330",SynDiff-3D-T2-from-dual
T2,ReMIND-107-pre,preop,lesion,lesion,1,1,0.004259882192223512,22.53313402864364,0.032109124147467596,57631,10446,"0.2343,0.2312,4.9330",SynDiff-3D-T2-from-dual
T2,ReMIND-109-post,postop,1,tumor,0,1,nan,nan,nan,0,5504,"0.8585,0.8371,1.9460",SynDiff-3D-T2-from-dual
T2,ReMIND-109-post,postop,2,cavity,1,1,0.2153425904848623,14.673111064347022,0.3057384760112888,3408,985,"0.8585,0.8371,1.9460",SynDiff-3D-T2-from-dual
T2,ReMIND-109-post,postop,lesion,lesion,1,1,0.0955845205617864,20.87814880205517,0.1702553830746119,3408,6489,"0.8585,0.8371,1.9460",SynDiff-3D-T2-from-dual
T2,ReMIND-109-pre,preop,1,tumor,1,1,0.4075935231714126,7.506703245893529,0.2620414275018717,10361,5758,"0.9755,0.9400,0.9620",SynDiff-3D-T2-from-dual
T2,ReMIND-109-pre,preop,2,cavity,0,0,nan,nan,nan,0,0,"0.9755,0.9400,0.9620",SynDiff-3D-T2-from-dual
T2,ReMIND-109-pre,preop,lesion,lesion,1,1,0.4075935231714126,7.506703245893529,0.2620414275018717,10361,5758,"0.9755,0.9400,0.9620",SynDiff-3D-T2-from-dual
T2,ReMIND-003-post,postop,1,tumor,0,1,nan,nan,nan,0,2672,"0.9264,0.9265,1.9922",SynDiff-cascade-T2
T2,ReMIND-003-post,postop,2,cavity,1,1,0.5637846655791191,4.632330046015707,0.590153452685422,2099,966,"0.9264,0.9265,1.9922",SynDiff-cascade-T2
T2,ReMIND-003-post,postop,lesion,lesion,1,1,0.5246644587763639,5.042717624188005,0.5061425061425061,2099,3638,"0.9264,0.9265,1.9922",SynDiff-cascade-T2
T2,ReMIND-003-pre,preop,1,tumor,1,1,0.759365022260197,2.947518289089203,0.6498265394622723,10844,11393,"0.9757,0.9586,0.9825",SynDiff-cascade-T2
T2,ReMIND-003-pre,preop,2,cavity,0,0,nan,nan,nan,0,0,"0.9757,0.9586,0.9825",SynDiff-cascade-T2
T2,ReMIND-003-pre,preop,lesion,lesion,1,1,0.759365022260197,2.947518289089203,0.6498265394622723,10844,11393,"0.9757,0.9586,0.9825",SynDiff-cascade-T2
T2,ReMIND-004-pre,preop,1,tumor,1,1,0.561376377343901,45.41503894260563,0.6199324324324325,2043,3130,"0.9761,0.9626,0.9802",SynDiff-cascade-T2
T2,ReMIND-004-pre,preop,2,cavity,0,1,nan,nan,nan,0,8,"0.9761,0.9626,0.9802",SynDiff-cascade-T2
T2,ReMIND-004-pre,preop,lesion,lesion,1,1,0.5605095541401274,45.49365870468138,0.617152466367713,2043,3138,"0.9761,0.9626,0.9802",SynDiff-cascade-T2
T2,ReMIND-023-pre,preop,1,tumor,1,1,0.436495791889824,4.628418784975062,0.21274131274131275,3895,1333,"0.6872,0.6822,2.1845",SynDiff-cascade-T2
T2,ReMIND-023-pre,preop,2,cavity,0,0,nan,nan,nan,0,0,"0.6872,0.6822,2.1845",SynDiff-cascade-T2
T2,ReMIND-023-pre,preop,lesion,lesion,1,1,0.436495791889824,4.628418784975062,0.21274131274131275,3895,1333,"0.6872,0.6822,2.1845",SynDiff-cascade-T2
T2,ReMIND-031-post,postop,1,tumor,0,1,nan,nan,nan,0,2159,"0.0027,0.1312,0.0963",SynDiff-cascade-T2
T2,ReMIND-031-post,postop,2,cavity,1,0,0.0,nan,nan,32424,0,"0.0027,0.1312,0.0963",SynDiff-cascade-T2
T2,ReMIND-031-post,postop,lesion,lesion,1,1,0.0,3.9487364611448035,0.31976645794550684,32424,2159,"0.0027,0.1312,0.0963",SynDiff-cascade-T2
T2,ReMIND-031-pre,preop,1,tumor,1,1,0.47567355479989537,10.792876523643438,0.475,8344,6948,"0.9766,0.9754,0.9990",SynDiff-cascade-T2
T2,ReMIND-031-pre,preop,2,cavity,0,1,nan,nan,nan,0,279,"0.9766,0.9754,0.9990",SynDiff-cascade-T2
T2,ReMIND-031-pre,preop,lesion,lesion,1,1,0.4943805792819986,10.786369068868959,0.5035880118193331,8344,7227,"0.9766,0.9754,0.9990",SynDiff-cascade-T2
T2,ReMIND-032-post,postop,1,tumor,1,1,0.0,37.48807768528243,0.0,13367,3480,"0.8594,0.8379,1.9501",SynDiff-cascade-T2
T2,ReMIND-032-post,postop,2,cavity,1,1,0.07383533548198067,29.5635722228404,0.12861169837914024,6211,615,"0.8594,0.8379,1.9501",SynDiff-cascade-T2
T2,ReMIND-032-post,postop,lesion,lesion,1,1,0.05989946352384573,34.107562392881896,0.09861242085410211,19578,4095,"0.8594,0.8379,1.9501",SynDiff-cascade-T2
T2,ReMIND-032-pre,preop,1,tumor,1,1,0.2610510243033465,18.88991305811827,0.1767311223938641,32911,6384,"0.8208,0.8169,1.9763",SynDiff-cascade-T2
T2,ReMIND-032-pre,preop,2,cavity,0,1,nan,nan,nan,0,57,"0.8208,0.8169,1.9763",SynDiff-cascade-T2
T2,ReMIND-032-pre,preop,lesion,lesion,1,1,0.26184183777190484,18.88884198375049,0.1779313323256316,32911,6441,"0.8208,0.8169,1.9763",SynDiff-cascade-T2
T2,ReMIND-034-post,postop,1,tumor,1,1,0.07138535995160314,12.770033305846614,0.14989626556016597,516,9402,"0.8557,0.8490,1.9836",SynDiff-cascade-T2
T2,ReMIND-034-post,postop,2,cavity,1,1,0.1802762959923403,23.115778544279184,0.19677871148459383,12900,1722,"0.8557,0.8490,1.9836",SynDiff-cascade-T2
T2,ReMIND-034-post,postop,lesion,lesion,1,1,0.5755501222493887,7.934256553649902,0.47661703117729176,13416,11124,"0.8557,0.8490,1.9836",SynDiff-cascade-T2
T2,ReMIND-034-pre,preop,1,tumor,1,1,0.48177757288097706,16.5784365223476,0.32225436577485905,206728,79595,"0.2679,0.2658,4.9631",SynDiff-cascade-T2
T2,ReMIND-034-pre,preop,2,cavity,1,1,0.0,47.365690777536095,0.0,20636,1034,"0.2679,0.2658,4.9631",SynDiff-cascade-T2
T2,ReMIND-034-pre,preop,lesion,lesion,1,1,0.45441941862315055,19.74658800818585,0.31412824267204464,227364,80629,"0.2679,0.2658,4.9631",SynDiff-cascade-T2
T2,ReMIND-045-post,postop,1,tumor,1,1,0.0,28.444218595365186,0.0,3767,4872,"0.7296,0.7296,2.0000",SynDiff-cascade-T2
T2,ReMIND-045-post,postop,2,cavity,1,0,0.0,nan,nan,4649,0,"0.7296,0.7296,2.0000",SynDiff-cascade-T2
T2,ReMIND-045-post,postop,lesion,lesion,1,1,0.0,26.78147753374062,0.0,8416,4872,"0.7296,0.7296,2.0000",SynDiff-cascade-T2
T2,ReMIND-045-pre,preop,1,tumor,1,1,0.829269940146725,1.2384064219554332,0.8429431621202444,123470,143015,"0.2608,0.2430,0.9600",SynDiff-cascade-T2
T2,ReMIND-045-pre,preop,2,cavity,0,0,nan,nan,nan,0,0,"0.2608,0.2430,0.9600",SynDiff-cascade-T2
T2,ReMIND-045-pre,preop,lesion,lesion,1,1,0.829269940146725,1.2384064219554332,0.8429431621202444,123470,143015,"0.2608,0.2430,0.9600",SynDiff-cascade-T2
T2,ReMIND-056-post,postop,1,tumor,0,1,nan,nan,nan,0,1677,"0.8539,0.8523,1.9741",SynDiff-cascade-T2
T2,ReMIND-056-post,postop,2,cavity,1,0,0.0,nan,nan,17551,0,"0.8539,0.8523,1.9741",SynDiff-cascade-T2
T2,ReMIND-056-post,postop,lesion,lesion,1,1,0.011233617640940295,25.71968929461791,0.09745930924970227,17551,1677,"0.8539,0.8523,1.9741",SynDiff-cascade-T2
T2,ReMIND-056-pre,preop,1,tumor,1,1,0.8486822513400833,1.989955287229951,0.7345671641791045,55846,51610,"0.7937,0.7936,1.2000",SynDiff-cascade-T2
T2,ReMIND-056-pre,preop,2,cavity,0,1,nan,nan,nan,0,95,"0.7937,0.7936,1.2000",SynDiff-cascade-T2
T2,ReMIND-056-pre,preop,lesion,lesion,1,1,0.8496806166376881,1.989955287229951,0.7393626597851527,55846,51705,"0.7937,0.7936,1.2000",SynDiff-cascade-T2
T2,ReMIND-077-post,postop,1,tumor,1,1,0.11588969139855548,16.920685581063193,0.1708375041708375,2094,3998,"0.8558,0.8268,1.9283",SynDiff-cascade-T2
T2,ReMIND-077-post,postop,2,cavity,1,1,0.032670454545454544,23.268293043453397,0.0728476821192053,2767,49,"0.8558,0.8268,1.9283",SynDiff-cascade-T2
T2,ReMIND-077-post,postop,lesion,lesion,1,1,0.1524472384373597,15.638842217964822,0.228827553668318,4861,4047,"0.8558,0.8268,1.9283",SynDiff-cascade-T2
T2,ReMIND-077-pre,preop,1,tumor,1,1,0.4269153552231073,6.01938413111049,0.48725821307952105,6841,8600,"0.9765,0.9644,0.9880",SynDiff-cascade-T2
T2,ReMIND-077-pre,preop,2,cavity,1,0,0.0,nan,nan,5265,0,"0.9765,0.9644,0.9880",SynDiff-cascade-T2
T2,ReMIND-077-pre,preop,lesion,lesion,1,1,0.3843330435622525,9.047846310943878,0.46020338983050846,12106,8600,"0.9765,0.9644,0.9880",SynDiff-cascade-T2
T2,ReMIND-079-post,postop,1,tumor,1,0,0.0,nan,nan,7260,0,"0.7990,0.7254,1.8280",SynDiff-cascade-T2
T2,ReMIND-079-post,postop,2,cavity,0,0,nan,nan,nan,0,0,"0.7990,0.7254,1.8280",SynDiff-cascade-T2
T2,ReMIND-079-post,postop,lesion,lesion,1,0,0.0,nan,nan,7260,0,"0.7990,0.7254,1.8280",SynDiff-cascade-T2
T2,ReMIND-079-pre,preop,1,tumor,1,1,0.20857363695820202,12.577274391892116,0.2895656515227159,14068,2751,"0.9526,0.9132,0.9551",SynDiff-cascade-T2
T2,ReMIND-079-pre,preop,2,cavity,1,1,0.0,32.65544586092797,0.0008722197993894462,7069,51,"0.9526,0.9132,0.9551",SynDiff-cascade-T2
T2,ReMIND-079-pre,preop,lesion,lesion,1,1,0.1603241572329671,15.695695878984166,0.2295937383525904,21137,2802,"0.9526,0.9132,0.9551",SynDiff-cascade-T2
T2,ReMIND-087-post,postop,1,tumor,0,1,nan,nan,nan,0,4651,"0.8587,0.8570,1.9930",SynDiff-cascade-T2
T2,ReMIND-087-post,postop,2,cavity,1,1,0.01277814496585151,35.17916250460681,0.0480209545983702,8781,297,"0.8587,0.8570,1.9930",SynDiff-cascade-T2
T2,ReMIND-087-post,postop,lesion,lesion,1,1,0.32442275475271326,14.59449298887393,0.27097661623108665,8781,4948,"0.8587,0.8570,1.9930",SynDiff-cascade-T2
T2,ReMIND-087-pre,preop,1,tumor,1,1,0.05236933089282082,15.257667074553678,0.13240264511388686,11505,8163,"0.9766,0.9734,0.9968",SynDiff-cascade-T2
T2,ReMIND-087-pre,preop,2,cavity,1,1,0.061219451987163664,18.02483518482132,0.07850352652560565,11681,472,"0.9766,0.9734,0.9968",SynDiff-cascade-T2
T2,ReMIND-087-pre,preop,lesion,lesion,1,1,0.35995097577071744,13.031388648668521,0.25567084942084944,23186,8635,"0.9766,0.9734,0.9968",SynDiff-cascade-T2
T2,ReMIND-091-post,postop,1,tumor,0,1,nan,nan,nan,0,4070,"0.8574,0.8545,1.9930",SynDiff-cascade-T2
T2,ReMIND-091-post,postop,2,cavity,1,1,0.4057303145662192,10.898305720494392,0.3219961856325493,7894,2088,"0.8574,0.8545,1.9930",SynDiff-cascade-T2
T2,ReMIND-091-post,postop,lesion,lesion,1,1,0.5542271562766866,8.284888793921143,0.46135578583765113,7894,6158,"0.8574,0.8545,1.9930",SynDiff-cascade-T2
T2,ReMIND-091-pre,preop,1,tumor,1,1,0.663847985615007,7.217430667958372,0.4426251691474966,25347,15807,"0.9733,0.9707,0.9931",SynDiff-cascade-T2
T2,ReMIND-091-pre,preop,2,cavity,0,0,nan,nan,nan,0,0,"0.9733,0.9707,0.9931",SynDiff-cascade-T2
T2,ReMIND-091-pre,preop,lesion,lesion,1,1,0.663847985615007,7.217430667958372,0.4426251691474966,25347,15807,"0.9733,0.9707,0.9931",SynDiff-cascade-T2
T2,ReMIND-096-post,postop,1,tumor,0,1,nan,nan,nan,0,3224,"0.8569,0.8553,1.9849",SynDiff-cascade-T2
T2,ReMIND-096-post,postop,2,cavity,1,1,0.6354802259887006,4.369178266232063,0.7111785533636823,2166,2259,"0.8569,0.8553,1.9849",SynDiff-cascade-T2
T2,ReMIND-096-post,postop,lesion,lesion,1,1,0.3807033599163289,15.701895841269252,0.41540785498489424,2166,5483,"0.8569,0.8553,1.9849",SynDiff-cascade-T2
T2,ReMIND-096-pre,preop,1,tumor,1,1,0.5142001763487605,12.019189707843344,0.29261495587552255,18774,29993,"0.9755,0.9626,0.9851",SynDiff-cascade-T2
T2,ReMIND-096-pre,preop,2,cavity,0,0,nan,nan,nan,0,0,"0.9755,0.9626,0.9851",SynDiff-cascade-T2
T2,ReMIND-096-pre,preop,lesion,lesion,1,1,0.5142001763487605,12.019189707843344,0.29261495587552255,18774,29993,"0.9755,0.9626,0.9851",SynDiff-cascade-T2
T2,ReMIND-102-pre,preop,1,tumor,1,1,0.07846282605663273,0.21083157427275015,1.0,7693,20983,"0.0008,0.0174,0.0887",SynDiff-cascade-T2
T2,ReMIND-102-pre,preop,2,cavity,0,1,nan,nan,nan,0,369,"0.0008,0.0174,0.0887",SynDiff-cascade-T2
T2,ReMIND-102-pre,preop,lesion,lesion,1,1,0.07760371836804958,0.2107001759931869,1.0,7693,21352,"0.0008,0.0174,0.0887",SynDiff-cascade-T2
T2,ReMIND-107-post,postop,1,tumor,1,1,0.0017901096442157081,18.1199818840862,0.0341400172860847,3621,848,"0.8587,0.8481,1.9732",SynDiff-cascade-T2
T2,ReMIND-107-post,postop,2,cavity,1,0,0.0,nan,nan,879,0,"0.8587,0.8481,1.9732",SynDiff-cascade-T2
T2,ReMIND-107-post,postop,lesion,lesion,1,1,0.0014958863126402393,19.2988471341054,0.028664731494920173,4500,848,"0.8587,0.8481,1.9732",SynDiff-cascade-T2
T2,ReMIND-107-pre,preop,1,tumor,1,1,0.30708353997615256,12.881583081609739,0.2915818526824219,57631,37138,"0.2343,0.2312,4.9330",SynDiff-cascade-T2
T2,ReMIND-107-pre,preop,2,cavity,0,1,nan,nan,nan,0,1173,"0.2343,0.2312,4.9330",SynDiff-cascade-T2
T2,ReMIND-107-pre,preop,lesion,lesion,1,1,0.3118967709657918,12.839328617312782,0.2931428376581307,57631,38311,"0.2343,0.2312,4.9330",SynDiff-cascade-T2
T2,ReMIND-109-post,postop,1,tumor,0,1,nan,nan,nan,0,1065,"0.8585,0.8371,1.9460",SynDiff-cascade-T2
T2,ReMIND-109-post,postop,2,cavity,1,1,0.30009871668311944,16.03342695071828,0.3670886075949367,3408,644,"0.8585,0.8371,1.9460",SynDiff-cascade-T2
T2,ReMIND-109-post,postop,lesion,lesion,1,1,0.25718194254445964,15.56674413635132,0.32402912621359226,3408,1709,"0.8585,0.8371,1.9460",SynDiff-cascade-T2
T2,ReMIND-109-pre,preop,1,tumor,1,1,0.6606387243329919,4.770606024479182,0.5068631408962455,10361,12090,"0.9755,0.9400,0.9620",SynDiff-cascade-T2
T2,ReMIND-109-pre,preop,2,cavity,0,0,nan,nan,nan,0,0,"0.9755,0.9400,0.9620",SynDiff-cascade-T2
T2,ReMIND-109-pre,preop,lesion,lesion,1,1,0.6606387243329919,4.770606024479182,0.5068631408962455,10361,12090,"0.9755,0.9400,0.9620",SynDiff-cascade-T2
T2,ReMIND-003-post,postop,1,tumor,0,1,nan,nan,nan,0,1637,"0.9264,0.9265,1.9922",SynDiff-joint-T2
T2,ReMIND-003-post,postop,2,cavity,1,1,0.5751379422265498,4.143191872169307,0.5951760104302477,2099,982,"0.9264,0.9265,1.9922",SynDiff-joint-T2
T2,ReMIND-003-post,postop,lesion,lesion,1,1,0.5493853327681221,4.632506285029004,0.5896964121435143,2099,2619,"0.9264,0.9265,1.9922",SynDiff-joint-T2
T2,ReMIND-003-pre,preop,1,tumor,1,1,0.732374169494766,2.947518289089203,0.591969493046209,10844,10077,"0.9757,0.9586,0.9825",SynDiff-joint-T2
T2,ReMIND-003-pre,preop,2,cavity,0,1,nan,nan,nan,0,4,"0.9757,0.9586,0.9825",SynDiff-joint-T2
T2,ReMIND-003-pre,preop,lesion,lesion,1,1,0.7326164874551971,2.947518289089203,0.5941017559657812,10844,10081,"0.9757,0.9586,0.9825",SynDiff-joint-T2
T2,ReMIND-004-pre,preop,1,tumor,1,1,0.5639885677993014,3.9206221103668213,0.6220136518771331,2043,1106,"0.9761,0.9626,0.9802",SynDiff-joint-T2
T2,ReMIND-004-pre,preop,2,cavity,0,1,nan,nan,nan,0,74,"0.9761,0.9626,0.9802",SynDiff-joint-T2
T2,ReMIND-004-pre,preop,lesion,lesion,1,1,0.5969593546385356,3.4857005430307617,0.6162489196197062,2043,1180,"0.9761,0.9626,0.9802",SynDiff-joint-T2
T2,ReMIND-023-pre,preop,1,tumor,1,1,0.4741564967695621,4.858205880599909,0.27703180212014133,3895,1677,"0.6872,0.6822,2.1845",SynDiff-joint-T2
T2,ReMIND-023-pre,preop,2,cavity,0,0,nan,nan,nan,0,0,"0.6872,0.6822,2.1845",SynDiff-joint-T2
T2,ReMIND-023-pre,preop,lesion,lesion,1,1,0.4741564967695621,4.858205880599909,0.27703180212014133,3895,1677,"0.6872,0.6822,2.1845",SynDiff-joint-T2
T2,ReMIND-031-post,postop,1,tumor,0,1,nan,nan,nan,0,69,"0.0027,0.1312,0.0963",SynDiff-joint-T2
T2,ReMIND-031-post,postop,2,cavity,1,0,0.0,nan,nan,32424,0,"0.0027,0.1312,0.0963",SynDiff-joint-T2
T2,ReMIND-031-post,postop,lesion,lesion,1,1,0.0,4.556647810120942,0.12026966292134832,32424,69,"0.0027,0.1312,0.0963",SynDiff-joint-T2
T2,ReMIND-031-pre,preop,1,tumor,1,1,0.3136261261261261,11.140940564367394,0.3389464594127807,8344,5864,"0.9766,0.9754,0.9990",SynDiff-joint-T2
T2,ReMIND-031-pre,preop,2,cavity,0,1,nan,nan,nan,0,75,"0.9766,0.9754,0.9990",SynDiff-joint-T2
T2,ReMIND-031-pre,preop,lesion,lesion,1,1,0.32234124483651894,11.133597651117508,0.3582761578044597,8344,5939,"0.9766,0.9754,0.9990",SynDiff-joint-T2
T2,ReMIND-032-post,postop,1,tumor,1,1,0.0015362949686339778,27.668576691113334,0.0029099374363451185,13367,2255,"0.8594,0.8379,1.9501",SynDiff-joint-T2
T2,ReMIND-032-post,postop,2,cavity,1,1,0.09040566645202833,27.347932769523094,0.1559741024131842,6211,1554,"0.8594,0.8379,1.9501",SynDiff-joint-T2
T2,ReMIND-032-post,postop,lesion,lesion,1,1,0.0645657844101424,26.285648477799622,0.10769834008626324,19578,3809,"0.8594,0.8379,1.9501",SynDiff-joint-T2
T2,ReMIND-032-pre,preop,1,tumor,1,1,0.13349780701754385,28.065030204081296,0.14178123132098028,32911,3569,"0.8208,0.8169,1.9763",SynDiff-joint-T2
T2,ReMIND-032-pre,preop,2,cavity,0,1,nan,nan,nan,0,26,"0.8208,0.8169,1.9763",SynDiff-joint-T2
T2,ReMIND-032-pre,preop,lesion,lesion,1,1,0.1336766558921821,28.062498935840477,0.14094441123729826,32911,3595,"0.8208,0.8169,1.9763",SynDiff-joint-T2
T2,ReMIND-034-post,postop,1,tumor,1,1,0.07048719087812824,12.355539244755969,0.13052445492044784,516,6237,"0.8557,0.8490,1.9836",SynDiff-joint-T2
T2,ReMIND-034-post,postop,2,cavity,1,1,0.19033994141290278,22.012026152232668,0.19286588564434343,12900,1779,"0.8557,0.8490,1.9836",SynDiff-joint-T2
T2,ReMIND-034-post,postop,lesion,lesion,1,1,0.5453527435610303,7.934256553649902,0.4778905173493674,13416,8016,"0.8557,0.8490,1.9836",SynDiff-joint-T2
T2,ReMIND-034-pre,preop,1,tumor,1,1,0.6392349992529289,9.733926507364975,0.41718799368088466,206728,134605,"0.2679,0.2658,4.9631",SynDiff-joint-T2
T2,ReMIND-034-pre,preop,2,cavity,1,1,0.0,50.240518505413505,0.0,20636,236,"0.2679,0.2658,4.9631",SynDiff-joint-T2
T2,ReMIND-034-pre,preop,lesion,lesion,1,1,0.6040004969561437,10.585160476910985,0.3936498150431566,227364,134841,"0.2679,0.2658,4.9631",SynDiff-joint-T2
T2,ReMIND-045-post,postop,1,tumor,1,1,0.0,27.068137773631115,0.0,3767,4304,"0.7296,0.7296,2.0000",SynDiff-joint-T2
T2,ReMIND-045-post,postop,2,cavity,1,0,0.0,nan,nan,4649,0,"0.7296,0.7296,2.0000",SynDiff-joint-T2
T2,ReMIND-045-post,postop,lesion,lesion,1,1,0.0,25.423410429132215,0.0,8416,4304,"0.7296,0.7296,2.0000",SynDiff-joint-T2
T2,ReMIND-045-pre,preop,1,tumor,1,1,0.8102208153769879,1.4985910634426667,0.8030465365444636,123470,138740,"0.2608,0.2430,0.9600",SynDiff-joint-T2
T2,ReMIND-045-pre,preop,2,cavity,0,0,nan,nan,nan,0,0,"0.2608,0.2430,0.9600",SynDiff-joint-T2
T2,ReMIND-045-pre,preop,lesion,lesion,1,1,0.8102208153769879,1.4985910634426667,0.8030465365444636,123470,138740,"0.2608,0.2430,0.9600",SynDiff-joint-T2
T2,ReMIND-056-post,postop,1,tumor,0,1,nan,nan,nan,0,2310,"0.8539,0.8523,1.9741",SynDiff-joint-T2
T2,ReMIND-056-post,postop,2,cavity,1,1,0.0,35.99703247239733,0.0,17551,4,"0.8539,0.8523,1.9741",SynDiff-joint-T2
T2,ReMIND-056-post,postop,lesion,lesion,1,1,0.045607853007802665,25.65214586294201,0.1338325652841782,17551,2314,"0.8539,0.8523,1.9741",SynDiff-joint-T2
T2,ReMIND-056-pre,preop,1,tumor,1,1,0.7594673499821469,4.384742252345884,0.5797687142501865,55846,39376,"0.7937,0.7936,1.2000",SynDiff-joint-T2
T2,ReMIND-056-pre,preop,2,cavity,0,1,nan,nan,nan,0,407,"0.7937,0.7936,1.2000",SynDiff-joint-T2
T2,ReMIND-056-pre,preop,lesion,lesion,1,1,0.7647470955463301,4.315972595268759,0.592414095261939,55846,39783,"0.7937,0.7936,1.2000",SynDiff-joint-T2
T2,ReMIND-077-post,postop,1,tumor,1,1,0.10819225530258805,15.47247307224283,0.15734912995186967,2094,3045,"0.8558,0.8268,1.9283",SynDiff-joint-T2
T2,ReMIND-077-post,postop,2,cavity,1,1,0.024875621890547265,22.378237741864115,0.05836341756919374,2767,47,"0.8558,0.8268,1.9283",SynDiff-joint-T2
T2,ReMIND-077-post,postop,lesion,lesion,1,1,0.12121212121212122,15.984734088938131,0.19561290322580646,4861,3092,"0.8558,0.8268,1.9283",SynDiff-joint-T2
T2,ReMIND-077-pre,preop,1,tumor,1,1,0.44547146800179727,5.694526940251538,0.5132689062739684,6841,8738,"0.9765,0.9644,0.9880",SynDiff-joint-T2
T2,ReMIND-077-pre,preop,2,cavity,1,0,0.0,nan,nan,5265,0,"0.9765,0.9644,0.9880",SynDiff-joint-T2
T2,ReMIND-077-pre,preop,lesion,lesion,1,1,0.4102859336019958,8.520491204263028,0.48360433604336045,12106,8738,"0.9765,0.9644,0.9880",SynDiff-joint-T2
T2,ReMIND-079-post,postop,1,tumor,1,0,0.0,nan,nan,7260,0,"0.7990,0.7254,1.8280",SynDiff-joint-T2
T2,ReMIND-079-post,postop,2,cavity,0,1,nan,nan,nan,0,389,"0.7990,0.7254,1.8280",SynDiff-joint-T2
T2,ReMIND-079-post,postop,lesion,lesion,1,1,0.07556543338998561,26.16767230649835,0.1198619391277063,7260,389,"0.7990,0.7254,1.8280",SynDiff-joint-T2
T2,ReMIND-079-pre,preop,1,tumor,1,1,0.2623126338329764,11.09245329516966,0.29424593189062237,14068,2744,"0.9526,0.9132,0.9551",SynDiff-joint-T2
T2,ReMIND-079-pre,preop,2,cavity,1,1,0.0002622263012980202,31.017798263958394,0.037750688163586316,7069,558,"0.9526,0.9132,0.9551",SynDiff-joint-T2
T2,ReMIND-079-pre,preop,lesion,lesion,1,1,0.18053111829452922,13.952610093040487,0.22348806205308447,21137,3302,"0.9526,0.9132,0.9551",SynDiff-joint-T2
T2,ReMIND-087-post,postop,1,tumor,0,1,nan,nan,nan,0,4262,"0.8587,0.8570,1.9930",SynDiff-joint-T2
T2,ReMIND-087-post,postop,2,cavity,1,1,0.021505376344086023,34.98688659682475,0.06450696220517192,8781,426,"0.8587,0.8570,1.9930",SynDiff-joint-T2
T2,ReMIND-087-post,postop,lesion,lesion,1,1,0.28094142104090875,15.403324946413257,0.2509920634920635,8781,4688,"0.8587,0.8570,1.9930",SynDiff-joint-T2
T2,ReMIND-087-pre,preop,1,tumor,1,1,0.0409626216077829,15.5734385255111,0.1192131341517527,11505,8025,"0.9766,0.9734,0.9968",SynDiff-joint-T2
T2,ReMIND-087-pre,preop,2,cavity,1,1,0.033256880733944956,18.695891689334196,0.06199460916442048,11681,527,"0.9766,0.9734,0.9968",SynDiff-joint-T2
T2,ReMIND-087-pre,preop,lesion,lesion,1,1,0.34438212867855567,13.492957377157069,0.22982944236119512,23186,8552,"0.9766,0.9734,0.9968",SynDiff-joint-T2
T2,ReMIND-091-post,postop,1,tumor,0,1,nan,nan,nan,0,3574,"0.8574,0.8545,1.9930",SynDiff-joint-T2
T2,ReMIND-091-post,postop,2,cavity,1,1,0.4058929645219483,10.585402001046539,0.30255591054313097,7894,2084,"0.8574,0.8545,1.9930",SynDiff-joint-T2
T2,ReMIND-091-post,postop,lesion,lesion,1,1,0.5537190082644629,8.060690378890916,0.46492553421109434,7894,5658,"0.8574,0.8545,1.9930",SynDiff-joint-T2
T2,ReMIND-091-pre,preop,1,tumor,1,1,0.6681028955399964,5.562081871192569,0.4428422773896239,25347,13644,"0.9733,0.9707,0.9931",SynDiff-joint-T2
T2,ReMIND-091-pre,preop,2,cavity,0,0,nan,nan,nan,0,0,"0.9733,0.9707,0.9931",SynDiff-joint-T2
T2,ReMIND-091-pre,preop,lesion,lesion,1,1,0.6681028955399964,5.562081871192569,0.4428422773896239,25347,13644,"0.9733,0.9707,0.9931",SynDiff-joint-T2
T2,ReMIND-096-post,postop,1,tumor,0,1,nan,nan,nan,0,3282,"0.8569,0.8553,1.9849",SynDiff-joint-T2
T2,ReMIND-096-post,postop,2,cavity,1,1,0.6626337831549558,4.28855437379352,0.7501337613697164,2166,2132,"0.8569,0.8553,1.9849",SynDiff-joint-T2
T2,ReMIND-096-post,postop,lesion,lesion,1,1,0.38786279683377306,17.81666643767516,0.4329054842473746,2166,5414,"0.8569,0.8553,1.9849",SynDiff-joint-T2
T2,ReMIND-096-pre,preop,1,tumor,1,1,0.4996373132163064,12.185918451468075,0.2659385017214769,18774,29477,"0.9755,0.9626,0.9851",SynDiff-joint-T2
T2,ReMIND-096-pre,preop,2,cavity,0,0,nan,nan,nan,0,0,"0.9755,0.9626,0.9851",SynDiff-joint-T2
T2,ReMIND-096-pre,preop,lesion,lesion,1,1,0.4996373132163064,12.185918451468075,0.2659385017214769,18774,29477,"0.9755,0.9626,0.9851",SynDiff-joint-T2
T2,ReMIND-102-pre,preop,1,tumor,1,1,0.04187035862223383,0.20968863649804065,1.0,7693,19104,"0.0008,0.0174,0.0887",SynDiff-joint-T2
T2,ReMIND-102-pre,preop,2,cavity,0,1,nan,nan,nan,0,454,"0.0008,0.0174,0.0887",SynDiff-joint-T2
T2,ReMIND-102-pre,preop,lesion,lesion,1,1,0.041172800998128506,0.20961085421348247,1.0,7693,19558,"0.0008,0.0174,0.0887",SynDiff-joint-T2
T2,ReMIND-107-post,postop,1,tumor,1,1,0.05105704028719585,12.301145527852489,0.1427460132244263,3621,1393,"0.8587,0.8481,1.9732",SynDiff-joint-T2
T2,ReMIND-107-post,postop,2,cavity,1,0,0.0,nan,nan,879,0,"0.8587,0.8481,1.9732",SynDiff-joint-T2
T2,ReMIND-107-post,postop,lesion,lesion,1,1,0.04344137111827592,14.53589904739658,0.12180550945901095,4500,1393,"0.8587,0.8481,1.9732",SynDiff-joint-T2
T2,ReMIND-107-pre,preop,1,tumor,1,1,0.3413058678594022,12.547484891189981,0.3174312885358972,57631,32470,"0.2343,0.2312,4.9330",SynDiff-joint-T2
T2,ReMIND-107-pre,preop,2,cavity,0,1,nan,nan,nan,0,356,"0.2343,0.2312,4.9330",SynDiff-joint-T2
T2,ReMIND-107-pre,preop,lesion,lesion,1,1,0.3436107763909924,12.542256294643842,0.32016365306936184,57631,32826,"0.2343,0.2312,4.9330",SynDiff-joint-T2
T2,ReMIND-109-post,postop,1,tumor,0,1,nan,nan,nan,0,582,"0.8585,0.8371,1.9460",SynDiff-joint-T2
T2,ReMIND-109-post,postop,2,cavity,1,1,0.32619677652152995,15.590396413255496,0.4235897435897436,3408,749,"0.8585,0.8371,1.9460",SynDiff-joint-T2
T2,ReMIND-109-post,postop,lesion,lesion,1,1,0.30554969402827603,14.445189878552556,0.4249161073825503,3408,1331,"0.8585,0.8371,1.9460",SynDiff-joint-T2
T2,ReMIND-109-pre,preop,1,tumor,1,1,0.5971811885503947,5.184670210743731,0.3840139009556907,10361,10286,"0.9755,0.9400,0.9620",SynDiff-joint-T2
T2,ReMIND-109-pre,preop,2,cavity,0,0,nan,nan,nan,0,0,"0.9755,0.9400,0.9620",SynDiff-joint-T2
T2,ReMIND-109-pre,preop,lesion,lesion,1,1,0.5971811885503947,5.184670210743731,0.3840139009556907,10361,10286,"0.9755,0.9400,0.9620",SynDiff-joint-T2
