modality,study,phase,class_id,class,gt_present,pred_present,dice,hd95_mm,nsd2mm,gt_vox,pred_vox,spacing,set
FLAIR,ReMIND-003-post,postop,1,tumor,0,1,nan,nan,nan,0,26888,"0.9264,0.9265,1.9922",GAN-cut-2.5D-FLAIR
FLAIR,ReMIND-003-post,postop,2,cavity,1,0,0.0,nan,nan,2099,0,"0.9264,0.9265,1.9922",GAN-cut-2.5D-FLAIR
FLAIR,ReMIND-003-post,postop,lesion,lesion,1,1,0.04836650912478008,31.97391172076166,0.07227983284321313,2099,26888,"0.9264,0.9265,1.9922",GAN-cut-2.5D-FLAIR
FLAIR,ReMIND-023-pre,preop,1,tumor,1,1,0.02367447595561036,14.336986846543759,0.09202453987730061,3895,160,"0.6872,0.6822,2.1845",GAN-cut-2.5D-FLAIR
FLAIR,ReMIND-023-pre,preop,2,cavity,0,0,nan,nan,nan,0,0,"0.6872,0.6822,2.1845",GAN-cut-2.5D-FLAIR
FLAIR,ReMIND-023-pre,preop,lesion,lesion,1,1,0.02367447595561036,14.336986846543759,0.09202453987730061,3895,160,"0.6872,0.6822,2.1845",GAN-cut-2.5D-FLAIR
FLAIR,ReMIND-032-post,postop,1,tumor,1,1,0.1601151588971321,20.40770782084684,0.23541820483071407,13367,13726,"0.8594,0.8379,1.9501",GAN-cut-2.5D-FLAIR
FLAIR,ReMIND-032-post,postop,2,cavity,1,0,0.0,nan,nan,6211,0,"0.8594,0.8379,1.9501",GAN-cut-2.5D-FLAIR
FLAIR,ReMIND-032-post,postop,lesion,lesion,1,1,0.38109536392024984,14.940896720334209,0.29162368475345574,19578,13726,"0.8594,0.8379,1.9501",GAN-cut-2.5D-FLAIR
FLAIR,ReMIND-032-pre,preop,1,tumor,1,1,0.3997148288973384,14.323852984476598,0.2991244697174835,32911,13377,"0.8208,0.8169,1.9763",GAN-cut-2.5D-FLAIR
FLAIR,ReMIND-032-pre,preop,2,cavity,0,0,nan,nan,nan,0,0,"0.8208,0.8169,1.9763",GAN-cut-2.5D-FLAIR
FLAIR,ReMIND-032-pre,preop,lesion,lesion,1,1,0.3997148288973384,14.323852984476598,0.2991244697174835,32911,13377,"0.8208,0.8169,1.9763",GAN-cut-2.5D-FLAIR
FLAIR,ReMIND-045-pre,preop,1,tumor,1,1,0.739885421341387,2.103920112025739,0.7380189330440785,123470,123871,"0.2608,0.2430,0.9600",GAN-cut-2.5D-FLAIR
FLAIR,ReMIND-045-pre,preop,2,cavity,0,0,nan,nan,nan,0,0,"0.2608,0.2430,0.9600",GAN-cut-2.5D-FLAIR
FLAIR,ReMIND-045-pre,preop,lesion,lesion,1,1,0.739885421341387,2.103920112025739,0.7380189330440785,123470,123871,"0.2608,0.2430,0.9600",GAN-cut-2.5D-FLAIR
FLAIR,ReMIND-056-post,postop,1,tumor,0,1,nan,nan,nan,0,5866,"0.8539,0.8523,1.9741",GAN-cut-2.5D-FLAIR
FLAIR,ReMIND-056-post,postop,2,cavity,1,0,0.0,nan,nan,17551,0,"0.8539,0.8523,1.9741",GAN-cut-2.5D-FLAIR
FLAIR,ReMIND-056-post,postop,lesion,lesion,1,1,0.31993850621343467,13.845251584830814,0.19396999851477795,17551,5866,"0.8539,0.8523,1.9741",GAN-cut-2.5D-FLAIR
FLAIR,ReMIND-056-pre,preop,1,tumor,1,1,0.7055802007938361,4.901879785505463,0.377468246344327,55846,68361,"0.7937,0.7936,1.2000",GAN-cut-2.5D-FLAIR
FLAIR,ReMIND-056-pre,preop,2,cavity,0,0,nan,nan,nan,0,0,"0.7937,0.7936,1.2000",GAN-cut-2.5D-FLAIR
FLAIR,ReMIND-056-pre,preop,lesion,lesion,1,1,0.7055802007938361,4.901879785505463,0.377468246344327,55846,68361,"0.7937,0.7936,1.2000",GAN-cut-2.5D-FLAIR
FLAIR,ReMIND-077-post,postop,1,tumor,1,1,0.0904225743675285,19.58613560137718,0.1892706449668475,2094,26682,"0.8558,0.8268,1.9283",GAN-cut-2.5D-FLAIR
FLAIR,ReMIND-077-post,postop,2,cavity,1,0,0.0,nan,nan,2767,0,"0.8558,0.8268,1.9283",GAN-cut-2.5D-FLAIR
FLAIR,ReMIND-077-post,postop,lesion,lesion,1,1,0.18641219922011223,19.28330421447754,0.21520602117617044,4861,26682,"0.8558,0.8268,1.9283",GAN-cut-2.5D-FLAIR
FLAIR,ReMIND-077-pre,preop,1,tumor,1,1,0.11428189980307733,21.823473643960277,0.13656716417910447,6841,53081,"0.9765,0.9644,0.9880",GAN-cut-2.5D-FLAIR
FLAIR,ReMIND-077-pre,preop,2,cavity,1,0,0.0,nan,nan,5265,0,"0.9765,0.9644,0.9880",GAN-cut-2.5D-FLAIR
FLAIR,ReMIND-077-pre,preop,lesion,lesion,1,1,0.17828708178010952,21.5592875096833,0.15197305932130215,12106,53081,"0.9765,0.9644,0.9880",GAN-cut-2.5D-FLAIR
FLAIR,ReMIND-079-post,postop,1,tumor,1,1,0.02588326646822829,29.79305041445033,0.06275752773375594,7260,467,"0.7990,0.7254,1.8280",GAN-cut-2.5D-FLAIR
FLAIR,ReMIND-079-post,postop,2,cavity,0,0,nan,nan,nan,0,0,"0.7990,0.7254,1.8280",GAN-cut-2.5D-FLAIR
FLAIR,ReMIND-079-post,postop,lesion,lesion,1,1,0.02588326646822829,29.79305041445033,0.06275752773375594,7260,467,"0.7990,0.7254,1.8280",GAN-cut-2.5D-FLAIR
FLAIR,ReMIND-079-pre,preop,1,tumor,1,1,0.3577152662419452,15.030622058859423,0.30469197024604233,14068,40713,"0.9526,0.9132,0.9551",GAN-cut-2.5D-FLAIR
FLAIR,ReMIND-079-pre,preop,2,cavity,1,0,0.0,nan,nan,7069,0,"0.9526,0.9132,0.9551",GAN-cut-2.5D-FLAIR
FLAIR,ReMIND-079-pre,preop,lesion,lesion,1,1,0.3495877122069523,14.660407445639791,0.29649811683628496,21137,40713,"0.9526,0.9132,0.9551",GAN-cut-2.5D-FLAIR
FLAIR,ReMIND-087-pre,preop,1,tumor,1,1,0.20059899733055536,15.066992368514777,0.2246367813237303,11505,19213,"0.9766,0.9734,0.9968",GAN-cut-2.5D-FLAIR
FLAIR,ReMIND-087-pre,preop,2,cavity,1,0,0.0,nan,nan,11681,0,"0.9766,0.9734,0.9968",GAN-cut-2.5D-FLAIR
FLAIR,ReMIND-087-pre,preop,lesion,lesion,1,1,0.48331328569070026,12.000490908306258,0.27589743589743587,23186,19213,"0.9766,0.9734,0.9968",GAN-cut-2.5D-FLAIR
FLAIR,ReMIND-091-pre,preop,1,tumor,1,1,0.4663096992129946,10.526067633734092,0.18624161073825504,25347,30307,"0.9733,0.9707,0.9931",GAN-cut-2.5D-FLAIR
FLAIR,ReMIND-091-pre,preop,2,cavity,0,0,nan,nan,nan,0,0,"0.9733,0.9707,0.9931",GAN-cut-2.5D-FLAIR
FLAIR,ReMIND-091-pre,preop,lesion,lesion,1,1,0.4663096992129946,10.526067633734092,0.18624161073825504,25347,30307,"0.9733,0.9707,0.9931",GAN-cut-2.5D-FLAIR
FLAIR,ReMIND-096-post,postop,1,tumor,0,1,nan,nan,nan,0,24457,"0.8569,0.8553,1.9849",GAN-cut-2.5D-FLAIR
FLAIR,ReMIND-096-post,postop,2,cavity,1,0,0.0,nan,nan,2166,0,"0.8569,0.8553,1.9849",GAN-cut-2.5D-FLAIR
FLAIR,ReMIND-096-post,postop,lesion,lesion,1,1,0.13394433384667392,26.72400297163754,0.08623242042931162,2166,24457,"0.8569,0.8553,1.9849",GAN-cut-2.5D-FLAIR
FLAIR,ReMIND-096-pre,preop,1,tumor,1,1,0.32632884510711957,15.24597326084636,0.046494935800303054,18774,93297,"0.9755,0.9626,0.9851",GAN-cut-2.5D-FLAIR
FLAIR,ReMIND-096-pre,preop,2,cavity,0,0,nan,nan,nan,0,0,"0.9755,0.9626,0.9851",GAN-cut-2.5D-FLAIR
FLAIR,ReMIND-096-pre,preop,lesion,lesion,1,1,0.32632884510711957,15.24597326084636,0.046494935800303054,18774,93297,"0.9755,0.9626,0.9851",GAN-cut-2.5D-FLAIR
FLAIR,ReMIND-102-pre,preop,1,tumor,1,1,0.10011309436003343,0.25945288399521815,1.0,7693,12644,"0.0008,0.0174,0.0887",GAN-cut-2.5D-FLAIR
FLAIR,ReMIND-102-pre,preop,2,cavity,0,1,nan,nan,nan,0,24796,"0.0008,0.0174,0.0887",GAN-cut-2.5D-FLAIR
FLAIR,ReMIND-102-pre,preop,lesion,lesion,1,1,0.07059136330401258,0.2798946083047474,1.0,7693,37440,"0.0008,0.0174,0.0887",GAN-cut-2.5D-FLAIR
FLAIR,ReMIND-107-pre,preop,1,tumor,1,1,0.08620081545124927,18.784472884521552,0.20350004364144192,57631,13250,"0.2343,0.2312,4.9330",GAN-cut-2.5D-FLAIR
FLAIR,ReMIND-107-pre,preop,2,cavity,0,0,nan,nan,nan,0,0,"0.2343,0.2312,4.9330",GAN-cut-2.5D-FLAIR
FLAIR,ReMIND-107-pre,preop,lesion,lesion,1,1,0.08620081545124927,18.784472884521552,0.20350004364144192,57631,13250,"0.2343,0.2312,4.9330",GAN-cut-2.5D-FLAIR
FLAIR,ReMIND-109-post,postop,1,tumor,0,1,nan,nan,nan,0,40427,"0.8585,0.8371,1.9460",GAN-cut-2.5D-FLAIR
FLAIR,ReMIND-109-post,postop,2,cavity,1,0,0.0,nan,nan,3408,0,"0.8585,0.8371,1.9460",GAN-cut-2.5D-FLAIR
FLAIR,ReMIND-109-post,postop,lesion,lesion,1,1,0.0684840880574883,32.71332159205509,0.12080536912751678,3408,40427,"0.8585,0.8371,1.9460",GAN-cut-2.5D-FLAIR
FLAIR,ReMIND-109-pre,preop,1,tumor,1,1,0.2264928260998988,28.09118637463476,0.2079593871815792,10361,73624,"0.9755,0.9400,0.9620",GAN-cut-2.5D-FLAIR
FLAIR,ReMIND-109-pre,preop,2,cavity,0,0,nan,nan,nan,0,0,"0.9755,0.9400,0.9620",GAN-cut-2.5D-FLAIR
FLAIR,ReMIND-109-pre,preop,lesion,lesion,1,1,0.2264928260998988,28.09118637463476,0.2079593871815792,10361,73624,"0.9755,0.9400,0.9620",GAN-cut-2.5D-FLAIR
FLAIR,ReMIND-003-post,postop,1,tumor,0,1,nan,nan,nan,0,26206,"0.9264,0.9265,1.9922",GAN-cut-2D+3D-post-FLAIR
FLAIR,ReMIND-003-post,postop,2,cavity,1,0,0.0,nan,nan,2099,0,"0.9264,0.9265,1.9922",GAN-cut-2D+3D-post-FLAIR
FLAIR,ReMIND-003-post,postop,lesion,lesion,1,1,0.14209503621268327,24.71452587527433,0.08639596917605216,2099,26206,"0.9264,0.9265,1.9922",GAN-cut-2D+3D-post-FLAIR
FLAIR,ReMIND-023-pre,preop,1,tumor,1,1,0.41653088431343505,6.291534536589246,0.2859872611464968,3895,2856,"0.6872,0.6822,2.1845",GAN-cut-2D+3D-post-FLAIR
FLAIR,ReMIND-023-pre,preop,2,cavity,0,0,nan,nan,nan,0,0,"0.6872,0.6822,2.1845",GAN-cut-2D+3D-post-FLAIR
FLAIR,ReMIND-023-pre,preop,lesion,lesion,1,1,0.41653088431343505,6.291534536589246,0.2859872611464968,3895,2856,"0.6872,0.6822,2.1845",GAN-cut-2D+3D-post-FLAIR
FLAIR,ReMIND-032-post,postop,1,tumor,1,1,0.07393410852713178,17.407840812242778,0.198094393972967,13367,7273,"0.8594,0.8379,1.9501",GAN-cut-2D+3D-post-FLAIR
FLAIR,ReMIND-032-post,postop,2,cavity,1,0,0.0,nan,nan,6211,0,"0.8594,0.8379,1.9501",GAN-cut-2D+3D-post-FLAIR
FLAIR,ReMIND-032-post,postop,lesion,lesion,1,1,0.11872928382555585,14.736206578798011,0.23335858859183894,19578,7273,"0.8594,0.8379,1.9501",GAN-cut-2D+3D-post-FLAIR
FLAIR,ReMIND-032-pre,preop,1,tumor,1,1,0.25211070477222447,18.28028402314886,0.2420859858725037,32911,11387,"0.8208,0.8169,1.9763",GAN-cut-2D+3D-post-FLAIR
FLAIR,ReMIND-032-pre,preop,2,cavity,0,0,nan,nan,nan,0,0,"0.8208,0.8169,1.9763",GAN-cut-2D+3D-post-FLAIR
FLAIR,ReMIND-032-pre,preop,lesion,lesion,1,1,0.25211070477222447,18.28028402314886,0.2420859858725037,32911,11387,"0.8208,0.8169,1.9763",GAN-cut-2D+3D-post-FLAIR
FLAIR,ReMIND-045-pre,preop,1,tumor,1,1,0.6629051305602939,3.0247737823085497,0.6385636221701796,123470,74676,"0.2608,0.2430,0.9600",GAN-cut-2D+3D-post-FLAIR
FLAIR,ReMIND-045-pre,preop,2,cavity,0,0,nan,nan,nan,0,0,"0.2608,0.2430,0.9600",GAN-cut-2D+3D-post-FLAIR
FLAIR,ReMIND-045-pre,preop,lesion,lesion,1,1,0.6629051305602939,3.0247737823085497,0.6385636221701796,123470,74676,"0.2608,0.2430,0.9600",GAN-cut-2D+3D-post-FLAIR
FLAIR,ReMIND-056-post,postop,1,tumor,0,1,nan,nan,nan,0,5644,"0.8539,0.8523,1.9741",GAN-cut-2D+3D-post-FLAIR
FLAIR,ReMIND-056-post,postop,2,cavity,1,0,0.0,nan,nan,17551,0,"0.8539,0.8523,1.9741",GAN-cut-2D+3D-post-FLAIR
FLAIR,ReMIND-056-post,postop,lesion,lesion,1,1,0.05104548394050442,25.101118622878975,0.1443561684904812,17551,5644,"0.8539,0.8523,1.9741",GAN-cut-2D+3D-post-FLAIR
FLAIR,ReMIND-056-pre,preop,1,tumor,1,1,0.5556644524302152,8.329926974304627,0.2730893359884639,55846,26801,"0.7937,0.7936,1.2000",GAN-cut-2D+3D-post-FLAIR
FLAIR,ReMIND-056-pre,preop,2,cavity,0,0,nan,nan,nan,0,0,"0.7937,0.7936,1.2000",GAN-cut-2D+3D-post-FLAIR
FLAIR,ReMIND-056-pre,preop,lesion,lesion,1,1,0.5556644524302152,8.329926974304627,0.2730893359884639,55846,26801,"0.7937,0.7936,1.2000",GAN-cut-2D+3D-post-FLAIR
FLAIR,ReMIND-077-post,postop,1,tumor,1,1,0.04510921177587844,17.892259567856645,0.08814976372228281,2094,14754,"0.8558,0.8268,1.9283",GAN-cut-2D+3D-post-FLAIR
FLAIR,ReMIND-077-post,postop,2,cavity,1,0,0.0,nan,nan,2767,0,"0.8558,0.8268,1.9283",GAN-cut-2D+3D-post-FLAIR
FLAIR,ReMIND-077-post,postop,lesion,lesion,1,1,0.10848840173336732,17.54637064228083,0.19970171513795676,4861,14754,"0.8558,0.8268,1.9283",GAN-cut-2D+3D-post-FLAIR
FLAIR,ReMIND-077-pre,preop,1,tumor,1,1,0.05483998419596997,21.64762918977956,0.12066775539829432,6841,5814,"0.9765,0.9644,0.9880",GAN-cut-2D+3D-post-FLAIR
FLAIR,ReMIND-077-pre,preop,2,cavity,1,0,0.0,nan,nan,5265,0,"0.9765,0.9644,0.9880",GAN-cut-2D+3D-post-FLAIR
FLAIR,ReMIND-077-pre,preop,lesion,lesion,1,1,0.03872767857142857,21.247530466162864,0.104676710608914,12106,5814,"0.9765,0.9644,0.9880",GAN-cut-2D+3D-post-FLAIR
FLAIR,ReMIND-079-post,postop,1,tumor,1,0,0.0,nan,nan,7260,0,"0.7990,0.7254,1.8280",GAN-cut-2D+3D-post-FLAIR
FLAIR,ReMIND-079-post,postop,2,cavity,0,0,nan,nan,nan,0,0,"0.7990,0.7254,1.8280",GAN-cut-2D+3D-post-FLAIR
FLAIR,ReMIND-079-post,postop,lesion,lesion,1,0,0.0,nan,nan,7260,0,"0.7990,0.7254,1.8280",GAN-cut-2D+3D-post-FLAIR
FLAIR,ReMIND-079-pre,preop,1,tumor,1,1,0.18437344480939585,15.971686516810298,0.17614015043320955,14068,36167,"0.9526,0.9132,0.9551",GAN-cut-2D+3D-post-FLAIR
FLAIR,ReMIND-079-pre,preop,2,cavity,1,0,0.0,nan,nan,7069,0,"0.9526,0.9132,0.9551",GAN-cut-2D+3D-post-FLAIR
FLAIR,ReMIND-079-pre,preop,lesion,lesion,1,1,0.18229093955046768,15.390273719479696,0.19286171574903968,21137,36167,"0.9526,0.9132,0.9551",GAN-cut-2D+3D-post-FLAIR
FLAIR,ReMIND-087-pre,preop,1,tumor,1,1,0.09640549942024185,15.10961533816781,0.16796473181484203,11505,12643,"0.9766,0.9734,0.9968",GAN-cut-2D+3D-post-FLAIR
FLAIR,ReMIND-087-pre,preop,2,cavity,1,0,0.0,nan,nan,11681,0,"0.9766,0.9734,0.9968",GAN-cut-2D+3D-post-FLAIR
FLAIR,ReMIND-087-pre,preop,lesion,lesion,1,1,0.35708504284239023,12.65203726482806,0.2073629734180193,23186,12643,"0.9766,0.9734,0.9968",GAN-cut-2D+3D-post-FLAIR
FLAIR,ReMIND-091-pre,preop,1,tumor,1,1,0.48192088512680376,10.049649854580672,0.18183809836783876,25347,34667,"0.9733,0.9707,0.9931",GAN-cut-2D+3D-post-FLAIR
FLAIR,ReMIND-091-pre,preop,2,cavity,0,0,nan,nan,nan,0,0,"0.9733,0.9707,0.9931",GAN-cut-2D+3D-post-FLAIR
FLAIR,ReMIND-091-pre,preop,lesion,lesion,1,1,0.48192088512680376,10.049649854580672,0.18183809836783876,25347,34667,"0.9733,0.9707,0.9931",GAN-cut-2D+3D-post-FLAIR
FLAIR,ReMIND-096-post,postop,1,tumor,0,1,nan,nan,nan,0,5387,"0.8569,0.8553,1.9849",GAN-cut-2D+3D-post-FLAIR
FLAIR,ReMIND-096-post,postop,2,cavity,1,0,0.0,nan,nan,2166,0,"0.8569,0.8553,1.9849",GAN-cut-2D+3D-post-FLAIR
FLAIR,ReMIND-096-post,postop,lesion,lesion,1,1,0.05904938435058917,16.5676693019278,0.16963385959019148,2166,5387,"0.8569,0.8553,1.9849",GAN-cut-2D+3D-post-FLAIR
FLAIR,ReMIND-096-pre,preop,1,tumor,1,1,0.37793066178915863,15.612914250886993,0.07254985150615188,18774,77450,"0.9755,0.9626,0.9851",GAN-cut-2D+3D-post-FLAIR
FLAIR,ReMIND-096-pre,preop,2,cavity,0,0,nan,nan,nan,0,0,"0.9755,0.9626,0.9851",GAN-cut-2D+3D-post-FLAIR
FLAIR,ReMIND-096-pre,preop,lesion,lesion,1,1,0.37793066178915863,15.612914250886993,0.07254985150615188,18774,77450,"0.9755,0.9626,0.9851",GAN-cut-2D+3D-post-FLAIR
FLAIR,ReMIND-102-pre,preop,1,tumor,1,1,0.18074871641493445,0.8081301382391046,1.0,7693,12368,"0.0008,0.0174,0.0887",GAN-cut-2D+3D-post-FLAIR
FLAIR,ReMIND-102-pre,preop,2,cavity,0,1,nan,nan,nan,0,11711,"0.0008,0.0174,0.0887",GAN-cut-2D+3D-post-FLAIR
FLAIR,ReMIND-102-pre,preop,lesion,lesion,1,1,0.24581392420999623,0.783239912825393,1.0,7693,24079,"0.0008,0.0174,0.0887",GAN-cut-2D+3D-post-FLAIR
FLAIR,ReMIND-107-pre,preop,1,tumor,1,1,0.42396823330295536,9.945524294920506,0.379037953979406,57631,34541,"0.2343,0.2312,4.9330",GAN-cut-2D+3D-post-FLAIR
FLAIR,ReMIND-107-pre,preop,2,cavity,0,0,nan,nan,nan,0,0,"0.2343,0.2312,4.9330",GAN-cut-2D+3D-post-FLAIR
FLAIR,ReMIND-107-pre,preop,lesion,lesion,1,1,0.42396823330295536,9.945524294920506,0.379037953979406,57631,34541,"0.2343,0.2312,4.9330",GAN-cut-2D+3D-post-FLAIR
FLAIR,ReMIND-109-post,postop,1,tumor,0,1,nan,nan,nan,0,26085,"0.8585,0.8371,1.9460",GAN-cut-2D+3D-post-FLAIR
FLAIR,ReMIND-109-post,postop,2,cavity,1,0,0.0,nan,nan,3408,0,"0.8585,0.8371,1.9460",GAN-cut-2D+3D-post-FLAIR
FLAIR,ReMIND-109-post,postop,lesion,lesion,1,1,0.11121283016308954,33.40267319380424,0.12999626447515875,3408,26085,"0.8585,0.8371,1.9460",GAN-cut-2D+3D-post-FLAIR
FLAIR,ReMIND-109-pre,preop,1,tumor,1,1,0.4126849495806239,27.639259085244024,0.3304185612685088,10361,32083,"0.9755,0.9400,0.9620",GAN-cut-2D+3D-post-FLAIR
FLAIR,ReMIND-109-pre,preop,2,cavity,0,0,nan,nan,nan,0,0,"0.9755,0.9400,0.9620",GAN-cut-2D+3D-post-FLAIR
FLAIR,ReMIND-109-pre,preop,lesion,lesion,1,1,0.4126849495806239,27.639259085244024,0.3304185612685088,10361,32083,"0.9755,0.9400,0.9620",GAN-cut-2D+3D-post-FLAIR
FLAIR,ReMIND-003-post,postop,1,tumor,0,1,nan,nan,nan,0,1221,"0.9264,0.9265,1.9922",GAN-cut-2D-FLAIR
FLAIR,ReMIND-003-post,postop,2,cavity,1,0,0.0,nan,nan,2099,0,"0.9264,0.9265,1.9922",GAN-cut-2D-FLAIR
FLAIR,ReMIND-003-post,postop,lesion,lesion,1,1,0.0,40.36062406111755,0.0,2099,1221,"0.9264,0.9265,1.9922",GAN-cut-2D-FLAIR
FLAIR,ReMIND-023-pre,preop,1,tumor,1,0,0.0,nan,nan,3895,0,"0.6872,0.6822,2.1845",GAN-cut-2D-FLAIR
FLAIR,ReMIND-023-pre,preop,2,cavity,0,1,nan,nan,nan,0,14,"0.6872,0.6822,2.1845",GAN-cut-2D-FLAIR
FLAIR,ReMIND-023-pre,preop,lesion,lesion,1,1,0.0,48.60228522374646,0.0,3895,14,"0.6872,0.6822,2.1845",GAN-cut-2D-FLAIR
FLAIR,ReMIND-032-post,postop,1,tumor,1,1,0.0,42.865008737970534,0.0,13367,139,"0.8594,0.8379,1.9501",GAN-cut-2D-FLAIR
FLAIR,ReMIND-032-post,postop,2,cavity,1,0,0.0,nan,nan,6211,0,"0.8594,0.8379,1.9501",GAN-cut-2D-FLAIR
FLAIR,ReMIND-032-post,postop,lesion,lesion,1,1,0.0,42.00321578771787,0.0,19578,139,"0.8594,0.8379,1.9501",GAN-cut-2D-FLAIR
FLAIR,ReMIND-032-pre,preop,1,tumor,1,1,0.14055237993482558,27.980655532818723,0.19783288650580877,32911,4527,"0.8208,0.8169,1.9763",GAN-cut-2D-FLAIR
FLAIR,ReMIND-032-pre,preop,2,cavity,0,0,nan,nan,nan,0,0,"0.8208,0.8169,1.9763",GAN-cut-2D-FLAIR
FLAIR,ReMIND-032-pre,preop,lesion,lesion,1,1,0.14055237993482558,27.980655532818723,0.19783288650580877,32911,4527,"0.8208,0.8169,1.9763",GAN-cut-2D-FLAIR
FLAIR,ReMIND-045-pre,preop,1,tumor,1,1,0.7096568428059017,2.494926247994868,0.6878916304828268,123470,92874,"0.2608,0.2430,0.9600",GAN-cut-2D-FLAIR
FLAIR,ReMIND-045-pre,preop,2,cavity,0,0,nan,nan,nan,0,0,"0.2608,0.2430,0.9600",GAN-cut-2D-FLAIR
FLAIR,ReMIND-045-pre,preop,lesion,lesion,1,1,0.7096568428059017,2.494926247994868,0.6878916304828268,123470,92874,"0.2608,0.2430,0.9600",GAN-cut-2D-FLAIR
FLAIR,ReMIND-056-post,postop,1,tumor,0,1,nan,nan,nan,0,32,"0.8539,0.8523,1.9741",GAN-cut-2D-FLAIR
FLAIR,ReMIND-056-post,postop,2,cavity,1,0,0.0,nan,nan,17551,0,"0.8539,0.8523,1.9741",GAN-cut-2D-FLAIR
FLAIR,ReMIND-056-post,postop,lesion,lesion,1,1,0.0,59.29055903307693,0.0,17551,32,"0.8539,0.8523,1.9741",GAN-cut-2D-FLAIR
FLAIR,ReMIND-056-pre,preop,1,tumor,1,1,0.5547527720327633,10.24330077424828,0.32478001703093956,55846,53911,"0.7937,0.7936,1.2000",GAN-cut-2D-FLAIR
FLAIR,ReMIND-056-pre,preop,2,cavity,0,0,nan,nan,nan,0,0,"0.7937,0.7936,1.2000",GAN-cut-2D-FLAIR
FLAIR,ReMIND-056-pre,preop,lesion,lesion,1,1,0.5547527720327633,10.24330077424828,0.32478001703093956,55846,53911,"0.7937,0.7936,1.2000",GAN-cut-2D-FLAIR
FLAIR,ReMIND-077-post,postop,1,tumor,1,1,0.013472137170851195,22.00639960227958,0.05827865688923196,2094,2805,"0.8558,0.8268,1.9283",GAN-cut-2D-FLAIR
FLAIR,ReMIND-077-post,postop,2,cavity,1,1,0.0,70.61954193737594,0.0,2767,64,"0.8558,0.8268,1.9283",GAN-cut-2D-FLAIR
FLAIR,ReMIND-077-post,postop,lesion,lesion,1,1,0.008538163001293661,23.89083982583276,0.03913945049248315,4861,2869,"0.8558,0.8268,1.9283",GAN-cut-2D-FLAIR
FLAIR,ReMIND-077-pre,preop,1,tumor,1,1,0.0010976948408342481,25.291703022696307,0.01392931392931393,6841,2269,"0.9765,0.9644,0.9880",GAN-cut-2D-FLAIR
FLAIR,ReMIND-077-pre,preop,2,cavity,1,0,0.0,nan,nan,5265,0,"0.9765,0.9644,0.9880",GAN-cut-2D-FLAIR
FLAIR,ReMIND-077-pre,preop,lesion,lesion,1,1,0.0006956521739130435,24.31386555237767,0.011814494798095574,12106,2269,"0.9765,0.9644,0.9880",GAN-cut-2D-FLAIR
FLAIR,ReMIND-079-post,postop,1,tumor,1,0,0.0,nan,nan,7260,0,"0.7990,0.7254,1.8280",GAN-cut-2D-FLAIR
FLAIR,ReMIND-079-post,postop,2,cavity,0,0,nan,nan,nan,0,0,"0.7990,0.7254,1.8280",GAN-cut-2D-FLAIR
FLAIR,ReMIND-079-post,postop,lesion,lesion,1,0,0.0,nan,nan,7260,0,"0.7990,0.7254,1.8280",GAN-cut-2D-FLAIR
FLAIR,ReMIND-079-pre,preop,1,tumor,1,1,0.12691475459005505,17.273795082310116,0.17926440776136693,14068,32609,"0.9526,0.9132,0.9551",GAN-cut-2D-FLAIR
FLAIR,ReMIND-079-pre,preop,2,cavity,1,0,0.0,nan,nan,7069,0,"0.9526,0.9132,0.9551",GAN-cut-2D-FLAIR
FLAIR,ReMIND-079-pre,preop,lesion,lesion,1,1,0.1299073419417259,16.72740691032695,0.18879533678756477,21137,32609,"0.9526,0.9132,0.9551",GAN-cut-2D-FLAIR
FLAIR,ReMIND-087-pre,preop,1,tumor,1,1,0.11367548114536066,14.662055715728236,0.1752087532392744,11505,14059,"0.9766,0.9734,0.9968",GAN-cut-2D-FLAIR
FLAIR,ReMIND-087-pre,preop,2,cavity,1,0,0.0,nan,nan,11681,0,"0.9766,0.9734,0.9968",GAN-cut-2D-FLAIR
FLAIR,ReMIND-087-pre,preop,lesion,lesion,1,1,0.3530675258423949,11.954917207260817,0.20606270970727755,23186,14059,"0.9766,0.9734,0.9968",GAN-cut-2D-FLAIR
FLAIR,ReMIND-091-pre,preop,1,tumor,1,1,0.46324023928356517,11.112800955149789,0.16668557812322704,25347,31155,"0.9733,0.9707,0.9931",GAN-cut-2D-FLAIR
FLAIR,ReMIND-091-pre,preop,2,cavity,0,0,nan,nan,nan,0,0,"0.9733,0.9707,0.9931",GAN-cut-2D-FLAIR
FLAIR,ReMIND-091-pre,preop,lesion,lesion,1,1,0.46324023928356517,11.112800955149789,0.16668557812322704,25347,31155,"0.9733,0.9707,0.9931",GAN-cut-2D-FLAIR
FLAIR,ReMIND-096-post,postop,1,tumor,0,1,nan,nan,nan,0,3164,"0.8569,0.8553,1.9849",GAN-cut-2D-FLAIR
FLAIR,ReMIND-096-post,postop,2,cavity,1,0,0.0,nan,nan,2166,0,"0.8569,0.8553,1.9849",GAN-cut-2D-FLAIR
FLAIR,ReMIND-096-post,postop,lesion,lesion,1,1,0.0,31.137454348529378,0.0,2166,3164,"0.8569,0.8553,1.9849",GAN-cut-2D-FLAIR
FLAIR,ReMIND-096-pre,preop,1,tumor,1,1,0.37296628518403957,16.202800978704367,0.09961018495479804,18774,78216,"0.9755,0.9626,0.9851",GAN-cut-2D-FLAIR
FLAIR,ReMIND-096-pre,preop,2,cavity,0,0,nan,nan,nan,0,0,"0.9755,0.9626,0.9851",GAN-cut-2D-FLAIR
FLAIR,ReMIND-096-pre,preop,lesion,lesion,1,1,0.37296628518403957,16.202800978704367,0.09961018495479804,18774,78216,"0.9755,0.9626,0.9851",GAN-cut-2D-FLAIR
FLAIR,ReMIND-102-pre,preop,1,tumor,1,1,0.22353548683229102,0.20854355030211275,1.0,7693,9736,"0.0008,0.0174,0.0887",GAN-cut-2D-FLAIR
FLAIR,ReMIND-102-pre,preop,2,cavity,0,1,nan,nan,nan,0,4811,"0.0008,0.0174,0.0887",GAN-cut-2D-FLAIR
FLAIR,ReMIND-102-pre,preop,lesion,lesion,1,1,0.22688848920863308,0.24838418071966495,1.0,7693,14547,"0.0008,0.0174,0.0887",GAN-cut-2D-FLAIR
FLAIR,ReMIND-107-pre,preop,1,tumor,1,0,0.0,nan,nan,57631,0,"0.2343,0.2312,4.9330",GAN-cut-2D-FLAIR
FLAIR,ReMIND-107-pre,preop,2,cavity,0,0,nan,nan,nan,0,0,"0.2343,0.2312,4.9330",GAN-cut-2D-FLAIR
FLAIR,ReMIND-107-pre,preop,lesion,lesion,1,0,0.0,nan,nan,57631,0,"0.2343,0.2312,4.9330",GAN-cut-2D-FLAIR
FLAIR,ReMIND-109-post,postop,1,tumor,0,1,nan,nan,nan,0,27228,"0.8585,0.8371,1.9460",GAN-cut-2D-FLAIR
FLAIR,ReMIND-109-post,postop,2,cavity,1,0,0.0,nan,nan,3408,0,"0.8585,0.8371,1.9460",GAN-cut-2D-FLAIR
FLAIR,ReMIND-109-post,postop,lesion,lesion,1,1,0.11293902598250424,29.20348504142072,0.11777488048674489,3408,27228,"0.8585,0.8371,1.9460",GAN-cut-2D-FLAIR
FLAIR,ReMIND-109-pre,preop,1,tumor,1,1,0.46462240243284336,23.310025055571028,0.2403295128939828,10361,29099,"0.9755,0.9400,0.9620",GAN-cut-2D-FLAIR
FLAIR,ReMIND-109-pre,preop,2,cavity,0,0,nan,nan,nan,0,0,"0.9755,0.9400,0.9620",GAN-cut-2D-FLAIR
FLAIR,ReMIND-109-pre,preop,lesion,lesion,1,1,0.46462240243284336,23.310025055571028,0.2403295128939828,10361,29099,"0.9755,0.9400,0.9620",GAN-cut-2D-FLAIR
FLAIR,ReMIND-003-post,postop,1,tumor,0,1,nan,nan,nan,0,8464,"0.9264,0.9265,1.9922",GAN-cut-3D-FLAIR
FLAIR,ReMIND-003-post,postop,2,cavity,1,1,0.0,19.904415790606066,0.0,2099,103,"0.9264,0.9265,1.9922",GAN-cut-3D-FLAIR
FLAIR,ReMIND-003-post,postop,lesion,lesion,1,1,0.3587099193699606,10.461773232532565,0.31098049692759816,2099,8567,"0.9264,0.9265,1.9922",GAN-cut-3D-FLAIR
FLAIR,ReMIND-023-pre,preop,1,tumor,1,1,0.5210526315789473,5.295969508724087,0.3868745467730239,3895,2185,"0.6872,0.6822,2.1845",GAN-cut-3D-FLAIR
FLAIR,ReMIND-023-pre,preop,2,cavity,0,1,nan,nan,nan,0,24,"0.6872,0.6822,2.1845",GAN-cut-3D-FLAIR
FLAIR,ReMIND-023-pre,preop,lesion,lesion,1,1,0.5190039318479686,5.337853758304013,0.3835370237239396,3895,2209,"0.6872,0.6822,2.1845",GAN-cut-3D-FLAIR
FLAIR,ReMIND-032-post,postop,1,tumor,1,1,0.1468791281373844,16.464403020464314,0.2043360433604336,13367,10857,"0.8594,0.8379,1.9501",GAN-cut-3D-FLAIR
FLAIR,ReMIND-032-post,postop,2,cavity,1,1,0.0,46.69646792688776,0.0,6211,1242,"0.8594,0.8379,1.9501",GAN-cut-3D-FLAIR
FLAIR,ReMIND-032-post,postop,lesion,lesion,1,1,0.20563816017930991,18.463509120425677,0.1711629786804082,19578,12099,"0.8594,0.8379,1.9501",GAN-cut-3D-FLAIR
FLAIR,ReMIND-032-pre,preop,1,tumor,1,1,0.708027892007867,5.688981946751168,0.4102106862162341,32911,45391,"0.8208,0.8169,1.9763",GAN-cut-3D-FLAIR
FLAIR,ReMIND-032-pre,preop,2,cavity,0,0,nan,nan,nan,0,0,"0.8208,0.8169,1.9763",GAN-cut-3D-FLAIR
FLAIR,ReMIND-032-pre,preop,lesion,lesion,1,1,0.708027892007867,5.688981946751168,0.4102106862162341,32911,45391,"0.8208,0.8169,1.9763",GAN-cut-3D-FLAIR
FLAIR,ReMIND-045-pre,preop,1,tumor,1,1,0.6056095570930666,3.308976405684074,0.6417208701795415,123470,88561,"0.2608,0.2430,0.9600",GAN-cut-3D-FLAIR
FLAIR,ReMIND-045-pre,preop,2,cavity,0,0,nan,nan,nan,0,0,"0.2608,0.2430,0.9600",GAN-cut-3D-FLAIR
FLAIR,ReMIND-045-pre,preop,lesion,lesion,1,1,0.6056095570930666,3.308976405684074,0.6417208701795415,123470,88561,"0.2608,0.2430,0.9600",GAN-cut-3D-FLAIR
FLAIR,ReMIND-056-post,postop,1,tumor,0,1,nan,nan,nan,0,15523,"0.8539,0.8523,1.9741",GAN-cut-3D-FLAIR
FLAIR,ReMIND-056-post,postop,2,cavity,1,0,0.0,nan,nan,17551,0,"0.8539,0.8523,1.9741",GAN-cut-3D-FLAIR
FLAIR,ReMIND-056-post,postop,lesion,lesion,1,1,0.0,24.36476596790908,0.0007937407869372944,17551,15523,"0.8539,0.8523,1.9741",GAN-cut-3D-FLAIR
FLAIR,ReMIND-056-pre,preop,1,tumor,1,1,0.5074498343031599,11.283926173142241,0.26387049300956583,55846,20800,"0.7937,0.7936,1.2000",GAN-cut-3D-FLAIR
FLAIR,ReMIND-056-pre,preop,2,cavity,0,0,nan,nan,nan,0,0,"0.7937,0.7936,1.2000",GAN-cut-3D-FLAIR
FLAIR,ReMIND-056-pre,preop,lesion,lesion,1,1,0.5074498343031599,11.283926173142241,0.26387049300956583,55846,20800,"0.7937,0.7936,1.2000",GAN-cut-3D-FLAIR
FLAIR,ReMIND-077-post,postop,1,tumor,1,1,0.07968529352430906,25.24970748215908,0.16297297297297297,2094,7820,"0.8558,0.8268,1.9283",GAN-cut-3D-FLAIR
FLAIR,ReMIND-077-post,postop,2,cavity,1,1,0.0,35.46908632532558,0.0,2767,10,"0.8558,0.8268,1.9283",GAN-cut-3D-FLAIR
FLAIR,ReMIND-077-post,postop,lesion,lesion,1,1,0.14262075486565282,23.94245235037661,0.18558817491274893,4861,7830,"0.8558,0.8268,1.9283",GAN-cut-3D-FLAIR
FLAIR,ReMIND-077-pre,preop,1,tumor,1,1,0.1765970515970516,10.72562341580484,0.231533873680991,6841,12695,"0.9765,0.9644,0.9880",GAN-cut-3D-FLAIR
FLAIR,ReMIND-077-pre,preop,2,cavity,1,1,0.0,46.04539067387935,0.0,5265,107,"0.9765,0.9644,0.9880",GAN-cut-3D-FLAIR
FLAIR,ReMIND-077-pre,preop,lesion,lesion,1,1,0.20852738076120123,11.109856969713201,0.24445335471798985,12106,12802,"0.9765,0.9644,0.9880",GAN-cut-3D-FLAIR
FLAIR,ReMIND-079-post,postop,1,tumor,1,1,0.00965101249461439,21.291955936613626,0.06967213114754098,7260,4345,"0.7990,0.7254,1.8280",GAN-cut-3D-FLAIR
FLAIR,ReMIND-079-post,postop,2,cavity,0,0,nan,nan,nan,0,0,"0.7990,0.7254,1.8280",GAN-cut-3D-FLAIR
FLAIR,ReMIND-079-post,postop,lesion,lesion,1,1,0.00965101249461439,21.291955936613626,0.06967213114754098,7260,4345,"0.7990,0.7254,1.8280",GAN-cut-3D-FLAIR
FLAIR,ReMIND-079-pre,preop,1,tumor,1,1,0.2684535295489726,12.287406037837558,0.2184966838614591,14068,33091,"0.9526,0.9132,0.9551",GAN-cut-3D-FLAIR
FLAIR,ReMIND-079-pre,preop,2,cavity,1,0,0.0,nan,nan,7069,0,"0.9526,0.9132,0.9551",GAN-cut-3D-FLAIR
FLAIR,ReMIND-079-pre,preop,lesion,lesion,1,1,0.29505052740281773,12.155567478810939,0.2575297688536073,21137,33091,"0.9526,0.9132,0.9551",GAN-cut-3D-FLAIR
FLAIR,ReMIND-087-pre,preop,1,tumor,1,1,0.012413871647400489,21.513569394656177,0.05297459893048128,11505,6056,"0.9766,0.9734,0.9968",GAN-cut-3D-FLAIR
FLAIR,ReMIND-087-pre,preop,2,cavity,1,0,0.0,nan,nan,11681,0,"0.9766,0.9734,0.9968",GAN-cut-3D-FLAIR
FLAIR,ReMIND-087-pre,preop,lesion,lesion,1,1,0.18316120648382464,19.818498661169855,0.17263377164431715,23186,6056,"0.9766,0.9734,0.9968",GAN-cut-3D-FLAIR
FLAIR,ReMIND-091-pre,preop,1,tumor,1,1,0.4333515582285402,12.663800742404849,0.2273203679981367,25347,29523,"0.9733,0.9707,0.9931",GAN-cut-3D-FLAIR
FLAIR,ReMIND-091-pre,preop,2,cavity,0,0,nan,nan,nan,0,0,"0.9733,0.9707,0.9931",GAN-cut-3D-FLAIR
FLAIR,ReMIND-091-pre,preop,lesion,lesion,1,1,0.4333515582285402,12.663800742404849,0.2273203679981367,25347,29523,"0.9733,0.9707,0.9931",GAN-cut-3D-FLAIR
FLAIR,ReMIND-096-post,postop,1,tumor,0,1,nan,nan,nan,0,7268,"0.8569,0.8553,1.9849",GAN-cut-3D-FLAIR
FLAIR,ReMIND-096-post,postop,2,cavity,1,1,0.048818897637795275,14.331372820249873,0.16709292412617222,2166,374,"0.8569,0.8553,1.9849",GAN-cut-3D-FLAIR
FLAIR,ReMIND-096-post,postop,lesion,lesion,1,1,0.22328711256117456,23.839539355779724,0.20828331332533012,2166,7642,"0.8569,0.8553,1.9849",GAN-cut-3D-FLAIR
FLAIR,ReMIND-096-pre,preop,1,tumor,1,1,0.5654893558197401,9.115400001113246,0.2848950443626921,18774,39098,"0.9755,0.9626,0.9851",GAN-cut-3D-FLAIR
FLAIR,ReMIND-096-pre,preop,2,cavity,0,0,nan,nan,nan,0,0,"0.9755,0.9626,0.9851",GAN-cut-3D-FLAIR
FLAIR,ReMIND-096-pre,preop,lesion,lesion,1,1,0.5654893558197401,9.115400001113246,0.2848950443626921,18774,39098,"0.9755,0.9626,0.9851",GAN-cut-3D-FLAIR
FLAIR,ReMIND-102-pre,preop,1,tumor,1,1,0.24560235808690692,0.9536284262103302,1.0,7693,13341,"0.0008,0.0174,0.0887",GAN-cut-3D-FLAIR
FLAIR,ReMIND-102-pre,preop,2,cavity,0,1,nan,nan,nan,0,149,"0.0008,0.0174,0.0887",GAN-cut-3D-FLAIR
FLAIR,ReMIND-102-pre,preop,lesion,lesion,1,1,0.24387480526837557,0.9528672979425552,1.0,7693,13490,"0.0008,0.0174,0.0887",GAN-cut-3D-FLAIR
FLAIR,ReMIND-107-pre,preop,1,tumor,1,0,0.0,nan,nan,57631,0,"0.2343,0.2312,4.9330",GAN-cut-3D-FLAIR
FLAIR,ReMIND-107-pre,preop,2,cavity,0,1,nan,nan,nan,0,1466,"0.2343,0.2312,4.9330",GAN-cut-3D-FLAIR
FLAIR,ReMIND-107-pre,preop,lesion,lesion,1,1,0.023960607137418145,25.97086459888382,0.07949469761324089,57631,1466,"0.2343,0.2312,4.9330",GAN-cut-3D-FLAIR
FLAIR,ReMIND-109-post,postop,1,tumor,0,1,nan,nan,nan,0,2780,"0.8585,0.8371,1.9460",GAN-cut-3D-FLAIR
FLAIR,ReMIND-109-post,postop,2,cavity,1,0,0.0,nan,nan,3408,0,"0.8585,0.8371,1.9460",GAN-cut-3D-FLAIR
FLAIR,ReMIND-109-post,postop,lesion,lesion,1,1,0.3914027149321267,10.767719183327424,0.42129277566539924,3408,2780,"0.8585,0.8371,1.9460",GAN-cut-3D-FLAIR
FLAIR,ReMIND-109-pre,preop,1,tumor,1,1,0.5035953229537923,42.405556666803236,0.3155228005527407,10361,5632,"0.9755,0.9400,0.9620",GAN-cut-3D-FLAIR
FLAIR,ReMIND-109-pre,preop,2,cavity,0,0,nan,nan,nan,0,0,"0.9755,0.9400,0.9620",GAN-cut-3D-FLAIR
FLAIR,ReMIND-109-pre,preop,lesion,lesion,1,1,0.5035953229537923,42.405556666803236,0.3155228005527407,10361,5632,"0.9755,0.9400,0.9620",GAN-cut-3D-FLAIR
FLAIR,ReMIND-003-post,postop,1,tumor,0,1,nan,nan,nan,0,22936,"0.9264,0.9265,1.9922",GAN-cyclegan-2.5D-FLAIR
FLAIR,ReMIND-003-post,postop,2,cavity,1,0,0.0,nan,nan,2099,0,"0.9264,0.9265,1.9922",GAN-cyclegan-2.5D-FLAIR
FLAIR,ReMIND-003-post,postop,lesion,lesion,1,1,0.0908328340323547,28.029057462255913,0.09254696643055128,2099,22936,"0.9264,0.9265,1.9922",GAN-cyclegan-2.5D-FLAIR
FLAIR,ReMIND-023-pre,preop,1,tumor,1,0,0.0,nan,nan,3895,0,"0.6872,0.6822,2.1845",GAN-cyclegan-2.5D-FLAIR
FLAIR,ReMIND-023-pre,preop,2,cavity,0,0,nan,nan,nan,0,0,"0.6872,0.6822,2.1845",GAN-cyclegan-2.5D-FLAIR
FLAIR,ReMIND-023-pre,preop,lesion,lesion,1,0,0.0,nan,nan,3895,0,"0.6872,0.6822,2.1845",GAN-cyclegan-2.5D-FLAIR
FLAIR,ReMIND-032-post,postop,1,tumor,1,1,0.3010131986410511,11.116986271380547,0.29343700823845226,13367,19894,"0.8594,0.8379,1.9501",GAN-cyclegan-2.5D-FLAIR
FLAIR,ReMIND-032-post,postop,2,cavity,1,0,0.0,nan,nan,6211,0,"0.8594,0.8379,1.9501",GAN-cyclegan-2.5D-FLAIR
FLAIR,ReMIND-032-post,postop,lesion,lesion,1,1,0.4887515200648561,9.893441479684492,0.3582970225127088,19578,19894,"0.8594,0.8379,1.9501",GAN-cyclegan-2.5D-FLAIR
FLAIR,ReMIND-032-pre,preop,1,tumor,1,1,0.718244279143717,5.688981946751168,0.4516298239040839,32911,37533,"0.8208,0.8169,1.9763",GAN-cyclegan-2.5D-FLAIR
FLAIR,ReMIND-032-pre,preop,2,cavity,0,0,nan,nan,nan,0,0,"0.8208,0.8169,1.9763",GAN-cyclegan-2.5D-FLAIR
FLAIR,ReMIND-032-pre,preop,lesion,lesion,1,1,0.718244279143717,5.688981946751168,0.4516298239040839,32911,37533,"0.8208,0.8169,1.9763",GAN-cyclegan-2.5D-FLAIR
FLAIR,ReMIND-045-pre,preop,1,tumor,1,1,0.6381227695926952,3.4520772610098986,0.5302117061021171,123470,127325,"0.2608,0.2430,0.9600",GAN-cyclegan-2.5D-FLAIR
FLAIR,ReMIND-045-pre,preop,2,cavity,0,0,nan,nan,nan,0,0,"0.2608,0.2430,0.9600",GAN-cyclegan-2.5D-FLAIR
FLAIR,ReMIND-045-pre,preop,lesion,lesion,1,1,0.6381227695926952,3.4520772610098986,0.5302117061021171,123470,127325,"0.2608,0.2430,0.9600",GAN-cyclegan-2.5D-FLAIR
FLAIR,ReMIND-056-post,postop,1,tumor,0,0,nan,nan,nan,0,0,"0.8539,0.8523,1.9741",GAN-cyclegan-2.5D-FLAIR
FLAIR,ReMIND-056-post,postop,2,cavity,1,0,0.0,nan,nan,17551,0,"0.8539,0.8523,1.9741",GAN-cyclegan-2.5D-FLAIR
FLAIR,ReMIND-056-post,postop,lesion,lesion,1,0,0.0,nan,nan,17551,0,"0.8539,0.8523,1.9741",GAN-cyclegan-2.5D-FLAIR
FLAIR,ReMIND-056-pre,preop,1,tumor,1,1,0.2877716233489561,17.992951431485512,0.15780529254673464,55846,14564,"0.7937,0.7936,1.2000",GAN-cyclegan-2.5D-FLAIR
FLAIR,ReMIND-056-pre,preop,2,cavity,0,0,nan,nan,nan,0,0,"0.7937,0.7936,1.2000",GAN-cyclegan-2.5D-FLAIR
FLAIR,ReMIND-056-pre,preop,lesion,lesion,1,1,0.2877716233489561,17.992951431485512,0.15780529254673464,55846,14564,"0.7937,0.7936,1.2000",GAN-cyclegan-2.5D-FLAIR
FLAIR,ReMIND-077-post,postop,1,tumor,1,1,0.009026628554234993,20.777697714045313,0.09164246531139077,2094,4553,"0.8558,0.8268,1.9283",GAN-cyclegan-2.5D-FLAIR
FLAIR,ReMIND-077-post,postop,2,cavity,1,0,0.0,nan,nan,2767,0,"0.8558,0.8268,1.9283",GAN-cyclegan-2.5D-FLAIR
FLAIR,ReMIND-077-post,postop,lesion,lesion,1,1,0.006373486297004461,21.344737828261096,0.06601580660158066,4861,4553,"0.8558,0.8268,1.9283",GAN-cyclegan-2.5D-FLAIR
FLAIR,ReMIND-077-pre,preop,1,tumor,1,1,0.16738783876110225,20.648178529725314,0.16073224703279018,6841,45851,"0.9765,0.9644,0.9880",GAN-cyclegan-2.5D-FLAIR
FLAIR,ReMIND-077-pre,preop,2,cavity,1,0,0.0,nan,nan,5265,0,"0.9765,0.9644,0.9880",GAN-cyclegan-2.5D-FLAIR
FLAIR,ReMIND-077-pre,preop,lesion,lesion,1,1,0.20387528685059614,20.379904619592896,0.16449134499676016,12106,45851,"0.9765,0.9644,0.9880",GAN-cyclegan-2.5D-FLAIR
FLAIR,ReMIND-079-post,postop,1,tumor,1,0,0.0,nan,nan,7260,0,"0.7990,0.7254,1.8280",GAN-cyclegan-2.5D-FLAIR
FLAIR,ReMIND-079-post,postop,2,cavity,0,0,nan,nan,nan,0,0,"0.7990,0.7254,1.8280",GAN-cyclegan-2.5D-FLAIR
FLAIR,ReMIND-079-post,postop,lesion,lesion,1,0,0.0,nan,nan,7260,0,"0.7990,0.7254,1.8280",GAN-cyclegan-2.5D-FLAIR
FLAIR,ReMIND-079-pre,preop,1,tumor,1,1,0.3468311948065156,12.421798830329378,0.1943267999606028,14068,44929,"0.9526,0.9132,0.9551",GAN-cyclegan-2.5D-FLAIR
FLAIR,ReMIND-079-pre,preop,2,cavity,1,0,0.0,nan,nan,7069,0,"0.9526,0.9132,0.9551",GAN-cyclegan-2.5D-FLAIR
FLAIR,ReMIND-079-pre,preop,lesion,lesion,1,1,0.3555535373717192,13.772380181150236,0.20624073769142104,21137,44929,"0.9526,0.9132,0.9551",GAN-cyclegan-2.5D-FLAIR
FLAIR,ReMIND-087-pre,preop,1,tumor,1,1,0.061619718309859156,21.0461550392177,0.1101822437719445,11505,5535,"0.9766,0.9734,0.9968",GAN-cyclegan-2.5D-FLAIR
FLAIR,ReMIND-087-pre,preop,2,cavity,1,0,0.0,nan,nan,11681,0,"0.9766,0.9734,0.9968",GAN-cyclegan-2.5D-FLAIR
FLAIR,ReMIND-087-pre,preop,lesion,lesion,1,1,0.2765224052087323,19.263288478072443,0.21437874446470434,23186,5535,"0.9766,0.9734,0.9968",GAN-cyclegan-2.5D-FLAIR
FLAIR,ReMIND-091-pre,preop,1,tumor,1,1,0.48809933037248887,11.900619677040991,0.18631140038645377,25347,47380,"0.9733,0.9707,0.9931",GAN-cyclegan-2.5D-FLAIR
FLAIR,ReMIND-091-pre,preop,2,cavity,0,0,nan,nan,nan,0,0,"0.9733,0.9707,0.9931",GAN-cyclegan-2.5D-FLAIR
FLAIR,ReMIND-091-pre,preop,lesion,lesion,1,1,0.48809933037248887,11.900619677040991,0.18631140038645377,25347,47380,"0.9733,0.9707,0.9931",GAN-cyclegan-2.5D-FLAIR
FLAIR,ReMIND-096-post,postop,1,tumor,0,1,nan,nan,nan,0,14032,"0.8569,0.8553,1.9849",GAN-cyclegan-2.5D-FLAIR
FLAIR,ReMIND-096-post,postop,2,cavity,1,0,0.0,nan,nan,2166,0,"0.8569,0.8553,1.9849",GAN-cyclegan-2.5D-FLAIR
FLAIR,ReMIND-096-post,postop,lesion,lesion,1,1,0.15532781824916655,27.520312245463543,0.16215538847117794,2166,14032,"0.8569,0.8553,1.9849",GAN-cyclegan-2.5D-FLAIR
FLAIR,ReMIND-096-pre,preop,1,tumor,1,1,0.38070972495088407,13.830943208779578,0.06151051128990397,18774,78954,"0.9755,0.9626,0.9851",GAN-cyclegan-2.5D-FLAIR
FLAIR,ReMIND-096-pre,preop,2,cavity,0,0,nan,nan,nan,0,0,"0.9755,0.9626,0.9851",GAN-cyclegan-2.5D-FLAIR
FLAIR,ReMIND-096-pre,preop,lesion,lesion,1,1,0.38070972495088407,13.830943208779578,0.06151051128990397,18774,78954,"0.9755,0.9626,0.9851",GAN-cyclegan-2.5D-FLAIR
FLAIR,ReMIND-102-pre,preop,1,tumor,1,1,0.3590809441106967,0.17379653468748577,1.0,7693,27430,"0.0008,0.0174,0.0887",GAN-cyclegan-2.5D-FLAIR
FLAIR,ReMIND-102-pre,preop,2,cavity,0,0,nan,nan,nan,0,0,"0.0008,0.0174,0.0887",GAN-cyclegan-2.5D-FLAIR
FLAIR,ReMIND-102-pre,preop,lesion,lesion,1,1,0.3590809441106967,0.17379653468748577,1.0,7693,27430,"0.0008,0.0174,0.0887",GAN-cyclegan-2.5D-FLAIR
FLAIR,ReMIND-107-pre,preop,1,tumor,1,1,0.18981285393822456,16.31742193938418,0.07590931738913802,57631,6116,"0.2343,0.2312,4.9330",GAN-cyclegan-2.5D-FLAIR
FLAIR,ReMIND-107-pre,preop,2,cavity,0,0,nan,nan,nan,0,0,"0.2343,0.2312,4.9330",GAN-cyclegan-2.5D-FLAIR
FLAIR,ReMIND-107-pre,preop,lesion,lesion,1,1,0.18981285393822456,16.31742193938418,0.07590931738913802,57631,6116,"0.2343,0.2312,4.9330",GAN-cyclegan-2.5D-FLAIR
FLAIR,ReMIND-109-post,postop,1,tumor,0,1,nan,nan,nan,0,14378,"0.8585,0.8371,1.9460",GAN-cyclegan-2.5D-FLAIR
FLAIR,ReMIND-109-post,postop,2,cavity,1,0,0.0,nan,nan,3408,0,"0.8585,0.8371,1.9460",GAN-cyclegan-2.5D-FLAIR
FLAIR,ReMIND-109-post,postop,lesion,lesion,1,1,0.05397503654559766,34.372593623863665,0.0835214446952596,3408,14378,"0.8585,0.8371,1.9460",GAN-cyclegan-2.5D-FLAIR
FLAIR,ReMIND-109-pre,preop,1,tumor,1,1,0.2588341890667472,42.118453564333166,0.17677324513046674,10361,55859,"0.9755,0.9400,0.9620",GAN-cyclegan-2.5D-FLAIR
FLAIR,ReMIND-109-pre,preop,2,cavity,0,0,nan,nan,nan,0,0,"0.9755,0.9400,0.9620",GAN-cyclegan-2.5D-FLAIR
FLAIR,ReMIND-109-pre,preop,lesion,lesion,1,1,0.2588341890667472,42.118453564333166,0.17677324513046674,10361,55859,"0.9755,0.9400,0.9620",GAN-cyclegan-2.5D-FLAIR
FLAIR,ReMIND-003-post,postop,1,tumor,0,1,nan,nan,nan,0,23795,"0.9264,0.9265,1.9922",GAN-cyclegan-2D+3D-post-FLAIR
FLAIR,ReMIND-003-post,postop,2,cavity,1,0,0.0,nan,nan,2099,0,"0.9264,0.9265,1.9922",GAN-cyclegan-2D+3D-post-FLAIR
FLAIR,ReMIND-003-post,postop,lesion,lesion,1,1,0.14914652042944312,28.85035403504534,0.11686606361248905,2099,23795,"0.9264,0.9265,1.9922",GAN-cyclegan-2D+3D-post-FLAIR
FLAIR,ReMIND-023-pre,preop,1,tumor,1,1,0.42905487067923614,6.4892591374009365,0.24203480589022758,3895,4379,"0.6872,0.6822,2.1845",GAN-cyclegan-2D+3D-post-FLAIR
FLAIR,ReMIND-023-pre,preop,2,cavity,0,0,nan,nan,nan,0,0,"0.6872,0.6822,2.1845",GAN-cyclegan-2D+3D-post-FLAIR
FLAIR,ReMIND-023-pre,preop,lesion,lesion,1,1,0.42905487067923614,6.4892591374009365,0.24203480589022758,3895,4379,"0.6872,0.6822,2.1845",GAN-cyclegan-2D+3D-post-FLAIR
FLAIR,ReMIND-032-post,postop,1,tumor,1,1,0.051518460107566014,30.756044608004103,0.12851285128512852,13367,11362,"0.8594,0.8379,1.9501",GAN-cyclegan-2D+3D-post-FLAIR
FLAIR,ReMIND-032-post,postop,2,cavity,1,0,0.0,nan,nan,6211,0,"0.8594,0.8379,1.9501",GAN-cyclegan-2D+3D-post-FLAIR
FLAIR,ReMIND-032-post,postop,lesion,lesion,1,1,0.10723981900452488,21.278704847674515,0.17773207990599296,19578,11362,"0.8594,0.8379,1.9501",GAN-cyclegan-2D+3D-post-FLAIR
FLAIR,ReMIND-032-pre,preop,1,tumor,1,1,0.7078447963253959,6.738262466021945,0.4154618473895582,32911,49819,"0.8208,0.8169,1.9763",GAN-cyclegan-2D+3D-post-FLAIR
FLAIR,ReMIND-032-pre,preop,2,cavity,0,0,nan,nan,nan,0,0,"0.8208,0.8169,1.9763",GAN-cyclegan-2D+3D-post-FLAIR
FLAIR,ReMIND-032-pre,preop,lesion,lesion,1,1,0.7078447963253959,6.738262466021945,0.4154618473895582,32911,49819,"0.8208,0.8169,1.9763",GAN-cyclegan-2D+3D-post-FLAIR
FLAIR,ReMIND-045-pre,preop,1,tumor,1,1,0.7277162722142368,2.396636052272215,0.6432354471083369,123470,149947,"0.2608,0.2430,0.9600",GAN-cyclegan-2D+3D-post-FLAIR
FLAIR,ReMIND-045-pre,preop,2,cavity,0,0,nan,nan,nan,0,0,"0.2608,0.2430,0.9600",GAN-cyclegan-2D+3D-post-FLAIR
FLAIR,ReMIND-045-pre,preop,lesion,lesion,1,1,0.7277162722142368,2.396636052272215,0.6432354471083369,123470,149947,"0.2608,0.2430,0.9600",GAN-cyclegan-2D+3D-post-FLAIR
FLAIR,ReMIND-056-post,postop,1,tumor,0,1,nan,nan,nan,0,13834,"0.8539,0.8523,1.9741",GAN-cyclegan-2D+3D-post-FLAIR
FLAIR,ReMIND-056-post,postop,2,cavity,1,0,0.0,nan,nan,17551,0,"0.8539,0.8523,1.9741",GAN-cyclegan-2D+3D-post-FLAIR
FLAIR,ReMIND-056-post,postop,lesion,lesion,1,1,0.0005735223833041262,23.313478208564536,0.025673352435530088,17551,13834,"0.8539,0.8523,1.9741",GAN-cyclegan-2D+3D-post-FLAIR
FLAIR,ReMIND-056-pre,preop,1,tumor,1,1,0.6436447246947343,7.959821148919804,0.39242407386806094,55846,58972,"0.7937,0.7936,1.2000",GAN-cyclegan-2D+3D-post-FLAIR
FLAIR,ReMIND-056-pre,preop,2,cavity,0,0,nan,nan,nan,0,0,"0.7937,0.7936,1.2000",GAN-cyclegan-2D+3D-post-FLAIR
FLAIR,ReMIND-056-pre,preop,lesion,lesion,1,1,0.6436447246947343,7.959821148919804,0.39242407386806094,55846,58972,"0.7937,0.7936,1.2000",GAN-cyclegan-2D+3D-post-FLAIR
FLAIR,ReMIND-077-post,postop,1,tumor,1,1,0.02997825411618515,21.89254650555658,0.10162271805273834,2094,10782,"0.8558,0.8268,1.9283",GAN-cyclegan-2D+3D-post-FLAIR
FLAIR,ReMIND-077-post,postop,2,cavity,1,0,0.0,nan,nan,2767,0,"0.8558,0.8268,1.9283",GAN-cyclegan-2D+3D-post-FLAIR
FLAIR,ReMIND-077-post,postop,lesion,lesion,1,1,0.08566131816147798,21.498098046906463,0.2282732757215066,4861,10782,"0.8558,0.8268,1.9283",GAN-cyclegan-2D+3D-post-FLAIR
FLAIR,ReMIND-077-pre,preop,1,tumor,1,1,0.18004673287156805,18.558194652183797,0.18697607851155182,6841,41091,"0.9765,0.9644,0.9880",GAN-cyclegan-2D+3D-post-FLAIR
FLAIR,ReMIND-077-pre,preop,2,cavity,1,0,0.0,nan,nan,5265,0,"0.9765,0.9644,0.9880",GAN-cyclegan-2D+3D-post-FLAIR
FLAIR,ReMIND-077-pre,preop,lesion,lesion,1,1,0.23892324755155367,18.120900516538313,0.2020107112656206,12106,41091,"0.9765,0.9644,0.9880",GAN-cyclegan-2D+3D-post-FLAIR
FLAIR,ReMIND-079-post,postop,1,tumor,1,1,0.037126068376068376,22.442505105978857,0.086073500967118,7260,228,"0.7990,0.7254,1.8280",GAN-cyclegan-2D+3D-post-FLAIR
FLAIR,ReMIND-079-post,postop,2,cavity,0,0,nan,nan,nan,0,0,"0.7990,0.7254,1.8280",GAN-cyclegan-2D+3D-post-FLAIR
FLAIR,ReMIND-079-post,postop,lesion,lesion,1,1,0.037126068376068376,22.442505105978857,0.086073500967118,7260,228,"0.7990,0.7254,1.8280",GAN-cyclegan-2D+3D-post-FLAIR
FLAIR,ReMIND-079-pre,preop,1,tumor,1,1,0.2908862107352016,16.63728144979549,0.19357724304499507,14068,47915,"0.9526,0.9132,0.9551",GAN-cyclegan-2D+3D-post-FLAIR
FLAIR,ReMIND-079-pre,preop,2,cavity,1,0,0.0,nan,nan,7069,0,"0.9526,0.9132,0.9551",GAN-cyclegan-2D+3D-post-FLAIR
FLAIR,ReMIND-079-pre,preop,lesion,lesion,1,1,0.357585587673058,14.224708190101842,0.2572122684482235,21137,47915,"0.9526,0.9132,0.9551",GAN-cyclegan-2D+3D-post-FLAIR
FLAIR,ReMIND-087-pre,preop,1,tumor,1,1,0.17802450229709035,16.084715719061982,0.221020954079358,11505,30287,"0.9766,0.9734,0.9968",GAN-cyclegan-2D+3D-post-FLAIR
FLAIR,ReMIND-087-pre,preop,2,cavity,1,0,0.0,nan,nan,11681,0,"0.9766,0.9734,0.9968",GAN-cyclegan-2D+3D-post-FLAIR
FLAIR,ReMIND-087-pre,preop,lesion,lesion,1,1,0.4886952293680923,11.10626509254144,0.2869059893148374,23186,30287,"0.9766,0.9734,0.9968",GAN-cyclegan-2D+3D-post-FLAIR
FLAIR,ReMIND-091-pre,preop,1,tumor,1,1,0.5393370017447322,11.060982899766307,0.23833397608947166,25347,49163,"0.9733,0.9707,0.9931",GAN-cyclegan-2D+3D-post-FLAIR
FLAIR,ReMIND-091-pre,preop,2,cavity,0,0,nan,nan,nan,0,0,"0.9733,0.9707,0.9931",GAN-cyclegan-2D+3D-post-FLAIR
FLAIR,ReMIND-091-pre,preop,lesion,lesion,1,1,0.5393370017447322,11.060982899766307,0.23833397608947166,25347,49163,"0.9733,0.9707,0.9931",GAN-cyclegan-2D+3D-post-FLAIR
FLAIR,ReMIND-096-post,postop,1,tumor,0,1,nan,nan,nan,0,20421,"0.8569,0.8553,1.9849",GAN-cyclegan-2D+3D-post-FLAIR
FLAIR,ReMIND-096-post,postop,2,cavity,1,0,0.0,nan,nan,2166,0,"0.8569,0.8553,1.9849",GAN-cyclegan-2D+3D-post-FLAIR
FLAIR,ReMIND-096-post,postop,lesion,lesion,1,1,0.18798423872138842,24.653795518642227,0.09447179098826203,2166,20421,"0.8569,0.8553,1.9849",GAN-cyclegan-2D+3D-post-FLAIR
FLAIR,ReMIND-096-pre,preop,1,tumor,1,1,0.3530719766020954,20.35339995639664,0.1195067973442934,18774,81064,"0.9755,0.9626,0.9851",GAN-cyclegan-2D+3D-post-FLAIR
FLAIR,ReMIND-096-pre,preop,2,cavity,0,0,nan,nan,nan,0,0,"0.9755,0.9626,0.9851",GAN-cyclegan-2D+3D-post-FLAIR
FLAIR,ReMIND-096-pre,preop,lesion,lesion,1,1,0.3530719766020954,20.35339995639664,0.1195067973442934,18774,81064,"0.9755,0.9626,0.9851",GAN-cyclegan-2D+3D-post-FLAIR
FLAIR,ReMIND-102-pre,preop,1,tumor,1,1,0.31232249400057244,0.20854355030211275,1.0,7693,37728,"0.0008,0.0174,0.0887",GAN-cyclegan-2D+3D-post-FLAIR
FLAIR,ReMIND-102-pre,preop,2,cavity,0,0,nan,nan,nan,0,0,"0.0008,0.0174,0.0887",GAN-cyclegan-2D+3D-post-FLAIR
FLAIR,ReMIND-102-pre,preop,lesion,lesion,1,1,0.31232249400057244,0.20854355030211275,1.0,7693,37728,"0.0008,0.0174,0.0887",GAN-cyclegan-2D+3D-post-FLAIR
FLAIR,ReMIND-107-pre,preop,1,tumor,1,1,0.4154182879377432,10.896131525241639,0.34419138062854615,57631,24609,"0.2343,0.2312,4.9330",GAN-cyclegan-2D+3D-post-FLAIR
FLAIR,ReMIND-107-pre,preop,2,cavity,0,0,nan,nan,nan,0,0,"0.2343,0.2312,4.9330",GAN-cyclegan-2D+3D-post-FLAIR
FLAIR,ReMIND-107-pre,preop,lesion,lesion,1,1,0.4154182879377432,10.896131525241639,0.34419138062854615,57631,24609,"0.2343,0.2312,4.9330",GAN-cyclegan-2D+3D-post-FLAIR
FLAIR,ReMIND-109-post,postop,1,tumor,0,1,nan,nan,nan,0,5215,"0.8585,0.8371,1.9460",GAN-cyclegan-2D+3D-post-FLAIR
FLAIR,ReMIND-109-post,postop,2,cavity,1,0,0.0,nan,nan,3408,0,"0.8585,0.8371,1.9460",GAN-cyclegan-2D+3D-post-FLAIR
FLAIR,ReMIND-109-post,postop,lesion,lesion,1,1,0.00046387568131740694,36.884496238928584,0.007267833109017497,3408,5215,"0.8585,0.8371,1.9460",GAN-cyclegan-2D+3D-post-FLAIR
FLAIR,ReMIND-109-pre,preop,1,tumor,1,1,0.26716135645093764,32.71343150541821,0.23667205169628433,10361,58908,"0.9755,0.9400,0.9620",GAN-cyclegan-2D+3D-post-FLAIR
FLAIR,ReMIND-109-pre,preop,2,cavity,0,0,nan,nan,nan,0,0,"0.9755,0.9400,0.9620",GAN-cyclegan-2D+3D-post-FLAIR
FLAIR,ReMIND-109-pre,preop,lesion,lesion,1,1,0.26716135645093764,32.71343150541821,0.23667205169628433,10361,58908,"0.9755,0.9400,0.9620",GAN-cyclegan-2D+3D-post-FLAIR
FLAIR,ReMIND-003-post,postop,1,tumor,0,1,nan,nan,nan,0,26010,"0.9264,0.9265,1.9922",GAN-cyclegan-2D-FLAIR
FLAIR,ReMIND-003-post,postop,2,cavity,1,0,0.0,nan,nan,2099,0,"0.9264,0.9265,1.9922",GAN-cyclegan-2D-FLAIR
FLAIR,ReMIND-003-post,postop,lesion,lesion,1,1,0.11512327012700559,31.602551543957606,0.09851725121186199,2099,26010,"0.9264,0.9265,1.9922",GAN-cyclegan-2D-FLAIR
FLAIR,ReMIND-023-pre,preop,1,tumor,1,1,0.45588454099092396,6.259388429223988,0.28359194453615055,3895,2826,"0.6872,0.6822,2.1845",GAN-cyclegan-2D-FLAIR
FLAIR,ReMIND-023-pre,preop,2,cavity,0,0,nan,nan,nan,0,0,"0.6872,0.6822,2.1845",GAN-cyclegan-2D-FLAIR
FLAIR,ReMIND-023-pre,preop,lesion,lesion,1,1,0.45588454099092396,6.259388429223988,0.28359194453615055,3895,2826,"0.6872,0.6822,2.1845",GAN-cyclegan-2D-FLAIR
FLAIR,ReMIND-032-post,postop,1,tumor,1,1,0.15050481333646396,26.665149769156297,0.1279025504377617,13367,20705,"0.8594,0.8379,1.9501",GAN-cyclegan-2D-FLAIR
FLAIR,ReMIND-032-post,postop,2,cavity,1,0,0.0,nan,nan,6211,0,"0.8594,0.8379,1.9501",GAN-cyclegan-2D-FLAIR
FLAIR,ReMIND-032-post,postop,lesion,lesion,1,1,0.2910905344686344,16.87429942078417,0.20996175729875943,19578,20705,"0.8594,0.8379,1.9501",GAN-cyclegan-2D-FLAIR
FLAIR,ReMIND-032-pre,preop,1,tumor,1,1,0.7318811100016026,6.231959645041543,0.41826496484881576,32911,48206,"0.8208,0.8169,1.9763",GAN-cyclegan-2D-FLAIR
FLAIR,ReMIND-032-pre,preop,2,cavity,0,0,nan,nan,nan,0,0,"0.8208,0.8169,1.9763",GAN-cyclegan-2D-FLAIR
FLAIR,ReMIND-032-pre,preop,lesion,lesion,1,1,0.7318811100016026,6.231959645041543,0.41826496484881576,32911,48206,"0.8208,0.8169,1.9763",GAN-cyclegan-2D-FLAIR
FLAIR,ReMIND-045-pre,preop,1,tumor,1,1,0.7529005716398823,2.076667299886325,0.6898829839102877,123470,136134,"0.2608,0.2430,0.9600",GAN-cyclegan-2D-FLAIR
FLAIR,ReMIND-045-pre,preop,2,cavity,0,0,nan,nan,nan,0,0,"0.2608,0.2430,0.9600",GAN-cyclegan-2D-FLAIR
FLAIR,ReMIND-045-pre,preop,lesion,lesion,1,1,0.7529005716398823,2.076667299886325,0.6898829839102877,123470,136134,"0.2608,0.2430,0.9600",GAN-cyclegan-2D-FLAIR
FLAIR,ReMIND-056-post,postop,1,tumor,0,1,nan,nan,nan,0,3436,"0.8539,0.8523,1.9741",GAN-cyclegan-2D-FLAIR
FLAIR,ReMIND-056-post,postop,2,cavity,1,0,0.0,nan,nan,17551,0,"0.8539,0.8523,1.9741",GAN-cyclegan-2D-FLAIR
FLAIR,ReMIND-056-post,postop,lesion,lesion,1,1,0.12283794730070996,21.36246061391718,0.12506162695152012,17551,3436,"0.8539,0.8523,1.9741",GAN-cyclegan-2D-FLAIR
FLAIR,ReMIND-056-pre,preop,1,tumor,1,1,0.6545765812640042,7.1490967124297535,0.3711070254610285,55846,63315,"0.7937,0.7936,1.2000",GAN-cyclegan-2D-FLAIR
FLAIR,ReMIND-056-pre,preop,2,cavity,0,0,nan,nan,nan,0,0,"0.7937,0.7936,1.2000",GAN-cyclegan-2D-FLAIR
FLAIR,ReMIND-056-pre,preop,lesion,lesion,1,1,0.6545765812640042,7.1490967124297535,0.3711070254610285,55846,63315,"0.7937,0.7936,1.2000",GAN-cyclegan-2D-FLAIR
FLAIR,ReMIND-077-post,postop,1,tumor,1,1,0.0287574218470563,25.021841432772995,0.09897678079496261,2094,11885,"0.8558,0.8268,1.9283",GAN-cyclegan-2D-FLAIR
FLAIR,ReMIND-077-post,postop,2,cavity,1,0,0.0,nan,nan,2767,0,"0.8558,0.8268,1.9283",GAN-cyclegan-2D-FLAIR
FLAIR,ReMIND-077-post,postop,lesion,lesion,1,1,0.029977308013854054,24.505146879455967,0.10342084327764518,4861,11885,"0.8558,0.8268,1.9283",GAN-cyclegan-2D-FLAIR
FLAIR,ReMIND-077-pre,preop,1,tumor,1,1,0.18326642721318404,19.018983753534606,0.18629994810586403,6841,40489,"0.9765,0.9644,0.9880",GAN-cyclegan-2D-FLAIR
FLAIR,ReMIND-077-pre,preop,2,cavity,1,0,0.0,nan,nan,5265,0,"0.9765,0.9644,0.9880",GAN-cyclegan-2D-FLAIR
FLAIR,ReMIND-077-pre,preop,lesion,lesion,1,1,0.24523243654339766,18.60166351668417,0.20512576219512196,12106,40489,"0.9765,0.9644,0.9880",GAN-cyclegan-2D-FLAIR
FLAIR,ReMIND-079-post,postop,1,tumor,1,1,0.11859282671430535,19.362732055039384,0.1396534148827727,7260,7294,"0.7990,0.7254,1.8280",GAN-cyclegan-2D-FLAIR
FLAIR,ReMIND-079-post,postop,2,cavity,0,0,nan,nan,nan,0,0,"0.7990,0.7254,1.8280",GAN-cyclegan-2D-FLAIR
FLAIR,ReMIND-079-post,postop,lesion,lesion,1,1,0.11859282671430535,19.362732055039384,0.1396534148827727,7260,7294,"0.7990,0.7254,1.8280",GAN-cyclegan-2D-FLAIR
FLAIR,ReMIND-079-pre,preop,1,tumor,1,1,0.26755673389514883,16.221689199071076,0.2109687083888149,14068,49298,"0.9526,0.9132,0.9551",GAN-cyclegan-2D-FLAIR
FLAIR,ReMIND-079-pre,preop,2,cavity,1,0,0.0,nan,nan,7069,0,"0.9526,0.9132,0.9551",GAN-cyclegan-2D-FLAIR
FLAIR,ReMIND-079-pre,preop,lesion,lesion,1,1,0.3231632001135799,14.358705661535963,0.2635448640159897,21137,49298,"0.9526,0.9132,0.9551",GAN-cyclegan-2D-FLAIR
FLAIR,ReMIND-087-pre,preop,1,tumor,1,1,0.19368329968272283,15.758221706546712,0.24269462413562345,11505,30099,"0.9766,0.9734,0.9968",GAN-cyclegan-2D-FLAIR
FLAIR,ReMIND-087-pre,preop,2,cavity,1,0,0.0,nan,nan,11681,0,"0.9766,0.9734,0.9968",GAN-cyclegan-2D-FLAIR
FLAIR,ReMIND-087-pre,preop,lesion,lesion,1,1,0.5082856338556817,11.051018380977517,0.3223295507830817,23186,30099,"0.9766,0.9734,0.9968",GAN-cyclegan-2D-FLAIR
FLAIR,ReMIND-091-pre,preop,1,tumor,1,1,0.5141199621763909,11.518501414789794,0.18823860438942036,25347,52911,"0.9733,0.9707,0.9931",GAN-cyclegan-2D-FLAIR
FLAIR,ReMIND-091-pre,preop,2,cavity,0,0,nan,nan,nan,0,0,"0.9733,0.9707,0.9931",GAN-cyclegan-2D-FLAIR
FLAIR,ReMIND-091-pre,preop,lesion,lesion,1,1,0.5141199621763909,11.518501414789794,0.18823860438942036,25347,52911,"0.9733,0.9707,0.9931",GAN-cyclegan-2D-FLAIR
FLAIR,ReMIND-096-post,postop,1,tumor,0,1,nan,nan,nan,0,19454,"0.8569,0.8553,1.9849",GAN-cyclegan-2D-FLAIR
FLAIR,ReMIND-096-post,postop,2,cavity,1,0,0.0,nan,nan,2166,0,"0.8569,0.8553,1.9849",GAN-cyclegan-2D-FLAIR
FLAIR,ReMIND-096-post,postop,lesion,lesion,1,1,0.1391304347826087,32.16663437723805,0.12,2166,19454,"0.8569,0.8553,1.9849",GAN-cyclegan-2D-FLAIR
FLAIR,ReMIND-096-pre,preop,1,tumor,1,1,0.35308644454037125,20.570074099586815,0.12617821782178218,18774,80839,"0.9755,0.9626,0.9851",GAN-cyclegan-2D-FLAIR
FLAIR,ReMIND-096-pre,preop,2,cavity,0,0,nan,nan,nan,0,0,"0.9755,0.9626,0.9851",GAN-cyclegan-2D-FLAIR
FLAIR,ReMIND-096-pre,preop,lesion,lesion,1,1,0.35308644454037125,20.570074099586815,0.12617821782178218,18774,80839,"0.9755,0.9626,0.9851",GAN-cyclegan-2D-FLAIR
FLAIR,ReMIND-102-pre,preop,1,tumor,1,1,0.3383888312878258,0.17384097399769907,1.0,7693,33780,"0.0008,0.0174,0.0887",GAN-cyclegan-2D-FLAIR
FLAIR,ReMIND-102-pre,preop,2,cavity,0,0,nan,nan,nan,0,0,"0.0008,0.0174,0.0887",GAN-cyclegan-2D-FLAIR
FLAIR,ReMIND-102-pre,preop,lesion,lesion,1,1,0.3383888312878258,0.17384097399769907,1.0,7693,33780,"0.0008,0.0174,0.0887",GAN-cyclegan-2D-FLAIR
FLAIR,ReMIND-107-pre,preop,1,tumor,1,1,0.2843282498184459,13.279657134224282,0.1847905544602707,57631,11219,"0.2343,0.2312,4.9330",GAN-cyclegan-2D-FLAIR
FLAIR,ReMIND-107-pre,preop,2,cavity,0,1,nan,nan,nan,0,1235,"0.2343,0.2312,4.9330",GAN-cyclegan-2D-FLAIR
FLAIR,ReMIND-107-pre,preop,lesion,lesion,1,1,0.2793179710351716,13.856576464932784,0.17986976583725042,57631,12454,"0.2343,0.2312,4.9330",GAN-cyclegan-2D-FLAIR
FLAIR,ReMIND-109-post,postop,1,tumor,0,1,nan,nan,nan,0,25246,"0.8585,0.8371,1.9460",GAN-cyclegan-2D-FLAIR
FLAIR,ReMIND-109-post,postop,2,cavity,1,0,0.0,nan,nan,3408,0,"0.8585,0.8371,1.9460",GAN-cyclegan-2D-FLAIR
FLAIR,ReMIND-109-post,postop,lesion,lesion,1,1,0.05053395686466113,33.30541254796199,0.06481107973645286,3408,25246,"0.8585,0.8371,1.9460",GAN-cyclegan-2D-FLAIR
FLAIR,ReMIND-109-pre,preop,1,tumor,1,1,0.24998614421105136,34.5352035600334,0.22971007466304663,10361,61811,"0.9755,0.9400,0.9620",GAN-cyclegan-2D-FLAIR
FLAIR,ReMIND-109-pre,preop,2,cavity,0,0,nan,nan,nan,0,0,"0.9755,0.9400,0.9620",GAN-cyclegan-2D-FLAIR
FLAIR,ReMIND-109-pre,preop,lesion,lesion,1,1,0.24998614421105136,34.5352035600334,0.22971007466304663,10361,61811,"0.9755,0.9400,0.9620",GAN-cyclegan-2D-FLAIR
FLAIR,ReMIND-003-post,postop,1,tumor,0,1,nan,nan,nan,0,5352,"0.9264,0.9265,1.9922",GAN-cyclegan-3D-FLAIR
FLAIR,ReMIND-003-post,postop,2,cavity,1,1,0.0,21.56156677031675,0.0,2099,15,"0.9264,0.9265,1.9922",GAN-cyclegan-3D-FLAIR
FLAIR,ReMIND-003-post,postop,lesion,lesion,1,1,0.25529065095097775,23.672949995437254,0.23690851735015772,2099,5367,"0.9264,0.9265,1.9922",GAN-cyclegan-3D-FLAIR
FLAIR,ReMIND-023-pre,preop,1,tumor,1,1,0.5115489130434783,5.305989268378089,0.39666666666666667,3895,1993,"0.6872,0.6822,2.1845",GAN-cyclegan-3D-FLAIR
FLAIR,ReMIND-023-pre,preop,2,cavity,0,1,nan,nan,nan,0,245,"0.6872,0.6822,2.1845",GAN-cyclegan-3D-FLAIR
FLAIR,ReMIND-023-pre,preop,lesion,lesion,1,1,0.5191586499266264,5.397655729060766,0.3658625730994152,3895,2238,"0.6872,0.6822,2.1845",GAN-cyclegan-3D-FLAIR
FLAIR,ReMIND-032-post,postop,1,tumor,1,1,0.2651939834600655,14.341496784718366,0.30632510013351133,13367,22667,"0.8594,0.8379,1.9501",GAN-cyclegan-3D-FLAIR
FLAIR,ReMIND-032-post,postop,2,cavity,1,0,0.0,nan,nan,6211,0,"0.8594,0.8379,1.9501",GAN-cyclegan-3D-FLAIR
FLAIR,ReMIND-032-post,postop,lesion,lesion,1,1,0.411930405965203,13.52618921199086,0.30384520783799296,19578,22667,"0.8594,0.8379,1.9501",GAN-cyclegan-3D-FLAIR
FLAIR,ReMIND-032-pre,preop,1,tumor,1,1,0.6913018123093486,7.258010892274979,0.3803939065587354,32911,56257,"0.8208,0.8169,1.9763",GAN-cyclegan-3D-FLAIR
FLAIR,ReMIND-032-pre,preop,2,cavity,0,0,nan,nan,nan,0,0,"0.8208,0.8169,1.9763",GAN-cyclegan-3D-FLAIR
FLAIR,ReMIND-032-pre,preop,lesion,lesion,1,1,0.6913018123093486,7.258010892274979,0.3803939065587354,32911,56257,"0.8208,0.8169,1.9763",GAN-cyclegan-3D-FLAIR
FLAIR,ReMIND-045-pre,preop,1,tumor,1,1,0.6995399315795683,2.8209005036655856,0.6674904458598726,123470,105409,"0.2608,0.2430,0.9600",GAN-cyclegan-3D-FLAIR
FLAIR,ReMIND-045-pre,preop,2,cavity,0,0,nan,nan,nan,0,0,"0.2608,0.2430,0.9600",GAN-cyclegan-3D-FLAIR
FLAIR,ReMIND-045-pre,preop,lesion,lesion,1,1,0.6995399315795683,2.8209005036655856,0.6674904458598726,123470,105409,"0.2608,0.2430,0.9600",GAN-cyclegan-3D-FLAIR
FLAIR,ReMIND-056-post,postop,1,tumor,0,1,nan,nan,nan,0,5838,"0.8539,0.8523,1.9741",GAN-cyclegan-3D-FLAIR
FLAIR,ReMIND-056-post,postop,2,cavity,1,0,0.0,nan,nan,17551,0,"0.8539,0.8523,1.9741",GAN-cyclegan-3D-FLAIR
FLAIR,ReMIND-056-post,postop,lesion,lesion,1,1,0.0,32.44224720728371,0.0,17551,5838,"0.8539,0.8523,1.9741",GAN-cyclegan-3D-FLAIR
FLAIR,ReMIND-056-pre,preop,1,tumor,1,1,0.5558149209577516,8.878373485806058,0.3431628392484342,55846,30690,"0.7937,0.7936,1.2000",GAN-cyclegan-3D-FLAIR
FLAIR,ReMIND-056-pre,preop,2,cavity,0,0,nan,nan,nan,0,0,"0.7937,0.7936,1.2000",GAN-cyclegan-3D-FLAIR
FLAIR,ReMIND-056-pre,preop,lesion,lesion,1,1,0.5558149209577516,8.878373485806058,0.3431628392484342,55846,30690,"0.7937,0.7936,1.2000",GAN-cyclegan-3D-FLAIR
FLAIR,ReMIND-077-post,postop,1,tumor,1,1,0.07620478694858861,24.388245625633942,0.12063227953410982,2094,7223,"0.8558,0.8268,1.9283",GAN-cyclegan-3D-FLAIR
FLAIR,ReMIND-077-post,postop,2,cavity,1,0,0.0,nan,nan,2767,0,"0.8558,0.8268,1.9283",GAN-cyclegan-3D-FLAIR
FLAIR,ReMIND-077-post,postop,lesion,lesion,1,1,0.13588215822575306,23.498630864255897,0.18756498232480764,4861,7223,"0.8558,0.8268,1.9283",GAN-cyclegan-3D-FLAIR
FLAIR,ReMIND-077-pre,preop,1,tumor,1,1,0.17036091447139376,13.295245135969283,0.21225443055364748,6841,19010,"0.9765,0.9644,0.9880",GAN-cyclegan-3D-FLAIR
FLAIR,ReMIND-077-pre,preop,2,cavity,1,0,0.0,nan,nan,5265,0,"0.9765,0.9644,0.9880",GAN-cyclegan-3D-FLAIR
FLAIR,ReMIND-077-pre,preop,lesion,lesion,1,1,0.25742383339760894,12.81159496339812,0.22235872235872237,12106,19010,"0.9765,0.9644,0.9880",GAN-cyclegan-3D-FLAIR
FLAIR,ReMIND-079-post,postop,1,tumor,1,1,0.12144259077526988,19.069578394605017,0.19166967183555716,7260,9044,"0.7990,0.7254,1.8280",GAN-cyclegan-3D-FLAIR
FLAIR,ReMIND-079-post,postop,2,cavity,0,0,nan,nan,nan,0,0,"0.7990,0.7254,1.8280",GAN-cyclegan-3D-FLAIR
FLAIR,ReMIND-079-post,postop,lesion,lesion,1,1,0.12144259077526988,19.069578394605017,0.19166967183555716,7260,9044,"0.7990,0.7254,1.8280",GAN-cyclegan-3D-FLAIR
FLAIR,ReMIND-079-pre,preop,1,tumor,1,1,0.18446802361587053,21.00736846068541,0.1495225102319236,14068,10153,"0.9526,0.9132,0.9551",GAN-cyclegan-3D-FLAIR
FLAIR,ReMIND-079-pre,preop,2,cavity,1,0,0.0,nan,nan,7069,0,"0.9526,0.9132,0.9551",GAN-cyclegan-3D-FLAIR
FLAIR,ReMIND-079-pre,preop,lesion,lesion,1,1,0.17871524448705656,27.991046672057465,0.13986914083449534,21137,10153,"0.9526,0.9132,0.9551",GAN-cyclegan-3D-FLAIR
FLAIR,ReMIND-087-pre,preop,1,tumor,1,1,0.016517375007941044,21.140646892779053,0.0442429737080689,11505,4236,"0.9766,0.9734,0.9968",GAN-cyclegan-3D-FLAIR
FLAIR,ReMIND-087-pre,preop,2,cavity,1,0,0.0,nan,nan,11681,0,"0.9766,0.9734,0.9968",GAN-cyclegan-3D-FLAIR
FLAIR,ReMIND-087-pre,preop,lesion,lesion,1,1,0.19422361607468455,19.505397630193645,0.1668053244592346,23186,4236,"0.9766,0.9734,0.9968",GAN-cyclegan-3D-FLAIR
FLAIR,ReMIND-091-pre,preop,1,tumor,1,1,0.5539881713554987,7.7652506828308105,0.28468666178980734,25347,24701,"0.9733,0.9707,0.9931",GAN-cyclegan-3D-FLAIR
FLAIR,ReMIND-091-pre,preop,2,cavity,0,0,nan,nan,nan,0,0,"0.9733,0.9707,0.9931",GAN-cyclegan-3D-FLAIR
FLAIR,ReMIND-091-pre,preop,lesion,lesion,1,1,0.5539881713554987,7.7652506828308105,0.28468666178980734,25347,24701,"0.9733,0.9707,0.9931",GAN-cyclegan-3D-FLAIR
FLAIR,ReMIND-096-post,postop,1,tumor,0,1,nan,nan,nan,0,11942,"0.8569,0.8553,1.9849",GAN-cyclegan-3D-FLAIR
FLAIR,ReMIND-096-post,postop,2,cavity,1,0,0.0,nan,nan,2166,0,"0.8569,0.8553,1.9849",GAN-cyclegan-3D-FLAIR
FLAIR,ReMIND-096-post,postop,lesion,lesion,1,1,0.15735752764389,39.661313999081216,0.16816743733268436,2166,11942,"0.8569,0.8553,1.9849",GAN-cyclegan-3D-FLAIR
FLAIR,ReMIND-096-pre,preop,1,tumor,1,1,0.3770634012647565,17.453032756582484,0.21409066084107045,18774,60767,"0.9755,0.9626,0.9851",GAN-cyclegan-3D-FLAIR
FLAIR,ReMIND-096-pre,preop,2,cavity,0,0,nan,nan,nan,0,0,"0.9755,0.9626,0.9851",GAN-cyclegan-3D-FLAIR
FLAIR,ReMIND-096-pre,preop,lesion,lesion,1,1,0.3770634012647565,17.453032756582484,0.21409066084107045,18774,60767,"0.9755,0.9626,0.9851",GAN-cyclegan-3D-FLAIR
FLAIR,ReMIND-102-pre,preop,1,tumor,1,1,0.183456282500907,0.15646938334209615,1.0,7693,8845,"0.0008,0.0174,0.0887",GAN-cyclegan-3D-FLAIR
FLAIR,ReMIND-102-pre,preop,2,cavity,0,1,nan,nan,nan,0,14195,"0.0008,0.0174,0.0887",GAN-cyclegan-3D-FLAIR
FLAIR,ReMIND-102-pre,preop,lesion,lesion,1,1,0.1487000943611102,0.21526520709515048,1.0,7693,23040,"0.0008,0.0174,0.0887",GAN-cyclegan-3D-FLAIR
FLAIR,ReMIND-107-pre,preop,1,tumor,1,0,0.0,nan,nan,57631,0,"0.2343,0.2312,4.9330",GAN-cyclegan-3D-FLAIR
FLAIR,ReMIND-107-pre,preop,2,cavity,0,0,nan,nan,nan,0,0,"0.2343,0.2312,4.9330",GAN-cyclegan-3D-FLAIR
FLAIR,ReMIND-107-pre,preop,lesion,lesion,1,0,0.0,nan,nan,57631,0,"0.2343,0.2312,4.9330",GAN-cyclegan-3D-FLAIR
FLAIR,ReMIND-109-post,postop,1,tumor,0,1,nan,nan,nan,0,4651,"0.8585,0.8371,1.9460",GAN-cyclegan-3D-FLAIR
FLAIR,ReMIND-109-post,postop,2,cavity,1,0,0.0,nan,nan,3408,0,"0.8585,0.8371,1.9460",GAN-cyclegan-3D-FLAIR
FLAIR,ReMIND-109-post,postop,lesion,lesion,1,1,0.032262067254001735,39.3101615714387,0.03716121821737916,3408,4651,"0.8585,0.8371,1.9460",GAN-cyclegan-3D-FLAIR
FLAIR,ReMIND-109-pre,preop,1,tumor,1,1,0.39883891632190044,35.48738126243257,0.3301416048550236,10361,19611,"0.9755,0.9400,0.9620",GAN-cyclegan-3D-FLAIR
FLAIR,ReMIND-109-pre,preop,2,cavity,0,0,nan,nan,nan,0,0,"0.9755,0.9400,0.9620",GAN-cyclegan-3D-FLAIR
FLAIR,ReMIND-109-pre,preop,lesion,lesion,1,1,0.39883891632190044,35.48738126243257,0.3301416048550236,10361,19611,"0.9755,0.9400,0.9620",GAN-cyclegan-3D-FLAIR
FLAIR,ReMIND-003-post,postop,1,tumor,0,1,nan,nan,nan,0,12976,"0.9264,0.9265,1.9922",GAN-pix2pix-2.5D-FLAIR
FLAIR,ReMIND-003-post,postop,2,cavity,1,0,0.0,nan,nan,2099,0,"0.9264,0.9265,1.9922",GAN-pix2pix-2.5D-FLAIR
FLAIR,ReMIND-003-post,postop,lesion,lesion,1,1,0.012868988391376452,26.105247487575706,0.03622416364798636,2099,12976,"0.9264,0.9265,1.9922",GAN-pix2pix-2.5D-FLAIR
FLAIR,ReMIND-023-pre,preop,1,tumor,1,1,0.350519584332534,6.653497650917287,0.16003386960203217,3895,1109,"0.6872,0.6822,2.1845",GAN-pix2pix-2.5D-FLAIR
FLAIR,ReMIND-023-pre,preop,2,cavity,0,1,nan,nan,nan,0,86,"0.6872,0.6822,2.1845",GAN-pix2pix-2.5D-FLAIR
FLAIR,ReMIND-023-pre,preop,lesion,lesion,1,1,0.34459724950884085,7.1491223097169065,0.15441176470588236,3895,1195,"0.6872,0.6822,2.1845",GAN-pix2pix-2.5D-FLAIR
FLAIR,ReMIND-032-post,postop,1,tumor,1,1,0.22502340510900093,28.634188960740588,0.20657057281916885,13367,16541,"0.8594,0.8379,1.9501",GAN-pix2pix-2.5D-FLAIR
FLAIR,ReMIND-032-post,postop,2,cavity,1,0,0.0,nan,nan,6211,0,"0.8594,0.8379,1.9501",GAN-pix2pix-2.5D-FLAIR
FLAIR,ReMIND-032-post,postop,lesion,lesion,1,1,0.32957723082034385,17.46797729838286,0.2190511149857759,19578,16541,"0.8594,0.8379,1.9501",GAN-pix2pix-2.5D-FLAIR
FLAIR,ReMIND-032-pre,preop,1,tumor,1,1,0.6899408456026627,7.384543254842524,0.41688849452824606,32911,35892,"0.8208,0.8169,1.9763",GAN-pix2pix-2.5D-FLAIR
FLAIR,ReMIND-032-pre,preop,2,cavity,0,0,nan,nan,nan,0,0,"0.8208,0.8169,1.9763",GAN-pix2pix-2.5D-FLAIR
FLAIR,ReMIND-032-pre,preop,lesion,lesion,1,1,0.6899408456026627,7.384543254842524,0.41688849452824606,32911,35892,"0.8208,0.8169,1.9763",GAN-pix2pix-2.5D-FLAIR
FLAIR,ReMIND-045-pre,preop,1,tumor,1,1,0.8051455239150294,1.3661183971819288,0.829173186300077,123470,118449,"0.2608,0.2430,0.9600",GAN-pix2pix-2.5D-FLAIR
FLAIR,ReMIND-045-pre,preop,2,cavity,0,1,nan,nan,nan,0,167,"0.2608,0.2430,0.9600",GAN-pix2pix-2.5D-FLAIR
FLAIR,ReMIND-045-pre,preop,lesion,lesion,1,1,0.8059697793346167,1.3661183971819288,0.829438611367434,123470,118616,"0.2608,0.2430,0.9600",GAN-pix2pix-2.5D-FLAIR
FLAIR,ReMIND-056-post,postop,1,tumor,0,1,nan,nan,nan,0,13992,"0.8539,0.8523,1.9741",GAN-pix2pix-2.5D-FLAIR
FLAIR,ReMIND-056-post,postop,2,cavity,1,0,0.0,nan,nan,17551,0,"0.8539,0.8523,1.9741",GAN-pix2pix-2.5D-FLAIR
FLAIR,ReMIND-056-post,postop,lesion,lesion,1,1,0.6510477760517389,7.293690512523808,0.451635448700028,17551,13992,"0.8539,0.8523,1.9741",GAN-pix2pix-2.5D-FLAIR
FLAIR,ReMIND-056-pre,preop,1,tumor,1,1,0.6693626515574084,8.771288713529655,0.41804580622021825,55846,80406,"0.7937,0.7936,1.2000",GAN-pix2pix-2.5D-FLAIR
FLAIR,ReMIND-056-pre,preop,2,cavity,0,0,nan,nan,nan,0,0,"0.7937,0.7936,1.2000",GAN-pix2pix-2.5D-FLAIR
FLAIR,ReMIND-056-pre,preop,lesion,lesion,1,1,0.6693626515574084,8.771288713529655,0.41804580622021825,55846,80406,"0.7937,0.7936,1.2000",GAN-pix2pix-2.5D-FLAIR
FLAIR,ReMIND-077-post,postop,1,tumor,1,1,0.0,22.032056942993734,0.0,2094,4778,"0.8558,0.8268,1.9283",GAN-pix2pix-2.5D-FLAIR
FLAIR,ReMIND-077-post,postop,2,cavity,1,0,0.0,nan,nan,2767,0,"0.8558,0.8268,1.9283",GAN-pix2pix-2.5D-FLAIR
FLAIR,ReMIND-077-post,postop,lesion,lesion,1,1,0.003527336860670194,21.265903365238294,0.02300773896674336,4861,4778,"0.8558,0.8268,1.9283",GAN-pix2pix-2.5D-FLAIR
FLAIR,ReMIND-077-pre,preop,1,tumor,1,1,0.2802461277318056,8.849104681122226,0.3076056338028169,6841,16724,"0.9765,0.9644,0.9880",GAN-pix2pix-2.5D-FLAIR
FLAIR,ReMIND-077-pre,preop,2,cavity,1,0,0.0,nan,nan,5265,0,"0.9765,0.9644,0.9880",GAN-pix2pix-2.5D-FLAIR
FLAIR,ReMIND-077-pre,preop,lesion,lesion,1,1,0.3536593825875824,8.795062864549259,0.30410752418037934,12106,16724,"0.9765,0.9644,0.9880",GAN-pix2pix-2.5D-FLAIR
FLAIR,ReMIND-079-post,postop,1,tumor,1,1,0.1595195195195195,18.19671485270145,0.20985864443639,7260,9390,"0.7990,0.7254,1.8280",GAN-pix2pix-2.5D-FLAIR
FLAIR,ReMIND-079-post,postop,2,cavity,0,1,nan,nan,nan,0,1377,"0.7990,0.7254,1.8280",GAN-pix2pix-2.5D-FLAIR
FLAIR,ReMIND-079-post,postop,lesion,lesion,1,1,0.1473345537249681,18.20495720707408,0.1898360655737705,7260,10767,"0.7990,0.7254,1.8280",GAN-pix2pix-2.5D-FLAIR
FLAIR,ReMIND-079-pre,preop,1,tumor,1,1,0.21108624674419457,17.9056138874495,0.17707140129820542,14068,40450,"0.9526,0.9132,0.9551",GAN-pix2pix-2.5D-FLAIR
FLAIR,ReMIND-079-pre,preop,2,cavity,1,1,0.003813485872768244,41.808950213354095,0.03786295005807201,7069,10238,"0.9526,0.9132,0.9551",GAN-pix2pix-2.5D-FLAIR
FLAIR,ReMIND-079-pre,preop,lesion,lesion,1,1,0.23632439958231813,16.496235581439755,0.17798243735275218,21137,50688,"0.9526,0.9132,0.9551",GAN-pix2pix-2.5D-FLAIR
FLAIR,ReMIND-087-pre,preop,1,tumor,1,1,0.16097171646630418,16.802412733960914,0.2167058034216706,11505,28589,"0.9766,0.9734,0.9968",GAN-pix2pix-2.5D-FLAIR
FLAIR,ReMIND-087-pre,preop,2,cavity,1,0,0.0,nan,nan,11681,0,"0.9766,0.9734,0.9968",GAN-pix2pix-2.5D-FLAIR
FLAIR,ReMIND-087-pre,preop,lesion,lesion,1,1,0.4378174794785128,12.264843298355588,0.26456766917293234,23186,28589,"0.9766,0.9734,0.9968",GAN-pix2pix-2.5D-FLAIR
FLAIR,ReMIND-091-pre,preop,1,tumor,1,1,0.5624763426841065,9.018072439849377,0.2487955290036616,25347,45984,"0.9733,0.9707,0.9931",GAN-pix2pix-2.5D-FLAIR
FLAIR,ReMIND-091-pre,preop,2,cavity,0,0,nan,nan,nan,0,0,"0.9733,0.9707,0.9931",GAN-pix2pix-2.5D-FLAIR
FLAIR,ReMIND-091-pre,preop,lesion,lesion,1,1,0.5624763426841065,9.018072439849377,0.2487955290036616,25347,45984,"0.9733,0.9707,0.9931",GAN-pix2pix-2.5D-FLAIR
FLAIR,ReMIND-096-post,postop,1,tumor,0,1,nan,nan,nan,0,22538,"0.8569,0.8553,1.9849",GAN-pix2pix-2.5D-FLAIR
FLAIR,ReMIND-096-post,postop,2,cavity,1,0,0.0,nan,nan,2166,0,"0.8569,0.8553,1.9849",GAN-pix2pix-2.5D-FLAIR
FLAIR,ReMIND-096-post,postop,lesion,lesion,1,1,0.08840673575129533,32.97765365812573,0.0761355174981385,2166,22538,"0.8569,0.8553,1.9849",GAN-pix2pix-2.5D-FLAIR
FLAIR,ReMIND-096-pre,preop,1,tumor,1,1,0.39719395089414067,16.651888705501108,0.12359550561797752,18774,68181,"0.9755,0.9626,0.9851",GAN-pix2pix-2.5D-FLAIR
FLAIR,ReMIND-096-pre,preop,2,cavity,0,0,nan,nan,nan,0,0,"0.9755,0.9626,0.9851",GAN-pix2pix-2.5D-FLAIR
FLAIR,ReMIND-096-pre,preop,lesion,lesion,1,1,0.39719395089414067,16.651888705501108,0.12359550561797752,18774,68181,"0.9755,0.9626,0.9851",GAN-pix2pix-2.5D-FLAIR
FLAIR,ReMIND-102-pre,preop,1,tumor,1,1,0.17804323094425484,0.20802652096615362,1.0,7693,9887,"0.0008,0.0174,0.0887",GAN-pix2pix-2.5D-FLAIR
FLAIR,ReMIND-102-pre,preop,2,cavity,0,1,nan,nan,nan,0,33106,"0.0008,0.0174,0.0887",GAN-pix2pix-2.5D-FLAIR
FLAIR,ReMIND-102-pre,preop,lesion,lesion,1,1,0.09083376080179931,0.274424482270581,1.0,7693,42993,"0.0008,0.0174,0.0887",GAN-pix2pix-2.5D-FLAIR
FLAIR,ReMIND-107-pre,preop,1,tumor,1,1,0.35250588631012447,12.335687046668594,0.3878666332414139,57631,49397,"0.2343,0.2312,4.9330",GAN-pix2pix-2.5D-FLAIR
FLAIR,ReMIND-107-pre,preop,2,cavity,0,1,nan,nan,nan,0,46,"0.2343,0.2312,4.9330",GAN-pix2pix-2.5D-FLAIR
FLAIR,ReMIND-107-pre,preop,lesion,lesion,1,1,0.35235444645759006,12.33301687114758,0.387568677877791,57631,49443,"0.2343,0.2312,4.9330",GAN-pix2pix-2.5D-FLAIR
FLAIR,ReMIND-109-post,postop,1,tumor,0,1,nan,nan,nan,0,47217,"0.8585,0.8371,1.9460",GAN-pix2pix-2.5D-FLAIR
FLAIR,ReMIND-109-post,postop,2,cavity,1,0,0.0,nan,nan,3408,0,"0.8585,0.8371,1.9460",GAN-pix2pix-2.5D-FLAIR
FLAIR,ReMIND-109-post,postop,lesion,lesion,1,1,0.014380246913580247,36.64620590530447,0.06967961992934583,3408,47217,"0.8585,0.8371,1.9460",GAN-pix2pix-2.5D-FLAIR
FLAIR,ReMIND-109-pre,preop,1,tumor,1,1,0.23485160152806347,31.662883250024677,0.18511205449698884,10361,57699,"0.9755,0.9400,0.9620",GAN-pix2pix-2.5D-FLAIR
FLAIR,ReMIND-109-pre,preop,2,cavity,0,0,nan,nan,nan,0,0,"0.9755,0.9400,0.9620",GAN-pix2pix-2.5D-FLAIR
FLAIR,ReMIND-109-pre,preop,lesion,lesion,1,1,0.23485160152806347,31.662883250024677,0.18511205449698884,10361,57699,"0.9755,0.9400,0.9620",GAN-pix2pix-2.5D-FLAIR
FLAIR,ReMIND-003-post,postop,1,tumor,0,1,nan,nan,nan,0,5229,"0.9264,0.9265,1.9922",GAN-pix2pix-2D+3D-post-FLAIR
FLAIR,ReMIND-003-post,postop,2,cavity,1,0,0.0,nan,nan,2099,0,"0.9264,0.9265,1.9922",GAN-pix2pix-2D+3D-post-FLAIR
FLAIR,ReMIND-003-post,postop,lesion,lesion,1,1,0.3329694323144105,9.734469703231206,0.26805555555555555,2099,5229,"0.9264,0.9265,1.9922",GAN-pix2pix-2D+3D-post-FLAIR
FLAIR,ReMIND-023-pre,preop,1,tumor,1,1,0.0026697814116469214,25.656050799818992,0.0,3895,2098,"0.6872,0.6822,2.1845",GAN-pix2pix-2D+3D-post-FLAIR
FLAIR,ReMIND-023-pre,preop,2,cavity,0,0,nan,nan,nan,0,0,"0.6872,0.6822,2.1845",GAN-pix2pix-2D+3D-post-FLAIR
FLAIR,ReMIND-023-pre,preop,lesion,lesion,1,1,0.0026697814116469214,25.656050799818992,0.0,3895,2098,"0.6872,0.6822,2.1845",GAN-pix2pix-2D+3D-post-FLAIR
FLAIR,ReMIND-032-post,postop,1,tumor,1,1,0.11090512091624438,28.546852213949972,0.20672016048144434,13367,10906,"0.8594,0.8379,1.9501",GAN-pix2pix-2D+3D-post-FLAIR
FLAIR,ReMIND-032-post,postop,2,cavity,1,0,0.0,nan,nan,6211,0,"0.8594,0.8379,1.9501",GAN-pix2pix-2D+3D-post-FLAIR
FLAIR,ReMIND-032-post,postop,lesion,lesion,1,1,0.16060884398372918,18.61718535552629,0.17362270450751252,19578,10906,"0.8594,0.8379,1.9501",GAN-pix2pix-2D+3D-post-FLAIR
FLAIR,ReMIND-032-pre,preop,1,tumor,1,1,0.5585873105885766,9.560147527465269,0.2890902987579725,32911,42916,"0.8208,0.8169,1.9763",GAN-pix2pix-2D+3D-post-FLAIR
FLAIR,ReMIND-032-pre,preop,2,cavity,0,0,nan,nan,nan,0,0,"0.8208,0.8169,1.9763",GAN-pix2pix-2D+3D-post-FLAIR
FLAIR,ReMIND-032-pre,preop,lesion,lesion,1,1,0.5585873105885766,9.560147527465269,0.2890902987579725,32911,42916,"0.8208,0.8169,1.9763",GAN-pix2pix-2D+3D-post-FLAIR
FLAIR,ReMIND-045-pre,preop,1,tumor,1,1,0.7755179637544192,1.825329452753067,0.6830486202365309,123470,150053,"0.2608,0.2430,0.9600",GAN-pix2pix-2D+3D-post-FLAIR
FLAIR,ReMIND-045-pre,preop,2,cavity,0,0,nan,nan,nan,0,0,"0.2608,0.2430,0.9600",GAN-pix2pix-2D+3D-post-FLAIR
FLAIR,ReMIND-045-pre,preop,lesion,lesion,1,1,0.7755179637544192,1.825329452753067,0.6830486202365309,123470,150053,"0.2608,0.2430,0.9600",GAN-pix2pix-2D+3D-post-FLAIR
FLAIR,ReMIND-056-post,postop,1,tumor,0,1,nan,nan,nan,0,15477,"0.8539,0.8523,1.9741",GAN-pix2pix-2D+3D-post-FLAIR
FLAIR,ReMIND-056-post,postop,2,cavity,1,0,0.0,nan,nan,17551,0,"0.8539,0.8523,1.9741",GAN-pix2pix-2D+3D-post-FLAIR
FLAIR,ReMIND-056-post,postop,lesion,lesion,1,1,0.38863994186750633,10.146699320702604,0.23757284881727803,17551,15477,"0.8539,0.8523,1.9741",GAN-pix2pix-2D+3D-post-FLAIR
FLAIR,ReMIND-056-pre,preop,1,tumor,1,1,0.7346766500932781,4.864741965671658,0.48082980341044856,55846,62617,"0.7937,0.7936,1.2000",GAN-pix2pix-2D+3D-post-FLAIR
FLAIR,ReMIND-056-pre,preop,2,cavity,0,0,nan,nan,nan,0,0,"0.7937,0.7936,1.2000",GAN-pix2pix-2D+3D-post-FLAIR
FLAIR,ReMIND-056-pre,preop,lesion,lesion,1,1,0.7346766500932781,4.864741965671658,0.48082980341044856,55846,62617,"0.7937,0.7936,1.2000",GAN-pix2pix-2D+3D-post-FLAIR
FLAIR,ReMIND-077-post,postop,1,tumor,1,1,0.05311885198472399,27.492870938205943,0.08091787439613526,2094,15188,"0.8558,0.8268,1.9283",GAN-pix2pix-2D+3D-post-FLAIR
FLAIR,ReMIND-077-post,postop,2,cavity,1,0,0.0,nan,nan,2767,0,"0.8558,0.8268,1.9283",GAN-pix2pix-2D+3D-post-FLAIR
FLAIR,ReMIND-077-post,postop,lesion,lesion,1,1,0.16030724724425158,26.832992768373423,0.21374482068866982,4861,15188,"0.8558,0.8268,1.9283",GAN-pix2pix-2D+3D-post-FLAIR
FLAIR,ReMIND-077-pre,preop,1,tumor,1,1,0.21437202932409571,10.690514331389785,0.23939475817346664,6841,17985,"0.9765,0.9644,0.9880",GAN-pix2pix-2D+3D-post-FLAIR
FLAIR,ReMIND-077-pre,preop,2,cavity,1,0,0.0,nan,nan,5265,0,"0.9765,0.9644,0.9880",GAN-pix2pix-2D+3D-post-FLAIR
FLAIR,ReMIND-077-pre,preop,lesion,lesion,1,1,0.23947359675650526,10.802652311010903,0.2626164831175118,12106,17985,"0.9765,0.9644,0.9880",GAN-pix2pix-2D+3D-post-FLAIR
FLAIR,ReMIND-079-post,postop,1,tumor,1,1,0.0,40.434833973983864,0.0,7260,56,"0.7990,0.7254,1.8280",GAN-pix2pix-2D+3D-post-FLAIR
FLAIR,ReMIND-079-post,postop,2,cavity,0,0,nan,nan,nan,0,0,"0.7990,0.7254,1.8280",GAN-pix2pix-2D+3D-post-FLAIR
FLAIR,ReMIND-079-post,postop,lesion,lesion,1,1,0.0,40.434833973983864,0.0,7260,56,"0.7990,0.7254,1.8280",GAN-pix2pix-2D+3D-post-FLAIR
FLAIR,ReMIND-079-pre,preop,1,tumor,1,1,0.24836723269266653,17.543150514104585,0.1444628387209201,14068,60958,"0.9526,0.9132,0.9551",GAN-pix2pix-2D+3D-post-FLAIR
FLAIR,ReMIND-079-pre,preop,2,cavity,1,0,0.0,nan,nan,7069,0,"0.9526,0.9132,0.9551",GAN-pix2pix-2D+3D-post-FLAIR
FLAIR,ReMIND-079-pre,preop,lesion,lesion,1,1,0.35327364638528536,16.384814858202404,0.24565701559020045,21137,60958,"0.9526,0.9132,0.9551",GAN-pix2pix-2D+3D-post-FLAIR
FLAIR,ReMIND-087-pre,preop,1,tumor,1,1,0.2644023675973845,12.616302936491103,0.27042660882140274,11505,20764,"0.9766,0.9734,0.9968",GAN-pix2pix-2D+3D-post-FLAIR
FLAIR,ReMIND-087-pre,preop,2,cavity,1,0,0.0,nan,nan,11681,0,"0.9766,0.9734,0.9968",GAN-pix2pix-2D+3D-post-FLAIR
FLAIR,ReMIND-087-pre,preop,lesion,lesion,1,1,0.4521501706484642,8.735999587302636,0.29464732366183094,23186,20764,"0.9766,0.9734,0.9968",GAN-pix2pix-2D+3D-post-FLAIR
FLAIR,ReMIND-091-pre,preop,1,tumor,1,1,0.5678033743428839,9.454171751807223,0.25928719592683386,25347,47319,"0.9733,0.9707,0.9931",GAN-pix2pix-2D+3D-post-FLAIR
FLAIR,ReMIND-091-pre,preop,2,cavity,0,0,nan,nan,nan,0,0,"0.9733,0.9707,0.9931",GAN-pix2pix-2D+3D-post-FLAIR
FLAIR,ReMIND-091-pre,preop,lesion,lesion,1,1,0.5678033743428839,9.454171751807223,0.25928719592683386,25347,47319,"0.9733,0.9707,0.9931",GAN-pix2pix-2D+3D-post-FLAIR
FLAIR,ReMIND-096-post,postop,1,tumor,0,1,nan,nan,nan,0,15055,"0.8569,0.8553,1.9849",GAN-pix2pix-2D+3D-post-FLAIR
FLAIR,ReMIND-096-post,postop,2,cavity,1,0,0.0,nan,nan,2166,0,"0.8569,0.8553,1.9849",GAN-pix2pix-2D+3D-post-FLAIR
FLAIR,ReMIND-096-post,postop,lesion,lesion,1,1,0.20614366180825736,19.258400656803122,0.15603120624124825,2166,15055,"0.8569,0.8553,1.9849",GAN-pix2pix-2D+3D-post-FLAIR
FLAIR,ReMIND-096-pre,preop,1,tumor,1,1,0.3948062663525529,15.13798453745744,0.13982271282823214,18774,73337,"0.9755,0.9626,0.9851",GAN-pix2pix-2D+3D-post-FLAIR
FLAIR,ReMIND-096-pre,preop,2,cavity,0,0,nan,nan,nan,0,0,"0.9755,0.9626,0.9851",GAN-pix2pix-2D+3D-post-FLAIR
FLAIR,ReMIND-096-pre,preop,lesion,lesion,1,1,0.3948062663525529,15.13798453745744,0.13982271282823214,18774,73337,"0.9755,0.9626,0.9851",GAN-pix2pix-2D+3D-post-FLAIR
FLAIR,ReMIND-102-pre,preop,1,tumor,1,1,0.0,0.9888720405100898,1.0,7693,281,"0.0008,0.0174,0.0887",GAN-pix2pix-2D+3D-post-FLAIR
FLAIR,ReMIND-102-pre,preop,2,cavity,0,1,nan,nan,nan,0,32008,"0.0008,0.0174,0.0887",GAN-pix2pix-2D+3D-post-FLAIR
FLAIR,ReMIND-102-pre,preop,lesion,lesion,1,1,0.09194137361812815,0.31790262094462024,1.0,7693,32289,"0.0008,0.0174,0.0887",GAN-pix2pix-2D+3D-post-FLAIR
FLAIR,ReMIND-107-pre,preop,1,tumor,1,1,0.4371515949210282,9.90267053729284,0.2954198750544821,57631,45697,"0.2343,0.2312,4.9330",GAN-pix2pix-2D+3D-post-FLAIR
FLAIR,ReMIND-107-pre,preop,2,cavity,0,0,nan,nan,nan,0,0,"0.2343,0.2312,4.9330",GAN-pix2pix-2D+3D-post-FLAIR
FLAIR,ReMIND-107-pre,preop,lesion,lesion,1,1,0.4371515949210282,9.90267053729284,0.2954198750544821,57631,45697,"0.2343,0.2312,4.9330",GAN-pix2pix-2D+3D-post-FLAIR
FLAIR,ReMIND-109-post,postop,1,tumor,0,1,nan,nan,nan,0,21126,"0.8585,0.8371,1.9460",GAN-pix2pix-2D+3D-post-FLAIR
FLAIR,ReMIND-109-post,postop,2,cavity,1,0,0.0,nan,nan,3408,0,"0.8585,0.8371,1.9460",GAN-pix2pix-2D+3D-post-FLAIR
FLAIR,ReMIND-109-post,postop,lesion,lesion,1,1,0.011331213825711258,33.79716331415597,0.06779900920028309,3408,21126,"0.8585,0.8371,1.9460",GAN-pix2pix-2D+3D-post-FLAIR
FLAIR,ReMIND-109-pre,preop,1,tumor,1,1,0.4219131122684422,28.846977358693472,0.3454396504642272,10361,19977,"0.9755,0.9400,0.9620",GAN-pix2pix-2D+3D-post-FLAIR
FLAIR,ReMIND-109-pre,preop,2,cavity,0,1,nan,nan,nan,0,4716,"0.9755,0.9400,0.9620",GAN-pix2pix-2D+3D-post-FLAIR
FLAIR,ReMIND-109-pre,preop,lesion,lesion,1,1,0.3651509100245336,29.17975236032622,0.3036850318089065,10361,24693,"0.9755,0.9400,0.9620",GAN-pix2pix-2D+3D-post-FLAIR
FLAIR,ReMIND-003-post,postop,1,tumor,0,1,nan,nan,nan,0,5583,"0.9264,0.9265,1.9922",GAN-pix2pix-2D-FLAIR
FLAIR,ReMIND-003-post,postop,2,cavity,1,0,0.0,nan,nan,2099,0,"0.9264,0.9265,1.9922",GAN-pix2pix-2D-FLAIR
FLAIR,ReMIND-003-post,postop,lesion,lesion,1,1,0.32387399114813853,8.74016890778075,0.26433465560764513,2099,5583,"0.9264,0.9265,1.9922",GAN-pix2pix-2D-FLAIR
FLAIR,ReMIND-023-pre,preop,1,tumor,1,0,0.0,nan,nan,3895,0,"0.6872,0.6822,2.1845",GAN-pix2pix-2D-FLAIR
FLAIR,ReMIND-023-pre,preop,2,cavity,0,0,nan,nan,nan,0,0,"0.6872,0.6822,2.1845",GAN-pix2pix-2D-FLAIR
FLAIR,ReMIND-023-pre,preop,lesion,lesion,1,0,0.0,nan,nan,3895,0,"0.6872,0.6822,2.1845",GAN-pix2pix-2D-FLAIR
FLAIR,ReMIND-032-post,postop,1,tumor,1,1,0.025844346549192366,26.769192787446475,0.1048290541439404,13367,3658,"0.8594,0.8379,1.9501",GAN-pix2pix-2D-FLAIR
FLAIR,ReMIND-032-post,postop,2,cavity,1,0,0.0,nan,nan,6211,0,"0.8594,0.8379,1.9501",GAN-pix2pix-2D-FLAIR
FLAIR,ReMIND-032-post,postop,lesion,lesion,1,1,0.0383887071785161,19.92110595023955,0.0926261319534282,19578,3658,"0.8594,0.8379,1.9501",GAN-pix2pix-2D-FLAIR
FLAIR,ReMIND-032-pre,preop,1,tumor,1,1,0.6056579511358765,8.315943907255361,0.33335707671486575,32911,37079,"0.8208,0.8169,1.9763",GAN-pix2pix-2D-FLAIR
FLAIR,ReMIND-032-pre,preop,2,cavity,0,0,nan,nan,nan,0,0,"0.8208,0.8169,1.9763",GAN-pix2pix-2D-FLAIR
FLAIR,ReMIND-032-pre,preop,lesion,lesion,1,1,0.6056579511358765,8.315943907255361,0.33335707671486575,32911,37079,"0.8208,0.8169,1.9763",GAN-pix2pix-2D-FLAIR
FLAIR,ReMIND-045-pre,preop,1,tumor,1,1,0.770672376029129,1.7756492285237986,0.6673622998100687,123470,160508,"0.2608,0.2430,0.9600",GAN-pix2pix-2D-FLAIR
FLAIR,ReMIND-045-pre,preop,2,cavity,0,0,nan,nan,nan,0,0,"0.2608,0.2430,0.9600",GAN-pix2pix-2D-FLAIR
FLAIR,ReMIND-045-pre,preop,lesion,lesion,1,1,0.770672376029129,1.7756492285237986,0.6673622998100687,123470,160508,"0.2608,0.2430,0.9600",GAN-pix2pix-2D-FLAIR
FLAIR,ReMIND-056-post,postop,1,tumor,0,1,nan,nan,nan,0,22002,"0.8539,0.8523,1.9741",GAN-pix2pix-2D-FLAIR
FLAIR,ReMIND-056-post,postop,2,cavity,1,0,0.0,nan,nan,17551,0,"0.8539,0.8523,1.9741",GAN-pix2pix-2D-FLAIR
FLAIR,ReMIND-056-post,postop,lesion,lesion,1,1,0.5917629509771699,6.740820959770412,0.3380076867144489,17551,22002,"0.8539,0.8523,1.9741",GAN-pix2pix-2D-FLAIR
FLAIR,ReMIND-056-pre,preop,1,tumor,1,1,0.7348264995459968,5.221607125634132,0.5071742982907449,55846,56488,"0.7937,0.7936,1.2000",GAN-pix2pix-2D-FLAIR
FLAIR,ReMIND-056-pre,preop,2,cavity,0,0,nan,nan,nan,0,0,"0.7937,0.7936,1.2000",GAN-pix2pix-2D-FLAIR
FLAIR,ReMIND-056-pre,preop,lesion,lesion,1,1,0.7348264995459968,5.221607125634132,0.5071742982907449,55846,56488,"0.7937,0.7936,1.2000",GAN-pix2pix-2D-FLAIR
FLAIR,ReMIND-077-post,postop,1,tumor,1,1,0.0707400266943497,19.122616973146485,0.09306532663316583,2094,11392,"0.8558,0.8268,1.9283",GAN-pix2pix-2D-FLAIR
FLAIR,ReMIND-077-post,postop,2,cavity,1,0,0.0,nan,nan,2767,0,"0.8558,0.8268,1.9283",GAN-pix2pix-2D-FLAIR
FLAIR,ReMIND-077-post,postop,lesion,lesion,1,1,0.17879776041346213,18.205240115779283,0.22596309485270313,4861,11392,"0.8558,0.8268,1.9283",GAN-pix2pix-2D-FLAIR
FLAIR,ReMIND-077-pre,preop,1,tumor,1,1,0.17631354728770235,14.101481580493127,0.23445190156599552,6841,10764,"0.9765,0.9644,0.9880",GAN-pix2pix-2D-FLAIR
FLAIR,ReMIND-077-pre,preop,2,cavity,1,0,0.0,nan,nan,5265,0,"0.9765,0.9644,0.9880",GAN-pix2pix-2D-FLAIR
FLAIR,ReMIND-077-pre,preop,lesion,lesion,1,1,0.16187144731088762,13.795030358231472,0.2289188474755485,12106,10764,"0.9765,0.9644,0.9880",GAN-pix2pix-2D-FLAIR
FLAIR,ReMIND-079-post,postop,1,tumor,1,1,0.051034172661870505,24.653935844229025,0.09571045576407507,7260,1636,"0.7990,0.7254,1.8280",GAN-pix2pix-2D-FLAIR
FLAIR,ReMIND-079-post,postop,2,cavity,0,0,nan,nan,nan,0,0,"0.7990,0.7254,1.8280",GAN-pix2pix-2D-FLAIR
FLAIR,ReMIND-079-post,postop,lesion,lesion,1,1,0.051034172661870505,24.653935844229025,0.09571045576407507,7260,1636,"0.7990,0.7254,1.8280",GAN-pix2pix-2D-FLAIR
FLAIR,ReMIND-079-pre,preop,1,tumor,1,1,0.26026124219113017,17.590282142958678,0.17224921162533027,14068,63408,"0.9526,0.9132,0.9551",GAN-pix2pix-2D-FLAIR
FLAIR,ReMIND-079-pre,preop,2,cavity,1,0,0.0,nan,nan,7069,0,"0.9526,0.9132,0.9551",GAN-pix2pix-2D-FLAIR
FLAIR,ReMIND-079-pre,preop,lesion,lesion,1,1,0.3552191140812585,16.51156630084179,0.2515663703919569,21137,63408,"0.9526,0.9132,0.9551",GAN-pix2pix-2D-FLAIR
FLAIR,ReMIND-087-pre,preop,1,tumor,1,1,0.20561261292206232,12.466708166228187,0.21840587309910856,11505,17608,"0.9766,0.9734,0.9968",GAN-pix2pix-2D-FLAIR
FLAIR,ReMIND-087-pre,preop,2,cavity,1,0,0.0,nan,nan,11681,0,"0.9766,0.9734,0.9968",GAN-pix2pix-2D-FLAIR
FLAIR,ReMIND-087-pre,preop,lesion,lesion,1,1,0.4284453596117076,8.860321013029576,0.25168900804289546,23186,17608,"0.9766,0.9734,0.9968",GAN-pix2pix-2D-FLAIR
FLAIR,ReMIND-091-pre,preop,1,tumor,1,1,0.5764030375995555,8.836699704155587,0.2650851461758047,25347,44840,"0.9733,0.9707,0.9931",GAN-pix2pix-2D-FLAIR
FLAIR,ReMIND-091-pre,preop,2,cavity,0,1,nan,nan,nan,0,2,"0.9733,0.9707,0.9931",GAN-pix2pix-2D-FLAIR
FLAIR,ReMIND-091-pre,preop,lesion,lesion,1,1,0.5763866132869823,8.836699704155587,0.2651112423705454,25347,44842,"0.9733,0.9707,0.9931",GAN-pix2pix-2D-FLAIR
FLAIR,ReMIND-096-post,postop,1,tumor,0,1,nan,nan,nan,0,18052,"0.8569,0.8553,1.9849",GAN-pix2pix-2D-FLAIR
FLAIR,ReMIND-096-post,postop,2,cavity,1,0,0.0,nan,nan,2166,0,"0.8569,0.8553,1.9849",GAN-pix2pix-2D-FLAIR
FLAIR,ReMIND-096-post,postop,lesion,lesion,1,1,0.2022949846671283,17.79166417790497,0.09945967580548329,2166,18052,"0.8569,0.8553,1.9849",GAN-pix2pix-2D-FLAIR
FLAIR,ReMIND-096-pre,preop,1,tumor,1,1,0.42069897209985313,14.255503858056835,0.18311354987167006,18774,66351,"0.9755,0.9626,0.9851",GAN-pix2pix-2D-FLAIR
FLAIR,ReMIND-096-pre,preop,2,cavity,0,0,nan,nan,nan,0,0,"0.9755,0.9626,0.9851",GAN-pix2pix-2D-FLAIR
FLAIR,ReMIND-096-pre,preop,lesion,lesion,1,1,0.42069897209985313,14.255503858056835,0.18311354987167006,18774,66351,"0.9755,0.9626,0.9851",GAN-pix2pix-2D-FLAIR
FLAIR,ReMIND-102-pre,preop,1,tumor,1,1,0.0,0.22801978185199345,1.0,7693,3211,"0.0008,0.0174,0.0887",GAN-pix2pix-2D-FLAIR
FLAIR,ReMIND-102-pre,preop,2,cavity,0,1,nan,nan,nan,0,30076,"0.0008,0.0174,0.0887",GAN-pix2pix-2D-FLAIR
FLAIR,ReMIND-102-pre,preop,lesion,lesion,1,1,0.07403611517813567,0.2429118024341047,1.0,7693,33287,"0.0008,0.0174,0.0887",GAN-pix2pix-2D-FLAIR
FLAIR,ReMIND-107-pre,preop,1,tumor,1,1,0.4245255535208923,10.645539863073019,0.29583199971549484,57631,38481,"0.2343,0.2312,4.9330",GAN-pix2pix-2D-FLAIR
FLAIR,ReMIND-107-pre,preop,2,cavity,0,0,nan,nan,nan,0,0,"0.2343,0.2312,4.9330",GAN-pix2pix-2D-FLAIR
FLAIR,ReMIND-107-pre,preop,lesion,lesion,1,1,0.4245255535208923,10.645539863073019,0.29583199971549484,57631,38481,"0.2343,0.2312,4.9330",GAN-pix2pix-2D-FLAIR
FLAIR,ReMIND-109-post,postop,1,tumor,0,1,nan,nan,nan,0,34474,"0.8585,0.8371,1.9460",GAN-pix2pix-2D-FLAIR
FLAIR,ReMIND-109-post,postop,2,cavity,1,0,0.0,nan,nan,3408,0,"0.8585,0.8371,1.9460",GAN-pix2pix-2D-FLAIR
FLAIR,ReMIND-109-post,postop,lesion,lesion,1,1,0.06409376484874083,31.86178569680674,0.11405321622319814,3408,34474,"0.8585,0.8371,1.9460",GAN-pix2pix-2D-FLAIR
FLAIR,ReMIND-109-pre,preop,1,tumor,1,1,0.20449742617176916,32.90299591967909,0.25478170478170475,10361,45004,"0.9755,0.9400,0.9620",GAN-pix2pix-2D-FLAIR
FLAIR,ReMIND-109-pre,preop,2,cavity,0,0,nan,nan,nan,0,0,"0.9755,0.9400,0.9620",GAN-pix2pix-2D-FLAIR
FLAIR,ReMIND-109-pre,preop,lesion,lesion,1,1,0.20449742617176916,32.90299591967909,0.25478170478170475,10361,45004,"0.9755,0.9400,0.9620",GAN-pix2pix-2D-FLAIR
FLAIR,ReMIND-003-post,postop,1,tumor,0,1,nan,nan,nan,0,22835,"0.9264,0.9265,1.9922",GAN-pix2pix-3D-FLAIR
FLAIR,ReMIND-003-post,postop,2,cavity,1,0,0.0,nan,nan,2099,0,"0.9264,0.9265,1.9922",GAN-pix2pix-3D-FLAIR
FLAIR,ReMIND-003-post,postop,lesion,lesion,1,1,0.13451511991657977,27.3897740604091,0.09895438702833763,2099,22835,"0.9264,0.9265,1.9922",GAN-pix2pix-3D-FLAIR
FLAIR,ReMIND-023-pre,preop,1,tumor,1,0,0.0,nan,nan,3895,0,"0.6872,0.6822,2.1845",GAN-pix2pix-3D-FLAIR
FLAIR,ReMIND-023-pre,preop,2,cavity,0,0,nan,nan,nan,0,0,"0.6872,0.6822,2.1845",GAN-pix2pix-3D-FLAIR
FLAIR,ReMIND-023-pre,preop,lesion,lesion,1,0,0.0,nan,nan,3895,0,"0.6872,0.6822,2.1845",GAN-pix2pix-3D-FLAIR
FLAIR,ReMIND-032-post,postop,1,tumor,1,1,0.2881588736908373,11.464623034830549,0.27238454288407166,13367,21579,"0.8594,0.8379,1.9501",GAN-pix2pix-3D-FLAIR
FLAIR,ReMIND-032-post,postop,2,cavity,1,0,0.0,nan,nan,6211,0,"0.8594,0.8379,1.9501",GAN-pix2pix-3D-FLAIR
FLAIR,ReMIND-032-post,postop,lesion,lesion,1,1,0.412858080034988,10.346486248019598,0.29173678895994615,19578,21579,"0.8594,0.8379,1.9501",GAN-pix2pix-3D-FLAIR
FLAIR,ReMIND-032-pre,preop,1,tumor,1,1,0.6574625859511932,6.948241028145615,0.32130901140944185,32911,41259,"0.8208,0.8169,1.9763",GAN-pix2pix-3D-FLAIR
FLAIR,ReMIND-032-pre,preop,2,cavity,0,0,nan,nan,nan,0,0,"0.8208,0.8169,1.9763",GAN-pix2pix-3D-FLAIR
FLAIR,ReMIND-032-pre,preop,lesion,lesion,1,1,0.6574625859511932,6.948241028145615,0.32130901140944185,32911,41259,"0.8208,0.8169,1.9763",GAN-pix2pix-3D-FLAIR
FLAIR,ReMIND-045-pre,preop,1,tumor,1,1,0.5730754573170732,5.252975928802694,0.5015777812590918,123470,128434,"0.2608,0.2430,0.9600",GAN-pix2pix-3D-FLAIR
FLAIR,ReMIND-045-pre,preop,2,cavity,0,0,nan,nan,nan,0,0,"0.2608,0.2430,0.9600",GAN-pix2pix-3D-FLAIR
FLAIR,ReMIND-045-pre,preop,lesion,lesion,1,1,0.5730754573170732,5.252975928802694,0.5015777812590918,123470,128434,"0.2608,0.2430,0.9600",GAN-pix2pix-3D-FLAIR
FLAIR,ReMIND-056-post,postop,1,tumor,0,1,nan,nan,nan,0,11238,"0.8539,0.8523,1.9741",GAN-pix2pix-3D-FLAIR
FLAIR,ReMIND-056-post,postop,2,cavity,1,0,0.0,nan,nan,17551,0,"0.8539,0.8523,1.9741",GAN-pix2pix-3D-FLAIR
FLAIR,ReMIND-056-post,postop,lesion,lesion,1,1,0.013060543957761645,21.437349420983175,0.06757626464152401,17551,11238,"0.8539,0.8523,1.9741",GAN-pix2pix-3D-FLAIR
FLAIR,ReMIND-056-pre,preop,1,tumor,1,1,0.40209232720118604,13.436096763000844,0.20560389645925684,55846,51403,"0.7937,0.7936,1.2000",GAN-pix2pix-3D-FLAIR
FLAIR,ReMIND-056-pre,preop,2,cavity,0,0,nan,nan,nan,0,0,"0.7937,0.7936,1.2000",GAN-pix2pix-3D-FLAIR
FLAIR,ReMIND-056-pre,preop,lesion,lesion,1,1,0.40209232720118604,13.436096763000844,0.20560389645925684,55846,51403,"0.7937,0.7936,1.2000",GAN-pix2pix-3D-FLAIR
FLAIR,ReMIND-077-post,postop,1,tumor,1,1,0.06600538819495469,27.419027401293455,0.12934290030211482,2094,14238,"0.8558,0.8268,1.9283",GAN-pix2pix-3D-FLAIR
FLAIR,ReMIND-077-post,postop,2,cavity,1,0,0.0,nan,nan,2767,0,"0.8558,0.8268,1.9283",GAN-pix2pix-3D-FLAIR
FLAIR,ReMIND-077-post,postop,lesion,lesion,1,1,0.1540394785067281,26.828727325391004,0.16340975534697647,4861,14238,"0.8558,0.8268,1.9283",GAN-pix2pix-3D-FLAIR
FLAIR,ReMIND-077-pre,preop,1,tumor,1,1,0.10273628960673073,26.54497387186801,0.2032520325203252,6841,19070,"0.9765,0.9644,0.9880",GAN-pix2pix-3D-FLAIR
FLAIR,ReMIND-077-pre,preop,2,cavity,1,0,0.0,nan,nan,5265,0,"0.9765,0.9644,0.9880",GAN-pix2pix-3D-FLAIR
FLAIR,ReMIND-077-pre,preop,lesion,lesion,1,1,0.1615345137285091,25.60594497451742,0.22496790757381258,12106,19070,"0.9765,0.9644,0.9880",GAN-pix2pix-3D-FLAIR
FLAIR,ReMIND-079-post,postop,1,tumor,1,0,0.0,nan,nan,7260,0,"0.7990,0.7254,1.8280",GAN-pix2pix-3D-FLAIR
FLAIR,ReMIND-079-post,postop,2,cavity,0,0,nan,nan,nan,0,0,"0.7990,0.7254,1.8280",GAN-pix2pix-3D-FLAIR
FLAIR,ReMIND-079-post,postop,lesion,lesion,1,0,0.0,nan,nan,7260,0,"0.7990,0.7254,1.8280",GAN-pix2pix-3D-FLAIR
FLAIR,ReMIND-079-pre,preop,1,tumor,1,1,0.0674170013008314,21.536311603520453,0.1363711136700115,14068,3613,"0.9526,0.9132,0.9551",GAN-pix2pix-3D-FLAIR
FLAIR,ReMIND-079-pre,preop,2,cavity,1,1,0.0,52.30679258690896,0.0,7069,75,"0.9526,0.9132,0.9551",GAN-pix2pix-3D-FLAIR
FLAIR,ReMIND-079-pre,preop,lesion,lesion,1,1,0.06710976837865056,31.60257315533864,0.11354141066601131,21137,3688,"0.9526,0.9132,0.9551",GAN-pix2pix-3D-FLAIR
FLAIR,ReMIND-087-pre,preop,1,tumor,1,1,0.0,24.725311300490198,0.009998333611064822,11505,5107,"0.9766,0.9734,0.9968",GAN-pix2pix-3D-FLAIR
FLAIR,ReMIND-087-pre,preop,2,cavity,1,0,0.0,nan,nan,11681,0,"0.9766,0.9734,0.9968",GAN-pix2pix-3D-FLAIR
FLAIR,ReMIND-087-pre,preop,lesion,lesion,1,1,0.11889866751493303,22.2077368588655,0.13406079501169135,23186,5107,"0.9766,0.9734,0.9968",GAN-pix2pix-3D-FLAIR
FLAIR,ReMIND-091-pre,preop,1,tumor,1,1,0.42429988054834,10.17477037275106,0.20080183276059566,25347,27394,"0.9733,0.9707,0.9931",GAN-pix2pix-3D-FLAIR
FLAIR,ReMIND-091-pre,preop,2,cavity,0,0,nan,nan,nan,0,0,"0.9733,0.9707,0.9931",GAN-pix2pix-3D-FLAIR
FLAIR,ReMIND-091-pre,preop,lesion,lesion,1,1,0.42429988054834,10.17477037275106,0.20080183276059566,25347,27394,"0.9733,0.9707,0.9931",GAN-pix2pix-3D-FLAIR
FLAIR,ReMIND-096-post,postop,1,tumor,0,1,nan,nan,nan,0,8580,"0.8569,0.8553,1.9849",GAN-pix2pix-3D-FLAIR
FLAIR,ReMIND-096-post,postop,2,cavity,1,0,0.0,nan,nan,2166,0,"0.8569,0.8553,1.9849",GAN-pix2pix-3D-FLAIR
FLAIR,ReMIND-096-post,postop,lesion,lesion,1,1,0.19653824678950307,17.25545294469472,0.19168,2166,8580,"0.8569,0.8553,1.9849",GAN-pix2pix-3D-FLAIR
FLAIR,ReMIND-096-pre,preop,1,tumor,1,1,0.4111327751653477,12.467222338979532,0.19335673778017823,18774,59697,"0.9755,0.9626,0.9851",GAN-pix2pix-3D-FLAIR
FLAIR,ReMIND-096-pre,preop,2,cavity,0,0,nan,nan,nan,0,0,"0.9755,0.9626,0.9851",GAN-pix2pix-3D-FLAIR
FLAIR,ReMIND-096-pre,preop,lesion,lesion,1,1,0.4111327751653477,12.467222338979532,0.19335673778017823,18774,59697,"0.9755,0.9626,0.9851",GAN-pix2pix-3D-FLAIR
FLAIR,ReMIND-102-pre,preop,1,tumor,1,1,0.2945955815227314,0.31285190571043986,1.0,7693,14215,"0.0008,0.0174,0.0887",GAN-pix2pix-3D-FLAIR
FLAIR,ReMIND-102-pre,preop,2,cavity,0,1,nan,nan,nan,0,5755,"0.0008,0.0174,0.0887",GAN-pix2pix-3D-FLAIR
FLAIR,ReMIND-102-pre,preop,lesion,lesion,1,1,0.27979611755774864,0.36060884443992375,1.0,7693,19970,"0.0008,0.0174,0.0887",GAN-pix2pix-3D-FLAIR
FLAIR,ReMIND-107-pre,preop,1,tumor,1,1,0.027315914489311165,26.320780635053293,0.07224074998030514,57631,2993,"0.2343,0.2312,4.9330",GAN-pix2pix-3D-FLAIR
FLAIR,ReMIND-107-pre,preop,2,cavity,0,0,nan,nan,nan,0,0,"0.2343,0.2312,4.9330",GAN-pix2pix-3D-FLAIR
FLAIR,ReMIND-107-pre,preop,lesion,lesion,1,1,0.027315914489311165,26.320780635053293,0.07224074998030514,57631,2993,"0.2343,0.2312,4.9330",GAN-pix2pix-3D-FLAIR
FLAIR,ReMIND-109-post,postop,1,tumor,0,1,nan,nan,nan,0,18140,"0.8585,0.8371,1.9460",GAN-pix2pix-3D-FLAIR
FLAIR,ReMIND-109-post,postop,2,cavity,1,0,0.0,nan,nan,3408,0,"0.8585,0.8371,1.9460",GAN-pix2pix-3D-FLAIR
FLAIR,ReMIND-109-post,postop,lesion,lesion,1,1,0.005383330239465379,41.648788548352535,0.030607907042652684,3408,18140,"0.8585,0.8371,1.9460",GAN-pix2pix-3D-FLAIR
FLAIR,ReMIND-109-pre,preop,1,tumor,1,1,0.2793956863134877,46.74745852525008,0.21584926572457744,10361,50005,"0.9755,0.9400,0.9620",GAN-pix2pix-3D-FLAIR
FLAIR,ReMIND-109-pre,preop,2,cavity,0,0,nan,nan,nan,0,0,"0.9755,0.9400,0.9620",GAN-pix2pix-3D-FLAIR
FLAIR,ReMIND-109-pre,preop,lesion,lesion,1,1,0.2793956863134877,46.74745852525008,0.21584926572457744,10361,50005,"0.9755,0.9400,0.9620",GAN-pix2pix-3D-FLAIR
FLAIR,ReMIND-003-post,postop,1,tumor,0,1,nan,nan,nan,0,7103,"0.9264,0.9265,1.9922",GAN-swinpix2pix-2.5D-FLAIR
FLAIR,ReMIND-003-post,postop,2,cavity,1,0,0.0,nan,nan,2099,0,"0.9264,0.9265,1.9922",GAN-swinpix2pix-2.5D-FLAIR
FLAIR,ReMIND-003-post,postop,lesion,lesion,1,1,0.18539447946098675,19.581128511288412,0.22689655172413792,2099,7103,"0.9264,0.9265,1.9922",GAN-swinpix2pix-2.5D-FLAIR
FLAIR,ReMIND-023-pre,preop,1,tumor,1,0,0.0,nan,nan,3895,0,"0.6872,0.6822,2.1845",GAN-swinpix2pix-2.5D-FLAIR
FLAIR,ReMIND-023-pre,preop,2,cavity,0,0,nan,nan,nan,0,0,"0.6872,0.6822,2.1845",GAN-swinpix2pix-2.5D-FLAIR
FLAIR,ReMIND-023-pre,preop,lesion,lesion,1,0,0.0,nan,nan,3895,0,"0.6872,0.6822,2.1845",GAN-swinpix2pix-2.5D-FLAIR
FLAIR,ReMIND-032-post,postop,1,tumor,1,1,0.17540172511931346,26.885987324361956,0.2187061237714656,13367,9472,"0.8594,0.8379,1.9501",GAN-swinpix2pix-2.5D-FLAIR
FLAIR,ReMIND-032-post,postop,2,cavity,1,0,0.0,nan,nan,6211,0,"0.8594,0.8379,1.9501",GAN-swinpix2pix-2.5D-FLAIR
FLAIR,ReMIND-032-post,postop,lesion,lesion,1,1,0.3078829604130809,13.599927732874006,0.20270270270270271,19578,9472,"0.8594,0.8379,1.9501",GAN-swinpix2pix-2.5D-FLAIR
FLAIR,ReMIND-032-pre,preop,1,tumor,1,1,0.6681637110294231,6.564036864362453,0.39419795221843,32911,32106,"0.8208,0.8169,1.9763",GAN-swinpix2pix-2.5D-FLAIR
FLAIR,ReMIND-032-pre,preop,2,cavity,0,0,nan,nan,nan,0,0,"0.8208,0.8169,1.9763",GAN-swinpix2pix-2.5D-FLAIR
FLAIR,ReMIND-032-pre,preop,lesion,lesion,1,1,0.6681637110294231,6.564036864362453,0.39419795221843,32911,32106,"0.8208,0.8169,1.9763",GAN-swinpix2pix-2.5D-FLAIR
FLAIR,ReMIND-045-pre,preop,1,tumor,1,1,0.577504750233006,3.9351015865840435,0.6127420530963891,123470,70731,"0.2608,0.2430,0.9600",GAN-swinpix2pix-2.5D-FLAIR
FLAIR,ReMIND-045-pre,preop,2,cavity,0,1,nan,nan,nan,0,7511,"0.2608,0.2430,0.9600",GAN-swinpix2pix-2.5D-FLAIR
FLAIR,ReMIND-045-pre,preop,lesion,lesion,1,1,0.6219560561592766,3.767348094225854,0.6235215234008314,123470,78242,"0.2608,0.2430,0.9600",GAN-swinpix2pix-2.5D-FLAIR
FLAIR,ReMIND-056-post,postop,1,tumor,0,1,nan,nan,nan,0,6634,"0.8539,0.8523,1.9741",GAN-swinpix2pix-2.5D-FLAIR
FLAIR,ReMIND-056-post,postop,2,cavity,1,0,0.0,nan,nan,17551,0,"0.8539,0.8523,1.9741",GAN-swinpix2pix-2.5D-FLAIR
FLAIR,ReMIND-056-post,postop,lesion,lesion,1,1,0.0,34.294368738996276,0.0005810575246949448,17551,6634,"0.8539,0.8523,1.9741",GAN-swinpix2pix-2.5D-FLAIR
FLAIR,ReMIND-056-pre,preop,1,tumor,1,1,0.6677406293880996,8.026333669376108,0.4015055008685582,55846,60235,"0.7937,0.7936,1.2000",GAN-swinpix2pix-2.5D-FLAIR
FLAIR,ReMIND-056-pre,preop,2,cavity,0,0,nan,nan,nan,0,0,"0.7937,0.7936,1.2000",GAN-swinpix2pix-2.5D-FLAIR
FLAIR,ReMIND-056-pre,preop,lesion,lesion,1,1,0.6677406293880996,8.026333669376108,0.4015055008685582,55846,60235,"0.7937,0.7936,1.2000",GAN-swinpix2pix-2.5D-FLAIR
FLAIR,ReMIND-077-post,postop,1,tumor,1,1,0.08528057308545113,19.493256201080918,0.1822993237283152,2094,3769,"0.8558,0.8268,1.9283",GAN-swinpix2pix-2.5D-FLAIR
FLAIR,ReMIND-077-post,postop,2,cavity,1,0,0.0,nan,nan,2767,0,"0.8558,0.8268,1.9283",GAN-swinpix2pix-2.5D-FLAIR
FLAIR,ReMIND-077-post,postop,lesion,lesion,1,1,0.08458864426419467,18.657188184540964,0.19200695047784536,4861,3769,"0.8558,0.8268,1.9283",GAN-swinpix2pix-2.5D-FLAIR
FLAIR,ReMIND-077-pre,preop,1,tumor,1,1,0.24201858718158617,10.820953021859097,0.29254529254529255,6841,13926,"0.9765,0.9644,0.9880",GAN-swinpix2pix-2.5D-FLAIR
FLAIR,ReMIND-077-pre,preop,2,cavity,1,0,0.0,nan,nan,5265,0,"0.9765,0.9644,0.9880",GAN-swinpix2pix-2.5D-FLAIR
FLAIR,ReMIND-077-pre,preop,lesion,lesion,1,1,0.3166103257529195,10.463803167235614,0.29269256089532586,12106,13926,"0.9765,0.9644,0.9880",GAN-swinpix2pix-2.5D-FLAIR
FLAIR,ReMIND-079-post,postop,1,tumor,1,1,0.17042048471353943,14.046917655572749,0.22348246166771688,7260,4417,"0.7990,0.7254,1.8280",GAN-swinpix2pix-2.5D-FLAIR
FLAIR,ReMIND-079-post,postop,2,cavity,0,0,nan,nan,nan,0,0,"0.7990,0.7254,1.8280",GAN-swinpix2pix-2.5D-FLAIR
FLAIR,ReMIND-079-post,postop,lesion,lesion,1,1,0.17042048471353943,14.046917655572749,0.22348246166771688,7260,4417,"0.7990,0.7254,1.8280",GAN-swinpix2pix-2.5D-FLAIR
FLAIR,ReMIND-079-pre,preop,1,tumor,1,1,0.2736534533136814,17.342099638414656,0.22118380062305296,14068,63278,"0.9526,0.9132,0.9551",GAN-swinpix2pix-2.5D-FLAIR
FLAIR,ReMIND-079-pre,preop,2,cavity,1,0,0.0,nan,nan,7069,0,"0.9526,0.9132,0.9551",GAN-swinpix2pix-2.5D-FLAIR
FLAIR,ReMIND-079-pre,preop,lesion,lesion,1,1,0.29745898240833973,16.383994910661237,0.24820837927232636,21137,63278,"0.9526,0.9132,0.9551",GAN-swinpix2pix-2.5D-FLAIR
FLAIR,ReMIND-087-pre,preop,1,tumor,1,1,0.16715608764400272,14.043912511228847,0.2142337536372454,11505,23911,"0.9766,0.9734,0.9968",GAN-swinpix2pix-2.5D-FLAIR
FLAIR,ReMIND-087-pre,preop,2,cavity,1,0,0.0,nan,nan,11681,0,"0.9766,0.9734,0.9968",GAN-swinpix2pix-2.5D-FLAIR
FLAIR,ReMIND-087-pre,preop,lesion,lesion,1,1,0.4347622990848674,10.203055583012482,0.24826546003016592,23186,23911,"0.9766,0.9734,0.9968",GAN-swinpix2pix-2.5D-FLAIR
FLAIR,ReMIND-091-pre,preop,1,tumor,1,1,0.5290821412214769,10.153470030877658,0.21752753513102924,25347,48891,"0.9733,0.9707,0.9931",GAN-swinpix2pix-2.5D-FLAIR
FLAIR,ReMIND-091-pre,preop,2,cavity,0,0,nan,nan,nan,0,0,"0.9733,0.9707,0.9931",GAN-swinpix2pix-2.5D-FLAIR
FLAIR,ReMIND-091-pre,preop,lesion,lesion,1,1,0.5290821412214769,10.153470030877658,0.21752753513102924,25347,48891,"0.9733,0.9707,0.9931",GAN-swinpix2pix-2.5D-FLAIR
FLAIR,ReMIND-096-post,postop,1,tumor,0,1,nan,nan,nan,0,4127,"0.8569,0.8553,1.9849",GAN-swinpix2pix-2.5D-FLAIR
FLAIR,ReMIND-096-post,postop,2,cavity,1,0,0.0,nan,nan,2166,0,"0.8569,0.8553,1.9849",GAN-swinpix2pix-2.5D-FLAIR
FLAIR,ReMIND-096-post,postop,lesion,lesion,1,1,0.04640076275226442,14.932699199743952,0.12362435803374908,2166,4127,"0.8569,0.8553,1.9849",GAN-swinpix2pix-2.5D-FLAIR
FLAIR,ReMIND-096-pre,preop,1,tumor,1,1,0.31076851861169535,18.74598826949283,0.11944600112080699,18774,80599,"0.9755,0.9626,0.9851",GAN-swinpix2pix-2.5D-FLAIR
FLAIR,ReMIND-096-pre,preop,2,cavity,0,0,nan,nan,nan,0,0,"0.9755,0.9626,0.9851",GAN-swinpix2pix-2.5D-FLAIR
FLAIR,ReMIND-096-pre,preop,lesion,lesion,1,1,0.31076851861169535,18.74598826949283,0.11944600112080699,18774,80599,"0.9755,0.9626,0.9851",GAN-swinpix2pix-2.5D-FLAIR
FLAIR,ReMIND-102-pre,preop,1,tumor,1,1,0.23238349029464314,0.4002194037267885,1.0,7693,25330,"0.0008,0.0174,0.0887",GAN-swinpix2pix-2.5D-FLAIR
FLAIR,ReMIND-102-pre,preop,2,cavity,0,1,nan,nan,nan,0,23705,"0.0008,0.0174,0.0887",GAN-swinpix2pix-2.5D-FLAIR
FLAIR,ReMIND-102-pre,preop,lesion,lesion,1,1,0.1919334367508109,0.3749051338506213,1.0,7693,49035,"0.0008,0.0174,0.0887",GAN-swinpix2pix-2.5D-FLAIR
FLAIR,ReMIND-107-pre,preop,1,tumor,1,0,0.0,nan,nan,57631,0,"0.2343,0.2312,4.9330",GAN-swinpix2pix-2.5D-FLAIR
FLAIR,ReMIND-107-pre,preop,2,cavity,0,0,nan,nan,nan,0,0,"0.2343,0.2312,4.9330",GAN-swinpix2pix-2.5D-FLAIR
FLAIR,ReMIND-107-pre,preop,lesion,lesion,1,0,0.0,nan,nan,57631,0,"0.2343,0.2312,4.9330",GAN-swinpix2pix-2.5D-FLAIR
FLAIR,ReMIND-109-post,postop,1,tumor,0,1,nan,nan,nan,0,6226,"0.8585,0.8371,1.9460",GAN-swinpix2pix-2.5D-FLAIR
FLAIR,ReMIND-109-post,postop,2,cavity,1,1,0.0,27.114494537944257,0.003289473684210526,3408,2406,"0.8585,0.8371,1.9460",GAN-swinpix2pix-2.5D-FLAIR
FLAIR,ReMIND-109-post,postop,lesion,lesion,1,1,0.1589700996677741,32.82201726916492,0.16592159559834938,3408,8632,"0.8585,0.8371,1.9460",GAN-swinpix2pix-2.5D-FLAIR
FLAIR,ReMIND-109-pre,preop,1,tumor,1,1,0.32671016696920635,27.10607423443614,0.19309579085495104,10361,50788,"0.9755,0.9400,0.9620",GAN-swinpix2pix-2.5D-FLAIR
FLAIR,ReMIND-109-pre,preop,2,cavity,0,0,nan,nan,nan,0,0,"0.9755,0.9400,0.9620",GAN-swinpix2pix-2.5D-FLAIR
FLAIR,ReMIND-109-pre,preop,lesion,lesion,1,1,0.32671016696920635,27.10607423443614,0.19309579085495104,10361,50788,"0.9755,0.9400,0.9620",GAN-swinpix2pix-2.5D-FLAIR
FLAIR,ReMIND-003-post,postop,1,tumor,0,1,nan,nan,nan,0,16130,"0.9264,0.9265,1.9922",GAN-swinpix2pix-2D+3D-post-FLAIR
FLAIR,ReMIND-003-post,postop,2,cavity,1,0,0.0,nan,nan,2099,0,"0.9264,0.9265,1.9922",GAN-swinpix2pix-2D+3D-post-FLAIR
FLAIR,ReMIND-003-post,postop,lesion,lesion,1,1,0.21460310494267376,13.89819860458374,0.13361378205128205,2099,16130,"0.9264,0.9265,1.9922",GAN-swinpix2pix-2D+3D-post-FLAIR
FLAIR,ReMIND-023-pre,preop,1,tumor,1,1,0.43599397590361444,6.839731092183556,0.2711490768806834,3895,4073,"0.6872,0.6822,2.1845",GAN-swinpix2pix-2D+3D-post-FLAIR
FLAIR,ReMIND-023-pre,preop,2,cavity,0,0,nan,nan,nan,0,0,"0.6872,0.6822,2.1845",GAN-swinpix2pix-2D+3D-post-FLAIR
FLAIR,ReMIND-023-pre,preop,lesion,lesion,1,1,0.43599397590361444,6.839731092183556,0.2711490768806834,3895,4073,"0.6872,0.6822,2.1845",GAN-swinpix2pix-2D+3D-post-FLAIR
FLAIR,ReMIND-032-post,postop,1,tumor,1,1,0.38762325739544373,29.034860773370635,0.3288390190932947,13367,18984,"0.8594,0.8379,1.9501",GAN-swinpix2pix-2D+3D-post-FLAIR
FLAIR,ReMIND-032-post,postop,2,cavity,1,0,0.0,nan,nan,6211,0,"0.8594,0.8379,1.9501",GAN-swinpix2pix-2D+3D-post-FLAIR
FLAIR,ReMIND-032-post,postop,lesion,lesion,1,1,0.5037083138841346,15.947383402722926,0.3465021306818182,19578,18984,"0.8594,0.8379,1.9501",GAN-swinpix2pix-2D+3D-post-FLAIR
FLAIR,ReMIND-032-pre,preop,1,tumor,1,1,0.7376111896510741,6.691263154006466,0.5109464466150219,32911,47020,"0.8208,0.8169,1.9763",GAN-swinpix2pix-2D+3D-post-FLAIR
FLAIR,ReMIND-032-pre,preop,2,cavity,0,0,nan,nan,nan,0,0,"0.8208,0.8169,1.9763",GAN-swinpix2pix-2D+3D-post-FLAIR
FLAIR,ReMIND-032-pre,preop,lesion,lesion,1,1,0.7376111896510741,6.691263154006466,0.5109464466150219,32911,47020,"0.8208,0.8169,1.9763",GAN-swinpix2pix-2D+3D-post-FLAIR
FLAIR,ReMIND-045-pre,preop,1,tumor,1,1,0.7379217460372276,2.4108240386090296,0.7025837042771435,123470,137143,"0.2608,0.2430,0.9600",GAN-swinpix2pix-2D+3D-post-FLAIR
FLAIR,ReMIND-045-pre,preop,2,cavity,0,0,nan,nan,nan,0,0,"0.2608,0.2430,0.9600",GAN-swinpix2pix-2D+3D-post-FLAIR
FLAIR,ReMIND-045-pre,preop,lesion,lesion,1,1,0.7379217460372276,2.4108240386090296,0.7025837042771435,123470,137143,"0.2608,0.2430,0.9600",GAN-swinpix2pix-2D+3D-post-FLAIR
FLAIR,ReMIND-056-post,postop,1,tumor,0,1,nan,nan,nan,0,13710,"0.8539,0.8523,1.9741",GAN-swinpix2pix-2D+3D-post-FLAIR
FLAIR,ReMIND-056-post,postop,2,cavity,1,0,0.0,nan,nan,17551,0,"0.8539,0.8523,1.9741",GAN-swinpix2pix-2D+3D-post-FLAIR
FLAIR,ReMIND-056-post,postop,lesion,lesion,1,1,0.002687054156936758,23.871381287549113,0.028186694054547528,17551,13710,"0.8539,0.8523,1.9741",GAN-swinpix2pix-2D+3D-post-FLAIR
FLAIR,ReMIND-056-pre,preop,1,tumor,1,1,0.6235896770846843,8.978944757137663,0.40435938330675175,55846,67530,"0.7937,0.7936,1.2000",GAN-swinpix2pix-2D+3D-post-FLAIR
FLAIR,ReMIND-056-pre,preop,2,cavity,0,0,nan,nan,nan,0,0,"0.7937,0.7936,1.2000",GAN-swinpix2pix-2D+3D-post-FLAIR
FLAIR,ReMIND-056-pre,preop,lesion,lesion,1,1,0.6235896770846843,8.978944757137663,0.40435938330675175,55846,67530,"0.7937,0.7936,1.2000",GAN-swinpix2pix-2D+3D-post-FLAIR
FLAIR,ReMIND-077-post,postop,1,tumor,1,1,0.044475011462631824,18.877519310789882,0.07876162977221687,2094,19716,"0.8558,0.8268,1.9283",GAN-swinpix2pix-2D+3D-post-FLAIR
FLAIR,ReMIND-077-post,postop,2,cavity,1,0,0.0,nan,nan,2767,0,"0.8558,0.8268,1.9283",GAN-swinpix2pix-2D+3D-post-FLAIR
FLAIR,ReMIND-077-post,postop,lesion,lesion,1,1,0.10123285999104854,18.417265053217005,0.18703778405270943,4861,19716,"0.8558,0.8268,1.9283",GAN-swinpix2pix-2D+3D-post-FLAIR
FLAIR,ReMIND-077-pre,preop,1,tumor,1,1,0.20963331697398865,9.835849644531452,0.2472434816448307,6841,21685,"0.9765,0.9644,0.9880",GAN-swinpix2pix-2D+3D-post-FLAIR
FLAIR,ReMIND-077-pre,preop,2,cavity,1,0,0.0,nan,nan,5265,0,"0.9765,0.9644,0.9880",GAN-swinpix2pix-2D+3D-post-FLAIR
FLAIR,ReMIND-077-pre,preop,lesion,lesion,1,1,0.3020922730904679,9.602664328754582,0.2614935822637106,12106,21685,"0.9765,0.9644,0.9880",GAN-swinpix2pix-2D+3D-post-FLAIR
FLAIR,ReMIND-079-post,postop,1,tumor,1,1,0.2441025641025641,13.889893401949221,0.2566093159882501,7260,5415,"0.7990,0.7254,1.8280",GAN-swinpix2pix-2D+3D-post-FLAIR
FLAIR,ReMIND-079-post,postop,2,cavity,0,0,nan,nan,nan,0,0,"0.7990,0.7254,1.8280",GAN-swinpix2pix-2D+3D-post-FLAIR
FLAIR,ReMIND-079-post,postop,lesion,lesion,1,1,0.2441025641025641,13.889893401949221,0.2566093159882501,7260,5415,"0.7990,0.7254,1.8280",GAN-swinpix2pix-2D+3D-post-FLAIR
FLAIR,ReMIND-079-pre,preop,1,tumor,1,1,0.20329987724745469,15.932366124364117,0.22178304787000439,14068,41328,"0.9526,0.9132,0.9551",GAN-swinpix2pix-2D+3D-post-FLAIR
FLAIR,ReMIND-079-pre,preop,2,cavity,1,1,0.009819967266775777,46.45920010779526,0.051843738590726544,7069,874,"0.9526,0.9132,0.9551",GAN-swinpix2pix-2D+3D-post-FLAIR
FLAIR,ReMIND-079-pre,preop,lesion,lesion,1,1,0.22336948799317954,15.332738169329835,0.24868411565361598,21137,42202,"0.9526,0.9132,0.9551",GAN-swinpix2pix-2D+3D-post-FLAIR
FLAIR,ReMIND-087-pre,preop,1,tumor,1,1,0.12995994582600928,15.360008795526321,0.19857371203737859,11505,23198,"0.9766,0.9734,0.9968",GAN-swinpix2pix-2D+3D-post-FLAIR
FLAIR,ReMIND-087-pre,preop,2,cavity,1,0,0.0,nan,nan,11681,0,"0.9766,0.9734,0.9968",GAN-swinpix2pix-2D+3D-post-FLAIR
FLAIR,ReMIND-087-pre,preop,lesion,lesion,1,1,0.4204035874439462,10.482290002086915,0.22258392675483216,23186,23198,"0.9766,0.9734,0.9968",GAN-swinpix2pix-2D+3D-post-FLAIR
FLAIR,ReMIND-091-pre,preop,1,tumor,1,1,0.549469964664311,10.796309293810099,0.2691771269177127,25347,42573,"0.9733,0.9707,0.9931",GAN-swinpix2pix-2D+3D-post-FLAIR
FLAIR,ReMIND-091-pre,preop,2,cavity,0,1,nan,nan,nan,0,1,"0.9733,0.9707,0.9931",GAN-swinpix2pix-2D+3D-post-FLAIR
FLAIR,ReMIND-091-pre,preop,lesion,lesion,1,1,0.5494913207991637,10.796309293810099,0.26964837135172826,25347,42574,"0.9733,0.9707,0.9931",GAN-swinpix2pix-2D+3D-post-FLAIR
FLAIR,ReMIND-096-post,postop,1,tumor,0,1,nan,nan,nan,0,18595,"0.8569,0.8553,1.9849",GAN-swinpix2pix-2D+3D-post-FLAIR
FLAIR,ReMIND-096-post,postop,2,cavity,1,0,0.0,nan,nan,2166,0,"0.8569,0.8553,1.9849",GAN-swinpix2pix-2D+3D-post-FLAIR
FLAIR,ReMIND-096-post,postop,lesion,lesion,1,1,0.19950869418621453,20.302281427239613,0.10778688524590165,2166,18595,"0.8569,0.8553,1.9849",GAN-swinpix2pix-2D+3D-post-FLAIR
FLAIR,ReMIND-096-pre,preop,1,tumor,1,1,0.32212216352390444,19.242309455026223,0.08453993460999533,18774,87608,"0.9755,0.9626,0.9851",GAN-swinpix2pix-2D+3D-post-FLAIR
FLAIR,ReMIND-096-pre,preop,2,cavity,0,0,nan,nan,nan,0,0,"0.9755,0.9626,0.9851",GAN-swinpix2pix-2D+3D-post-FLAIR
FLAIR,ReMIND-096-pre,preop,lesion,lesion,1,1,0.32212216352390444,19.242309455026223,0.08453993460999533,18774,87608,"0.9755,0.9626,0.9851",GAN-swinpix2pix-2D+3D-post-FLAIR
FLAIR,ReMIND-102-pre,preop,1,tumor,1,1,0.32002348796241925,0.4345655699745836,1.0,7693,22961,"0.0008,0.0174,0.0887",GAN-swinpix2pix-2D+3D-post-FLAIR
FLAIR,ReMIND-102-pre,preop,2,cavity,0,1,nan,nan,nan,0,40374,"0.0008,0.0174,0.0887",GAN-swinpix2pix-2D+3D-post-FLAIR
FLAIR,ReMIND-102-pre,preop,lesion,lesion,1,1,0.19198062735822494,0.365054478362163,1.0,7693,63335,"0.0008,0.0174,0.0887",GAN-swinpix2pix-2D+3D-post-FLAIR
FLAIR,ReMIND-107-pre,preop,1,tumor,1,1,0.3038439440014574,12.997269252187822,0.35369449645939605,57631,13728,"0.2343,0.2312,4.9330",GAN-swinpix2pix-2D+3D-post-FLAIR
FLAIR,ReMIND-107-pre,preop,2,cavity,0,0,nan,nan,nan,0,0,"0.2343,0.2312,4.9330",GAN-swinpix2pix-2D+3D-post-FLAIR
FLAIR,ReMIND-107-pre,preop,lesion,lesion,1,1,0.3038439440014574,12.997269252187822,0.35369449645939605,57631,13728,"0.2343,0.2312,4.9330",GAN-swinpix2pix-2D+3D-post-FLAIR
FLAIR,ReMIND-109-post,postop,1,tumor,0,1,nan,nan,nan,0,4003,"0.8585,0.8371,1.9460",GAN-swinpix2pix-2D+3D-post-FLAIR
FLAIR,ReMIND-109-post,postop,2,cavity,1,0,0.0,nan,nan,3408,0,"0.8585,0.8371,1.9460",GAN-swinpix2pix-2D+3D-post-FLAIR
FLAIR,ReMIND-109-post,postop,lesion,lesion,1,1,0.25124814464984485,34.6468473345982,0.28343949044585987,3408,4003,"0.8585,0.8371,1.9460",GAN-swinpix2pix-2D+3D-post-FLAIR
FLAIR,ReMIND-109-pre,preop,1,tumor,1,1,0.2947089702735572,27.70823907474685,0.2151524421331702,10361,54598,"0.9755,0.9400,0.9620",GAN-swinpix2pix-2D+3D-post-FLAIR
FLAIR,ReMIND-109-pre,preop,2,cavity,0,0,nan,nan,nan,0,0,"0.9755,0.9400,0.9620",GAN-swinpix2pix-2D+3D-post-FLAIR
FLAIR,ReMIND-109-pre,preop,lesion,lesion,1,1,0.2947089702735572,27.70823907474685,0.2151524421331702,10361,54598,"0.9755,0.9400,0.9620",GAN-swinpix2pix-2D+3D-post-FLAIR
FLAIR,ReMIND-003-post,postop,1,tumor,0,1,nan,nan,nan,0,13316,"0.9264,0.9265,1.9922",GAN-swinpix2pix-2D-FLAIR
FLAIR,ReMIND-003-post,postop,2,cavity,1,0,0.0,nan,nan,2099,0,"0.9264,0.9265,1.9922",GAN-swinpix2pix-2D-FLAIR
FLAIR,ReMIND-003-post,postop,lesion,lesion,1,1,0.24534544275056763,14.521050088958383,0.16468590831918506,2099,13316,"0.9264,0.9265,1.9922",GAN-swinpix2pix-2D-FLAIR
FLAIR,ReMIND-023-pre,preop,1,tumor,1,1,0.415819209039548,6.717370894147697,0.30248618784530384,3895,2300,"0.6872,0.6822,2.1845",GAN-swinpix2pix-2D-FLAIR
FLAIR,ReMIND-023-pre,preop,2,cavity,0,0,nan,nan,nan,0,0,"0.6872,0.6822,2.1845",GAN-swinpix2pix-2D-FLAIR
FLAIR,ReMIND-023-pre,preop,lesion,lesion,1,1,0.415819209039548,6.717370894147697,0.30248618784530384,3895,2300,"0.6872,0.6822,2.1845",GAN-swinpix2pix-2D-FLAIR
FLAIR,ReMIND-032-post,postop,1,tumor,1,1,0.39985992168348666,26.237295323447086,0.29580255809764006,13367,18044,"0.8594,0.8379,1.9501",GAN-swinpix2pix-2D-FLAIR
FLAIR,ReMIND-032-post,postop,2,cavity,1,0,0.0,nan,nan,6211,0,"0.8594,0.8379,1.9501",GAN-swinpix2pix-2D-FLAIR
FLAIR,ReMIND-032-post,postop,lesion,lesion,1,1,0.5111371006326085,13.571558694269626,0.3325673884224481,19578,18044,"0.8594,0.8379,1.9501",GAN-swinpix2pix-2D-FLAIR
FLAIR,ReMIND-032-pre,preop,1,tumor,1,1,0.7386496749694278,6.202642952139351,0.4694190668805356,32911,44774,"0.8208,0.8169,1.9763",GAN-swinpix2pix-2D-FLAIR
FLAIR,ReMIND-032-pre,preop,2,cavity,0,0,nan,nan,nan,0,0,"0.8208,0.8169,1.9763",GAN-swinpix2pix-2D-FLAIR
FLAIR,ReMIND-032-pre,preop,lesion,lesion,1,1,0.7386496749694278,6.202642952139351,0.4694190668805356,32911,44774,"0.8208,0.8169,1.9763",GAN-swinpix2pix-2D-FLAIR
FLAIR,ReMIND-045-pre,preop,1,tumor,1,1,0.6683041523044262,3.2129160267209556,0.6409881061299176,123470,95565,"0.2608,0.2430,0.9600",GAN-swinpix2pix-2D-FLAIR
FLAIR,ReMIND-045-pre,preop,2,cavity,0,0,nan,nan,nan,0,0,"0.2608,0.2430,0.9600",GAN-swinpix2pix-2D-FLAIR
FLAIR,ReMIND-045-pre,preop,lesion,lesion,1,1,0.6683041523044262,3.2129160267209556,0.6409881061299176,123470,95565,"0.2608,0.2430,0.9600",GAN-swinpix2pix-2D-FLAIR
FLAIR,ReMIND-056-post,postop,1,tumor,0,1,nan,nan,nan,0,10440,"0.8539,0.8523,1.9741",GAN-swinpix2pix-2D-FLAIR
FLAIR,ReMIND-056-post,postop,2,cavity,1,0,0.0,nan,nan,17551,0,"0.8539,0.8523,1.9741",GAN-swinpix2pix-2D-FLAIR
FLAIR,ReMIND-056-post,postop,lesion,lesion,1,1,0.0,26.75494752384178,0.0,17551,10440,"0.8539,0.8523,1.9741",GAN-swinpix2pix-2D-FLAIR
FLAIR,ReMIND-056-pre,preop,1,tumor,1,1,0.5125238724842074,12.104380420940977,0.295635628493281,55846,53066,"0.7937,0.7936,1.2000",GAN-swinpix2pix-2D-FLAIR
FLAIR,ReMIND-056-pre,preop,2,cavity,0,0,nan,nan,nan,0,0,"0.7937,0.7936,1.2000",GAN-swinpix2pix-2D-FLAIR
FLAIR,ReMIND-056-pre,preop,lesion,lesion,1,1,0.5125238724842074,12.104380420940977,0.295635628493281,55846,53066,"0.7937,0.7936,1.2000",GAN-swinpix2pix-2D-FLAIR
FLAIR,ReMIND-077-post,postop,1,tumor,1,1,0.04375359815774323,21.211634635925293,0.061552680221811464,2094,17013,"0.8558,0.8268,1.9283",GAN-swinpix2pix-2D-FLAIR
FLAIR,ReMIND-077-post,postop,2,cavity,1,0,0.0,nan,nan,2767,0,"0.8558,0.8268,1.9283",GAN-swinpix2pix-2D-FLAIR
FLAIR,ReMIND-077-post,postop,lesion,lesion,1,1,0.09536435951357776,20.62432775809792,0.1639195523967942,4861,17013,"0.8558,0.8268,1.9283",GAN-swinpix2pix-2D-FLAIR
FLAIR,ReMIND-077-pre,preop,1,tumor,1,1,0.2215906207176572,10.048867114786741,0.25711226674824106,6841,12862,"0.9765,0.9644,0.9880",GAN-swinpix2pix-2D-FLAIR
FLAIR,ReMIND-077-pre,preop,2,cavity,1,0,0.0,nan,nan,5265,0,"0.9765,0.9644,0.9880",GAN-swinpix2pix-2D-FLAIR
FLAIR,ReMIND-077-pre,preop,lesion,lesion,1,1,0.30166613264979175,9.615607554802727,0.282605757534802,12106,12862,"0.9765,0.9644,0.9880",GAN-swinpix2pix-2D-FLAIR
FLAIR,ReMIND-079-post,postop,1,tumor,1,1,0.2522704339051463,13.653413543611792,0.2641649637748467,7260,8596,"0.7990,0.7254,1.8280",GAN-swinpix2pix-2D-FLAIR
FLAIR,ReMIND-079-post,postop,2,cavity,0,0,nan,nan,nan,0,0,"0.7990,0.7254,1.8280",GAN-swinpix2pix-2D-FLAIR
FLAIR,ReMIND-079-post,postop,lesion,lesion,1,1,0.2522704339051463,13.653413543611792,0.2641649637748467,7260,8596,"0.7990,0.7254,1.8280",GAN-swinpix2pix-2D-FLAIR
FLAIR,ReMIND-079-pre,preop,1,tumor,1,1,0.25683962264150945,16.60823677637845,0.2097908020665707,14068,53772,"0.9526,0.9132,0.9551",GAN-swinpix2pix-2D-FLAIR
FLAIR,ReMIND-079-pre,preop,2,cavity,1,0,0.0,nan,nan,7069,0,"0.9526,0.9132,0.9551",GAN-swinpix2pix-2D-FLAIR
FLAIR,ReMIND-079-pre,preop,lesion,lesion,1,1,0.29780133228317024,15.456586053947005,0.2528985507246377,21137,53772,"0.9526,0.9132,0.9551",GAN-swinpix2pix-2D-FLAIR
FLAIR,ReMIND-087-pre,preop,1,tumor,1,1,0.12946032716709982,14.939002082724688,0.18069556451612903,11505,21200,"0.9766,0.9734,0.9968",GAN-swinpix2pix-2D-FLAIR
FLAIR,ReMIND-087-pre,preop,2,cavity,1,0,0.0,nan,nan,11681,0,"0.9766,0.9734,0.9968",GAN-swinpix2pix-2D-FLAIR
FLAIR,ReMIND-087-pre,preop,lesion,lesion,1,1,0.4020637137836255,10.593032301165918,0.21519775770787916,23186,21200,"0.9766,0.9734,0.9968",GAN-swinpix2pix-2D-FLAIR
FLAIR,ReMIND-091-pre,preop,1,tumor,1,1,0.5611750547721172,9.917116169161034,0.2685609532538955,25347,39467,"0.9733,0.9707,0.9931",GAN-swinpix2pix-2D-FLAIR
FLAIR,ReMIND-091-pre,preop,2,cavity,0,1,nan,nan,nan,0,33,"0.9733,0.9707,0.9931",GAN-swinpix2pix-2D-FLAIR
FLAIR,ReMIND-091-pre,preop,lesion,lesion,1,1,0.5618764167964594,9.917116169161034,0.2713864306784661,25347,39500,"0.9733,0.9707,0.9931",GAN-swinpix2pix-2D-FLAIR
FLAIR,ReMIND-096-post,postop,1,tumor,0,1,nan,nan,nan,0,20568,"0.8569,0.8553,1.9849",GAN-swinpix2pix-2D-FLAIR
FLAIR,ReMIND-096-post,postop,2,cavity,1,0,0.0,nan,nan,2166,0,"0.8569,0.8553,1.9849",GAN-swinpix2pix-2D-FLAIR
FLAIR,ReMIND-096-post,postop,lesion,lesion,1,1,0.16248790358054016,24.861269713236855,0.15040967616074913,2166,20568,"0.8569,0.8553,1.9849",GAN-swinpix2pix-2D-FLAIR
FLAIR,ReMIND-096-pre,preop,1,tumor,1,1,0.32916293449680717,19.803130237470075,0.08919529485082184,18774,85053,"0.9755,0.9626,0.9851",GAN-swinpix2pix-2D-FLAIR
FLAIR,ReMIND-096-pre,preop,2,cavity,0,0,nan,nan,nan,0,0,"0.9755,0.9626,0.9851",GAN-swinpix2pix-2D-FLAIR
FLAIR,ReMIND-096-pre,preop,lesion,lesion,1,1,0.32916293449680717,19.803130237470075,0.08919529485082184,18774,85053,"0.9755,0.9626,0.9851",GAN-swinpix2pix-2D-FLAIR
FLAIR,ReMIND-102-pre,preop,1,tumor,1,1,0.3017051776334515,0.22729299572703152,1.0,7693,30954,"0.0008,0.0174,0.0887",GAN-swinpix2pix-2D-FLAIR
FLAIR,ReMIND-102-pre,preop,2,cavity,0,1,nan,nan,nan,0,13769,"0.0008,0.0174,0.0887",GAN-swinpix2pix-2D-FLAIR
FLAIR,ReMIND-102-pre,preop,lesion,lesion,1,1,0.26026404151404153,0.23667806403338704,1.0,7693,44723,"0.0008,0.0174,0.0887",GAN-swinpix2pix-2D-FLAIR
FLAIR,ReMIND-107-pre,preop,1,tumor,1,1,0.28595118412188425,11.276230471893907,0.2986027629426719,57631,19557,"0.2343,0.2312,4.9330",GAN-swinpix2pix-2D-FLAIR
FLAIR,ReMIND-107-pre,preop,2,cavity,0,0,nan,nan,nan,0,0,"0.2343,0.2312,4.9330",GAN-swinpix2pix-2D-FLAIR
FLAIR,ReMIND-107-pre,preop,lesion,lesion,1,1,0.28595118412188425,11.276230471893907,0.2986027629426719,57631,19557,"0.2343,0.2312,4.9330",GAN-swinpix2pix-2D-FLAIR
FLAIR,ReMIND-109-post,postop,1,tumor,0,1,nan,nan,nan,0,5360,"0.8585,0.8371,1.9460",GAN-swinpix2pix-2D-FLAIR
FLAIR,ReMIND-109-post,postop,2,cavity,1,1,0.0,39.74049122816492,0.0,3408,93,"0.8585,0.8371,1.9460",GAN-swinpix2pix-2D-FLAIR
FLAIR,ReMIND-109-post,postop,lesion,lesion,1,1,0.1907233946507166,36.8258195404782,0.23363569502329,3408,5453,"0.8585,0.8371,1.9460",GAN-swinpix2pix-2D-FLAIR
FLAIR,ReMIND-109-pre,preop,1,tumor,1,1,0.2604822476337316,30.225934774313533,0.22301805337519623,10361,59686,"0.9755,0.9400,0.9620",GAN-swinpix2pix-2D-FLAIR
FLAIR,ReMIND-109-pre,preop,2,cavity,0,0,nan,nan,nan,0,0,"0.9755,0.9400,0.9620",GAN-swinpix2pix-2D-FLAIR
FLAIR,ReMIND-109-pre,preop,lesion,lesion,1,1,0.2604822476337316,30.225934774313533,0.22301805337519623,10361,59686,"0.9755,0.9400,0.9620",GAN-swinpix2pix-2D-FLAIR
FLAIR,ReMIND-003-post,postop,1,tumor,0,1,nan,nan,nan,0,25416,"0.9264,0.9265,1.9922",GAN-swinpix2pix-3D-FLAIR
FLAIR,ReMIND-003-post,postop,2,cavity,1,0,0.0,nan,nan,2099,0,"0.9264,0.9265,1.9922",GAN-swinpix2pix-3D-FLAIR
FLAIR,ReMIND-003-post,postop,lesion,lesion,1,1,0.1344721061239324,26.538635207565225,0.08833819241982507,2099,25416,"0.9264,0.9265,1.9922",GAN-swinpix2pix-3D-FLAIR
FLAIR,ReMIND-023-pre,preop,1,tumor,1,1,0.0417702635504724,13.837046503755628,0.10898876404494381,3895,127,"0.6872,0.6822,2.1845",GAN-swinpix2pix-3D-FLAIR
FLAIR,ReMIND-023-pre,preop,2,cavity,0,1,nan,nan,nan,0,80,"0.6872,0.6822,2.1845",GAN-swinpix2pix-3D-FLAIR
FLAIR,ReMIND-023-pre,preop,lesion,lesion,1,1,0.040955631399317405,14.623692165995083,0.104638619201726,3895,207,"0.6872,0.6822,2.1845",GAN-swinpix2pix-3D-FLAIR
FLAIR,ReMIND-032-post,postop,1,tumor,1,1,0.06630824372759857,19.179769856928143,0.1669463087248322,13367,7837,"0.8594,0.8379,1.9501",GAN-swinpix2pix-3D-FLAIR
FLAIR,ReMIND-032-post,postop,2,cavity,1,0,0.0,nan,nan,6211,0,"0.8594,0.8379,1.9501",GAN-swinpix2pix-3D-FLAIR
FLAIR,ReMIND-032-post,postop,lesion,lesion,1,1,0.10242567937260624,20.784497558109756,0.15133808577772584,19578,7837,"0.8594,0.8379,1.9501",GAN-swinpix2pix-3D-FLAIR
FLAIR,ReMIND-032-pre,preop,1,tumor,1,1,0.6428337744995984,7.321320394835463,0.32925272249342846,32911,34335,"0.8208,0.8169,1.9763",GAN-swinpix2pix-3D-FLAIR
FLAIR,ReMIND-032-pre,preop,2,cavity,0,0,nan,nan,nan,0,0,"0.8208,0.8169,1.9763",GAN-swinpix2pix-3D-FLAIR
FLAIR,ReMIND-032-pre,preop,lesion,lesion,1,1,0.6428337744995984,7.321320394835463,0.32925272249342846,32911,34335,"0.8208,0.8169,1.9763",GAN-swinpix2pix-3D-FLAIR
FLAIR,ReMIND-045-pre,preop,1,tumor,1,1,0.38701130475741874,6.523662913918452,0.4596504790038928,123470,46370,"0.2608,0.2430,0.9600",GAN-swinpix2pix-3D-FLAIR
FLAIR,ReMIND-045-pre,preop,2,cavity,0,1,nan,nan,nan,0,31,"0.2608,0.2430,0.9600",GAN-swinpix2pix-3D-FLAIR
FLAIR,ReMIND-045-pre,preop,lesion,lesion,1,1,0.38694067851487307,6.498698235620019,0.4592700891009903,123470,46401,"0.2608,0.2430,0.9600",GAN-swinpix2pix-3D-FLAIR
FLAIR,ReMIND-056-post,postop,1,tumor,0,1,nan,nan,nan,0,16281,"0.8539,0.8523,1.9741",GAN-swinpix2pix-3D-FLAIR
FLAIR,ReMIND-056-post,postop,2,cavity,1,0,0.0,nan,nan,17551,0,"0.8539,0.8523,1.9741",GAN-swinpix2pix-3D-FLAIR
FLAIR,ReMIND-056-post,postop,lesion,lesion,1,1,0.0028375502482856467,22.558792303795038,0.04054054054054054,17551,16281,"0.8539,0.8523,1.9741",GAN-swinpix2pix-3D-FLAIR
FLAIR,ReMIND-056-pre,preop,1,tumor,1,1,0.43762880940476334,11.597856061969695,0.19113386781647915,55846,26155,"0.7937,0.7936,1.2000",GAN-swinpix2pix-3D-FLAIR
FLAIR,ReMIND-056-pre,preop,2,cavity,0,0,nan,nan,nan,0,0,"0.7937,0.7936,1.2000",GAN-swinpix2pix-3D-FLAIR
FLAIR,ReMIND-056-pre,preop,lesion,lesion,1,1,0.43762880940476334,11.597856061969695,0.19113386781647915,55846,26155,"0.7937,0.7936,1.2000",GAN-swinpix2pix-3D-FLAIR
FLAIR,ReMIND-077-post,postop,1,tumor,1,1,0.07477897838899804,27.868658242878784,0.14060494958753436,2094,14194,"0.8558,0.8268,1.9283",GAN-swinpix2pix-3D-FLAIR
FLAIR,ReMIND-077-post,postop,2,cavity,1,0,0.0,nan,nan,2767,0,"0.8558,0.8268,1.9283",GAN-swinpix2pix-3D-FLAIR
FLAIR,ReMIND-077-post,postop,lesion,lesion,1,1,0.18042508527945422,27.20383501399051,0.17828176629618503,4861,14194,"0.8558,0.8268,1.9283",GAN-swinpix2pix-3D-FLAIR
FLAIR,ReMIND-077-pre,preop,1,tumor,1,1,0.18273978013297348,15.480180882742962,0.2819560507582792,6841,8350,"0.9765,0.9644,0.9880",GAN-swinpix2pix-3D-FLAIR
FLAIR,ReMIND-077-pre,preop,2,cavity,1,0,0.0,nan,nan,5265,0,"0.9765,0.9644,0.9880",GAN-swinpix2pix-3D-FLAIR
FLAIR,ReMIND-077-pre,preop,lesion,lesion,1,1,0.22585060617911615,14.789489099565857,0.31503482179434655,12106,8350,"0.9765,0.9644,0.9880",GAN-swinpix2pix-3D-FLAIR
FLAIR,ReMIND-079-post,postop,1,tumor,1,1,0.0,25.096996040721688,0.004180602006688963,7260,1016,"0.7990,0.7254,1.8280",GAN-swinpix2pix-3D-FLAIR
FLAIR,ReMIND-079-post,postop,2,cavity,0,0,nan,nan,nan,0,0,"0.7990,0.7254,1.8280",GAN-swinpix2pix-3D-FLAIR
FLAIR,ReMIND-079-post,postop,lesion,lesion,1,1,0.0,25.096996040721688,0.004180602006688963,7260,1016,"0.7990,0.7254,1.8280",GAN-swinpix2pix-3D-FLAIR
FLAIR,ReMIND-079-pre,preop,1,tumor,1,1,0.1702716158654644,20.433233829046067,0.22516339869281046,14068,4009,"0.9526,0.9132,0.9551",GAN-swinpix2pix-3D-FLAIR
FLAIR,ReMIND-079-pre,preop,2,cavity,1,0,0.0,nan,nan,7069,0,"0.9526,0.9132,0.9551",GAN-swinpix2pix-3D-FLAIR
FLAIR,ReMIND-079-pre,preop,lesion,lesion,1,1,0.1269386781197805,30.921499193452412,0.16664612350548502,21137,4009,"0.9526,0.9132,0.9551",GAN-swinpix2pix-3D-FLAIR
FLAIR,ReMIND-087-pre,preop,1,tumor,1,1,0.0,27.97217768551863,0.0,11505,738,"0.9766,0.9734,0.9968",GAN-swinpix2pix-3D-FLAIR
FLAIR,ReMIND-087-pre,preop,2,cavity,1,0,0.0,nan,nan,11681,0,"0.9766,0.9734,0.9968",GAN-swinpix2pix-3D-FLAIR
FLAIR,ReMIND-087-pre,preop,lesion,lesion,1,1,0.03168366493897341,25.82703773276311,0.053670966714444976,23186,738,"0.9766,0.9734,0.9968",GAN-swinpix2pix-3D-FLAIR
FLAIR,ReMIND-091-pre,preop,1,tumor,1,1,0.3808152461619905,10.903569782534472,0.1999255860101699,25347,21878,"0.9733,0.9707,0.9931",GAN-swinpix2pix-3D-FLAIR
FLAIR,ReMIND-091-pre,preop,2,cavity,0,0,nan,nan,nan,0,0,"0.9733,0.9707,0.9931",GAN-swinpix2pix-3D-FLAIR
FLAIR,ReMIND-091-pre,preop,lesion,lesion,1,1,0.3808152461619905,10.903569782534472,0.1999255860101699,25347,21878,"0.9733,0.9707,0.9931",GAN-swinpix2pix-3D-FLAIR
FLAIR,ReMIND-096-post,postop,1,tumor,0,1,nan,nan,nan,0,6906,"0.8569,0.8553,1.9849",GAN-swinpix2pix-3D-FLAIR
FLAIR,ReMIND-096-post,postop,2,cavity,1,1,0.0,28.02457812008,0.0,2166,294,"0.8569,0.8553,1.9849",GAN-swinpix2pix-3D-FLAIR
FLAIR,ReMIND-096-post,postop,lesion,lesion,1,1,0.08093102711936792,18.047941385132866,0.11209529627367135,2166,7200,"0.8569,0.8553,1.9849",GAN-swinpix2pix-3D-FLAIR
FLAIR,ReMIND-096-pre,preop,1,tumor,1,1,0.3640503088926629,13.75856524326177,0.14242904988542218,18774,62484,"0.9755,0.9626,0.9851",GAN-swinpix2pix-3D-FLAIR
FLAIR,ReMIND-096-pre,preop,2,cavity,0,0,nan,nan,nan,0,0,"0.9755,0.9626,0.9851",GAN-swinpix2pix-3D-FLAIR
FLAIR,ReMIND-096-pre,preop,lesion,lesion,1,1,0.3640503088926629,13.75856524326177,0.14242904988542218,18774,62484,"0.9755,0.9626,0.9851",GAN-swinpix2pix-3D-FLAIR
FLAIR,ReMIND-102-pre,preop,1,tumor,1,1,0.24102474729871035,0.2606744992034867,1.0,7693,3783,"0.0008,0.0174,0.0887",GAN-swinpix2pix-3D-FLAIR
FLAIR,ReMIND-102-pre,preop,2,cavity,0,1,nan,nan,nan,0,152,"0.0008,0.0174,0.0887",GAN-swinpix2pix-3D-FLAIR
FLAIR,ReMIND-102-pre,preop,lesion,lesion,1,1,0.260921912624699,0.17744231521185794,1.0,7693,3935,"0.0008,0.0174,0.0887",GAN-swinpix2pix-3D-FLAIR
FLAIR,ReMIND-107-pre,preop,1,tumor,1,1,0.0,49.87417835919652,0.0,57631,24,"0.2343,0.2312,4.9330",GAN-swinpix2pix-3D-FLAIR
FLAIR,ReMIND-107-pre,preop,2,cavity,0,0,nan,nan,nan,0,0,"0.2343,0.2312,4.9330",GAN-swinpix2pix-3D-FLAIR
FLAIR,ReMIND-107-pre,preop,lesion,lesion,1,1,0.0,49.87417835919652,0.0,57631,24,"0.2343,0.2312,4.9330",GAN-swinpix2pix-3D-FLAIR
FLAIR,ReMIND-109-post,postop,1,tumor,0,1,nan,nan,nan,0,12882,"0.8585,0.8371,1.9460",GAN-swinpix2pix-3D-FLAIR
FLAIR,ReMIND-109-post,postop,2,cavity,1,0,0.0,nan,nan,3408,0,"0.8585,0.8371,1.9460",GAN-swinpix2pix-3D-FLAIR
FLAIR,ReMIND-109-post,postop,lesion,lesion,1,1,0.03032535297728668,41.66256755258246,0.06528713506576837,3408,12882,"0.8585,0.8371,1.9460",GAN-swinpix2pix-3D-FLAIR
FLAIR,ReMIND-109-pre,preop,1,tumor,1,1,0.30541783911742376,49.61694874976479,0.22824120603015075,10361,34417,"0.9755,0.9400,0.9620",GAN-swinpix2pix-3D-FLAIR
FLAIR,ReMIND-109-pre,preop,2,cavity,0,0,nan,nan,nan,0,0,"0.9755,0.9400,0.9620",GAN-swinpix2pix-3D-FLAIR
FLAIR,ReMIND-109-pre,preop,lesion,lesion,1,1,0.30541783911742376,49.61694874976479,0.22824120603015075,10361,34417,"0.9755,0.9400,0.9620",GAN-swinpix2pix-3D-FLAIR
FLAIR,ReMIND-003-post,postop,1,tumor,0,1,nan,nan,nan,0,34,"0.9264,0.9265,1.9922",REAL_FLAIR
FLAIR,ReMIND-003-post,postop,2,cavity,1,1,0.013245033112582781,10.666518817280167,0.012172284644194757,2099,15,"0.9264,0.9265,1.9922",REAL_FLAIR
FLAIR,ReMIND-003-post,postop,lesion,lesion,1,1,0.01303538175046555,11.039858399114495,0.011796733212341199,2099,49,"0.9264,0.9265,1.9922",REAL_FLAIR
FLAIR,ReMIND-023-pre,preop,1,tumor,1,1,0.60843158270811,3.410888910293579,0.4601735015772871,3895,1703,"0.6872,0.6822,2.1845",REAL_FLAIR
FLAIR,ReMIND-023-pre,preop,2,cavity,0,0,nan,nan,nan,0,0,"0.6872,0.6822,2.1845",REAL_FLAIR
FLAIR,ReMIND-023-pre,preop,lesion,lesion,1,1,0.60843158270811,3.410888910293579,0.4601735015772871,3895,1703,"0.6872,0.6822,2.1845",REAL_FLAIR
FLAIR,ReMIND-032-post,postop,1,tumor,1,1,0.3023580121703854,20.088591410703632,0.2566161165625929,13367,2409,"0.8594,0.8379,1.9501",REAL_FLAIR
FLAIR,ReMIND-032-post,postop,2,cavity,1,1,0.8214083596086992,2.711066036831982,0.8358714043993232,6211,6158,"0.8594,0.8379,1.9501",REAL_FLAIR
FLAIR,ReMIND-032-post,postop,lesion,lesion,1,1,0.597193107123823,6.796931643793536,0.49436112079990696,19578,8567,"0.8594,0.8379,1.9501",REAL_FLAIR
FLAIR,ReMIND-032-pre,preop,1,tumor,1,1,0.8232395458226365,2.450712740421295,0.6325430112128734,32911,25128,"0.8208,0.8169,1.9763",REAL_FLAIR
FLAIR,ReMIND-032-pre,preop,2,cavity,0,1,nan,nan,nan,0,325,"0.8208,0.8169,1.9763",REAL_FLAIR
FLAIR,ReMIND-032-pre,preop,lesion,lesion,1,1,0.829792337742444,2.316080342715205,0.6394036025165906,32911,25453,"0.8208,0.8169,1.9763",REAL_FLAIR
FLAIR,ReMIND-045-pre,preop,1,tumor,1,1,0.855144648894165,0.9600427746772766,0.9038672108301812,123470,109024,"0.2608,0.2430,0.9600",REAL_FLAIR
FLAIR,ReMIND-045-pre,preop,2,cavity,0,0,nan,nan,nan,0,0,"0.2608,0.2430,0.9600",REAL_FLAIR
FLAIR,ReMIND-045-pre,preop,lesion,lesion,1,1,0.855144648894165,0.9600427746772766,0.9038672108301812,123470,109024,"0.2608,0.2430,0.9600",REAL_FLAIR
FLAIR,ReMIND-056-post,postop,1,tumor,0,0,nan,nan,nan,0,0,"0.8539,0.8523,1.9741",REAL_FLAIR
FLAIR,ReMIND-056-post,postop,2,cavity,1,1,0.7197500269367525,5.353671956252025,0.6586400328362293,17551,10292,"0.8539,0.8523,1.9741",REAL_FLAIR
FLAIR,ReMIND-056-post,postop,lesion,lesion,1,1,0.7197500269367525,5.353671956252025,0.6586400328362293,17551,10292,"0.8539,0.8523,1.9741",REAL_FLAIR
FLAIR,ReMIND-056-pre,preop,1,tumor,1,1,0.8724968167611992,1.5874247550964355,0.8015742033769202,55846,47822,"0.7937,0.7936,1.2000",REAL_FLAIR
FLAIR,ReMIND-056-pre,preop,2,cavity,0,0,nan,nan,nan,0,0,"0.7937,0.7936,1.2000",REAL_FLAIR
FLAIR,ReMIND-056-pre,preop,lesion,lesion,1,1,0.8724968167611992,1.5874247550964355,0.8015742033769202,55846,47822,"0.7937,0.7936,1.2000",REAL_FLAIR
FLAIR,ReMIND-077-post,postop,1,tumor,1,1,0.034158838599487616,12.648515724733555,0.16849615806805707,2094,248,"0.8558,0.8268,1.9283",REAL_FLAIR
FLAIR,ReMIND-077-post,postop,2,cavity,1,1,0.5553944916131704,4.960973739624023,0.6733980582524272,2767,2062,"0.8558,0.8268,1.9283",REAL_FLAIR
FLAIR,ReMIND-077-post,postop,lesion,lesion,1,1,0.4328545530609399,7.242999958416839,0.5524792348351372,4861,2310,"0.8558,0.8268,1.9283",REAL_FLAIR
FLAIR,ReMIND-077-pre,preop,1,tumor,1,1,0.27624694802929894,13.9616829657098,0.3722522522522522,6841,4627,"0.9765,0.9644,0.9880",REAL_FLAIR
FLAIR,ReMIND-077-pre,preop,2,cavity,1,1,0.8130523453433038,1.389121681008706,0.9030561945448571,5265,5032,"0.9765,0.9644,0.9880",REAL_FLAIR
FLAIR,ReMIND-077-pre,preop,lesion,lesion,1,1,0.5629221226740179,4.783410332855269,0.6346380416284854,12106,9659,"0.9765,0.9644,0.9880",REAL_FLAIR
FLAIR,ReMIND-079-post,postop,1,tumor,1,1,0.394055294503333,19.644873376079758,0.42895952186905734,7260,1891,"0.7990,0.7254,1.8280",REAL_FLAIR
FLAIR,ReMIND-079-post,postop,2,cavity,0,0,nan,nan,nan,0,0,"0.7990,0.7254,1.8280",REAL_FLAIR
FLAIR,ReMIND-079-post,postop,lesion,lesion,1,1,0.394055294503333,19.644873376079758,0.42895952186905734,7260,1891,"0.7990,0.7254,1.8280",REAL_FLAIR
FLAIR,ReMIND-079-pre,preop,1,tumor,1,1,0.14132413528791798,19.28315842388074,0.21446954532456391,14068,6806,"0.9526,0.9132,0.9551",REAL_FLAIR
FLAIR,ReMIND-079-pre,preop,2,cavity,1,1,0.00021346995410395986,30.4555074833058,0.049607535321821036,7069,2300,"0.9526,0.9132,0.9551",REAL_FLAIR
FLAIR,ReMIND-079-pre,preop,lesion,lesion,1,1,0.0976093641503819,17.876161046208452,0.1721472013194516,21137,9106,"0.9526,0.9132,0.9551",REAL_FLAIR
FLAIR,ReMIND-087-pre,preop,1,tumor,1,1,0.70200673942564,12.275069083917048,0.7198037042900111,11505,8378,"0.9766,0.9734,0.9968",REAL_FLAIR
FLAIR,ReMIND-087-pre,preop,2,cavity,1,1,0.07246734039930984,12.042142286588916,0.15863937387116195,11681,490,"0.9766,0.9734,0.9968",REAL_FLAIR
FLAIR,ReMIND-087-pre,preop,lesion,lesion,1,1,0.4728271042615586,8.860321013029576,0.5682961897915169,23186,8868,"0.9766,0.9734,0.9968",REAL_FLAIR
FLAIR,ReMIND-091-pre,preop,1,tumor,1,1,0.4414078923659079,11.109201799169162,0.5002901915264074,25347,7951,"0.9733,0.9707,0.9931",REAL_FLAIR
FLAIR,ReMIND-091-pre,preop,2,cavity,0,1,nan,nan,nan,0,2848,"0.9733,0.9707,0.9931",REAL_FLAIR
FLAIR,ReMIND-091-pre,preop,lesion,lesion,1,1,0.5630498533724341,9.145978825173144,0.5494473531122746,25347,10799,"0.9733,0.9707,0.9931",REAL_FLAIR
FLAIR,ReMIND-096-post,postop,1,tumor,0,1,nan,nan,nan,0,416,"0.8569,0.8553,1.9849",REAL_FLAIR
FLAIR,ReMIND-096-post,postop,2,cavity,1,1,0.6964081445893389,2.7568952299505356,0.7829162132752993,2166,2205,"0.8569,0.8553,1.9849",REAL_FLAIR
FLAIR,ReMIND-096-post,postop,lesion,lesion,1,1,0.6396490495090871,5.008609420949525,0.686831084225221,2166,2621,"0.8569,0.8553,1.9849",REAL_FLAIR
FLAIR,ReMIND-096-pre,preop,1,tumor,1,1,0.919707644001161,0.9625920653343201,0.965042372881356,18774,19125,"0.9755,0.9626,0.9851",REAL_FLAIR
FLAIR,ReMIND-096-pre,preop,2,cavity,0,0,nan,nan,nan,0,0,"0.9755,0.9626,0.9851",REAL_FLAIR
FLAIR,ReMIND-096-pre,preop,lesion,lesion,1,1,0.919707644001161,0.9625920653343201,0.965042372881356,18774,19125,"0.9755,0.9626,0.9851",REAL_FLAIR
FLAIR,ReMIND-102-pre,preop,1,tumor,1,1,0.02312732879352435,1.153413185090628,1.0,7693,90,"0.0008,0.0174,0.0887",REAL_FLAIR
FLAIR,ReMIND-102-pre,preop,2,cavity,0,1,nan,nan,nan,0,29024,"0.0008,0.0174,0.0887",REAL_FLAIR
FLAIR,ReMIND-102-pre,preop,lesion,lesion,1,1,0.050751215801342134,0.387828357674861,1.0,7693,29114,"0.0008,0.0174,0.0887",REAL_FLAIR
FLAIR,ReMIND-107-pre,preop,1,tumor,1,1,0.36994139679214144,8.636225642114935,0.373879411147423,57631,43558,"0.2343,0.2312,4.9330",REAL_FLAIR
FLAIR,ReMIND-107-pre,preop,2,cavity,0,1,nan,nan,nan,0,57,"0.2343,0.2312,4.9330",REAL_FLAIR
FLAIR,ReMIND-107-pre,preop,lesion,lesion,1,1,0.3697331252592695,8.636121848339522,0.3735602055030481,57631,43615,"0.2343,0.2312,4.9330",REAL_FLAIR
FLAIR,ReMIND-109-post,postop,1,tumor,0,1,nan,nan,nan,0,430,"0.8585,0.8371,1.9460",REAL_FLAIR
FLAIR,ReMIND-109-post,postop,2,cavity,1,0,0.0,nan,nan,3408,0,"0.8585,0.8371,1.9460",REAL_FLAIR
FLAIR,ReMIND-109-post,postop,lesion,lesion,1,1,0.0,34.15880126224683,0.0,3408,430,"0.8585,0.8371,1.9460",REAL_FLAIR
FLAIR,ReMIND-109-pre,preop,1,tumor,1,1,0.23206014124079277,9.73865488613552,0.31787032156035844,10361,2808,"0.9755,0.9400,0.9620",REAL_FLAIR
FLAIR,ReMIND-109-pre,preop,2,cavity,0,1,nan,nan,nan,0,5826,"0.9755,0.9400,0.9620",REAL_FLAIR
FLAIR,ReMIND-109-pre,preop,lesion,lesion,1,1,0.7027112397999473,5.171434803738306,0.6469977145231665,10361,8634,"0.9755,0.9400,0.9620",REAL_FLAIR
FLAIR,ReMIND-003-post,postop,1,tumor,0,1,nan,nan,nan,0,1416,"0.9264,0.9265,1.9922",ResViT-2.5D-FLAIR
FLAIR,ReMIND-003-post,postop,2,cavity,1,1,0.6440576230492197,4.09072545876332,0.6785930867192238,2099,1233,"0.9264,0.9265,1.9922",ResViT-2.5D-FLAIR
FLAIR,ReMIND-003-post,postop,lesion,lesion,1,1,0.5644481887110362,8.770916929976078,0.5688195991091314,2099,2649,"0.9264,0.9265,1.9922",ResViT-2.5D-FLAIR
FLAIR,ReMIND-023-pre,preop,1,tumor,1,1,0.39369473279507883,7.148378024909267,0.11381172839506173,3895,1307,"0.6872,0.6822,2.1845",ResViT-2.5D-FLAIR
FLAIR,ReMIND-023-pre,preop,2,cavity,0,0,nan,nan,nan,0,0,"0.6872,0.6822,2.1845",ResViT-2.5D-FLAIR
FLAIR,ReMIND-023-pre,preop,lesion,lesion,1,1,0.39369473279507883,7.148378024909267,0.11381172839506173,3895,1307,"0.6872,0.6822,2.1845",ResViT-2.5D-FLAIR
FLAIR,ReMIND-032-post,postop,1,tumor,1,1,0.0,37.43567961157004,0.0,13367,995,"0.8594,0.8379,1.9501",ResViT-2.5D-FLAIR
FLAIR,ReMIND-032-post,postop,2,cavity,1,1,0.0,45.56971752683805,0.0,6211,368,"0.8594,0.8379,1.9501",ResViT-2.5D-FLAIR
FLAIR,ReMIND-032-post,postop,lesion,lesion,1,1,0.01423045699823313,36.30635036470257,0.058081945069788386,19578,1363,"0.8594,0.8379,1.9501",ResViT-2.5D-FLAIR
FLAIR,ReMIND-032-pre,preop,1,tumor,1,1,0.13686384339019492,14.775698464069427,0.0597161037689672,32911,2438,"0.8208,0.8169,1.9763",ResViT-2.5D-FLAIR
FLAIR,ReMIND-032-pre,preop,2,cavity,0,1,nan,nan,nan,0,3377,"0.8208,0.8169,1.9763",ResViT-2.5D-FLAIR
FLAIR,ReMIND-032-pre,preop,lesion,lesion,1,1,0.29917884625316327,11.76924165042752,0.09035059845355364,32911,5815,"0.8208,0.8169,1.9763",ResViT-2.5D-FLAIR
FLAIR,ReMIND-045-pre,preop,1,tumor,1,1,0.7958617994441871,1.5702267237732268,0.7473966363830443,123470,152882,"0.2608,0.2430,0.9600",ResViT-2.5D-FLAIR
FLAIR,ReMIND-045-pre,preop,2,cavity,0,0,nan,nan,nan,0,0,"0.2608,0.2430,0.9600",ResViT-2.5D-FLAIR
FLAIR,ReMIND-045-pre,preop,lesion,lesion,1,1,0.7958617994441871,1.5702267237732268,0.7473966363830443,123470,152882,"0.2608,0.2430,0.9600",ResViT-2.5D-FLAIR
FLAIR,ReMIND-056-post,postop,1,tumor,0,1,nan,nan,nan,0,2601,"0.8539,0.8523,1.9741",ResViT-2.5D-FLAIR
FLAIR,ReMIND-056-post,postop,2,cavity,1,0,0.0,nan,nan,17551,0,"0.8539,0.8523,1.9741",ResViT-2.5D-FLAIR
FLAIR,ReMIND-056-post,postop,lesion,lesion,1,1,0.05200476379515681,25.65308402913997,0.1443391164371311,17551,2601,"0.8539,0.8523,1.9741",ResViT-2.5D-FLAIR
FLAIR,ReMIND-056-pre,preop,1,tumor,1,1,0.754918126289809,3.7709086926898547,0.4870243902439024,55846,40583,"0.7937,0.7936,1.2000",ResViT-2.5D-FLAIR
FLAIR,ReMIND-056-pre,preop,2,cavity,0,1,nan,nan,nan,0,134,"0.7937,0.7936,1.2000",ResViT-2.5D-FLAIR
FLAIR,ReMIND-056-pre,preop,lesion,lesion,1,1,0.7566459202800244,3.7468116193429735,0.49573872877496583,55846,40717,"0.7937,0.7936,1.2000",ResViT-2.5D-FLAIR
FLAIR,ReMIND-077-post,postop,1,tumor,1,1,0.1343467543138866,22.578758708045537,0.21372748895684676,2094,2774,"0.8558,0.8268,1.9283",ResViT-2.5D-FLAIR
FLAIR,ReMIND-077-post,postop,2,cavity,1,1,0.0,20.225104540793478,0.002472187886279357,2767,3,"0.8558,0.8268,1.9283",ResViT-2.5D-FLAIR
FLAIR,ReMIND-077-post,postop,lesion,lesion,1,1,0.11809374181722965,21.29320266084287,0.23414516517964795,4861,2777,"0.8558,0.8268,1.9283",ResViT-2.5D-FLAIR
FLAIR,ReMIND-077-pre,preop,1,tumor,1,1,0.32104308781625074,25.467471929193245,0.3710873891803872,6841,4740,"0.9765,0.9644,0.9880",ResViT-2.5D-FLAIR
FLAIR,ReMIND-077-pre,preop,2,cavity,1,1,0.08783896190317751,13.982207133498097,0.26424870466321243,5265,746,"0.9765,0.9644,0.9880",ResViT-2.5D-FLAIR
FLAIR,ReMIND-077-pre,preop,lesion,lesion,1,1,0.268531150522965,22.744879892531575,0.38286660644384224,12106,5486,"0.9765,0.9644,0.9880",ResViT-2.5D-FLAIR
FLAIR,ReMIND-079-post,postop,1,tumor,1,1,0.10551908582543156,13.29581512559552,0.14528249373782354,7260,966,"0.7990,0.7254,1.8280",ResViT-2.5D-FLAIR
FLAIR,ReMIND-079-post,postop,2,cavity,0,0,nan,nan,nan,0,0,"0.7990,0.7254,1.8280",ResViT-2.5D-FLAIR
FLAIR,ReMIND-079-post,postop,lesion,lesion,1,1,0.10551908582543156,13.29581512559552,0.14528249373782354,7260,966,"0.7990,0.7254,1.8280",ResViT-2.5D-FLAIR
FLAIR,ReMIND-079-pre,preop,1,tumor,1,1,0.23084515731030228,16.53923884573511,0.24208266237251744,14068,2142,"0.9526,0.9132,0.9551",ResViT-2.5D-FLAIR
FLAIR,ReMIND-079-pre,preop,2,cavity,1,1,0.004765851636966432,29.710204952924997,0.052566861358745776,7069,2583,"0.9526,0.9132,0.9551",ResViT-2.5D-FLAIR
FLAIR,ReMIND-079-pre,preop,lesion,lesion,1,1,0.2507926687804501,18.541188470225904,0.22106980538398788,21137,4725,"0.9526,0.9132,0.9551",ResViT-2.5D-FLAIR
FLAIR,ReMIND-087-pre,preop,1,tumor,1,1,0.00897338403041825,22.54333685660249,0.06316434995911692,11505,1645,"0.9766,0.9734,0.9968",ResViT-2.5D-FLAIR
FLAIR,ReMIND-087-pre,preop,2,cavity,1,1,0.2212641772235856,13.003092616838789,0.20523091423185674,11681,3396,"0.9766,0.9734,0.9968",ResViT-2.5D-FLAIR
FLAIR,ReMIND-087-pre,preop,lesion,lesion,1,1,0.23339355935806144,19.920006145417116,0.14317850999073706,23186,5041,"0.9766,0.9734,0.9968",ResViT-2.5D-FLAIR
FLAIR,ReMIND-091-pre,preop,1,tumor,1,1,0.4765175581694857,11.633976697679612,0.3549677022454629,25347,9594,"0.9733,0.9707,0.9931",ResViT-2.5D-FLAIR
FLAIR,ReMIND-091-pre,preop,2,cavity,0,1,nan,nan,nan,0,451,"0.9733,0.9707,0.9931",ResViT-2.5D-FLAIR
FLAIR,ReMIND-091-pre,preop,lesion,lesion,1,1,0.49593128390596747,11.277188958732756,0.3586616635397123,25347,10045,"0.9733,0.9707,0.9931",ResViT-2.5D-FLAIR
FLAIR,ReMIND-096-post,postop,1,tumor,0,1,nan,nan,nan,0,2397,"0.8569,0.8553,1.9849",ResViT-2.5D-FLAIR
FLAIR,ReMIND-096-post,postop,2,cavity,1,1,0.5770277626565051,5.233965280423083,0.589041095890411,2166,3345,"0.8569,0.8553,1.9849",ResViT-2.5D-FLAIR
FLAIR,ReMIND-096-post,postop,lesion,lesion,1,1,0.4269094587759231,24.35631365844857,0.4179242377579304,2166,5742,"0.8569,0.8553,1.9849",ResViT-2.5D-FLAIR
FLAIR,ReMIND-096-pre,preop,1,tumor,1,1,0.6240318019753289,8.037891120401547,0.3738537794299876,18774,30028,"0.9755,0.9626,0.9851",ResViT-2.5D-FLAIR
FLAIR,ReMIND-096-pre,preop,2,cavity,0,0,nan,nan,nan,0,0,"0.9755,0.9626,0.9851",ResViT-2.5D-FLAIR
FLAIR,ReMIND-096-pre,preop,lesion,lesion,1,1,0.6240318019753289,8.037891120401547,0.3738537794299876,18774,30028,"0.9755,0.9626,0.9851",ResViT-2.5D-FLAIR
FLAIR,ReMIND-102-pre,preop,1,tumor,1,0,0.0,nan,nan,7693,0,"0.0008,0.0174,0.0887",ResViT-2.5D-FLAIR
FLAIR,ReMIND-102-pre,preop,2,cavity,0,1,nan,nan,nan,0,4032,"0.0008,0.0174,0.0887",ResViT-2.5D-FLAIR
FLAIR,ReMIND-102-pre,preop,lesion,lesion,1,1,0.5553944562899786,0.19808469336985063,1.0,7693,4032,"0.0008,0.0174,0.0887",ResViT-2.5D-FLAIR
FLAIR,ReMIND-107-pre,preop,1,tumor,1,1,0.4291423361204338,9.80080827601255,0.40611640907596186,57631,45463,"0.2343,0.2312,4.9330",ResViT-2.5D-FLAIR
FLAIR,ReMIND-107-pre,preop,2,cavity,0,1,nan,nan,nan,0,260,"0.2343,0.2312,4.9330",ResViT-2.5D-FLAIR
FLAIR,ReMIND-107-pre,preop,lesion,lesion,1,1,0.43015267914159105,9.794283143818225,0.40704029063121466,57631,45723,"0.2343,0.2312,4.9330",ResViT-2.5D-FLAIR
FLAIR,ReMIND-109-post,postop,1,tumor,0,1,nan,nan,nan,0,580,"0.8585,0.8371,1.9460",ResViT-2.5D-FLAIR
FLAIR,ReMIND-109-post,postop,2,cavity,1,1,0.0,46.61888993929205,0.0,3408,2780,"0.8585,0.8371,1.9460",ResViT-2.5D-FLAIR
FLAIR,ReMIND-109-post,postop,lesion,lesion,1,1,0.0,45.39619782827857,0.0,3408,3360,"0.8585,0.8371,1.9460",ResViT-2.5D-FLAIR
FLAIR,ReMIND-109-pre,preop,1,tumor,1,1,0.736736903472974,2.9795935783597396,0.6003933136676499,10361,13653,"0.9755,0.9400,0.9620",ResViT-2.5D-FLAIR
FLAIR,ReMIND-109-pre,preop,2,cavity,0,1,nan,nan,nan,0,1480,"0.9755,0.9400,0.9620",ResViT-2.5D-FLAIR
FLAIR,ReMIND-109-pre,preop,lesion,lesion,1,1,0.6939672079705028,20.610303757257043,0.5356140350877193,10361,15133,"0.9755,0.9400,0.9620",ResViT-2.5D-FLAIR
FLAIR,ReMIND-003-post,postop,1,tumor,0,1,nan,nan,nan,0,1993,"0.9264,0.9265,1.9922",ResViT-2D+3D-refine-FLAIR
FLAIR,ReMIND-003-post,postop,2,cavity,1,1,0.7127045235803657,2.9296392583393263,0.7624794295117937,2099,2057,"0.9264,0.9265,1.9922",ResViT-2D+3D-refine-FLAIR
FLAIR,ReMIND-003-post,postop,lesion,lesion,1,1,0.5539112050739958,7.968825817108154,0.5159922928709055,2099,4050,"0.9264,0.9265,1.9922",ResViT-2D+3D-refine-FLAIR
FLAIR,ReMIND-023-pre,preop,1,tumor,1,1,0.5711675497898776,4.665899423146034,0.43422114608555284,3895,1578,"0.6872,0.6822,2.1845",ResViT-2D+3D-refine-FLAIR
FLAIR,ReMIND-023-pre,preop,2,cavity,0,0,nan,nan,nan,0,0,"0.6872,0.6822,2.1845",ResViT-2D+3D-refine-FLAIR
FLAIR,ReMIND-023-pre,preop,lesion,lesion,1,1,0.5711675497898776,4.665899423146034,0.43422114608555284,3895,1578,"0.6872,0.6822,2.1845",ResViT-2D+3D-refine-FLAIR
FLAIR,ReMIND-032-post,postop,1,tumor,1,1,0.0,43.90630414241389,0.0,13367,1868,"0.8594,0.8379,1.9501",ResViT-2D+3D-refine-FLAIR
FLAIR,ReMIND-032-post,postop,2,cavity,1,0,0.0,nan,nan,6211,0,"0.8594,0.8379,1.9501",ResViT-2D+3D-refine-FLAIR
FLAIR,ReMIND-032-post,postop,lesion,lesion,1,1,0.014454910006528024,42.6951569450897,0.060139453805926786,19578,1868,"0.8594,0.8379,1.9501",ResViT-2D+3D-refine-FLAIR
FLAIR,ReMIND-032-pre,preop,1,tumor,1,1,0.3051439430904748,13.265738249968248,0.13587691028173407,32911,6028,"0.8208,0.8169,1.9763",ResViT-2D+3D-refine-FLAIR
FLAIR,ReMIND-032-pre,preop,2,cavity,0,1,nan,nan,nan,0,113,"0.8208,0.8169,1.9763",ResViT-2D+3D-refine-FLAIR
FLAIR,ReMIND-032-pre,preop,lesion,lesion,1,1,0.3051316193792892,13.157291872376852,0.1500772002058672,32911,6141,"0.8208,0.8169,1.9763",ResViT-2D+3D-refine-FLAIR
FLAIR,ReMIND-045-pre,preop,1,tumor,1,1,0.7296975845841145,3.01342345468311,0.6678653656397325,123470,168281,"0.2608,0.2430,0.9600",ResViT-2D+3D-refine-FLAIR
FLAIR,ReMIND-045-pre,preop,2,cavity,0,0,nan,nan,nan,0,0,"0.2608,0.2430,0.9600",ResViT-2D+3D-refine-FLAIR
FLAIR,ReMIND-045-pre,preop,lesion,lesion,1,1,0.7296975845841145,3.01342345468311,0.6678653656397325,123470,168281,"0.2608,0.2430,0.9600",ResViT-2D+3D-refine-FLAIR
FLAIR,ReMIND-056-post,postop,1,tumor,0,1,nan,nan,nan,0,5279,"0.8539,0.8523,1.9741",ResViT-2D+3D-refine-FLAIR
FLAIR,ReMIND-056-post,postop,2,cavity,1,0,0.0,nan,nan,17551,0,"0.8539,0.8523,1.9741",ResViT-2D+3D-refine-FLAIR
FLAIR,ReMIND-056-post,postop,lesion,lesion,1,1,0.07805519053876478,17.190735089372897,0.17908011869436202,17551,5279,"0.8539,0.8523,1.9741",ResViT-2D+3D-refine-FLAIR
FLAIR,ReMIND-056-pre,preop,1,tumor,1,1,0.813790087753297,2.7820045898844588,0.6358898468665551,55846,44777,"0.7937,0.7936,1.2000",ResViT-2D+3D-refine-FLAIR
FLAIR,ReMIND-056-pre,preop,2,cavity,0,0,nan,nan,nan,0,0,"0.7937,0.7936,1.2000",ResViT-2D+3D-refine-FLAIR
FLAIR,ReMIND-056-pre,preop,lesion,lesion,1,1,0.813790087753297,2.7820045898844588,0.6358898468665551,55846,44777,"0.7937,0.7936,1.2000",ResViT-2D+3D-refine-FLAIR
FLAIR,ReMIND-077-post,postop,1,tumor,1,1,0.10126582278481013,19.603134442010752,0.2000561955605507,2094,4305,"0.8558,0.8268,1.9283",ResViT-2D+3D-refine-FLAIR
FLAIR,ReMIND-077-post,postop,2,cavity,1,1,0.0,23.902888704377553,0.0,2767,272,"0.8558,0.8268,1.9283",ResViT-2D+3D-refine-FLAIR
FLAIR,ReMIND-077-post,postop,lesion,lesion,1,1,0.07628734901462174,19.253409019836425,0.20394173093401885,4861,4577,"0.8558,0.8268,1.9283",ResViT-2D+3D-refine-FLAIR
FLAIR,ReMIND-077-pre,preop,1,tumor,1,1,0.27714735359893977,10.867956459522247,0.3230938014262205,6841,5232,"0.9765,0.9644,0.9880",ResViT-2D+3D-refine-FLAIR
FLAIR,ReMIND-077-pre,preop,2,cavity,1,0,0.0,nan,nan,5265,0,"0.9765,0.9644,0.9880",ResViT-2D+3D-refine-FLAIR
FLAIR,ReMIND-077-pre,preop,lesion,lesion,1,1,0.20244549544353443,12.813672744856547,0.2995260663507109,12106,5232,"0.9765,0.9644,0.9880",ResViT-2D+3D-refine-FLAIR
FLAIR,ReMIND-079-post,postop,1,tumor,1,1,0.3346336320506062,15.89971840349137,0.36646415552855405,7260,2225,"0.7990,0.7254,1.8280",ResViT-2D+3D-refine-FLAIR
FLAIR,ReMIND-079-post,postop,2,cavity,0,1,nan,nan,nan,0,30,"0.7990,0.7254,1.8280",ResViT-2D+3D-refine-FLAIR
FLAIR,ReMIND-079-post,postop,lesion,lesion,1,1,0.33589069889647927,15.860571771991195,0.36727272727272725,7260,2255,"0.7990,0.7254,1.8280",ResViT-2D+3D-refine-FLAIR
FLAIR,ReMIND-079-pre,preop,1,tumor,1,1,0.2960887465690759,9.525616765022278,0.2696889477167439,14068,3420,"0.9526,0.9132,0.9551",ResViT-2D+3D-refine-FLAIR
FLAIR,ReMIND-079-pre,preop,2,cavity,1,1,0.002482801427610821,28.978027943759198,0.04277755670513331,7069,12264,"0.9526,0.9132,0.9551",ResViT-2D+3D-refine-FLAIR
FLAIR,ReMIND-079-pre,preop,lesion,lesion,1,1,0.14480866896607913,15.088305059103243,0.16468235070006668,21137,15684,"0.9526,0.9132,0.9551",ResViT-2D+3D-refine-FLAIR
FLAIR,ReMIND-087-pre,preop,1,tumor,1,1,0.14559345156889494,13.876849577774387,0.20059386341141539,11505,6820,"0.9766,0.9734,0.9968",ResViT-2D+3D-refine-FLAIR
FLAIR,ReMIND-087-pre,preop,2,cavity,1,1,0.23638082769655974,20.348795858816153,0.17702034084661902,11681,2068,"0.9766,0.9734,0.9968",ResViT-2D+3D-refine-FLAIR
FLAIR,ReMIND-087-pre,preop,lesion,lesion,1,1,0.4415414354305668,12.036028624061188,0.3507080078125,23186,8888,"0.9766,0.9734,0.9968",ResViT-2D+3D-refine-FLAIR
FLAIR,ReMIND-091-pre,preop,1,tumor,1,1,0.41261799209867606,13.234170209823676,0.3217094017094017,25347,7812,"0.9733,0.9707,0.9931",ResViT-2D+3D-refine-FLAIR
FLAIR,ReMIND-091-pre,preop,2,cavity,0,0,nan,nan,nan,0,0,"0.9733,0.9707,0.9931",ResViT-2D+3D-refine-FLAIR
FLAIR,ReMIND-091-pre,preop,lesion,lesion,1,1,0.41261799209867606,13.234170209823676,0.3217094017094017,25347,7812,"0.9733,0.9707,0.9931",ResViT-2D+3D-refine-FLAIR
FLAIR,ReMIND-096-post,postop,1,tumor,0,1,nan,nan,nan,0,5556,"0.8569,0.8553,1.9849",ResViT-2D+3D-refine-FLAIR
FLAIR,ReMIND-096-post,postop,2,cavity,1,1,0.6617805561543436,3.969785213470459,0.7122077922077922,2166,2473,"0.8569,0.8553,1.9849",ResViT-2D+3D-refine-FLAIR
FLAIR,ReMIND-096-post,postop,lesion,lesion,1,1,0.32564982834722905,15.27870975780437,0.31206940546057665,2166,8029,"0.8569,0.8553,1.9849",ResViT-2D+3D-refine-FLAIR
FLAIR,ReMIND-096-pre,preop,1,tumor,1,1,0.44009196057813976,11.718679997324468,0.22940316960773294,18774,37337,"0.9755,0.9626,0.9851",ResViT-2D+3D-refine-FLAIR
FLAIR,ReMIND-096-pre,preop,2,cavity,0,0,nan,nan,nan,0,0,"0.9755,0.9626,0.9851",ResViT-2D+3D-refine-FLAIR
FLAIR,ReMIND-096-pre,preop,lesion,lesion,1,1,0.44009196057813976,11.718679997324468,0.22940316960773294,18774,37337,"0.9755,0.9626,0.9851",ResViT-2D+3D-refine-FLAIR
FLAIR,ReMIND-102-pre,preop,1,tumor,1,1,0.04922929860198351,0.6211460996692263,1.0,7693,676,"0.0008,0.0174,0.0887",ResViT-2D+3D-refine-FLAIR
FLAIR,ReMIND-102-pre,preop,2,cavity,0,1,nan,nan,nan,0,21786,"0.0008,0.0174,0.0887",ResViT-2D+3D-refine-FLAIR
FLAIR,ReMIND-102-pre,preop,lesion,lesion,1,1,0.0328303763886586,0.22755150218767434,1.0,7693,22462,"0.0008,0.0174,0.0887",ResViT-2D+3D-refine-FLAIR
FLAIR,ReMIND-107-pre,preop,1,tumor,1,1,0.3123254618976341,11.698697403992877,0.26947511465941903,57631,31891,"0.2343,0.2312,4.9330",ResViT-2D+3D-refine-FLAIR
FLAIR,ReMIND-107-pre,preop,2,cavity,0,1,nan,nan,nan,0,1875,"0.2343,0.2312,4.9330",ResViT-2D+3D-refine-FLAIR
FLAIR,ReMIND-107-pre,preop,lesion,lesion,1,1,0.32421195444051776,11.647691194444963,0.2927142927802417,57631,33766,"0.2343,0.2312,4.9330",ResViT-2D+3D-refine-FLAIR
FLAIR,ReMIND-109-post,postop,1,tumor,0,1,nan,nan,nan,0,1375,"0.8585,0.8371,1.9460",ResViT-2D+3D-refine-FLAIR
FLAIR,ReMIND-109-post,postop,2,cavity,1,1,0.07016574585635359,16.960355155459137,0.1267021906453523,3408,212,"0.8585,0.8371,1.9460",ResViT-2D+3D-refine-FLAIR
FLAIR,ReMIND-109-post,postop,lesion,lesion,1,1,0.054854854854854855,27.227823054309287,0.10984075132707227,3408,1587,"0.8585,0.8371,1.9460",ResViT-2D+3D-refine-FLAIR
FLAIR,ReMIND-109-pre,preop,1,tumor,1,1,0.6154894227321621,9.051370026181491,0.4848590932959916,10361,17529,"0.9755,0.9400,0.9620",ResViT-2D+3D-refine-FLAIR
FLAIR,ReMIND-109-pre,preop,2,cavity,0,0,nan,nan,nan,0,0,"0.9755,0.9400,0.9620",ResViT-2D+3D-refine-FLAIR
FLAIR,ReMIND-109-pre,preop,lesion,lesion,1,1,0.6154894227321621,9.051370026181491,0.4848590932959916,10361,17529,"0.9755,0.9400,0.9620",ResViT-2D+3D-refine-FLAIR
FLAIR,ReMIND-003-post,postop,1,tumor,0,1,nan,nan,nan,0,1064,"0.9264,0.9265,1.9922",ResViT-2D-FLAIR
FLAIR,ReMIND-003-post,postop,2,cavity,1,1,0.5497108234646103,5.04255572221894,0.5367603108188882,2099,1532,"0.9264,0.9265,1.9922",ResViT-2D-FLAIR
FLAIR,ReMIND-003-post,postop,lesion,lesion,1,1,0.46900958466453674,5.606851887069702,0.4145992366412214,2099,2596,"0.9264,0.9265,1.9922",ResViT-2D-FLAIR
FLAIR,ReMIND-023-pre,preop,1,tumor,1,1,0.5722011898323418,3.696749221318413,0.460093896713615,3895,1652,"0.6872,0.6822,2.1845",ResViT-2D-FLAIR
FLAIR,ReMIND-023-pre,preop,2,cavity,0,0,nan,nan,nan,0,0,"0.6872,0.6822,2.1845",ResViT-2D-FLAIR
FLAIR,ReMIND-023-pre,preop,lesion,lesion,1,1,0.5722011898323418,3.696749221318413,0.460093896713615,3895,1652,"0.6872,0.6822,2.1845",ResViT-2D-FLAIR
FLAIR,ReMIND-032-post,postop,1,tumor,1,1,0.0,34.48322098351199,0.0,13367,3494,"0.8594,0.8379,1.9501",ResViT-2D-FLAIR
FLAIR,ReMIND-032-post,postop,2,cavity,1,0,0.0,nan,nan,6211,0,"0.8594,0.8379,1.9501",ResViT-2D-FLAIR
FLAIR,ReMIND-032-post,postop,lesion,lesion,1,1,0.017337031900138695,33.52329135603171,0.060021293585307424,19578,3494,"0.8594,0.8379,1.9501",ResViT-2D-FLAIR
FLAIR,ReMIND-032-pre,preop,1,tumor,1,1,0.32829910906921844,13.276389885568143,0.1382078064870808,32911,6486,"0.8208,0.8169,1.9763",ResViT-2D-FLAIR
FLAIR,ReMIND-032-pre,preop,2,cavity,0,1,nan,nan,nan,0,182,"0.8208,0.8169,1.9763",ResViT-2D-FLAIR
FLAIR,ReMIND-032-pre,preop,lesion,lesion,1,1,0.33598625533742643,13.26677287358226,0.13642283481658346,32911,6668,"0.8208,0.8169,1.9763",ResViT-2D-FLAIR
FLAIR,ReMIND-045-pre,preop,1,tumor,1,1,0.7999589302920688,1.5833226711700183,0.8028951635982067,123470,129758,"0.2608,0.2430,0.9600",ResViT-2D-FLAIR
FLAIR,ReMIND-045-pre,preop,2,cavity,0,0,nan,nan,nan,0,0,"0.2608,0.2430,0.9600",ResViT-2D-FLAIR
FLAIR,ReMIND-045-pre,preop,lesion,lesion,1,1,0.7999589302920688,1.5833226711700183,0.8028951635982067,123470,129758,"0.2608,0.2430,0.9600",ResViT-2D-FLAIR
FLAIR,ReMIND-056-post,postop,1,tumor,0,1,nan,nan,nan,0,1383,"0.8539,0.8523,1.9741",ResViT-2D-FLAIR
FLAIR,ReMIND-056-post,postop,2,cavity,1,0,0.0,nan,nan,17551,0,"0.8539,0.8523,1.9741",ResViT-2D-FLAIR
FLAIR,ReMIND-056-post,postop,lesion,lesion,1,1,0.0,24.12124315639157,0.016876779178527857,17551,1383,"0.8539,0.8523,1.9741",ResViT-2D-FLAIR
FLAIR,ReMIND-056-pre,preop,1,tumor,1,1,0.7858180581743995,3.734803344109992,0.617344948641269,55846,41207,"0.7937,0.7936,1.2000",ResViT-2D-FLAIR
FLAIR,ReMIND-056-pre,preop,2,cavity,0,0,nan,nan,nan,0,0,"0.7937,0.7936,1.2000",ResViT-2D-FLAIR
FLAIR,ReMIND-056-pre,preop,lesion,lesion,1,1,0.7858180581743995,3.734803344109992,0.617344948641269,55846,41207,"0.7937,0.7936,1.2000",ResViT-2D-FLAIR
FLAIR,ReMIND-077-post,postop,1,tumor,1,1,0.10897435897435898,19.28330421447754,0.17944921527983418,2094,4458,"0.8558,0.8268,1.9283",ResViT-2D-FLAIR
FLAIR,ReMIND-077-post,postop,2,cavity,1,1,0.0,21.66673389776188,0.0,2767,13,"0.8558,0.8268,1.9283",ResViT-2D-FLAIR
FLAIR,ReMIND-077-post,postop,lesion,lesion,1,1,0.09558508358336905,18.32587513713038,0.21090670170827858,4861,4471,"0.8558,0.8268,1.9283",ResViT-2D-FLAIR
FLAIR,ReMIND-077-pre,preop,1,tumor,1,1,0.28560648934163363,12.069680306099682,0.32781065088757394,6841,3761,"0.9765,0.9644,0.9880",ResViT-2D-FLAIR
FLAIR,ReMIND-077-pre,preop,2,cavity,1,1,0.06757575757575758,15.936559411701092,0.15625,5265,1335,"0.9765,0.9644,0.9880",ResViT-2D-FLAIR
FLAIR,ReMIND-077-pre,preop,lesion,lesion,1,1,0.26729450063946053,11.855952501296997,0.3789290791344179,12106,5096,"0.9765,0.9644,0.9880",ResViT-2D-FLAIR
FLAIR,ReMIND-079-post,postop,1,tumor,1,1,0.08441487621332752,15.686449195820815,0.1380615850580515,7260,1909,"0.7990,0.7254,1.8280",ResViT-2D-FLAIR
FLAIR,ReMIND-079-post,postop,2,cavity,0,1,nan,nan,nan,0,5,"0.7990,0.7254,1.8280",ResViT-2D-FLAIR
FLAIR,ReMIND-079-post,postop,lesion,lesion,1,1,0.08436886854153042,15.681710577047905,0.13839173178724476,7260,1914,"0.7990,0.7254,1.8280",ResViT-2D-FLAIR
FLAIR,ReMIND-079-pre,preop,1,tumor,1,1,0.457190357439734,7.113741119323862,0.403337169159954,14068,7586,"0.9526,0.9132,0.9551",ResViT-2D-FLAIR
FLAIR,ReMIND-079-pre,preop,2,cavity,1,1,0.0,29.47415880649326,0.011248285322359396,7069,6015,"0.9526,0.9132,0.9551",ResViT-2D-FLAIR
FLAIR,ReMIND-079-pre,preop,lesion,lesion,1,1,0.34480971846393,13.577533446080048,0.3343088479172764,21137,13601,"0.9526,0.9132,0.9551",ResViT-2D-FLAIR
FLAIR,ReMIND-087-pre,preop,1,tumor,1,1,0.10612847130737209,16.058920068854626,0.23622556148004525,11505,7472,"0.9766,0.9734,0.9968",ResViT-2D-FLAIR
FLAIR,ReMIND-087-pre,preop,2,cavity,1,1,0.12680115273775217,18.77862565034581,0.18924246691072938,11681,1158,"0.9766,0.9734,0.9968",ResViT-2D-FLAIR
FLAIR,ReMIND-087-pre,preop,lesion,lesion,1,1,0.44801357807392506,14.02297709900131,0.3732351876432967,23186,8630,"0.9766,0.9734,0.9968",ResViT-2D-FLAIR
FLAIR,ReMIND-091-pre,preop,1,tumor,1,1,0.45887377826690773,14.162695775147249,0.3229018492176387,25347,12816,"0.9733,0.9707,0.9931",ResViT-2D-FLAIR
FLAIR,ReMIND-091-pre,preop,2,cavity,0,1,nan,nan,nan,0,30,"0.9733,0.9707,0.9931",ResViT-2D-FLAIR
FLAIR,ReMIND-091-pre,preop,lesion,lesion,1,1,0.46008430864294503,14.162695775147249,0.32189449801474757,25347,12846,"0.9733,0.9707,0.9931",ResViT-2D-FLAIR
FLAIR,ReMIND-096-post,postop,1,tumor,0,1,nan,nan,nan,0,6510,"0.8569,0.8553,1.9849",ResViT-2D-FLAIR
FLAIR,ReMIND-096-post,postop,2,cavity,1,1,0.3687903452147067,7.174718531771337,0.5109819121447028,2166,1397,"0.8569,0.8553,1.9849",ResViT-2D-FLAIR
FLAIR,ReMIND-096-post,postop,lesion,lesion,1,1,0.13779410304775142,19.975779078913348,0.17910059786846894,2166,7907,"0.8569,0.8553,1.9849",ResViT-2D-FLAIR
FLAIR,ReMIND-096-pre,preop,1,tumor,1,1,0.3974079797695982,13.176371259441114,0.19660330671465526,18774,38170,"0.9755,0.9626,0.9851",ResViT-2D-FLAIR
FLAIR,ReMIND-096-pre,preop,2,cavity,0,0,nan,nan,nan,0,0,"0.9755,0.9626,0.9851",ResViT-2D-FLAIR
FLAIR,ReMIND-096-pre,preop,lesion,lesion,1,1,0.3974079797695982,13.176371259441114,0.19660330671465526,18774,38170,"0.9755,0.9626,0.9851",ResViT-2D-FLAIR
FLAIR,ReMIND-102-pre,preop,1,tumor,1,1,0.18637634838194167,0.27805316841061517,1.0,7693,2319,"0.0008,0.0174,0.0887",ResViT-2D-FLAIR
FLAIR,ReMIND-102-pre,preop,2,cavity,0,1,nan,nan,nan,0,18182,"0.0008,0.0174,0.0887",ResViT-2D-FLAIR
FLAIR,ReMIND-102-pre,preop,lesion,lesion,1,1,0.08703979570121302,0.24442182827714215,1.0,7693,20501,"0.0008,0.0174,0.0887",ResViT-2D-FLAIR
FLAIR,ReMIND-107-pre,preop,1,tumor,1,1,0.253140160101624,14.174314618694176,0.3080762768543138,57631,33686,"0.2343,0.2312,4.9330",ResViT-2D-FLAIR
FLAIR,ReMIND-107-pre,preop,2,cavity,0,1,nan,nan,nan,0,151,"0.2343,0.2312,4.9330",ResViT-2D-FLAIR
FLAIR,ReMIND-107-pre,preop,lesion,lesion,1,1,0.2537499453360738,14.167841762752714,0.3093738301023813,57631,33837,"0.2343,0.2312,4.9330",ResViT-2D-FLAIR
FLAIR,ReMIND-109-post,postop,1,tumor,0,1,nan,nan,nan,0,227,"0.8585,0.8371,1.9460",ResViT-2D-FLAIR
FLAIR,ReMIND-109-post,postop,2,cavity,1,1,0.0,26.44183693472487,0.006565988181221274,3408,13,"0.8585,0.8371,1.9460",ResViT-2D-FLAIR
FLAIR,ReMIND-109-post,postop,lesion,lesion,1,1,0.00712719298245614,17.673388510033032,0.08016383850204799,3408,240,"0.8585,0.8371,1.9460",ResViT-2D-FLAIR
FLAIR,ReMIND-109-pre,preop,1,tumor,1,1,0.6632596378180202,5.5351194116590845,0.5166281344478036,10361,16642,"0.9755,0.9400,0.9620",ResViT-2D-FLAIR
FLAIR,ReMIND-109-pre,preop,2,cavity,0,0,nan,nan,nan,0,0,"0.9755,0.9400,0.9620",ResViT-2D-FLAIR
FLAIR,ReMIND-109-pre,preop,lesion,lesion,1,1,0.6632596378180202,5.5351194116590845,0.5166281344478036,10361,16642,"0.9755,0.9400,0.9620",ResViT-2D-FLAIR
FLAIR,ReMIND-003-post,postop,1,tumor,0,1,nan,nan,nan,0,794,"0.9264,0.9265,1.9922",ResViT-3D-FLAIR
FLAIR,ReMIND-003-post,postop,2,cavity,1,1,0.6519844000917642,4.601030652920716,0.6700480512546716,2099,2260,"0.9264,0.9265,1.9922",ResViT-3D-FLAIR
FLAIR,ReMIND-003-post,postop,lesion,lesion,1,1,0.6780516204152921,3.984412908554077,0.6854460093896714,2099,3054,"0.9264,0.9265,1.9922",ResViT-3D-FLAIR
FLAIR,ReMIND-023-pre,preop,1,tumor,1,1,0.5673408978786384,4.810072541236877,0.43805140007671656,3895,2186,"0.6872,0.6822,2.1845",ResViT-3D-FLAIR
FLAIR,ReMIND-023-pre,preop,2,cavity,0,0,nan,nan,nan,0,0,"0.6872,0.6822,2.1845",ResViT-3D-FLAIR
FLAIR,ReMIND-023-pre,preop,lesion,lesion,1,1,0.5673408978786384,4.810072541236877,0.43805140007671656,3895,2186,"0.6872,0.6822,2.1845",ResViT-3D-FLAIR
FLAIR,ReMIND-032-post,postop,1,tumor,1,1,0.2067697258778231,16.954232958841132,0.2601604629751414,13367,4034,"0.8594,0.8379,1.9501",ResViT-3D-FLAIR
FLAIR,ReMIND-032-post,postop,2,cavity,1,1,0.09277833500501505,18.01407960681457,0.19457385585091805,6211,1765,"0.8594,0.8379,1.9501",ResViT-3D-FLAIR
FLAIR,ReMIND-032-post,postop,lesion,lesion,1,1,0.3100445285100682,13.133442266395845,0.3465543984046089,19578,5799,"0.8594,0.8379,1.9501",ResViT-3D-FLAIR
FLAIR,ReMIND-032-pre,preop,1,tumor,1,1,0.4158565663976522,15.1044989000695,0.3175312151050655,32911,10705,"0.8208,0.8169,1.9763",ResViT-3D-FLAIR
FLAIR,ReMIND-032-pre,preop,2,cavity,0,1,nan,nan,nan,0,2583,"0.8208,0.8169,1.9763",ResViT-3D-FLAIR
FLAIR,ReMIND-032-pre,preop,lesion,lesion,1,1,0.4212212385549471,14.92704130963778,0.344721982964877,32911,13288,"0.8208,0.8169,1.9763",ResViT-3D-FLAIR
FLAIR,ReMIND-045-pre,preop,1,tumor,1,1,0.6258814182143212,4.458341778335034,0.6140985709050935,123470,128255,"0.2608,0.2430,0.9600",ResViT-3D-FLAIR
FLAIR,ReMIND-045-pre,preop,2,cavity,0,0,nan,nan,nan,0,0,"0.2608,0.2430,0.9600",ResViT-3D-FLAIR
FLAIR,ReMIND-045-pre,preop,lesion,lesion,1,1,0.6258814182143212,4.458341778335034,0.6140985709050935,123470,128255,"0.2608,0.2430,0.9600",ResViT-3D-FLAIR
FLAIR,ReMIND-056-post,postop,1,tumor,0,1,nan,nan,nan,0,5471,"0.8539,0.8523,1.9741",ResViT-3D-FLAIR
FLAIR,ReMIND-056-post,postop,2,cavity,1,1,0.0,37.40728612041254,0.008881298035866781,17551,5076,"0.8539,0.8523,1.9741",ResViT-3D-FLAIR
FLAIR,ReMIND-056-post,postop,lesion,lesion,1,1,0.0002847177735070112,23.795630524805794,0.018481584895625583,17551,10547,"0.8539,0.8523,1.9741",ResViT-3D-FLAIR
FLAIR,ReMIND-056-pre,preop,1,tumor,1,1,0.7184492684730365,4.911136413287485,0.4612972761120909,55846,38819,"0.7937,0.7936,1.2000",ResViT-3D-FLAIR
FLAIR,ReMIND-056-pre,preop,2,cavity,0,0,nan,nan,nan,0,0,"0.7937,0.7936,1.2000",ResViT-3D-FLAIR
FLAIR,ReMIND-056-pre,preop,lesion,lesion,1,1,0.7184492684730365,4.911136413287485,0.4612972761120909,55846,38819,"0.7937,0.7936,1.2000",ResViT-3D-FLAIR
FLAIR,ReMIND-077-post,postop,1,tumor,1,1,0.2789462032322338,7.860916817791681,0.43962722852512154,2094,2423,"0.8558,0.8268,1.9283",ResViT-3D-FLAIR
FLAIR,ReMIND-077-post,postop,2,cavity,1,0,0.0,nan,nan,2767,0,"0.8558,0.8268,1.9283",ResViT-3D-FLAIR
FLAIR,ReMIND-077-post,postop,lesion,lesion,1,1,0.3116419549697968,14.250192176558016,0.36366112775810405,4861,2423,"0.8558,0.8268,1.9283",ResViT-3D-FLAIR
FLAIR,ReMIND-077-pre,preop,1,tumor,1,1,0.4259110396570204,6.915669465138071,0.4745362563237774,6841,8087,"0.9765,0.9644,0.9880",ResViT-3D-FLAIR
FLAIR,ReMIND-077-pre,preop,2,cavity,1,1,0.0,45.92597177206437,0.0,5265,271,"0.9765,0.9644,0.9880",ResViT-3D-FLAIR
FLAIR,ReMIND-077-pre,preop,lesion,lesion,1,1,0.375,10.361097152475747,0.4187517975266034,12106,8358,"0.9765,0.9644,0.9880",ResViT-3D-FLAIR
FLAIR,ReMIND-079-post,postop,1,tumor,1,1,0.35456244160697603,10.686669378371677,0.36631171345595354,7260,5584,"0.7990,0.7254,1.8280",ResViT-3D-FLAIR
FLAIR,ReMIND-079-post,postop,2,cavity,0,1,nan,nan,nan,0,5535,"0.7990,0.7254,1.8280",ResViT-3D-FLAIR
FLAIR,ReMIND-079-post,postop,lesion,lesion,1,1,0.24800043527939497,14.586473966727173,0.28416304710992313,7260,11119,"0.7990,0.7254,1.8280",ResViT-3D-FLAIR
FLAIR,ReMIND-079-pre,preop,1,tumor,1,1,0.3710969802389575,19.738840739349413,0.3210646704096486,14068,21001,"0.9526,0.9132,0.9551",ResViT-3D-FLAIR
FLAIR,ReMIND-079-pre,preop,2,cavity,1,1,0.004646905583327466,25.163387436921774,0.07940709370037057,7069,7134,"0.9526,0.9132,0.9551",ResViT-3D-FLAIR
FLAIR,ReMIND-079-pre,preop,lesion,lesion,1,1,0.3017535314174379,16.543823591021717,0.30862841206794556,21137,28135,"0.9526,0.9132,0.9551",ResViT-3D-FLAIR
FLAIR,ReMIND-087-pre,preop,1,tumor,1,1,0.11855091969493046,14.299878188578173,0.14515858365497566,11505,6327,"0.9766,0.9734,0.9968",ResViT-3D-FLAIR
FLAIR,ReMIND-087-pre,preop,2,cavity,1,1,0.15189531903412923,17.08683307767717,0.1611730489578284,11681,3145,"0.9766,0.9734,0.9968",ResViT-3D-FLAIR
FLAIR,ReMIND-087-pre,preop,lesion,lesion,1,1,0.3522567211709229,12.505270341018281,0.2610251673978296,23186,9472,"0.9766,0.9734,0.9968",ResViT-3D-FLAIR
FLAIR,ReMIND-091-pre,preop,1,tumor,1,1,0.7212921306881038,4.528848762734673,0.5165827657684335,25347,15330,"0.9733,0.9707,0.9931",ResViT-3D-FLAIR
FLAIR,ReMIND-091-pre,preop,2,cavity,0,0,nan,nan,nan,0,0,"0.9733,0.9707,0.9931",ResViT-3D-FLAIR
FLAIR,ReMIND-091-pre,preop,lesion,lesion,1,1,0.7212921306881038,4.528848762734673,0.5165827657684335,25347,15330,"0.9733,0.9707,0.9931",ResViT-3D-FLAIR
FLAIR,ReMIND-096-post,postop,1,tumor,0,1,nan,nan,nan,0,2246,"0.8569,0.8553,1.9849",ResViT-3D-FLAIR
FLAIR,ReMIND-096-post,postop,2,cavity,1,1,0.01773049645390071,13.321204763521203,0.10006761325219743,2166,1218,"0.8569,0.8553,1.9849",ResViT-3D-FLAIR
FLAIR,ReMIND-096-post,postop,lesion,lesion,1,1,0.07211367673179396,18.547047787485397,0.17391304347826086,2166,3464,"0.8569,0.8553,1.9849",ResViT-3D-FLAIR
FLAIR,ReMIND-096-pre,preop,1,tumor,1,1,0.5033694696747729,13.418163008998944,0.33600703219426437,18774,39247,"0.9755,0.9626,0.9851",ResViT-3D-FLAIR
FLAIR,ReMIND-096-pre,preop,2,cavity,0,0,nan,nan,nan,0,0,"0.9755,0.9626,0.9851",ResViT-3D-FLAIR
FLAIR,ReMIND-096-pre,preop,lesion,lesion,1,1,0.5033694696747729,13.418163008998944,0.33600703219426437,18774,39247,"0.9755,0.9626,0.9851",ResViT-3D-FLAIR
FLAIR,ReMIND-102-pre,preop,1,tumor,1,1,0.09719154307352477,0.2933157364340944,1.0,7693,4983,"0.0008,0.0174,0.0887",ResViT-3D-FLAIR
FLAIR,ReMIND-102-pre,preop,2,cavity,0,1,nan,nan,nan,0,18560,"0.0008,0.0174,0.0887",ResViT-3D-FLAIR
FLAIR,ReMIND-102-pre,preop,lesion,lesion,1,1,0.056985529517223715,0.24464996340938774,1.0,7693,23543,"0.0008,0.0174,0.0887",ResViT-3D-FLAIR
FLAIR,ReMIND-107-pre,preop,1,tumor,1,1,0.023553472518108222,16.71210968764116,0.06201422192822888,57631,1044,"0.2343,0.2312,4.9330",ResViT-3D-FLAIR
FLAIR,ReMIND-107-pre,preop,2,cavity,0,0,nan,nan,nan,0,0,"0.2343,0.2312,4.9330",ResViT-3D-FLAIR
FLAIR,ReMIND-107-pre,preop,lesion,lesion,1,1,0.023553472518108222,16.71210968764116,0.06201422192822888,57631,1044,"0.2343,0.2312,4.9330",ResViT-3D-FLAIR
FLAIR,ReMIND-109-post,postop,1,tumor,0,1,nan,nan,nan,0,1811,"0.8585,0.8371,1.9460",ResViT-3D-FLAIR
FLAIR,ReMIND-109-post,postop,2,cavity,1,1,0.0,48.83537458131738,0.0,3408,5369,"0.8585,0.8371,1.9460",ResViT-3D-FLAIR
FLAIR,ReMIND-109-post,postop,lesion,lesion,1,1,0.0,48.32543428881401,0.0,3408,7180,"0.8585,0.8371,1.9460",ResViT-3D-FLAIR
FLAIR,ReMIND-109-pre,preop,1,tumor,1,1,0.7092991546223071,3.5797455372228737,0.5709466582331858,10361,11641,"0.9755,0.9400,0.9620",ResViT-3D-FLAIR
FLAIR,ReMIND-109-pre,preop,2,cavity,0,1,nan,nan,nan,0,1622,"0.9755,0.9400,0.9620",ResViT-3D-FLAIR
FLAIR,ReMIND-109-pre,preop,lesion,lesion,1,1,0.6605993904503894,13.304414210747264,0.5037202380952381,10361,13263,"0.9755,0.9400,0.9620",ResViT-3D-FLAIR
FLAIR,ReMIND-003-post,postop,1,tumor,0,1,nan,nan,nan,0,1129,"0.9264,0.9265,1.9922",SynDiff-2.5D-FLAIR
FLAIR,ReMIND-003-post,postop,2,cavity,1,1,0.6787762906309751,3.5430973493373474,0.744908350305499,2099,2085,"0.9264,0.9265,1.9922",SynDiff-2.5D-FLAIR
FLAIR,ReMIND-003-post,postop,lesion,lesion,1,1,0.5928853754940712,5.240982877960392,0.6332910857625687,2099,3214,"0.9264,0.9265,1.9922",SynDiff-2.5D-FLAIR
FLAIR,ReMIND-023-pre,preop,1,tumor,1,0,0.0,nan,nan,3895,0,"0.6872,0.6822,2.1845",SynDiff-2.5D-FLAIR
FLAIR,ReMIND-023-pre,preop,2,cavity,0,1,nan,nan,nan,0,223,"0.6872,0.6822,2.1845",SynDiff-2.5D-FLAIR
FLAIR,ReMIND-023-pre,preop,lesion,lesion,1,1,0.08839242350655659,8.75715174186281,0.12072649572649573,3895,223,"0.6872,0.6822,2.1845",SynDiff-2.5D-FLAIR
FLAIR,ReMIND-032-post,postop,1,tumor,1,1,0.0,30.004232295959646,0.0,13367,928,"0.8594,0.8379,1.9501",SynDiff-2.5D-FLAIR
FLAIR,ReMIND-032-post,postop,2,cavity,1,1,0.0,41.87302812841818,0.0,6211,3,"0.8594,0.8379,1.9501",SynDiff-2.5D-FLAIR
FLAIR,ReMIND-032-post,postop,lesion,lesion,1,1,0.03422887512799259,29.209060995200176,0.12399331408600517,19578,931,"0.8594,0.8379,1.9501",SynDiff-2.5D-FLAIR
FLAIR,ReMIND-032-pre,preop,1,tumor,1,1,0.4136755374561985,11.858932306391253,0.20329615114058888,32911,9325,"0.8208,0.8169,1.9763",SynDiff-2.5D-FLAIR
FLAIR,ReMIND-032-pre,preop,2,cavity,0,1,nan,nan,nan,0,28,"0.8208,0.8169,1.9763",SynDiff-2.5D-FLAIR
FLAIR,ReMIND-032-pre,preop,lesion,lesion,1,1,0.4147264811660042,11.858038187026978,0.2011111111111111,32911,9353,"0.8208,0.8169,1.9763",SynDiff-2.5D-FLAIR
FLAIR,ReMIND-045-pre,preop,1,tumor,1,1,0.49727123144844665,5.846440917048311,0.5788190395420333,123470,60679,"0.2608,0.2430,0.9600",SynDiff-2.5D-FLAIR
FLAIR,ReMIND-045-pre,preop,2,cavity,0,0,nan,nan,nan,0,0,"0.2608,0.2430,0.9600",SynDiff-2.5D-FLAIR
FLAIR,ReMIND-045-pre,preop,lesion,lesion,1,1,0.49727123144844665,5.846440917048311,0.5788190395420333,123470,60679,"0.2608,0.2430,0.9600",SynDiff-2.5D-FLAIR
FLAIR,ReMIND-056-post,postop,1,tumor,0,1,nan,nan,nan,0,116,"0.8539,0.8523,1.9741",SynDiff-2.5D-FLAIR
FLAIR,ReMIND-056-post,postop,2,cavity,1,0,0.0,nan,nan,17551,0,"0.8539,0.8523,1.9741",SynDiff-2.5D-FLAIR
FLAIR,ReMIND-056-post,postop,lesion,lesion,1,1,0.0,42.1221287534811,0.0,17551,116,"0.8539,0.8523,1.9741",SynDiff-2.5D-FLAIR
FLAIR,ReMIND-056-pre,preop,1,tumor,1,1,0.7417176012047125,4.388574606269087,0.48235856138674676,55846,34466,"0.7937,0.7936,1.2000",SynDiff-2.5D-FLAIR
FLAIR,ReMIND-056-pre,preop,2,cavity,0,1,nan,nan,nan,0,90,"0.7937,0.7936,1.2000",SynDiff-2.5D-FLAIR
FLAIR,ReMIND-056-pre,preop,lesion,lesion,1,1,0.7429702882679586,4.388574606269087,0.4855562384757222,55846,34556,"0.7937,0.7936,1.2000",SynDiff-2.5D-FLAIR
FLAIR,ReMIND-077-post,postop,1,tumor,1,1,0.17934591489860507,14.979019648587819,0.3655011655011655,2094,6437,"0.8558,0.8268,1.9283",SynDiff-2.5D-FLAIR
FLAIR,ReMIND-077-post,postop,2,cavity,1,1,0.11121408711770157,16.455600820261086,0.2277951933124347,2767,470,"0.8558,0.8268,1.9283",SynDiff-2.5D-FLAIR
FLAIR,ReMIND-077-post,postop,lesion,lesion,1,1,0.23980285520054384,13.550666026327502,0.36043002640513017,4861,6907,"0.8558,0.8268,1.9283",SynDiff-2.5D-FLAIR
FLAIR,ReMIND-077-pre,preop,1,tumor,1,1,0.41116898148148145,8.580812472423657,0.49316628701594534,6841,6983,"0.9765,0.9644,0.9880",SynDiff-2.5D-FLAIR
FLAIR,ReMIND-077-pre,preop,2,cavity,1,1,0.00572041473006793,18.06558140246662,0.04248704663212435,5265,329,"0.9765,0.9644,0.9880",SynDiff-2.5D-FLAIR
FLAIR,ReMIND-077-pre,preop,lesion,lesion,1,1,0.347924606035637,10.225397407985872,0.4711458042932813,12106,7312,"0.9765,0.9644,0.9880",SynDiff-2.5D-FLAIR
FLAIR,ReMIND-079-post,postop,1,tumor,1,1,0.0718562874251497,14.2330448291886,0.18545775684427435,7260,756,"0.7990,0.7254,1.8280",SynDiff-2.5D-FLAIR
FLAIR,ReMIND-079-post,postop,2,cavity,0,0,nan,nan,nan,0,0,"0.7990,0.7254,1.8280",SynDiff-2.5D-FLAIR
FLAIR,ReMIND-079-post,postop,lesion,lesion,1,1,0.0718562874251497,14.2330448291886,0.18545775684427435,7260,756,"0.7990,0.7254,1.8280",SynDiff-2.5D-FLAIR
FLAIR,ReMIND-079-pre,preop,1,tumor,1,1,0.0720160611359368,13.876735878360439,0.141862652869238,14068,1373,"0.9526,0.9132,0.9551",SynDiff-2.5D-FLAIR
FLAIR,ReMIND-079-pre,preop,2,cavity,1,1,0.0,35.72764761305069,0.0,7069,5749,"0.9526,0.9132,0.9551",SynDiff-2.5D-FLAIR
FLAIR,ReMIND-079-pre,preop,lesion,lesion,1,1,0.07643582575462685,22.97596854139236,0.1251001487924917,21137,7122,"0.9526,0.9132,0.9551",SynDiff-2.5D-FLAIR
FLAIR,ReMIND-087-pre,preop,1,tumor,1,1,0.00028912179255511386,23.837685798146588,0.021108699940816728,11505,2330,"0.9766,0.9734,0.9968",SynDiff-2.5D-FLAIR
FLAIR,ReMIND-087-pre,preop,2,cavity,1,1,0.0023245002324500234,18.833805053161864,0.041666666666666664,11681,1225,"0.9766,0.9734,0.9968",SynDiff-2.5D-FLAIR
FLAIR,ReMIND-087-pre,preop,lesion,lesion,1,1,0.11562768782020119,22.04247358537162,0.12161785216178522,23186,3555,"0.9766,0.9734,0.9968",SynDiff-2.5D-FLAIR
FLAIR,ReMIND-091-pre,preop,1,tumor,1,1,0.507369335456783,8.682413012649084,0.3424285942237115,25347,9188,"0.9733,0.9707,0.9931",SynDiff-2.5D-FLAIR
FLAIR,ReMIND-091-pre,preop,2,cavity,0,1,nan,nan,nan,0,714,"0.9733,0.9707,0.9931",SynDiff-2.5D-FLAIR
FLAIR,ReMIND-091-pre,preop,lesion,lesion,1,1,0.5376039036568413,8.23597673494366,0.35731338532548146,25347,9902,"0.9733,0.9707,0.9931",SynDiff-2.5D-FLAIR
FLAIR,ReMIND-096-post,postop,1,tumor,0,1,nan,nan,nan,0,2810,"0.8569,0.8553,1.9849",SynDiff-2.5D-FLAIR
FLAIR,ReMIND-096-post,postop,2,cavity,1,1,0.11200536552649229,21.563902233061167,0.22561768530559168,2166,816,"0.8569,0.8553,1.9849",SynDiff-2.5D-FLAIR
FLAIR,ReMIND-096-post,postop,lesion,lesion,1,1,0.05766574585635359,23.7930234327983,0.13538575667655786,2166,3626,"0.8569,0.8553,1.9849",SynDiff-2.5D-FLAIR
FLAIR,ReMIND-096-pre,preop,1,tumor,1,1,0.5459773814888732,8.031758772503302,0.288454352970482,18774,27825,"0.9755,0.9626,0.9851",SynDiff-2.5D-FLAIR
FLAIR,ReMIND-096-pre,preop,2,cavity,0,1,nan,nan,nan,0,21,"0.9755,0.9626,0.9851",SynDiff-2.5D-FLAIR
FLAIR,ReMIND-096-pre,preop,lesion,lesion,1,1,0.5466323466323466,8.031758772503302,0.28181362725450904,18774,27846,"0.9755,0.9626,0.9851",SynDiff-2.5D-FLAIR
FLAIR,ReMIND-102-pre,preop,1,tumor,1,1,0.16140282890912613,0.1402056658834734,1.0,7693,2629,"0.0008,0.0174,0.0887",SynDiff-2.5D-FLAIR
FLAIR,ReMIND-102-pre,preop,2,cavity,0,1,nan,nan,nan,0,19992,"0.0008,0.0174,0.0887",SynDiff-2.5D-FLAIR
FLAIR,ReMIND-102-pre,preop,lesion,lesion,1,1,0.08253612192386356,0.3008473831484373,1.0,7693,22621,"0.0008,0.0174,0.0887",SynDiff-2.5D-FLAIR
FLAIR,ReMIND-107-pre,preop,1,tumor,1,1,0.1579814921920185,15.508526455287273,0.23488797129899142,57631,11529,"0.2343,0.2312,4.9330",SynDiff-2.5D-FLAIR
FLAIR,ReMIND-107-pre,preop,2,cavity,0,0,nan,nan,nan,0,0,"0.2343,0.2312,4.9330",SynDiff-2.5D-FLAIR
FLAIR,ReMIND-107-pre,preop,lesion,lesion,1,1,0.1579814921920185,15.508526455287273,0.23488797129899142,57631,11529,"0.2343,0.2312,4.9330",SynDiff-2.5D-FLAIR
FLAIR,ReMIND-109-post,postop,1,tumor,0,1,nan,nan,nan,0,537,"0.8585,0.8371,1.9460",SynDiff-2.5D-FLAIR
FLAIR,ReMIND-109-post,postop,2,cavity,1,1,0.2280409426327065,13.379461981286212,0.26980942828485455,3408,793,"0.8585,0.8371,1.9460",SynDiff-2.5D-FLAIR
FLAIR,ReMIND-109-post,postop,lesion,lesion,1,1,0.2021950189953567,16.046458083517628,0.22767668218366482,3408,1330,"0.8585,0.8371,1.9460",SynDiff-2.5D-FLAIR
FLAIR,ReMIND-109-pre,preop,1,tumor,1,1,0.43199079401611046,9.037159038105264,0.35681399631675875,10361,7019,"0.9755,0.9400,0.9620",SynDiff-2.5D-FLAIR
FLAIR,ReMIND-109-pre,preop,2,cavity,0,0,nan,nan,nan,0,0,"0.9755,0.9400,0.9620",SynDiff-2.5D-FLAIR
FLAIR,ReMIND-109-pre,preop,lesion,lesion,1,1,0.43199079401611046,9.037159038105264,0.35681399631675875,10361,7019,"0.9755,0.9400,0.9620",SynDiff-2.5D-FLAIR
FLAIR,ReMIND-003-post,postop,1,tumor,0,1,nan,nan,nan,0,629,"0.9264,0.9265,1.9922",SynDiff-2D-FLAIR
FLAIR,ReMIND-003-post,postop,2,cavity,1,1,0.6763392857142857,4.143191872169307,0.731007315700619,2099,1485,"0.9264,0.9265,1.9922",SynDiff-2D-FLAIR
FLAIR,ReMIND-003-post,postop,lesion,lesion,1,1,0.6147638262520769,5.199403626303829,0.640076886112446,2099,2114,"0.9264,0.9265,1.9922",SynDiff-2D-FLAIR
FLAIR,ReMIND-023-pre,preop,1,tumor,1,1,0.7021177925490802,2.5755814497470957,0.5889145496535797,3895,2574,"0.6872,0.6822,2.1845",SynDiff-2D-FLAIR
FLAIR,ReMIND-023-pre,preop,2,cavity,0,0,nan,nan,nan,0,0,"0.6872,0.6822,2.1845",SynDiff-2D-FLAIR
FLAIR,ReMIND-023-pre,preop,lesion,lesion,1,1,0.7021177925490802,2.5755814497470957,0.5889145496535797,3895,2574,"0.6872,0.6822,2.1845",SynDiff-2D-FLAIR
FLAIR,ReMIND-032-post,postop,1,tumor,1,1,0.0,40.14762175930715,0.0,13367,1584,"0.8594,0.8379,1.9501",SynDiff-2D-FLAIR
FLAIR,ReMIND-032-post,postop,2,cavity,1,0,0.0,nan,nan,6211,0,"0.8594,0.8379,1.9501",SynDiff-2D-FLAIR
FLAIR,ReMIND-032-post,postop,lesion,lesion,1,1,0.01861827804555335,39.087004310350245,0.06392281019146691,19578,1584,"0.8594,0.8379,1.9501",SynDiff-2D-FLAIR
FLAIR,ReMIND-032-pre,preop,1,tumor,1,1,0.31902341854585387,11.377963893502336,0.10861500412201154,32911,6246,"0.8208,0.8169,1.9763",SynDiff-2D-FLAIR
FLAIR,ReMIND-032-pre,preop,2,cavity,0,1,nan,nan,nan,0,832,"0.8208,0.8169,1.9763",SynDiff-2D-FLAIR
FLAIR,ReMIND-032-pre,preop,lesion,lesion,1,1,0.35399734927104953,10.92923026269786,0.10492782478845196,32911,7078,"0.8208,0.8169,1.9763",SynDiff-2D-FLAIR
FLAIR,ReMIND-045-pre,preop,1,tumor,1,1,0.7857984729173428,1.5645681023597717,0.8122453957799731,123470,110702,"0.2608,0.2430,0.9600",SynDiff-2D-FLAIR
FLAIR,ReMIND-045-pre,preop,2,cavity,0,0,nan,nan,nan,0,0,"0.2608,0.2430,0.9600",SynDiff-2D-FLAIR
FLAIR,ReMIND-045-pre,preop,lesion,lesion,1,1,0.7857984729173428,1.5645681023597717,0.8122453957799731,123470,110702,"0.2608,0.2430,0.9600",SynDiff-2D-FLAIR
FLAIR,ReMIND-056-post,postop,1,tumor,0,0,nan,nan,nan,0,0,"0.8539,0.8523,1.9741",SynDiff-2D-FLAIR
FLAIR,ReMIND-056-post,postop,2,cavity,1,0,0.0,nan,nan,17551,0,"0.8539,0.8523,1.9741",SynDiff-2D-FLAIR
FLAIR,ReMIND-056-post,postop,lesion,lesion,1,0,0.0,nan,nan,17551,0,"0.8539,0.8523,1.9741",SynDiff-2D-FLAIR
FLAIR,ReMIND-056-pre,preop,1,tumor,1,1,0.7554670236967856,4.146020760791313,0.4747246733702716,55846,36023,"0.7937,0.7936,1.2000",SynDiff-2D-FLAIR
FLAIR,ReMIND-056-pre,preop,2,cavity,0,1,nan,nan,nan,0,26,"0.7937,0.7936,1.2000",SynDiff-2D-FLAIR
FLAIR,ReMIND-056-pre,preop,lesion,lesion,1,1,0.7552968061374394,4.146020760791313,0.47606037838945425,55846,36049,"0.7937,0.7936,1.2000",SynDiff-2D-FLAIR
FLAIR,ReMIND-077-post,postop,1,tumor,1,1,0.10105580693815988,18.166053137237018,0.203922894825837,2094,3210,"0.8558,0.8268,1.9283",SynDiff-2D-FLAIR
FLAIR,ReMIND-077-post,postop,2,cavity,1,1,0.11419354838709678,13.717926305936103,0.2788104089219331,2767,333,"0.8558,0.8268,1.9283",SynDiff-2D-FLAIR
FLAIR,ReMIND-077-post,postop,lesion,lesion,1,1,0.1634935744883389,17.354973793029785,0.2965726276521334,4861,3543,"0.8558,0.8268,1.9283",SynDiff-2D-FLAIR
FLAIR,ReMIND-077-pre,preop,1,tumor,1,1,0.3473845409849279,9.798926976982543,0.4334756314478833,6841,5566,"0.9765,0.9644,0.9880",SynDiff-2D-FLAIR
FLAIR,ReMIND-077-pre,preop,2,cavity,1,1,0.12902172137840928,15.440289795127882,0.21759923481587756,5265,858,"0.9765,0.9644,0.9880",SynDiff-2D-FLAIR
FLAIR,ReMIND-077-pre,preop,lesion,lesion,1,1,0.32012951969778736,10.767267062621507,0.42988847583643125,12106,6424,"0.9765,0.9644,0.9880",SynDiff-2D-FLAIR
FLAIR,ReMIND-079-post,postop,1,tumor,1,1,0.25905797101449274,12.33061218832187,0.3112567282939387,7260,2676,"0.7990,0.7254,1.8280",SynDiff-2D-FLAIR
FLAIR,ReMIND-079-post,postop,2,cavity,0,0,nan,nan,nan,0,0,"0.7990,0.7254,1.8280",SynDiff-2D-FLAIR
FLAIR,ReMIND-079-post,postop,lesion,lesion,1,1,0.25905797101449274,12.33061218832187,0.3112567282939387,7260,2676,"0.7990,0.7254,1.8280",SynDiff-2D-FLAIR
FLAIR,ReMIND-079-pre,preop,1,tumor,1,1,0.26913834534843806,18.573406296644322,0.25087229588276344,14068,3410,"0.9526,0.9132,0.9551",SynDiff-2D-FLAIR
FLAIR,ReMIND-079-pre,preop,2,cavity,1,1,0.0037313432835820895,27.924946261817205,0.07989386792452831,7069,4187,"0.9526,0.9132,0.9551",SynDiff-2D-FLAIR
FLAIR,ReMIND-079-pre,preop,lesion,lesion,1,1,0.20129463353518479,14.673320898118124,0.23469732837335136,21137,7597,"0.9526,0.9132,0.9551",SynDiff-2D-FLAIR
FLAIR,ReMIND-087-pre,preop,1,tumor,1,1,0.01856847123768898,19.039403975563488,0.1008,11505,4436,"0.9766,0.9734,0.9968",SynDiff-2D-FLAIR
FLAIR,ReMIND-087-pre,preop,2,cavity,1,0,0.0,nan,nan,11681,0,"0.9766,0.9734,0.9968",SynDiff-2D-FLAIR
FLAIR,ReMIND-087-pre,preop,lesion,lesion,1,1,0.2530591557454203,17.44288303192343,0.1602021305654193,23186,4436,"0.9766,0.9734,0.9968",SynDiff-2D-FLAIR
FLAIR,ReMIND-091-pre,preop,1,tumor,1,1,0.4823425022182786,11.060055640218717,0.3775974025974026,25347,8463,"0.9733,0.9707,0.9931",SynDiff-2D-FLAIR
FLAIR,ReMIND-091-pre,preop,2,cavity,0,1,nan,nan,nan,0,91,"0.9733,0.9707,0.9931",SynDiff-2D-FLAIR
FLAIR,ReMIND-091-pre,preop,lesion,lesion,1,1,0.4864163299017728,11.059017077243125,0.37876567334310374,25347,8554,"0.9733,0.9707,0.9931",SynDiff-2D-FLAIR
FLAIR,ReMIND-096-post,postop,1,tumor,0,1,nan,nan,nan,0,3577,"0.8569,0.8553,1.9849",SynDiff-2D-FLAIR
FLAIR,ReMIND-096-post,postop,2,cavity,1,1,0.35122242098986284,13.813607510846108,0.45515558267236117,2166,1188,"0.8569,0.8553,1.9849",SynDiff-2D-FLAIR
FLAIR,ReMIND-096-post,postop,lesion,lesion,1,1,0.1907372673495888,14.78966102095169,0.317404952912452,2166,4765,"0.8569,0.8553,1.9849",SynDiff-2D-FLAIR
FLAIR,ReMIND-096-pre,preop,1,tumor,1,1,0.5185249382502058,10.69183878362239,0.29629199116587235,18774,27380,"0.9755,0.9626,0.9851",SynDiff-2D-FLAIR
FLAIR,ReMIND-096-pre,preop,2,cavity,0,0,nan,nan,nan,0,0,"0.9755,0.9626,0.9851",SynDiff-2D-FLAIR
FLAIR,ReMIND-096-pre,preop,lesion,lesion,1,1,0.5185249382502058,10.69183878362239,0.29629199116587235,18774,27380,"0.9755,0.9626,0.9851",SynDiff-2D-FLAIR
FLAIR,ReMIND-102-pre,preop,1,tumor,1,1,0.19356144968617128,0.44496135599689673,1.0,7693,2185,"0.0008,0.0174,0.0887",SynDiff-2D-FLAIR
FLAIR,ReMIND-102-pre,preop,2,cavity,0,1,nan,nan,nan,0,20374,"0.0008,0.0174,0.0887",SynDiff-2D-FLAIR
FLAIR,ReMIND-102-pre,preop,lesion,lesion,1,1,0.09090308078804707,0.2438866288622008,1.0,7693,22559,"0.0008,0.0174,0.0887",SynDiff-2D-FLAIR
FLAIR,ReMIND-107-pre,preop,1,tumor,1,1,0.36715377334533783,11.785244526235154,0.25985513302688396,57631,29003,"0.2343,0.2312,4.9330",SynDiff-2D-FLAIR
FLAIR,ReMIND-107-pre,preop,2,cavity,0,0,nan,nan,nan,0,0,"0.2343,0.2312,4.9330",SynDiff-2D-FLAIR
FLAIR,ReMIND-107-pre,preop,lesion,lesion,1,1,0.36715377334533783,11.785244526235154,0.25985513302688396,57631,29003,"0.2343,0.2312,4.9330",SynDiff-2D-FLAIR
FLAIR,ReMIND-109-post,postop,1,tumor,0,1,nan,nan,nan,0,827,"0.8585,0.8371,1.9460",SynDiff-2D-FLAIR
FLAIR,ReMIND-109-post,postop,2,cavity,1,1,0.07393209200438117,15.994282360033951,0.13329418672930124,3408,244,"0.8585,0.8371,1.9460",SynDiff-2D-FLAIR
FLAIR,ReMIND-109-post,postop,lesion,lesion,1,1,0.0946639874972092,15.461221565540463,0.16582220175034545,3408,1071,"0.8585,0.8371,1.9460",SynDiff-2D-FLAIR
FLAIR,ReMIND-109-pre,preop,1,tumor,1,1,0.5941809937653505,5.959187156719479,0.467000835421888,10361,10811,"0.9755,0.9400,0.9620",SynDiff-2D-FLAIR
FLAIR,ReMIND-109-pre,preop,2,cavity,0,0,nan,nan,nan,0,0,"0.9755,0.9400,0.9620",SynDiff-2D-FLAIR
FLAIR,ReMIND-109-pre,preop,lesion,lesion,1,1,0.5941809937653505,5.959187156719479,0.467000835421888,10361,10811,"0.9755,0.9400,0.9620",SynDiff-2D-FLAIR
FLAIR,ReMIND-003-post,postop,1,tumor,0,1,nan,nan,nan,0,2070,"0.9264,0.9265,1.9922",SynDiff-3D+3D-refine-FLAIR
FLAIR,ReMIND-003-post,postop,2,cavity,1,1,0.41645053723601333,8.022495883185579,0.371163454675232,2099,600,"0.9264,0.9265,1.9922",SynDiff-3D+3D-refine-FLAIR
FLAIR,ReMIND-003-post,postop,lesion,lesion,1,1,0.5015726567414552,6.118555618249289,0.46577243293246995,2099,2670,"0.9264,0.9265,1.9922",SynDiff-3D+3D-refine-FLAIR
FLAIR,ReMIND-023-pre,preop,1,tumor,1,1,0.698704429044893,2.5755814497470957,0.5692254969156957,3895,2743,"0.6872,0.6822,2.1845",SynDiff-3D+3D-refine-FLAIR
FLAIR,ReMIND-023-pre,preop,2,cavity,0,0,nan,nan,nan,0,0,"0.6872,0.6822,2.1845",SynDiff-3D+3D-refine-FLAIR
FLAIR,ReMIND-023-pre,preop,lesion,lesion,1,1,0.698704429044893,2.5755814497470957,0.5692254969156957,3895,2743,"0.6872,0.6822,2.1845",SynDiff-3D+3D-refine-FLAIR
FLAIR,ReMIND-032-post,postop,1,tumor,1,1,0.0,43.02009521107834,0.0,13367,1121,"0.8594,0.8379,1.9501",SynDiff-3D+3D-refine-FLAIR
FLAIR,ReMIND-032-post,postop,2,cavity,1,0,0.0,nan,nan,6211,0,"0.8594,0.8379,1.9501",SynDiff-3D+3D-refine-FLAIR
FLAIR,ReMIND-032-post,postop,lesion,lesion,1,1,0.010242040678293637,41.915229793728535,0.0437636761487965,19578,1121,"0.8594,0.8379,1.9501",SynDiff-3D+3D-refine-FLAIR
FLAIR,ReMIND-032-pre,preop,1,tumor,1,1,0.32471366759989817,11.395926755759834,0.08241639697950377,32911,6379,"0.8208,0.8169,1.9763",SynDiff-3D+3D-refine-FLAIR
FLAIR,ReMIND-032-pre,preop,2,cavity,0,1,nan,nan,nan,0,615,"0.8208,0.8169,1.9763",SynDiff-3D+3D-refine-FLAIR
FLAIR,ReMIND-032-pre,preop,lesion,lesion,1,1,0.3505325147224659,11.145848841344362,0.08260352470537355,32911,6994,"0.8208,0.8169,1.9763",SynDiff-3D+3D-refine-FLAIR
FLAIR,ReMIND-045-pre,preop,1,tumor,1,1,0.6973030355721097,2.8727454328877244,0.672823154280108,123470,95072,"0.2608,0.2430,0.9600",SynDiff-3D+3D-refine-FLAIR
FLAIR,ReMIND-045-pre,preop,2,cavity,0,0,nan,nan,nan,0,0,"0.2608,0.2430,0.9600",SynDiff-3D+3D-refine-FLAIR
FLAIR,ReMIND-045-pre,preop,lesion,lesion,1,1,0.6973030355721097,2.8727454328877244,0.672823154280108,123470,95072,"0.2608,0.2430,0.9600",SynDiff-3D+3D-refine-FLAIR
FLAIR,ReMIND-056-post,postop,1,tumor,0,0,nan,nan,nan,0,0,"0.8539,0.8523,1.9741",SynDiff-3D+3D-refine-FLAIR
FLAIR,ReMIND-056-post,postop,2,cavity,1,1,0.0012526333769857087,40.268751597732894,0.006630357565711579,17551,12,"0.8539,0.8523,1.9741",SynDiff-3D+3D-refine-FLAIR
FLAIR,ReMIND-056-post,postop,lesion,lesion,1,1,0.0012526333769857087,40.268751597732894,0.006630357565711579,17551,12,"0.8539,0.8523,1.9741",SynDiff-3D+3D-refine-FLAIR
FLAIR,ReMIND-056-pre,preop,1,tumor,1,1,0.755322053892281,4.439415654712083,0.5086869246210286,55846,35707,"0.7937,0.7936,1.2000",SynDiff-3D+3D-refine-FLAIR
FLAIR,ReMIND-056-pre,preop,2,cavity,0,1,nan,nan,nan,0,51,"0.7937,0.7936,1.2000",SynDiff-3D+3D-refine-FLAIR
FLAIR,ReMIND-056-pre,preop,lesion,lesion,1,1,0.7556875245622462,4.439415654712083,0.5101942083074159,55846,35758,"0.7937,0.7936,1.2000",SynDiff-3D+3D-refine-FLAIR
FLAIR,ReMIND-077-post,postop,1,tumor,1,1,0.10718539102818579,18.127646018758462,0.2768752160387141,2094,2944,"0.8558,0.8268,1.9283",SynDiff-3D+3D-refine-FLAIR
FLAIR,ReMIND-077-post,postop,2,cavity,1,1,0.2511941556617027,10.701829064090031,0.4514048825426071,2767,792,"0.8558,0.8268,1.9283",SynDiff-3D+3D-refine-FLAIR
FLAIR,ReMIND-077-post,postop,lesion,lesion,1,1,0.24078166802372922,16.33375942464392,0.3348277489381784,4861,3736,"0.8558,0.8268,1.9283",SynDiff-3D+3D-refine-FLAIR
FLAIR,ReMIND-077-pre,preop,1,tumor,1,1,0.3805333694327873,8.051423315132647,0.44523376837931605,6841,7933,"0.9765,0.9644,0.9880",SynDiff-3D+3D-refine-FLAIR
FLAIR,ReMIND-077-pre,preop,2,cavity,1,1,0.18529261218222146,14.767146675088489,0.24183006535947713,5265,596,"0.9765,0.9644,0.9880",SynDiff-3D+3D-refine-FLAIR
FLAIR,ReMIND-077-pre,preop,lesion,lesion,1,1,0.36888781196995396,8.706300140962988,0.4261187728679989,12106,8529,"0.9765,0.9644,0.9880",SynDiff-3D+3D-refine-FLAIR
FLAIR,ReMIND-079-post,postop,1,tumor,1,1,0.18993489717887777,12.125525418392558,0.22668004012036108,7260,2417,"0.7990,0.7254,1.8280",SynDiff-3D+3D-refine-FLAIR
FLAIR,ReMIND-079-post,postop,2,cavity,0,0,nan,nan,nan,0,0,"0.7990,0.7254,1.8280",SynDiff-3D+3D-refine-FLAIR
FLAIR,ReMIND-079-post,postop,lesion,lesion,1,1,0.18993489717887777,12.125525418392558,0.22668004012036108,7260,2417,"0.7990,0.7254,1.8280",SynDiff-3D+3D-refine-FLAIR
FLAIR,ReMIND-079-pre,preop,1,tumor,1,1,0.3361884368308351,12.961192159191443,0.2950596252129472,14068,3678,"0.9526,0.9132,0.9551",SynDiff-3D+3D-refine-FLAIR
FLAIR,ReMIND-079-pre,preop,2,cavity,1,1,0.0015972618368511123,24.944663781256455,0.06302151954325867,7069,10461,"0.9526,0.9132,0.9551",SynDiff-3D+3D-refine-FLAIR
FLAIR,ReMIND-079-pre,preop,lesion,lesion,1,1,0.18737952148769701,16.751178276151858,0.23141227380015736,21137,14139,"0.9526,0.9132,0.9551",SynDiff-3D+3D-refine-FLAIR
FLAIR,ReMIND-087-pre,preop,1,tumor,1,1,0.028445081869248236,18.874687670746926,0.10164689215512662,11505,5229,"0.9766,0.9734,0.9968",SynDiff-3D+3D-refine-FLAIR
FLAIR,ReMIND-087-pre,preop,2,cavity,1,0,0.0,nan,nan,11681,0,"0.9766,0.9734,0.9968",SynDiff-3D+3D-refine-FLAIR
FLAIR,ReMIND-087-pre,preop,lesion,lesion,1,1,0.25338729544254796,17.08613287881977,0.15046296296296297,23186,5229,"0.9766,0.9734,0.9968",SynDiff-3D+3D-refine-FLAIR
FLAIR,ReMIND-091-pre,preop,1,tumor,1,1,0.4320561746298275,14.60306534583273,0.36528276097727663,25347,7408,"0.9733,0.9707,0.9931",SynDiff-3D+3D-refine-FLAIR
FLAIR,ReMIND-091-pre,preop,2,cavity,0,0,nan,nan,nan,0,0,"0.9733,0.9707,0.9931",SynDiff-3D+3D-refine-FLAIR
FLAIR,ReMIND-091-pre,preop,lesion,lesion,1,1,0.4320561746298275,14.60306534583273,0.36528276097727663,25347,7408,"0.9733,0.9707,0.9931",SynDiff-3D+3D-refine-FLAIR
FLAIR,ReMIND-096-post,postop,1,tumor,0,1,nan,nan,nan,0,2958,"0.8569,0.8553,1.9849",SynDiff-3D+3D-refine-FLAIR
FLAIR,ReMIND-096-post,postop,2,cavity,1,1,0.3694303440496334,7.530779171319322,0.40064935064935064,2166,1380,"0.8569,0.8553,1.9849",SynDiff-3D+3D-refine-FLAIR
FLAIR,ReMIND-096-post,postop,lesion,lesion,1,1,0.21894218942189422,12.25561041645174,0.27941176470588236,2166,4338,"0.8569,0.8553,1.9849",SynDiff-3D+3D-refine-FLAIR
FLAIR,ReMIND-096-pre,preop,1,tumor,1,1,0.4916701169140987,13.649531890344377,0.270561797752809,18774,31947,"0.9755,0.9626,0.9851",SynDiff-3D+3D-refine-FLAIR
FLAIR,ReMIND-096-pre,preop,2,cavity,0,0,nan,nan,nan,0,0,"0.9755,0.9626,0.9851",SynDiff-3D+3D-refine-FLAIR
FLAIR,ReMIND-096-pre,preop,lesion,lesion,1,1,0.4916701169140987,13.649531890344377,0.270561797752809,18774,31947,"0.9755,0.9626,0.9851",SynDiff-3D+3D-refine-FLAIR
FLAIR,ReMIND-102-pre,preop,1,tumor,1,1,0.07669616519174041,0.14138419726374984,1.0,7693,2138,"0.0008,0.0174,0.0887",SynDiff-3D+3D-refine-FLAIR
FLAIR,ReMIND-102-pre,preop,2,cavity,0,1,nan,nan,nan,0,9100,"0.0008,0.0174,0.0887",SynDiff-3D+3D-refine-FLAIR
FLAIR,ReMIND-102-pre,preop,lesion,lesion,1,1,0.06634620463789552,0.2753718185731684,1.0,7693,11238,"0.0008,0.0174,0.0887",SynDiff-3D+3D-refine-FLAIR
FLAIR,ReMIND-107-pre,preop,1,tumor,1,1,0.3120728650895532,10.63558193791211,0.2890891963279706,57631,24164,"0.2343,0.2312,4.9330",SynDiff-3D+3D-refine-FLAIR
FLAIR,ReMIND-107-pre,preop,2,cavity,0,0,nan,nan,nan,0,0,"0.2343,0.2312,4.9330",SynDiff-3D+3D-refine-FLAIR
FLAIR,ReMIND-107-pre,preop,lesion,lesion,1,1,0.3120728650895532,10.63558193791211,0.2890891963279706,57631,24164,"0.2343,0.2312,4.9330",SynDiff-3D+3D-refine-FLAIR
FLAIR,ReMIND-109-post,postop,1,tumor,0,1,nan,nan,nan,0,630,"0.8585,0.8371,1.9460",SynDiff-3D+3D-refine-FLAIR
FLAIR,ReMIND-109-post,postop,2,cavity,1,1,0.0663594470046083,38.3234281319933,0.08312838170191834,3408,932,"0.8585,0.8371,1.9460",SynDiff-3D+3D-refine-FLAIR
FLAIR,ReMIND-109-post,postop,lesion,lesion,1,1,0.0841046277665996,37.83394664091963,0.1384678410487505,3408,1562,"0.8585,0.8371,1.9460",SynDiff-3D+3D-refine-FLAIR
FLAIR,ReMIND-109-pre,preop,1,tumor,1,1,0.5751994198694707,5.928209393344717,0.39128586609989374,10361,10324,"0.9755,0.9400,0.9620",SynDiff-3D+3D-refine-FLAIR
FLAIR,ReMIND-109-pre,preop,2,cavity,0,0,nan,nan,nan,0,0,"0.9755,0.9400,0.9620",SynDiff-3D+3D-refine-FLAIR
FLAIR,ReMIND-109-pre,preop,lesion,lesion,1,1,0.5751994198694707,5.928209393344717,0.39128586609989374,10361,10324,"0.9755,0.9400,0.9620",SynDiff-3D+3D-refine-FLAIR
FLAIR,ReMIND-003-post,postop,1,tumor,0,1,nan,nan,nan,0,2113,"0.9264,0.9265,1.9922",SynDiff-3D-FLAIR
FLAIR,ReMIND-003-post,postop,2,cavity,1,1,0.5529820497973365,7.087702310877651,0.5950603101665709,2099,1355,"0.9264,0.9265,1.9922",SynDiff-3D-FLAIR
FLAIR,ReMIND-003-post,postop,lesion,lesion,1,1,0.41817855218250405,8.109973180743545,0.47402078337330134,2099,3468,"0.9264,0.9265,1.9922",SynDiff-3D-FLAIR
FLAIR,ReMIND-023-pre,preop,1,tumor,1,1,0.46277961129446277,6.682974375152721,0.4219189080690486,3895,1559,"0.6872,0.6822,2.1845",SynDiff-3D-FLAIR
FLAIR,ReMIND-023-pre,preop,2,cavity,0,0,nan,nan,nan,0,0,"0.6872,0.6822,2.1845",SynDiff-3D-FLAIR
FLAIR,ReMIND-023-pre,preop,lesion,lesion,1,1,0.46277961129446277,6.682974375152721,0.4219189080690486,3895,1559,"0.6872,0.6822,2.1845",SynDiff-3D-FLAIR
FLAIR,ReMIND-032-post,postop,1,tumor,1,1,0.026779216998981226,25.804875395551353,0.08113143631436315,13367,375,"0.8594,0.8379,1.9501",SynDiff-3D-FLAIR
FLAIR,ReMIND-032-post,postop,2,cavity,1,1,0.07787011388119422,24.464389324787035,0.1093627065302911,6211,287,"0.8594,0.8379,1.9501",SynDiff-3D-FLAIR
FLAIR,ReMIND-032-post,postop,lesion,lesion,1,1,0.05849802371541502,20.356324807831765,0.08717704866064352,19578,662,"0.8594,0.8379,1.9501",SynDiff-3D-FLAIR
FLAIR,ReMIND-032-pre,preop,1,tumor,1,1,0.18470442331541959,12.641340381907405,0.0631926432445178,32911,3374,"0.8208,0.8169,1.9763",SynDiff-3D-FLAIR
FLAIR,ReMIND-032-pre,preop,2,cavity,0,1,nan,nan,nan,0,11,"0.8208,0.8169,1.9763",SynDiff-3D-FLAIR
FLAIR,ReMIND-032-pre,preop,lesion,lesion,1,1,0.18508926603482478,12.629767384390247,0.0680560461556576,32911,3385,"0.8208,0.8169,1.9763",SynDiff-3D-FLAIR
FLAIR,ReMIND-045-pre,preop,1,tumor,1,1,0.6805446960829066,2.8550971156504286,0.6698209198209198,123470,97791,"0.2608,0.2430,0.9600",SynDiff-3D-FLAIR
FLAIR,ReMIND-045-pre,preop,2,cavity,0,0,nan,nan,nan,0,0,"0.2608,0.2430,0.9600",SynDiff-3D-FLAIR
FLAIR,ReMIND-045-pre,preop,lesion,lesion,1,1,0.6805446960829066,2.8550971156504286,0.6698209198209198,123470,97791,"0.2608,0.2430,0.9600",SynDiff-3D-FLAIR
FLAIR,ReMIND-056-post,postop,1,tumor,0,1,nan,nan,nan,0,2633,"0.8539,0.8523,1.9741",SynDiff-3D-FLAIR
FLAIR,ReMIND-056-post,postop,2,cavity,1,0,0.0,nan,nan,17551,0,"0.8539,0.8523,1.9741",SynDiff-3D-FLAIR
FLAIR,ReMIND-056-post,postop,lesion,lesion,1,1,0.036068172810146654,23.30052472960681,0.10304489936349562,17551,2633,"0.8539,0.8523,1.9741",SynDiff-3D-FLAIR
FLAIR,ReMIND-056-pre,preop,1,tumor,1,1,0.4562345478610494,12.651376753279726,0.188705035971223,55846,24240,"0.7937,0.7936,1.2000",SynDiff-3D-FLAIR
FLAIR,ReMIND-056-pre,preop,2,cavity,0,0,nan,nan,nan,0,0,"0.7937,0.7936,1.2000",SynDiff-3D-FLAIR
FLAIR,ReMIND-056-pre,preop,lesion,lesion,1,1,0.4562345478610494,12.651376753279726,0.188705035971223,55846,24240,"0.7937,0.7936,1.2000",SynDiff-3D-FLAIR
FLAIR,ReMIND-077-post,postop,1,tumor,1,1,0.06336511842509997,21.00211236795121,0.13010446343779677,2094,1157,"0.8558,0.8268,1.9283",SynDiff-3D-FLAIR
FLAIR,ReMIND-077-post,postop,2,cavity,1,1,0.19892014776925263,14.329778070549887,0.3275862068965517,2767,752,"0.8558,0.8268,1.9283",SynDiff-3D-FLAIR
FLAIR,ReMIND-077-post,postop,lesion,lesion,1,1,0.186410635155096,13.861776724658181,0.2874617737003058,4861,1909,"0.8558,0.8268,1.9283",SynDiff-3D-FLAIR
FLAIR,ReMIND-077-pre,preop,1,tumor,1,1,0.24729678157995166,8.885052289475842,0.3252818035426731,6841,8881,"0.9765,0.9644,0.9880",SynDiff-3D-FLAIR
FLAIR,ReMIND-077-pre,preop,2,cavity,1,1,0.14626824942011188,18.25417735350286,0.18865546218487395,5265,2064,"0.9765,0.9644,0.9880",SynDiff-3D-FLAIR
FLAIR,ReMIND-077-pre,preop,lesion,lesion,1,1,0.3205934666608824,9.18897056103259,0.39596870441585996,12106,10945,"0.9765,0.9644,0.9880",SynDiff-3D-FLAIR
FLAIR,ReMIND-079-post,postop,1,tumor,1,1,0.010632497273718648,15.904266040807961,0.06252089602139753,7260,76,"0.7990,0.7254,1.8280",SynDiff-3D-FLAIR
FLAIR,ReMIND-079-post,postop,2,cavity,0,1,nan,nan,nan,0,2623,"0.7990,0.7254,1.8280",SynDiff-3D-FLAIR
FLAIR,ReMIND-079-post,postop,lesion,lesion,1,1,0.007832111657796967,16.710938200960786,0.07125662012518055,7260,2699,"0.7990,0.7254,1.8280",SynDiff-3D-FLAIR
FLAIR,ReMIND-079-pre,preop,1,tumor,1,1,0.2047900466562986,20.64486734298802,0.17231897341888175,14068,2007,"0.9526,0.9132,0.9551",SynDiff-3D-FLAIR
FLAIR,ReMIND-079-pre,preop,2,cavity,1,1,0.0,35.454836504326266,0.0,7069,6819,"0.9526,0.9132,0.9551",SynDiff-3D-FLAIR
FLAIR,ReMIND-079-pre,preop,lesion,lesion,1,1,0.12475386309782065,23.23737490653765,0.11874169251218432,21137,8826,"0.9526,0.9132,0.9551",SynDiff-3D-FLAIR
FLAIR,ReMIND-087-pre,preop,1,tumor,1,1,0.10731361785018594,15.234319973522966,0.21238640188488725,11505,5436,"0.9766,0.9734,0.9968",SynDiff-3D-FLAIR
FLAIR,ReMIND-087-pre,preop,2,cavity,1,1,0.1886901661168027,13.802805494678683,0.19968304278922344,11681,5596,"0.9766,0.9734,0.9968",SynDiff-3D-FLAIR
FLAIR,ReMIND-087-pre,preop,lesion,lesion,1,1,0.3590507919808288,12.351428644196663,0.2891277009260318,23186,11032,"0.9766,0.9734,0.9968",SynDiff-3D-FLAIR
FLAIR,ReMIND-091-pre,preop,1,tumor,1,1,0.5768012995236915,6.281966073807243,0.2850481815355922,25347,10974,"0.9733,0.9707,0.9931",SynDiff-3D-FLAIR
FLAIR,ReMIND-091-pre,preop,2,cavity,0,1,nan,nan,nan,0,793,"0.9733,0.9707,0.9931",SynDiff-3D-FLAIR
FLAIR,ReMIND-091-pre,preop,lesion,lesion,1,1,0.6072102171687234,6.15328829748929,0.31116571955152816,25347,11767,"0.9733,0.9707,0.9931",SynDiff-3D-FLAIR
FLAIR,ReMIND-096-post,postop,1,tumor,0,1,nan,nan,nan,0,831,"0.8569,0.8553,1.9849",SynDiff-3D-FLAIR
FLAIR,ReMIND-096-post,postop,2,cavity,1,1,0.3475367882277671,10.17517532542872,0.39743119266055044,2166,5649,"0.8569,0.8553,1.9849",SynDiff-3D-FLAIR
FLAIR,ReMIND-096-post,postop,lesion,lesion,1,1,0.31413370344668057,11.894887989553034,0.3401381909547739,2166,6480,"0.8569,0.8553,1.9849",SynDiff-3D-FLAIR
FLAIR,ReMIND-096-pre,preop,1,tumor,1,1,0.5156178576870334,10.496873983328342,0.2852497398543184,18774,27167,"0.9755,0.9626,0.9851",SynDiff-3D-FLAIR
FLAIR,ReMIND-096-pre,preop,2,cavity,0,0,nan,nan,nan,0,0,"0.9755,0.9626,0.9851",SynDiff-3D-FLAIR
FLAIR,ReMIND-096-pre,preop,lesion,lesion,1,1,0.5156178576870334,10.496873983328342,0.2852497398543184,18774,27167,"0.9755,0.9626,0.9851",SynDiff-3D-FLAIR
FLAIR,ReMIND-102-pre,preop,1,tumor,1,1,0.0015300267754685707,1.0615355981497567,1.0,7693,150,"0.0008,0.0174,0.0887",SynDiff-3D-FLAIR
FLAIR,ReMIND-102-pre,preop,2,cavity,0,1,nan,nan,nan,0,23059,"0.0008,0.0174,0.0887",SynDiff-3D-FLAIR
FLAIR,ReMIND-102-pre,preop,lesion,lesion,1,1,0.04957607921817358,0.25983082115860107,1.0,7693,23209,"0.0008,0.0174,0.0887",SynDiff-3D-FLAIR
FLAIR,ReMIND-107-pre,preop,1,tumor,1,1,0.005023346762638437,24.733850330415656,0.028915728945992793,57631,1692,"0.2343,0.2312,4.9330",SynDiff-3D-FLAIR
FLAIR,ReMIND-107-pre,preop,2,cavity,0,1,nan,nan,nan,0,2261,"0.2343,0.2312,4.9330",SynDiff-3D-FLAIR
FLAIR,ReMIND-107-pre,preop,lesion,lesion,1,1,0.004838919199792154,24.409156081201882,0.027329224848532126,57631,3953,"0.2343,0.2312,4.9330",SynDiff-3D-FLAIR
FLAIR,ReMIND-109-post,postop,1,tumor,0,1,nan,nan,nan,0,6564,"0.8585,0.8371,1.9460",SynDiff-3D-FLAIR
FLAIR,ReMIND-109-post,postop,2,cavity,1,1,0.0996900826446281,10.68100170801354,0.17414529914529914,3408,464,"0.8585,0.8371,1.9460",SynDiff-3D-FLAIR
FLAIR,ReMIND-109-post,postop,lesion,lesion,1,1,0.052893829053277115,21.952851988429288,0.12121212121212122,3408,7028,"0.8585,0.8371,1.9460",SynDiff-3D-FLAIR
FLAIR,ReMIND-109-pre,preop,1,tumor,1,1,0.04174510927396251,22.240177328762186,0.1489426907753601,10361,1856,"0.9755,0.9400,0.9620",SynDiff-3D-FLAIR
FLAIR,ReMIND-109-pre,preop,2,cavity,0,1,nan,nan,nan,0,2346,"0.9755,0.9400,0.9620",SynDiff-3D-FLAIR
FLAIR,ReMIND-109-pre,preop,lesion,lesion,1,1,0.34512119755544873,10.400586746824874,0.3229591836734694,10361,4202,"0.9755,0.9400,0.9620",SynDiff-3D-FLAIR
