method,family,backbone,architecture,target,channel,subject,ssim,ssim_gauss,psnr,mae,lpips,src
pix2pix-2D-T2,pix2pix,GAN,2D,t2,t2,ReMIND-003-post,0.836649619095061,0.8415817100657834,15.427560579426746,0.1072835177183151,0.2226559364912556,nifti
pix2pix-2D-T2,pix2pix,GAN,2D,t2,t2,ReMIND-003-pre,0.802468675045215,0.8068679577315382,16.041973984246603,0.0988930165767669,0.2157867467877539,nifti
pix2pix-2D-T2,pix2pix,GAN,2D,t2,t2,ReMIND-004-pre,0.876834540682669,0.877627355675308,16.334894674047824,0.0918933451175689,0.1878472736439643,nifti
pix2pix-2D-T2,pix2pix,GAN,2D,t2,t2,ReMIND-023-post,0.7372779155749837,0.7444436998882348,15.319544695766584,0.1012750566005706,0.3149246253349163,nifti
pix2pix-2D-T2,pix2pix,GAN,2D,t2,t2,ReMIND-023-pre,0.7030775311522532,0.7045859675827115,14.493652582692889,0.1117347255349159,0.3548325159970452,nifti
pix2pix-2D-T2,pix2pix,GAN,2D,t2,t2,ReMIND-031-post,0.8453688125931665,0.8499241332130566,15.66521518491429,0.1089076921343803,0.2208947825588678,nifti
pix2pix-2D-T2,pix2pix,GAN,2D,t2,t2,ReMIND-031-pre,0.7765451021216119,0.7810492969902946,16.02387857301201,0.1027593612670898,0.2369960898667881,nifti
pix2pix-2D-T2,pix2pix,GAN,2D,t2,t2,ReMIND-032-post,0.8004272240515338,0.8037397428215355,14.680655340145288,0.1139964535832405,0.2508898113782589,nifti
pix2pix-2D-T2,pix2pix,GAN,2D,t2,t2,ReMIND-032-pre,0.7625942574619835,0.7697094087820229,14.361208037416336,0.1251371502876281,0.2912275368391081,nifti
pix2pix-2D-T2,pix2pix,GAN,2D,t2,t2,ReMIND-034-post,0.751432869523746,0.7587403328323188,14.713996857940014,0.1258308738470077,0.3005301812291145,nifti
pix2pix-2D-T2,pix2pix,GAN,2D,t2,t2,ReMIND-034-pre,0.6822531575144538,0.6906988949114682,14.315282569527026,0.1422562301158905,0.3263131113102038,nifti
pix2pix-2D-T2,pix2pix,GAN,2D,t2,t2,ReMIND-045-post,0.8572457142206334,0.8617465235335954,15.165858757452424,0.116118423640728,0.204169548076132,nifti
pix2pix-2D-T2,pix2pix,GAN,2D,t2,t2,ReMIND-045-pre,0.7904714615037386,0.7935410966521161,15.676308923213846,0.1027735993266105,0.2607675252520308,nifti
pix2pix-2D-T2,pix2pix,GAN,2D,t2,t2,ReMIND-056-post,0.7704251373206968,0.7743933593820825,12.818026381475898,0.1550609916448593,0.2762959568664945,nifti
pix2pix-2D-T2,pix2pix,GAN,2D,t2,t2,ReMIND-056-pre,0.745506490265666,0.7530512008510536,15.476105912098742,0.1298221498727798,0.2740181135358633,nifti
pix2pix-2D-T2,pix2pix,GAN,2D,t2,t2,ReMIND-077-post,0.8025795657446058,0.8068389433470011,14.844106575627,0.107512354850769,0.2764596955196277,nifti
pix2pix-2D-T2,pix2pix,GAN,2D,t2,t2,ReMIND-077-pre,0.7987240155156138,0.8008779244547174,15.613003285768484,0.0949054956436157,0.2507383146826525,nifti
pix2pix-2D-T2,pix2pix,GAN,2D,t2,t2,ReMIND-079-post,0.8471149702004255,0.8487383107882939,13.07329473914056,0.1609911024570465,0.2388663867840895,nifti
pix2pix-2D-T2,pix2pix,GAN,2D,t2,t2,ReMIND-079-pre,0.7932501929484364,0.7981995820873624,16.67399316835582,0.0990301594138145,0.2226720215887996,nifti
pix2pix-2D-T2,pix2pix,GAN,2D,t2,t2,ReMIND-087-post,0.8222475168306839,0.8256830666769921,14.175015718157017,0.135024681687355,0.2424494177103042,nifti
pix2pix-2D-T2,pix2pix,GAN,2D,t2,t2,ReMIND-087-pre,0.7675328810953637,0.7711820820861003,14.86227708018686,0.1267737299203872,0.2487286668132852,nifti
pix2pix-2D-T2,pix2pix,GAN,2D,t2,t2,ReMIND-091-post,0.8077775966084388,0.809647273933413,14.627791904167005,0.1102536395192146,0.2509163551508112,nifti
pix2pix-2D-T2,pix2pix,GAN,2D,t2,t2,ReMIND-091-pre,0.8131528290986941,0.8159889192286022,15.942843928542974,0.0934057980775833,0.2277176943750469,nifti
pix2pix-2D-T2,pix2pix,GAN,2D,t2,t2,ReMIND-096-post,0.8177482102797371,0.8197921304229847,15.448335859403793,0.0944749265909195,0.2454279824051746,nifti
pix2pix-2D-T2,pix2pix,GAN,2D,t2,t2,ReMIND-096-pre,0.8131910160095204,0.8172166989800157,16.21095533150521,0.0999751985073089,0.2212752710316288,nifti
pix2pix-2D-T2,pix2pix,GAN,2D,t2,t2,ReMIND-102-pre,0.8429460300599684,0.8476616252707517,16.170198469596386,0.1126897633075714,0.1959082514743556,nifti
pix2pix-2D-T2,pix2pix,GAN,2D,t2,t2,ReMIND-107-post,0.9189515413612436,0.9196431336911044,14.1829086781254,0.1360992193222046,0.1581671332319577,nifti
pix2pix-2D-T2,pix2pix,GAN,2D,t2,t2,ReMIND-107-pre,0.7683230506673219,0.7688903782944121,13.400357386338328,0.1652017831802368,0.2789942166871494,nifti
pix2pix-2D-T2,pix2pix,GAN,2D,t2,t2,ReMIND-109-post,0.8042252944764177,0.8068681921378309,13.472645000417357,0.1372303515672683,0.2610168135828442,nifti
pix2pix-2D-T2,pix2pix,GAN,2D,t2,t2,ReMIND-109-pre,0.8267158751672373,0.8278223146941224,14.962858073016886,0.1225992664694786,0.2134396660703796,nifti
pix2pix-2D-T2+FLAIR,pix2pix,GAN,2D,t2_flair,t2,ReMIND-003-post,0.8397359399194821,0.8444670209432549,15.463434596955109,0.1069136634469032,0.2199794781558653,nifti
pix2pix-2D-T2+FLAIR,pix2pix,GAN,2D,t2_flair,flair,ReMIND-003-post,0.7930758809693472,0.8000901550186683,16.199378940802347,0.1184372156858444,0.2377072661822917,nifti
pix2pix-2D-T2+FLAIR,pix2pix,GAN,2D,t2_flair,t2,ReMIND-023-post,0.7380419778572791,0.7455949505710575,15.350538788077706,0.0990818962454795,0.3149847134395881,nifti
pix2pix-2D-T2+FLAIR,pix2pix,GAN,2D,t2_flair,flair,ReMIND-023-post,0.6559715556303998,0.6626494610913182,15.128722171986622,0.1353433430194854,0.3661550272394109,nifti
pix2pix-2D-T2+FLAIR,pix2pix,GAN,2D,t2_flair,t2,ReMIND-023-pre,0.7127698413239822,0.7144172532953116,14.617078167542196,0.1100935712456703,0.3437963680309407,nifti
pix2pix-2D-T2+FLAIR,pix2pix,GAN,2D,t2_flair,flair,ReMIND-023-pre,0.6393488286396923,0.6426656057401702,14.73876315397774,0.1349809020757675,0.3715373216306462,nifti
pix2pix-2D-T2+FLAIR,pix2pix,GAN,2D,t2_flair,t2,ReMIND-032-post,0.8009001912341779,0.8041848195418354,14.684502593941236,0.1131296381354332,0.2488086559833624,nifti
pix2pix-2D-T2+FLAIR,pix2pix,GAN,2D,t2_flair,flair,ReMIND-032-post,0.7669346804822939,0.7702876350712763,15.055621231203236,0.1299481838941574,0.2677548065399512,nifti
pix2pix-2D-T2+FLAIR,pix2pix,GAN,2D,t2_flair,t2,ReMIND-032-pre,0.7640546179693374,0.771499527784288,14.36467538665374,0.1258025020360946,0.292276875570763,nifti
pix2pix-2D-T2+FLAIR,pix2pix,GAN,2D,t2_flair,flair,ReMIND-032-pre,0.7309643455097331,0.7388664877544443,14.90917368528738,0.1314326226711273,0.3092660165803377,nifti
pix2pix-2D-T2+FLAIR,pix2pix,GAN,2D,t2_flair,t2,ReMIND-045-pre,0.7916189710476785,0.7946639302699822,15.86872821073728,0.1013180390000343,0.2577468522501235,nifti
pix2pix-2D-T2+FLAIR,pix2pix,GAN,2D,t2_flair,flair,ReMIND-045-pre,0.7842339295584015,0.785518006006951,16.058252926650063,0.1152411177754402,0.260843070566046,nifti
pix2pix-2D-T2+FLAIR,pix2pix,GAN,2D,t2_flair,t2,ReMIND-056-post,0.769678415831038,0.7735251053753356,12.88129505234161,0.1531120985746383,0.273505854709395,nifti
pix2pix-2D-T2+FLAIR,pix2pix,GAN,2D,t2_flair,flair,ReMIND-056-post,0.7363400746264308,0.7414329706859636,13.935611890751328,0.153307631611824,0.2845296001639859,nifti
pix2pix-2D-T2+FLAIR,pix2pix,GAN,2D,t2_flair,t2,ReMIND-056-pre,0.7444182016558506,0.7524345608117851,15.47070576479096,0.1289709508419037,0.273465794959554,nifti
pix2pix-2D-T2+FLAIR,pix2pix,GAN,2D,t2_flair,flair,ReMIND-056-pre,0.7686185323866797,0.7761327070658387,16.652274987779624,0.1105244308710098,0.2681105931599934,nifti
pix2pix-2D-T2+FLAIR,pix2pix,GAN,2D,t2_flair,t2,ReMIND-077-post,0.8012385707840135,0.8057860887143324,14.90815671798472,0.1067425832152366,0.2791631258017308,nifti
pix2pix-2D-T2+FLAIR,pix2pix,GAN,2D,t2_flair,flair,ReMIND-077-post,0.8091641975577563,0.8183289863432456,16.821398010882078,0.0936622396111488,0.2550894879811519,nifti
pix2pix-2D-T2+FLAIR,pix2pix,GAN,2D,t2_flair,t2,ReMIND-077-pre,0.7960124671952422,0.7981545770375424,15.556849449137198,0.096033439040184,0.2488596962984674,nifti
pix2pix-2D-T2+FLAIR,pix2pix,GAN,2D,t2_flair,flair,ReMIND-077-pre,0.7826133932874951,0.7887786863204523,16.120257541254052,0.1115538254380226,0.2471367671900654,nifti
pix2pix-2D-T2+FLAIR,pix2pix,GAN,2D,t2_flair,t2,ReMIND-079-post,0.8481989570672467,0.8496864252761048,12.865239483832717,0.1644114851951599,0.2366229726656063,nifti
pix2pix-2D-T2+FLAIR,pix2pix,GAN,2D,t2_flair,flair,ReMIND-079-post,0.8235561444494055,0.8251247425493844,13.442583105178954,0.1686011552810669,0.2493839950577633,nifti
pix2pix-2D-T2+FLAIR,pix2pix,GAN,2D,t2_flair,t2,ReMIND-079-pre,0.788884984938601,0.7942577836080285,16.250595523666938,0.1045741289854049,0.2317613457751007,nifti
pix2pix-2D-T2+FLAIR,pix2pix,GAN,2D,t2_flair,flair,ReMIND-079-pre,0.7887909199458284,0.7972808760335204,15.369259354329635,0.1216325387358665,0.2235228675703762,nifti
pix2pix-2D-T2+FLAIR,pix2pix,GAN,2D,t2_flair,t2,ReMIND-087-pre,0.7648550527029204,0.7688825503688161,14.918481224248058,0.1257450431585312,0.2498209523933905,nifti
pix2pix-2D-T2+FLAIR,pix2pix,GAN,2D,t2_flair,flair,ReMIND-087-pre,0.7933465157241745,0.8043365093313942,15.356738078344542,0.1302767395973205,0.2033269177258446,nifti
pix2pix-2D-T2+FLAIR,pix2pix,GAN,2D,t2_flair,t2,ReMIND-091-pre,0.811143186284528,0.814603231403866,15.785089429206224,0.0954855531454086,0.2263569121071897,nifti
pix2pix-2D-T2+FLAIR,pix2pix,GAN,2D,t2_flair,flair,ReMIND-091-pre,0.7926839170487675,0.7992580559134147,16.646207673765495,0.1025959029793739,0.2293101108741541,nifti
pix2pix-2D-T2+FLAIR,pix2pix,GAN,2D,t2_flair,t2,ReMIND-096-post,0.8186982500885942,0.8209354849429823,15.49929431357157,0.0933044105768203,0.2431412450102872,nifti
pix2pix-2D-T2+FLAIR,pix2pix,GAN,2D,t2_flair,flair,ReMIND-096-post,0.749162802829021,0.7542423221222719,15.551112781813444,0.1266073137521743,0.2742627280396084,nifti
pix2pix-2D-T2+FLAIR,pix2pix,GAN,2D,t2_flair,t2,ReMIND-096-pre,0.8110169422534218,0.8150345086168891,16.302686424174148,0.0953119769692421,0.2133171443691414,nifti
pix2pix-2D-T2+FLAIR,pix2pix,GAN,2D,t2_flair,flair,ReMIND-096-pre,0.7842268687270586,0.7939671560183559,16.80838444409703,0.1093935072422027,0.2179321814537718,nifti
pix2pix-2D-T2+FLAIR,pix2pix,GAN,2D,t2_flair,t2,ReMIND-102-pre,0.8405777242061189,0.8452935756321708,15.940613632300366,0.1162712648510932,0.1961889479022759,nifti
pix2pix-2D-T2+FLAIR,pix2pix,GAN,2D,t2_flair,flair,ReMIND-102-pre,0.8244287373565902,0.8324621177480078,15.612982664671032,0.1263477653264999,0.210152938450267,nifti
pix2pix-2D-T2+FLAIR,pix2pix,GAN,2D,t2_flair,t2,ReMIND-107-pre,0.7725767641093884,0.7726696044337461,13.651206682397426,0.1594509780406952,0.2727022270361582,nifti
pix2pix-2D-T2+FLAIR,pix2pix,GAN,2D,t2_flair,flair,ReMIND-107-pre,0.7946202543907758,0.7959422564963943,14.325967464767748,0.1557541042566299,0.2495905185739199,nifti
pix2pix-2D-T2+FLAIR,pix2pix,GAN,2D,t2_flair,t2,ReMIND-109-post,0.8059041562322538,0.8085770728565586,13.495746770594494,0.1379040777683258,0.2576553877856996,nifti
pix2pix-2D-T2+FLAIR,pix2pix,GAN,2D,t2_flair,flair,ReMIND-109-post,0.781893355021463,0.7882894804980142,13.665305890486334,0.1558715850114822,0.2610418279965719,nifti
pix2pix-2D-T2+FLAIR,pix2pix,GAN,2D,t2_flair,t2,ReMIND-109-pre,0.8271282361434268,0.8280027252358614,15.04355540205731,0.1212627589702606,0.2074032280560549,nifti
pix2pix-2D-T2+FLAIR,pix2pix,GAN,2D,t2_flair,flair,ReMIND-109-pre,0.839869964075806,0.8459209421095039,15.768689543032188,0.1346621811389923,0.1797333465771632,nifti
pix2pix-2.5D-T2,pix2pix,GAN,2.5D,t2,t2,ReMIND-003-post,0.8389372871540658,0.8433437719371573,15.39269192954806,0.1072766259312629,0.2305919577678044,nifti
pix2pix-2.5D-T2,pix2pix,GAN,2.5D,t2,t2,ReMIND-003-pre,0.8010104073782607,0.8057635817547147,16.155187772699307,0.0969364866614341,0.2180735241113738,nifti
pix2pix-2.5D-T2,pix2pix,GAN,2.5D,t2,t2,ReMIND-004-pre,0.8772506931561467,0.8782278358692367,16.444093228074774,0.0897679179906845,0.1939039376301643,nifti
pix2pix-2.5D-T2,pix2pix,GAN,2.5D,t2,t2,ReMIND-023-post,0.7423933029607824,0.7495074124910873,15.834137599842672,0.0947007164359092,0.3191947103650481,nifti
pix2pix-2.5D-T2,pix2pix,GAN,2.5D,t2,t2,ReMIND-023-pre,0.7061514220612817,0.7071248586139551,14.708070765456416,0.1085063368082046,0.364649507929297,nifti
pix2pix-2.5D-T2,pix2pix,GAN,2.5D,t2,t2,ReMIND-031-post,0.8450198075866956,0.8486902454837149,15.648006073491835,0.1096927225589752,0.2313450538798382,nifti
pix2pix-2.5D-T2,pix2pix,GAN,2.5D,t2,t2,ReMIND-031-pre,0.7767383168372846,0.7812905166168632,16.181321153220672,0.1010719612240791,0.2418990165148813,nifti
pix2pix-2.5D-T2,pix2pix,GAN,2.5D,t2,t2,ReMIND-032-post,0.8080184917753813,0.811030949100576,14.743808067193395,0.1119018197059631,0.2556255513276809,nifti
pix2pix-2.5D-T2,pix2pix,GAN,2.5D,t2,t2,ReMIND-032-pre,0.7704160345737004,0.777288052597616,14.65481790475472,0.1217333674430847,0.2956754839004472,nifti
pix2pix-2.5D-T2,pix2pix,GAN,2.5D,t2,t2,ReMIND-034-post,0.7535621755355063,0.7598882012191248,14.710590999264651,0.1258736848831176,0.3138584133982658,nifti
pix2pix-2.5D-T2,pix2pix,GAN,2.5D,t2,t2,ReMIND-034-pre,0.6933464496440477,0.7017392108811175,14.354831511014778,0.1429787129163742,0.3279258230080207,nifti
pix2pix-2.5D-T2,pix2pix,GAN,2.5D,t2,t2,ReMIND-045-post,0.8568616269575992,0.8602839369537378,15.23245573821008,0.1144240126013755,0.2123259461444357,nifti
pix2pix-2.5D-T2,pix2pix,GAN,2.5D,t2,t2,ReMIND-045-pre,0.7896543162314087,0.7925031430085131,15.711204594541307,0.1029744446277618,0.2650855640519638,nifti
pix2pix-2.5D-T2,pix2pix,GAN,2.5D,t2,t2,ReMIND-056-post,0.7774380036309572,0.7816191785389226,13.001494652108272,0.1530808508396148,0.2836006540676643,nifti
pix2pix-2.5D-T2,pix2pix,GAN,2.5D,t2,t2,ReMIND-056-pre,0.7447656212302662,0.7524374271104092,15.235701098111852,0.1327773183584213,0.2813514339979048,nifti
pix2pix-2.5D-T2,pix2pix,GAN,2.5D,t2,t2,ReMIND-077-post,0.8039498009245716,0.8072092209931373,14.901432694773735,0.105927437543869,0.2852955947856645,nifti
pix2pix-2.5D-T2,pix2pix,GAN,2.5D,t2,t2,ReMIND-077-pre,0.7998588660755095,0.8021048043189125,15.670703134539917,0.0931498855352401,0.2549702130396914,nifti
pix2pix-2.5D-T2,pix2pix,GAN,2.5D,t2,t2,ReMIND-079-post,0.8480620201775867,0.8495396734012506,13.01863734713689,0.1616764813661575,0.2443731197634258,nifti
pix2pix-2.5D-T2,pix2pix,GAN,2.5D,t2,t2,ReMIND-079-pre,0.7939566615272754,0.7987543404772308,16.71325801522054,0.0993798375129699,0.2277592476769532,nifti
pix2pix-2.5D-T2,pix2pix,GAN,2.5D,t2,t2,ReMIND-087-post,0.8222235261819081,0.8251535562452119,14.386121872205546,0.1314186155796051,0.2538860542699694,nifti
pix2pix-2.5D-T2,pix2pix,GAN,2.5D,t2,t2,ReMIND-087-pre,0.7676882447455611,0.7710408626657799,15.07474769868443,0.1229950860142707,0.2530168772847564,nifti
pix2pix-2.5D-T2,pix2pix,GAN,2.5D,t2,t2,ReMIND-091-post,0.8102763104380037,0.8118326843927489,14.582994264269594,0.1094053015112876,0.2627629764536593,nifti
pix2pix-2.5D-T2,pix2pix,GAN,2.5D,t2,t2,ReMIND-091-pre,0.810686065213087,0.8139981007007986,16.199824368706196,0.0914676114916801,0.230270868795781,nifti
pix2pix-2.5D-T2,pix2pix,GAN,2.5D,t2,t2,ReMIND-096-post,0.8183372248503141,0.8200727744886034,15.480152290853574,0.0937113612890243,0.2559992511605107,nifti
pix2pix-2.5D-T2,pix2pix,GAN,2.5D,t2,t2,ReMIND-096-pre,0.8125844939774688,0.816611419312602,16.293165158562818,0.0988226011395454,0.2224583270425877,nifti
pix2pix-2.5D-T2,pix2pix,GAN,2.5D,t2,t2,ReMIND-102-pre,0.8423892558210606,0.8470724313959898,16.248010887886736,0.1136491000652313,0.2032866766164591,nifti
pix2pix-2.5D-T2,pix2pix,GAN,2.5D,t2,t2,ReMIND-107-post,0.9176607412604092,0.9179709720347916,14.36984886024372,0.1329842954874038,0.1683553212218814,nifti
pix2pix-2.5D-T2,pix2pix,GAN,2.5D,t2,t2,ReMIND-107-pre,0.7739458293819186,0.7744156873693657,13.407610850891505,0.1653691679239273,0.2915267662869559,nifti
pix2pix-2.5D-T2,pix2pix,GAN,2.5D,t2,t2,ReMIND-109-post,0.8066532093719412,0.8091261824456514,13.525343311580457,0.1362667232751846,0.2666610568761826,nifti
pix2pix-2.5D-T2,pix2pix,GAN,2.5D,t2,t2,ReMIND-109-pre,0.8253582957399233,0.8263721405863227,15.022408417996012,0.1216382756829261,0.2211252523099517,nifti
pix2pix-2.5D-T2+FLAIR,pix2pix,GAN,2.5D,t2_flair,t2,ReMIND-003-post,0.8374437509060079,0.8416891068707479,15.538028495080072,0.10532196611166,0.2388525774665907,nifti
pix2pix-2.5D-T2+FLAIR,pix2pix,GAN,2.5D,t2_flair,flair,ReMIND-003-post,0.7919902409387076,0.7986714625203474,16.456041832272568,0.1146538779139518,0.249875822780179,nifti
pix2pix-2.5D-T2+FLAIR,pix2pix,GAN,2.5D,t2_flair,t2,ReMIND-023-post,0.7337454483434454,0.7411230684708257,15.730939132638198,0.0968306213617324,0.3377710834697441,nifti
pix2pix-2.5D-T2+FLAIR,pix2pix,GAN,2.5D,t2_flair,flair,ReMIND-023-post,0.6561874772864144,0.6616720994114041,15.257751356999542,0.1329403519630432,0.3756931148193501,nifti
pix2pix-2.5D-T2+FLAIR,pix2pix,GAN,2.5D,t2_flair,t2,ReMIND-023-pre,0.6997050838197715,0.7024212070876533,14.404713128384016,0.1159878075122833,0.3661264654468087,nifti
pix2pix-2.5D-T2+FLAIR,pix2pix,GAN,2.5D,t2_flair,flair,ReMIND-023-pre,0.6275103221348143,0.631283665735782,14.435808669695495,0.1428534537553787,0.3829621479791753,nifti
pix2pix-2.5D-T2+FLAIR,pix2pix,GAN,2.5D,t2_flair,t2,ReMIND-032-post,0.8015544969874794,0.8046728943672056,14.814522355385565,0.1139023229479789,0.2662105862146768,nifti
pix2pix-2.5D-T2+FLAIR,pix2pix,GAN,2.5D,t2_flair,flair,ReMIND-032-post,0.7694236925950265,0.7720891123542953,14.919953638931576,0.1320749372243881,0.282328215165016,nifti
pix2pix-2.5D-T2+FLAIR,pix2pix,GAN,2.5D,t2_flair,t2,ReMIND-032-pre,0.7671802314720425,0.7741267951017732,14.585678711394277,0.1240160912275314,0.304717795100323,nifti
pix2pix-2.5D-T2+FLAIR,pix2pix,GAN,2.5D,t2_flair,flair,ReMIND-032-pre,0.7341428388906045,0.741264015947597,14.9187111933724,0.1320935636758804,0.3195596909107164,nifti
pix2pix-2.5D-T2+FLAIR,pix2pix,GAN,2.5D,t2_flair,t2,ReMIND-045-pre,0.7927128565676548,0.7951980124520805,16.21349364605872,0.0964971333742141,0.261711304893299,nifti
pix2pix-2.5D-T2+FLAIR,pix2pix,GAN,2.5D,t2_flair,flair,ReMIND-045-pre,0.7857711153016094,0.7864484775094339,16.315866759492362,0.1087235808372497,0.2663228612165061,nifti
pix2pix-2.5D-T2+FLAIR,pix2pix,GAN,2.5D,t2_flair,t2,ReMIND-056-post,0.7762442485465163,0.7807155344906606,13.091590111340604,0.1527206748723983,0.2849243026355217,nifti
pix2pix-2.5D-T2+FLAIR,pix2pix,GAN,2.5D,t2_flair,flair,ReMIND-056-post,0.7419059151308739,0.7473739812994811,13.977546901224205,0.1520076245069503,0.2935370689836041,nifti
pix2pix-2.5D-T2+FLAIR,pix2pix,GAN,2.5D,t2_flair,t2,ReMIND-056-pre,0.7460364879406057,0.7532110199494939,15.482118439769229,0.1296554803848266,0.2846760858816129,nifti
pix2pix-2.5D-T2+FLAIR,pix2pix,GAN,2.5D,t2_flair,flair,ReMIND-056-pre,0.7687381542660321,0.7754302872906575,16.691180714445156,0.1099613606929779,0.2787525446878539,nifti
pix2pix-2.5D-T2+FLAIR,pix2pix,GAN,2.5D,t2_flair,t2,ReMIND-077-post,0.7977523970610837,0.8013286471301195,14.697708068448245,0.1092464700341224,0.2910851453607146,nifti
pix2pix-2.5D-T2+FLAIR,pix2pix,GAN,2.5D,t2_flair,flair,ReMIND-077-post,0.8016161564870996,0.8101199605460987,16.580062328416,0.0962243899703025,0.2722702674769066,nifti
pix2pix-2.5D-T2+FLAIR,pix2pix,GAN,2.5D,t2_flair,t2,ReMIND-077-pre,0.7994511949636955,0.8014519017429573,15.535648791060773,0.0950794592499733,0.2560173383919719,nifti
pix2pix-2.5D-T2+FLAIR,pix2pix,GAN,2.5D,t2_flair,flair,ReMIND-077-pre,0.7860738437544226,0.7920288916993115,16.225125409221516,0.1093101203441619,0.2472890714495818,nifti
pix2pix-2.5D-T2+FLAIR,pix2pix,GAN,2.5D,t2_flair,t2,ReMIND-079-post,0.8422433900752527,0.8437389998433462,12.798582759876489,0.1643623560667038,0.2489308803468137,nifti
pix2pix-2.5D-T2+FLAIR,pix2pix,GAN,2.5D,t2_flair,flair,ReMIND-079-post,0.8180073521566515,0.819079809722672,13.29141044445806,0.1719031780958175,0.262399495856182,nifti
pix2pix-2.5D-T2+FLAIR,pix2pix,GAN,2.5D,t2_flair,t2,ReMIND-079-pre,0.7900843070562031,0.794610826972219,16.520693800539842,0.101859912276268,0.2453675328769497,nifti
pix2pix-2.5D-T2+FLAIR,pix2pix,GAN,2.5D,t2_flair,flair,ReMIND-079-pre,0.7921735917021895,0.7996675787902419,15.699821011673112,0.1162254959344863,0.2421611290237757,nifti
pix2pix-2.5D-T2+FLAIR,pix2pix,GAN,2.5D,t2_flair,t2,ReMIND-087-pre,0.7628202450640585,0.7663546255849434,15.061561397780018,0.1245601177215576,0.2533780932978347,nifti
pix2pix-2.5D-T2+FLAIR,pix2pix,GAN,2.5D,t2_flair,flair,ReMIND-087-pre,0.7895940549782603,0.799964445824676,15.03890022113752,0.1347543001174926,0.2117409077135549,nifti
pix2pix-2.5D-T2+FLAIR,pix2pix,GAN,2.5D,t2_flair,t2,ReMIND-091-pre,0.8113348878074137,0.8139727349150278,15.938929674038318,0.0947501361370086,0.2367309689796044,nifti
pix2pix-2.5D-T2+FLAIR,pix2pix,GAN,2.5D,t2_flair,flair,ReMIND-091-pre,0.7941062856999287,0.7998773709296639,17.044087559812986,0.0972610488533973,0.2395244925939963,nifti
pix2pix-2.5D-T2+FLAIR,pix2pix,GAN,2.5D,t2_flair,t2,ReMIND-096-post,0.8154085063367068,0.8175688669752837,15.488392059075403,0.0947835519909858,0.2609024401320967,nifti
pix2pix-2.5D-T2+FLAIR,pix2pix,GAN,2.5D,t2_flair,flair,ReMIND-096-post,0.7462325960208226,0.751218342756788,15.568278796966272,0.1258321404457092,0.281086403616639,nifti
pix2pix-2.5D-T2+FLAIR,pix2pix,GAN,2.5D,t2_flair,t2,ReMIND-096-pre,0.813840504517767,0.8173285793382977,16.26920398642662,0.0969930589199066,0.2231337627333201,nifti
pix2pix-2.5D-T2+FLAIR,pix2pix,GAN,2.5D,t2_flair,flair,ReMIND-096-pre,0.7873236344396267,0.7967933468064701,16.83817228910383,0.110129490494728,0.2207879948147227,nifti
pix2pix-2.5D-T2+FLAIR,pix2pix,GAN,2.5D,t2_flair,t2,ReMIND-102-pre,0.8399987484379527,0.8444620847947597,16.45050388034434,0.1119379252195358,0.2155073712078424,nifti
pix2pix-2.5D-T2+FLAIR,pix2pix,GAN,2.5D,t2_flair,flair,ReMIND-102-pre,0.8230083506767135,0.8309715231863242,15.64885965399463,0.1242211684584617,0.2188230217076265,nifti
pix2pix-2.5D-T2+FLAIR,pix2pix,GAN,2.5D,t2_flair,t2,ReMIND-107-pre,0.776923451209883,0.776897037758832,12.786928298049029,0.1799692064523697,0.2836092371079657,nifti
pix2pix-2.5D-T2+FLAIR,pix2pix,GAN,2.5D,t2_flair,flair,ReMIND-107-pre,0.7908235084134033,0.7926406254686182,13.290186151223676,0.176375612616539,0.2646068210403124,nifti
pix2pix-2.5D-T2+FLAIR,pix2pix,GAN,2.5D,t2_flair,t2,ReMIND-109-post,0.8047365880480413,0.8075139641170546,13.621561525384491,0.1371974796056747,0.2725513703293271,nifti
pix2pix-2.5D-T2+FLAIR,pix2pix,GAN,2.5D,t2_flair,flair,ReMIND-109-post,0.7804435676202846,0.7868257515902506,13.81587174423948,0.1551528722047805,0.2762188702821732,nifti
pix2pix-2.5D-T2+FLAIR,pix2pix,GAN,2.5D,t2_flair,t2,ReMIND-109-pre,0.825525625662481,0.8261168118236869,15.16988752024012,0.1177408397197723,0.2226068529862541,nifti
pix2pix-2.5D-T2+FLAIR,pix2pix,GAN,2.5D,t2_flair,flair,ReMIND-109-pre,0.8366362804706045,0.8423794577419871,15.603413265240023,0.1344205141067505,0.1948591340836641,nifti
pix2pix-2D+3D-post-T2,pix2pix,GAN,2D+3D-post,t2,t2,ReMIND-003-post,0.8535602549301669,0.856918874889179,15.611685205376023,0.1029581651091575,0.2213756845277898,nifti
pix2pix-2D+3D-post-T2,pix2pix,GAN,2D+3D-post,t2,t2,ReMIND-003-pre,0.8064320254539151,0.8103046538078386,16.02704732596095,0.0979531779885292,0.2161641645837914,nifti
pix2pix-2D+3D-post-T2,pix2pix,GAN,2D+3D-post,t2,t2,ReMIND-004-pre,0.8785477649475018,0.878716900633943,16.421119813674878,0.0904472768306732,0.1889358997536011,nifti
pix2pix-2D+3D-post-T2,pix2pix,GAN,2D+3D-post,t2,t2,ReMIND-023-post,0.7803479086221284,0.7876454456809131,15.25577782231938,0.1029902249574661,0.2941807370494913,nifti
pix2pix-2D+3D-post-T2,pix2pix,GAN,2D+3D-post,t2,t2,ReMIND-023-pre,0.7648092313959773,0.7645112474961072,13.546211868152238,0.1217438206076622,0.3229494734722025,nifti
pix2pix-2D+3D-post-T2,pix2pix,GAN,2D+3D-post,t2,t2,ReMIND-031-post,0.8487875507594779,0.8524616495123457,15.723424219089654,0.1091796159744262,0.2218607454707748,nifti
pix2pix-2D+3D-post-T2,pix2pix,GAN,2D+3D-post,t2,t2,ReMIND-031-pre,0.7777641964415077,0.7817055927164227,16.06165951184956,0.1017806455492973,0.2384271417773261,nifti
pix2pix-2D+3D-post-T2,pix2pix,GAN,2D+3D-post,t2,t2,ReMIND-032-post,0.8258031523668998,0.8279201694555474,14.71681770271758,0.1132352650165557,0.2425784117136246,nifti
pix2pix-2D+3D-post-T2,pix2pix,GAN,2D+3D-post,t2,t2,ReMIND-032-pre,0.7826409222770377,0.7888492657968681,14.450553711391832,0.1258792877197265,0.2878246366284614,nifti
pix2pix-2D+3D-post-T2,pix2pix,GAN,2D+3D-post,t2,t2,ReMIND-034-post,0.7650156799124664,0.7706039251739774,14.795475259875516,0.1262800693511963,0.3003806856274604,nifti
pix2pix-2D+3D-post-T2,pix2pix,GAN,2D+3D-post,t2,t2,ReMIND-034-pre,0.728603191839308,0.7339041174879006,13.983841088285796,0.148348718881607,0.3108373309175173,nifti
pix2pix-2D+3D-post-T2,pix2pix,GAN,2D+3D-post,t2,t2,ReMIND-045-post,0.8677381602346925,0.8722094634853697,15.440000682639544,0.1130261793732643,0.1937086345708888,nifti
pix2pix-2D+3D-post-T2,pix2pix,GAN,2D+3D-post,t2,t2,ReMIND-045-pre,0.7957891428603316,0.798326359543355,15.757902167319507,0.101401150226593,0.2605749043274898,nifti
pix2pix-2D+3D-post-T2,pix2pix,GAN,2D+3D-post,t2,t2,ReMIND-056-post,0.7989874515905151,0.8029212454571595,12.64113273973952,0.1643420308828354,0.2658317875245521,nifti
pix2pix-2D+3D-post-T2,pix2pix,GAN,2D+3D-post,t2,t2,ReMIND-056-pre,0.7662347343005018,0.7728185732700857,15.764178049137012,0.1247466206550598,0.280180963791079,nifti
pix2pix-2D+3D-post-T2,pix2pix,GAN,2D+3D-post,t2,t2,ReMIND-077-post,0.8202984120604323,0.8232592548224524,14.851545227984609,0.1085201650857925,0.2658939852907851,nifti
pix2pix-2D+3D-post-T2,pix2pix,GAN,2D+3D-post,t2,t2,ReMIND-077-pre,0.800364179807259,0.8016880878098007,15.62234203129311,0.0965629890561103,0.2527648010840697,nifti
pix2pix-2D+3D-post-T2,pix2pix,GAN,2D+3D-post,t2,t2,ReMIND-079-post,0.848333353143211,0.8480654328086058,12.591502533066697,0.1752716451883316,0.2363821972866316,nifti
pix2pix-2D+3D-post-T2,pix2pix,GAN,2D+3D-post,t2,t2,ReMIND-079-pre,0.795950807628179,0.8002937596616946,16.67382091383883,0.1012267619371414,0.2245581588348862,nifti
pix2pix-2D+3D-post-T2,pix2pix,GAN,2D+3D-post,t2,t2,ReMIND-087-post,0.826950449784057,0.828447645146134,13.857877700524153,0.1398416459560394,0.2435544095933437,nifti
pix2pix-2D+3D-post-T2,pix2pix,GAN,2D+3D-post,t2,t2,ReMIND-087-pre,0.7743673599639498,0.7774928722904494,14.726052520775978,0.1271378844976425,0.2478903588321473,nifti
pix2pix-2D+3D-post-T2,pix2pix,GAN,2D+3D-post,t2,t2,ReMIND-091-post,0.826199525390795,0.8260304657486649,15.297598391790636,0.1042030677199363,0.2422469426342781,nifti
pix2pix-2D+3D-post-T2,pix2pix,GAN,2D+3D-post,t2,t2,ReMIND-091-pre,0.8172987955420183,0.8198421741932247,16.158216357941146,0.0936576798558235,0.2252451425269703,nifti
pix2pix-2D+3D-post-T2,pix2pix,GAN,2D+3D-post,t2,t2,ReMIND-096-post,0.8310880309641334,0.831876327296814,15.430452307422154,0.0956389978528022,0.2336601594159769,nifti
pix2pix-2D+3D-post-T2,pix2pix,GAN,2D+3D-post,t2,t2,ReMIND-096-pre,0.815548549274264,0.8190200959244068,16.17124888929602,0.1040082946419715,0.2199533277850472,nifti
pix2pix-2D+3D-post-T2,pix2pix,GAN,2D+3D-post,t2,t2,ReMIND-102-pre,0.8437480656968689,0.848275742229728,16.14394763759139,0.1164540573954582,0.1940910675573152,nifti
pix2pix-2D+3D-post-T2,pix2pix,GAN,2D+3D-post,t2,t2,ReMIND-107-post,0.9219736008623196,0.9218347913964984,14.241430239444918,0.1350107491016388,0.1526029421223534,nifti
pix2pix-2D+3D-post-T2,pix2pix,GAN,2D+3D-post,t2,t2,ReMIND-107-pre,0.804423806635223,0.8036852624643451,12.561435023996914,0.1745722144842147,0.2799633923504088,nifti
pix2pix-2D+3D-post-T2,pix2pix,GAN,2D+3D-post,t2,t2,ReMIND-109-post,0.8183003215058855,0.8199498763927494,13.359254232572937,0.1371661871671676,0.2598076168033811,nifti
pix2pix-2D+3D-post-T2,pix2pix,GAN,2D+3D-post,t2,t2,ReMIND-109-pre,0.8288803348292676,0.8295710345489373,14.969074420394366,0.1207683309912681,0.2145485489687941,nifti
pix2pix-2D+3D-post-T2+FLAIR,pix2pix,GAN,2D+3D-post,t2_flair,t2,ReMIND-003-post,0.8562399709484703,0.8593836009599033,15.486061993023206,0.1049324795603752,0.2181155995703211,nifti
pix2pix-2D+3D-post-T2+FLAIR,pix2pix,GAN,2D+3D-post,t2_flair,flair,ReMIND-003-post,0.8060984617928074,0.8125142947570986,15.652260196969138,0.1253443211317062,0.2345085176182728,nifti
pix2pix-2D+3D-post-T2+FLAIR,pix2pix,GAN,2D+3D-post,t2_flair,t2,ReMIND-023-post,0.7855461964359967,0.7920857714534817,15.113111320175124,0.1022797599434852,0.2932180447710885,nifti
pix2pix-2D+3D-post-T2+FLAIR,pix2pix,GAN,2D+3D-post,t2_flair,flair,ReMIND-023-post,0.7041402754381023,0.7094558033649698,14.61224563869308,0.1432323008775711,0.3415784272882673,nifti
pix2pix-2D+3D-post-T2+FLAIR,pix2pix,GAN,2D+3D-post,t2_flair,t2,ReMIND-023-pre,0.7737970127254151,0.7727773554125533,13.675727304818691,0.1212828382849693,0.3163638710975647,nifti
pix2pix-2D+3D-post-T2+FLAIR,pix2pix,GAN,2D+3D-post,t2_flair,flair,ReMIND-023-pre,0.7023622256313373,0.7032038828081318,13.10786893729044,0.1463727802038192,0.3451775259831372,nifti
pix2pix-2D+3D-post-T2+FLAIR,pix2pix,GAN,2D+3D-post,t2_flair,t2,ReMIND-032-post,0.828360112781767,0.8304143828628224,14.67016477236829,0.1131870672106742,0.2411012347692098,nifti
pix2pix-2D+3D-post-T2+FLAIR,pix2pix,GAN,2D+3D-post,t2_flair,flair,ReMIND-032-post,0.7942287067062382,0.7965729518668455,14.69373896615977,0.1354508697986602,0.2560277592677336,nifti
pix2pix-2D+3D-post-T2+FLAIR,pix2pix,GAN,2D+3D-post,t2_flair,t2,ReMIND-032-pre,0.7843897758497428,0.7906222168296453,14.347545435086769,0.1244218349456787,0.2898322822049606,nifti
pix2pix-2D+3D-post-T2+FLAIR,pix2pix,GAN,2D+3D-post,t2_flair,flair,ReMIND-032-pre,0.7569690345497653,0.7629637684466523,14.590230812951308,0.1295574307441711,0.3025312368259873,nifti
pix2pix-2D+3D-post-T2+FLAIR,pix2pix,GAN,2D+3D-post,t2_flair,t2,ReMIND-045-pre,0.7980266055405127,0.8001212232778864,15.853499023610905,0.1005947813391685,0.2553268371492016,nifti
pix2pix-2D+3D-post-T2+FLAIR,pix2pix,GAN,2D+3D-post,t2_flair,flair,ReMIND-045-pre,0.7923891506145844,0.7926157568247045,16.013573612142093,0.110345609486103,0.2558459331642608,nifti
pix2pix-2D+3D-post-T2+FLAIR,pix2pix,GAN,2D+3D-post,t2_flair,t2,ReMIND-056-post,0.7977238647590299,0.8017105401577826,12.586488885294706,0.1617425084114074,0.2617446363999925,nifti
pix2pix-2D+3D-post-T2+FLAIR,pix2pix,GAN,2D+3D-post,t2_flair,flair,ReMIND-056-post,0.7674128076279901,0.7718463663192818,13.526503450051525,0.1566044986248016,0.2685123620362117,nifti
pix2pix-2D+3D-post-T2+FLAIR,pix2pix,GAN,2D+3D-post,t2_flair,t2,ReMIND-056-pre,0.7674719547015265,0.7739957155452539,15.840251219709964,0.1219134703278541,0.2812226998309294,nifti
pix2pix-2D+3D-post-T2+FLAIR,pix2pix,GAN,2D+3D-post,t2_flair,flair,ReMIND-056-pre,0.7921173616737371,0.7982427750542279,16.843791180582212,0.1025130227208137,0.2724784397416644,nifti
pix2pix-2D+3D-post-T2+FLAIR,pix2pix,GAN,2D+3D-post,t2_flair,t2,ReMIND-077-post,0.8217322701058489,0.8251523896548222,14.75689544290692,0.1100402697920799,0.2666589835205594,nifti
pix2pix-2D+3D-post-T2+FLAIR,pix2pix,GAN,2D+3D-post,t2_flair,flair,ReMIND-077-post,0.827375102009228,0.8356471682568916,16.201855168156317,0.1028454825282096,0.2446370378539369,nifti
pix2pix-2D+3D-post-T2+FLAIR,pix2pix,GAN,2D+3D-post,t2_flair,t2,ReMIND-077-pre,0.7970180909680115,0.7981632740640279,15.471065850900205,0.099230371415615,0.2475306903075727,nifti
pix2pix-2D+3D-post-T2+FLAIR,pix2pix,GAN,2D+3D-post,t2_flair,flair,ReMIND-077-pre,0.7864136134299057,0.7915900230158803,15.87768020065514,0.1101825982332229,0.2359928464667397,nifti
pix2pix-2D+3D-post-T2+FLAIR,pix2pix,GAN,2D+3D-post,t2_flair,t2,ReMIND-079-post,0.8503549527402624,0.8498890901396006,12.438195020591316,0.1751787662506103,0.2356547103137583,nifti
pix2pix-2D+3D-post-T2+FLAIR,pix2pix,GAN,2D+3D-post,t2_flair,flair,ReMIND-079-post,0.828395411843655,0.8274150755969505,12.940787476319194,0.1737689077854156,0.2481446830002037,nifti
pix2pix-2D+3D-post-T2+FLAIR,pix2pix,GAN,2D+3D-post,t2_flair,t2,ReMIND-079-pre,0.7901172950912049,0.7946828624310903,16.215718681091115,0.1074594631791114,0.2289571330867,nifti
pix2pix-2D+3D-post-T2+FLAIR,pix2pix,GAN,2D+3D-post,t2_flair,flair,ReMIND-079-pre,0.7931916688626636,0.8011781970317023,15.478895622168135,0.1181003004312515,0.2186626335345833,nifti
pix2pix-2D+3D-post-T2+FLAIR,pix2pix,GAN,2D+3D-post,t2_flair,t2,ReMIND-087-pre,0.7661279943277172,0.769557352414096,14.524828372010392,0.129624605178833,0.2470155445513902,nifti
pix2pix-2D+3D-post-T2+FLAIR,pix2pix,GAN,2D+3D-post,t2_flair,flair,ReMIND-087-pre,0.7926343261213938,0.8030566762479459,15.153149811067433,0.129519522190094,0.1983836302938668,nifti
pix2pix-2D+3D-post-T2+FLAIR,pix2pix,GAN,2D+3D-post,t2_flair,t2,ReMIND-091-pre,0.8148281544192912,0.8178242357442009,16.059402305556027,0.0955567061901092,0.2219620878848195,nifti
pix2pix-2D+3D-post-T2+FLAIR,pix2pix,GAN,2D+3D-post,t2_flair,flair,ReMIND-091-pre,0.798586813485355,0.8042771004067633,16.646489086827188,0.1013622283935546,0.2201457150691857,nifti
pix2pix-2D+3D-post-T2+FLAIR,pix2pix,GAN,2D+3D-post,t2_flair,t2,ReMIND-096-post,0.8300412712074446,0.8311759308637455,15.331509806585588,0.0959696322679519,0.2327318517274634,nifti
pix2pix-2D+3D-post-T2+FLAIR,pix2pix,GAN,2D+3D-post,t2_flair,flair,ReMIND-096-post,0.7623747608328096,0.7661252771173023,15.107790950542167,0.1302723437547683,0.2572942379602166,nifti
pix2pix-2D+3D-post-T2+FLAIR,pix2pix,GAN,2D+3D-post,t2_flair,t2,ReMIND-096-pre,0.8143595393159616,0.8176502287452103,16.264271096433976,0.1008834615349769,0.2102155239227112,nifti
pix2pix-2D+3D-post-T2+FLAIR,pix2pix,GAN,2D+3D-post,t2_flair,flair,ReMIND-096-pre,0.7875070480265294,0.79654678839048,16.347964270289953,0.1158395633101463,0.2026126375107952,nifti
pix2pix-2D+3D-post-T2+FLAIR,pix2pix,GAN,2D+3D-post,t2_flair,t2,ReMIND-102-pre,0.841443588414933,0.8456010689019997,15.897775323951793,0.1198394298553466,0.1906198885619313,nifti
pix2pix-2D+3D-post-T2+FLAIR,pix2pix,GAN,2D+3D-post,t2_flair,flair,ReMIND-102-pre,0.8277495884250615,0.8351315565431549,15.684948335117744,0.1198927760124206,0.1927163060345165,nifti
pix2pix-2D+3D-post-T2+FLAIR,pix2pix,GAN,2D+3D-post,t2_flair,t2,ReMIND-107-pre,0.8057075065643732,0.8040239055233173,12.54831415479514,0.1717589348554611,0.2752114641997549,nifti
pix2pix-2D+3D-post-T2+FLAIR,pix2pix,GAN,2D+3D-post,t2_flair,flair,ReMIND-107-pre,0.8212286764790947,0.8210601107089889,12.904593934057685,0.1677307486534118,0.2601027621163262,nifti
pix2pix-2D+3D-post-T2+FLAIR,pix2pix,GAN,2D+3D-post,t2_flair,t2,ReMIND-109-post,0.8182067689513605,0.8198272391528221,13.235601183572314,0.1406208872795105,0.2545239690277311,nifti
pix2pix-2D+3D-post-T2+FLAIR,pix2pix,GAN,2D+3D-post,t2_flair,flair,ReMIND-109-post,0.7943011035188904,0.7998304615728175,13.268654093241128,0.1592100262641906,0.2554731137222714,nifti
pix2pix-2D+3D-post-T2+FLAIR,pix2pix,GAN,2D+3D-post,t2_flair,t2,ReMIND-109-pre,0.827317484726063,0.8277503677282779,14.87003393365518,0.1231424510478973,0.2068692711559502,nifti
pix2pix-2D+3D-post-T2+FLAIR,pix2pix,GAN,2D+3D-post,t2_flair,flair,ReMIND-109-pre,0.8406112323543184,0.8461738580228612,15.7083239808957,0.1316280663013458,0.1755403018816634,nifti
pix2pix-3D-T2,pix2pix,GAN,3D,t2,t2,ReMIND-003-post,0.8104356026192252,0.8117178607102661,14.424266971739794,0.1241285279393196,0.2286663788790796,nifti
pix2pix-3D-T2,pix2pix,GAN,3D,t2,t2,ReMIND-003-pre,0.7655320639015748,0.7666741265932703,14.874946425984882,0.1190513148903846,0.2376642908731644,nifti
pix2pix-3D-T2,pix2pix,GAN,3D,t2,t2,ReMIND-004-pre,0.8448228185210592,0.8441722891363652,15.137073776963817,0.1107408255338668,0.188838855521037,nifti
pix2pix-3D-T2,pix2pix,GAN,3D,t2,t2,ReMIND-023-post,0.7258791346619154,0.7311984947800865,14.908099614567195,0.109213188290596,0.3060508204831017,nifti
pix2pix-3D-T2,pix2pix,GAN,3D,t2,t2,ReMIND-023-pre,0.7225065091313388,0.7216595751856264,13.712032103489582,0.1301715075969696,0.3111461330862606,nifti
pix2pix-3D-T2,pix2pix,GAN,3D,t2,t2,ReMIND-031-post,0.8272389226780537,0.8313570990890272,15.187855524238858,0.1169017553329467,0.2166694921098257,nifti
pix2pix-3D-T2,pix2pix,GAN,3D,t2,t2,ReMIND-031-pre,0.7564770391612381,0.759122865115867,15.571185844407632,0.1118485927581787,0.2340986119948097,nifti
pix2pix-3D-T2,pix2pix,GAN,3D,t2,t2,ReMIND-032-post,0.7942955363628761,0.7957560855180902,14.123664300193186,0.1311631649732589,0.2441291132798561,nifti
pix2pix-3D-T2,pix2pix,GAN,3D,t2,t2,ReMIND-032-pre,0.7383774116372039,0.7439032270042024,12.771094715088402,0.1542894542217254,0.3035575373228206,nifti
pix2pix-3D-T2,pix2pix,GAN,3D,t2,t2,ReMIND-034-post,0.7473648057538107,0.7522244671269999,14.756182432597244,0.1268705278635025,0.2945190280675888,nifti
pix2pix-3D-T2,pix2pix,GAN,3D,t2,t2,ReMIND-034-pre,0.6874749050746433,0.6918298703205683,13.173265415554589,0.1658568531274795,0.3110418723275264,nifti
pix2pix-3D-T2,pix2pix,GAN,3D,t2,t2,ReMIND-045-post,0.8490139054018973,0.8511021989743237,15.150425773799192,0.1199352145195007,0.1858795889369819,nifti
pix2pix-3D-T2,pix2pix,GAN,3D,t2,t2,ReMIND-045-pre,0.7764087816624956,0.7779434888246926,15.48218446980954,0.1099748313426971,0.2384176187369288,nifti
pix2pix-3D-T2,pix2pix,GAN,3D,t2,t2,ReMIND-056-post,0.7705424893893044,0.7735926870221987,12.83027379389928,0.1624316275119781,0.2642316088594239,nifti
pix2pix-3D-T2,pix2pix,GAN,3D,t2,t2,ReMIND-056-pre,0.7349414237486275,0.7418921493614339,14.733622564345408,0.1396205723285675,0.276843397843617,nifti
pix2pix-3D-T2,pix2pix,GAN,3D,t2,t2,ReMIND-077-post,0.7882342002015558,0.7904023309835259,14.302140735417892,0.1212542355060577,0.2636439071313755,nifti
pix2pix-3D-T2,pix2pix,GAN,3D,t2,t2,ReMIND-077-pre,0.762310809114465,0.7615671582499132,14.439460673798074,0.116527646780014,0.2505675790750462,nifti
pix2pix-3D-T2,pix2pix,GAN,3D,t2,t2,ReMIND-079-post,0.8239979788894097,0.822856871448968,11.981976625504762,0.1799384802579879,0.2421940464425731,nifti
pix2pix-3D-T2,pix2pix,GAN,3D,t2,t2,ReMIND-079-pre,0.7555102936870869,0.7593798686603055,13.277339651304484,0.1367184370756149,0.2525639901530809,nifti
pix2pix-3D-T2,pix2pix,GAN,3D,t2,t2,ReMIND-087-post,0.8050757074515137,0.8059325833491562,13.708231721054313,0.1421389132738113,0.2403773288242519,nifti
pix2pix-3D-T2,pix2pix,GAN,3D,t2,t2,ReMIND-087-pre,0.7486008784525391,0.7487743069606901,13.637089176443745,0.1501367688179016,0.2458419387539227,nifti
pix2pix-3D-T2,pix2pix,GAN,3D,t2,t2,ReMIND-091-post,0.7923405594132896,0.7927916725419367,14.00548364207502,0.1240642517805099,0.2511211113726839,nifti
pix2pix-3D-T2,pix2pix,GAN,3D,t2,t2,ReMIND-091-pre,0.7782835643281634,0.7801866956046303,14.175534473296214,0.1178849637508392,0.2321545559844356,nifti
pix2pix-3D-T2,pix2pix,GAN,3D,t2,t2,ReMIND-096-post,0.7881890990269607,0.7881094901122548,14.599892429727229,0.1150298565626144,0.2474971812131793,nifti
pix2pix-3D-T2,pix2pix,GAN,3D,t2,t2,ReMIND-096-pre,0.7835513152179842,0.7849323164254765,15.228382830824652,0.1128988489508628,0.2085419667026635,nifti
pix2pix-3D-T2,pix2pix,GAN,3D,t2,t2,ReMIND-102-pre,0.8019134864037863,0.8044304045023614,13.169788075213583,0.1472329199314117,0.2137093140365003,nifti
pix2pix-3D-T2,pix2pix,GAN,3D,t2,t2,ReMIND-107-post,0.9066691705832955,0.9048176266918472,13.999834189992416,0.1455104947090149,0.147690212726593,nifti
pix2pix-3D-T2,pix2pix,GAN,3D,t2,t2,ReMIND-107-pre,0.7843764017110046,0.7823257613346414,12.914173997101038,0.1722712069749832,0.2670290519793828,nifti
pix2pix-3D-T2,pix2pix,GAN,3D,t2,t2,ReMIND-109-post,0.7829084357682231,0.7822116383420414,12.474120694278154,0.1633594185113906,0.2589051571157243,nifti
pix2pix-3D-T2,pix2pix,GAN,3D,t2,t2,ReMIND-109-pre,0.8061466599661589,0.8050389912639134,14.222423698442311,0.1359994560480117,0.2095073302117017,nifti
pix2pix-3D-T2+FLAIR,pix2pix,GAN,3D,t2_flair,t2,ReMIND-003-post,0.8274085057631063,0.829800998546115,15.122814487260296,0.1126836240291595,0.2358322263348336,nifti
pix2pix-3D-T2+FLAIR,pix2pix,GAN,3D,t2_flair,flair,ReMIND-003-post,0.784828098302388,0.7884759127209339,15.613151171364851,0.1255413293838501,0.2425522000766267,nifti
pix2pix-3D-T2+FLAIR,pix2pix,GAN,3D,t2_flair,t2,ReMIND-023-post,0.7285933963604886,0.7344855641023229,14.300769024549911,0.1242294013500213,0.3051875608938711,nifti
pix2pix-3D-T2+FLAIR,pix2pix,GAN,3D,t2_flair,flair,ReMIND-023-post,0.6691794498514936,0.671222615504931,14.001318121578713,0.1544766724109649,0.3347277530917414,nifti
pix2pix-3D-T2+FLAIR,pix2pix,GAN,3D,t2_flair,t2,ReMIND-023-pre,0.7017252039852093,0.7009531852989327,13.584348095751722,0.1334035545587539,0.3185562473886153,nifti
pix2pix-3D-T2+FLAIR,pix2pix,GAN,3D,t2_flair,flair,ReMIND-023-pre,0.6506182951484497,0.6508054350173724,13.374254126614971,0.1458439826965332,0.3364806411897434,nifti
pix2pix-3D-T2+FLAIR,pix2pix,GAN,3D,t2_flair,t2,ReMIND-032-post,0.8000621286433428,0.8016943758135491,14.383081208924898,0.1238455325365066,0.2512720788900668,nifti
pix2pix-3D-T2+FLAIR,pix2pix,GAN,3D,t2_flair,flair,ReMIND-032-post,0.774748171628019,0.7755534338161598,14.173729252787728,0.1457190066576004,0.2691701562740864,nifti
pix2pix-3D-T2+FLAIR,pix2pix,GAN,3D,t2_flair,t2,ReMIND-032-pre,0.7539652562761573,0.7598281734081642,13.33394236334813,0.1447811424732208,0.3066108826287957,nifti
pix2pix-3D-T2+FLAIR,pix2pix,GAN,3D,t2_flair,flair,ReMIND-032-pre,0.7268721310911418,0.732485956611681,13.73134076570015,0.1493619680404663,0.3194090644287508,nifti
pix2pix-3D-T2+FLAIR,pix2pix,GAN,3D,t2_flair,t2,ReMIND-045-pre,0.7787706883554464,0.7806559491439315,15.54785665808247,0.1071970611810684,0.2511744339551244,nifti
pix2pix-3D-T2+FLAIR,pix2pix,GAN,3D,t2_flair,flair,ReMIND-045-pre,0.7689129553055137,0.7698417286511178,15.055601798337417,0.1290058195590973,0.2502822137000609,nifti
pix2pix-3D-T2+FLAIR,pix2pix,GAN,3D,t2_flair,t2,ReMIND-056-post,0.7678524784421887,0.7705229821762415,12.499513523012885,0.1683033555746078,0.2619825149404591,nifti
pix2pix-3D-T2+FLAIR,pix2pix,GAN,3D,t2_flair,flair,ReMIND-056-post,0.7434415949112503,0.7444979882982423,13.385695484592246,0.1563718020915985,0.2634197447834344,nifti
pix2pix-3D-T2+FLAIR,pix2pix,GAN,3D,t2_flair,t2,ReMIND-056-pre,0.7395641865021594,0.7463125709739593,14.769134983383031,0.1386226564645767,0.2766119067867597,nifti
pix2pix-3D-T2+FLAIR,pix2pix,GAN,3D,t2_flair,flair,ReMIND-056-pre,0.759624105740628,0.7663510463707346,15.14580282267212,0.1305089592933654,0.2744441691924024,nifti
pix2pix-3D-T2+FLAIR,pix2pix,GAN,3D,t2_flair,t2,ReMIND-077-post,0.7941728549070458,0.7966676324352022,14.671278335078869,0.1145777553319931,0.2685036341080794,nifti
pix2pix-3D-T2+FLAIR,pix2pix,GAN,3D,t2_flair,flair,ReMIND-077-post,0.7930949179660519,0.7994850496983937,15.462719418165502,0.1158188804984092,0.2560860768363282,nifti
pix2pix-3D-T2+FLAIR,pix2pix,GAN,3D,t2_flair,t2,ReMIND-077-pre,0.767658194999979,0.7665279385958362,14.619835332590704,0.1108557060360908,0.2677064923488575,nifti
pix2pix-3D-T2+FLAIR,pix2pix,GAN,3D,t2_flair,flair,ReMIND-077-pre,0.7510788224244787,0.7534844581659208,14.770991001316188,0.1244898736476898,0.27076895224937,nifti
pix2pix-3D-T2+FLAIR,pix2pix,GAN,3D,t2_flair,t2,ReMIND-079-post,0.8312685719804929,0.8309885896473149,12.55358419422369,0.1728086322546005,0.2419794425368309,nifti
pix2pix-3D-T2+FLAIR,pix2pix,GAN,3D,t2_flair,flair,ReMIND-079-post,0.8122160811721968,0.8101074646358877,13.041439804782422,0.1713232100009918,0.2527720293885953,nifti
pix2pix-3D-T2+FLAIR,pix2pix,GAN,3D,t2_flair,t2,ReMIND-079-pre,0.7659018861404145,0.7700417265431889,14.040198343808925,0.1293657422065735,0.2595702876342075,nifti
pix2pix-3D-T2+FLAIR,pix2pix,GAN,3D,t2_flair,flair,ReMIND-079-pre,0.7669970100696275,0.773542962455984,15.070869377333109,0.1241462677717208,0.2400666833673109,nifti
pix2pix-3D-T2+FLAIR,pix2pix,GAN,3D,t2_flair,t2,ReMIND-087-pre,0.7569357363794778,0.7579638102668312,14.062864337594029,0.1407049149274826,0.2599476273413058,nifti
pix2pix-3D-T2+FLAIR,pix2pix,GAN,3D,t2_flair,flair,ReMIND-087-pre,0.7771220485660263,0.7836631617001139,14.24132670155204,0.148161306977272,0.2257641187288623,nifti
pix2pix-3D-T2+FLAIR,pix2pix,GAN,3D,t2_flair,t2,ReMIND-091-pre,0.7890628101450016,0.7907800091157254,14.502233680752775,0.1111802756786346,0.241193172619021,nifti
pix2pix-3D-T2+FLAIR,pix2pix,GAN,3D,t2_flair,flair,ReMIND-091-pre,0.7692875096205013,0.7731628968283549,15.503338524023878,0.1151968985795974,0.2419499832611142,nifti
pix2pix-3D-T2+FLAIR,pix2pix,GAN,3D,t2_flair,t2,ReMIND-096-post,0.8069899371799809,0.8077008617241087,15.227553827276388,0.1001441180706024,0.2483631701663483,nifti
pix2pix-3D-T2+FLAIR,pix2pix,GAN,3D,t2_flair,flair,ReMIND-096-post,0.7452058555720354,0.7467339848532145,15.019618409099095,0.1296839267015457,0.2687870610591977,nifti
pix2pix-3D-T2+FLAIR,pix2pix,GAN,3D,t2_flair,t2,ReMIND-096-pre,0.7939158512593367,0.7953410894923996,15.626977126655998,0.104716770350933,0.2279221693870056,nifti
pix2pix-3D-T2+FLAIR,pix2pix,GAN,3D,t2_flair,flair,ReMIND-096-pre,0.7654174341762494,0.7717637894647311,15.856510929516883,0.1221717223525047,0.2355211222900098,nifti
pix2pix-3D-T2+FLAIR,pix2pix,GAN,3D,t2_flair,t2,ReMIND-102-pre,0.8144921756096614,0.8176476572572536,13.85360926622647,0.1389756500720977,0.2182793861643953,nifti
pix2pix-3D-T2+FLAIR,pix2pix,GAN,3D,t2_flair,flair,ReMIND-102-pre,0.8013340546040678,0.8067560485867417,14.755906257207624,0.1335036903619766,0.2231890390125605,nifti
pix2pix-3D-T2+FLAIR,pix2pix,GAN,3D,t2_flair,t2,ReMIND-107-pre,0.781508987482596,0.7785250758951552,12.502061019640948,0.1811858415603637,0.2596316395534409,nifti
pix2pix-3D-T2+FLAIR,pix2pix,GAN,3D,t2_flair,flair,ReMIND-107-pre,0.796616087418673,0.7954626057335119,12.70512885489046,0.176725760102272,0.2545528378751542,nifti
pix2pix-3D-T2+FLAIR,pix2pix,GAN,3D,t2_flair,t2,ReMIND-109-post,0.7966981788743629,0.7971263949708973,12.84402830071576,0.1530231535434723,0.2696395761436886,nifti
pix2pix-3D-T2+FLAIR,pix2pix,GAN,3D,t2_flair,flair,ReMIND-109-post,0.7727805051334937,0.7758947266294535,12.494044031570352,0.1728902459144592,0.2699434144629372,nifti
pix2pix-3D-T2+FLAIR,pix2pix,GAN,3D,t2_flair,t2,ReMIND-109-pre,0.8110862399707226,0.8098218192474481,14.525466780164164,0.1293860673904419,0.223284436910002,nifti
pix2pix-3D-T2+FLAIR,pix2pix,GAN,3D,t2_flair,flair,ReMIND-109-pre,0.8188153049103316,0.8223484999132873,14.66968111601317,0.1464880108833313,0.2024807964896296,nifti
CUT-2D-T2,CUT,GAN,2D,t2,t2,ReMIND-003-post,0.8374098857657271,0.8424293586798833,15.380409588896455,0.1070858985185623,0.2304563481433718,nifti
CUT-2D-T2,CUT,GAN,2D,t2,t2,ReMIND-003-pre,0.7993407883962317,0.8038415516430985,16.012789313857446,0.1006535813212394,0.2210961156101389,nifti
CUT-2D-T2,CUT,GAN,2D,t2,t2,ReMIND-004-pre,0.8728906982389804,0.8734365710749529,16.270335522698996,0.0929257497191429,0.2016716013734157,nifti
CUT-2D-T2,CUT,GAN,2D,t2,t2,ReMIND-023-post,0.7427855646221592,0.7498282967132118,15.176650049907304,0.1019747778773307,0.3156603629942293,nifti
CUT-2D-T2,CUT,GAN,2D,t2,t2,ReMIND-023-pre,0.7018418745389383,0.7034698174492616,14.22014697117973,0.1194091439247131,0.3502579454113455,nifti
CUT-2D-T2,CUT,GAN,2D,t2,t2,ReMIND-031-post,0.843995174279818,0.8488485792691853,15.56759745214164,0.1119724735617637,0.2339509469113851,nifti
CUT-2D-T2,CUT,GAN,2D,t2,t2,ReMIND-031-pre,0.7743641133817097,0.7788341977560738,16.10447559318854,0.1029562428593635,0.2501473974858977,nifti
CUT-2D-T2,CUT,GAN,2D,t2,t2,ReMIND-032-post,0.8047304302433128,0.8081738161622786,14.628863652581058,0.1156559512019157,0.2598979026079178,nifti
CUT-2D-T2,CUT,GAN,2D,t2,t2,ReMIND-032-pre,0.767539087140345,0.774597055193908,14.150647900727154,0.1265016496181488,0.300964261210242,nifti
CUT-2D-T2,CUT,GAN,2D,t2,t2,ReMIND-034-post,0.7553245393089643,0.7622504739328057,14.585533613990068,0.1270802319049835,0.3110825490951538,nifti
CUT-2D-T2,CUT,GAN,2D,t2,t2,ReMIND-034-pre,0.6998081265094379,0.7079098975196993,14.041971051650387,0.1466462314128875,0.3129846366743247,nifti
CUT-2D-T2,CUT,GAN,2D,t2,t2,ReMIND-045-post,0.8571494945141493,0.8613382163167095,15.161952152201057,0.1161952912807464,0.2113277793902417,nifti
CUT-2D-T2,CUT,GAN,2D,t2,t2,ReMIND-045-pre,0.790780041559538,0.794023389991277,15.759072834842794,0.1018568947911262,0.26799856985406,nifti
CUT-2D-T2,CUT,GAN,2D,t2,t2,ReMIND-056-post,0.7737466101081133,0.7780040173684277,12.827061350804104,0.1557365357875824,0.2805925530606302,nifti
CUT-2D-T2,CUT,GAN,2D,t2,t2,ReMIND-056-pre,0.7455146302752771,0.7532092972818304,15.341850986221308,0.1314114779233932,0.2775517362687323,nifti
CUT-2D-T2,CUT,GAN,2D,t2,t2,ReMIND-077-post,0.8017164666599609,0.8056720390451259,14.672464299257877,0.1084539517760276,0.2881249567946872,nifti
CUT-2D-T2,CUT,GAN,2D,t2,t2,ReMIND-077-pre,0.7972459095310688,0.7992791097134001,15.501649580922344,0.0970508754253387,0.2587934260412773,nifti
CUT-2D-T2,CUT,GAN,2D,t2,t2,ReMIND-079-post,0.8469795719786238,0.8484406614800294,12.826168668917642,0.1635069251060485,0.2476186152245547,nifti
CUT-2D-T2,CUT,GAN,2D,t2,t2,ReMIND-079-pre,0.7883943729177911,0.7939193882316752,16.350469104845715,0.1037784740328788,0.2438732459308714,nifti
CUT-2D-T2,CUT,GAN,2D,t2,t2,ReMIND-087-post,0.8221685893080855,0.8254856627875922,14.319896587780416,0.1317781060934066,0.2499764873646199,nifti
CUT-2D-T2,CUT,GAN,2D,t2,t2,ReMIND-087-pre,0.7643048882774457,0.7683651519949736,14.906618193587878,0.1278634071350097,0.2549197205790767,nifti
CUT-2D-T2,CUT,GAN,2D,t2,t2,ReMIND-091-post,0.8099889403451416,0.8119232111926163,14.48243270463919,0.1112882792949676,0.2619721664393202,nifti
CUT-2D-T2,CUT,GAN,2D,t2,t2,ReMIND-091-pre,0.8070976373016494,0.8100911490693815,15.602224742534236,0.0971937775611877,0.2381079563059689,nifti
CUT-2D-T2,CUT,GAN,2D,t2,t2,ReMIND-096-post,0.8141831323375041,0.8169579853377492,15.283231216593286,0.0980936363339424,0.2585467470939769,nifti
CUT-2D-T2,CUT,GAN,2D,t2,t2,ReMIND-096-pre,0.8092146277187798,0.813248586631092,15.864554570349435,0.1058083102107048,0.2280163318337349,nifti
CUT-2D-T2,CUT,GAN,2D,t2,t2,ReMIND-102-pre,0.8398175008356873,0.8442592813179505,16.396653440964293,0.1102284491062164,0.2130281171955905,nifti
CUT-2D-T2,CUT,GAN,2D,t2,t2,ReMIND-107-post,0.9177530796500304,0.918237638947592,14.26603643973296,0.1350458860397339,0.1696642311082946,nifti
CUT-2D-T2,CUT,GAN,2D,t2,t2,ReMIND-107-pre,0.7769143136731494,0.7771976700245496,12.855537446863496,0.1785653531551361,0.2861226656370693,nifti
CUT-2D-T2,CUT,GAN,2D,t2,t2,ReMIND-109-post,0.8030273411392006,0.8058683954884429,13.402824627884565,0.1389655470848083,0.2709237595399221,nifti
CUT-2D-T2,CUT,GAN,2D,t2,t2,ReMIND-109-pre,0.8239952236388622,0.8251732506836472,14.845641378311656,0.1245318502187728,0.2228708045036943,nifti
CUT-2D-T2+FLAIR,CUT,GAN,2D,t2_flair,t2,ReMIND-003-post,0.8384225060109118,0.842230314794057,15.34114697198486,0.1081499084830284,0.2182489206977919,nifti
CUT-2D-T2+FLAIR,CUT,GAN,2D,t2_flair,flair,ReMIND-003-post,0.7898703298553614,0.7970413035380407,15.570805983140588,0.1270707845687866,0.2317599154570523,nifti
CUT-2D-T2+FLAIR,CUT,GAN,2D,t2_flair,t2,ReMIND-023-post,0.7354299298202105,0.7427418593240858,14.70573079851723,0.1141991764307022,0.2982974957536768,nifti
CUT-2D-T2+FLAIR,CUT,GAN,2D,t2_flair,flair,ReMIND-023-post,0.6662606293643171,0.6721971253151482,14.54289317546558,0.1468183100223541,0.347537393923159,nifti
CUT-2D-T2+FLAIR,CUT,GAN,2D,t2_flair,t2,ReMIND-023-pre,0.7033314383271072,0.7059085835315165,13.746438549857922,0.1371109932661056,0.3202864580294665,nifti
CUT-2D-T2+FLAIR,CUT,GAN,2D,t2_flair,flair,ReMIND-023-pre,0.6351200347431925,0.6388379331290208,13.371764023987067,0.1704861968755722,0.3475958292975145,nifti
CUT-2D-T2+FLAIR,CUT,GAN,2D,t2_flair,t2,ReMIND-032-post,0.801114762004907,0.8045766541394954,14.214810493258051,0.1264448463916778,0.2446996577275105,nifti
CUT-2D-T2+FLAIR,CUT,GAN,2D,t2_flair,flair,ReMIND-032-post,0.7745692176020269,0.7779540035567055,14.4844977061824,0.1358737200498581,0.2602869493839068,nifti
CUT-2D-T2+FLAIR,CUT,GAN,2D,t2_flair,t2,ReMIND-032-pre,0.7585108436140033,0.7660440208099506,13.644139759266457,0.1374718397855758,0.2843118958001913,nifti
CUT-2D-T2+FLAIR,CUT,GAN,2D,t2_flair,flair,ReMIND-032-pre,0.7299092466212178,0.7383529796354694,14.057714670820008,0.1508501470088958,0.3031154981879301,nifti
CUT-2D-T2+FLAIR,CUT,GAN,2D,t2_flair,t2,ReMIND-045-pre,0.788237773063669,0.7910761991331062,15.51550474655856,0.1088162586092948,0.2404668683908423,nifti
CUT-2D-T2+FLAIR,CUT,GAN,2D,t2_flair,flair,ReMIND-045-pre,0.7820101813269632,0.7839664831980063,15.907791495089716,0.1219080239534378,0.2614931860292444,nifti
CUT-2D-T2+FLAIR,CUT,GAN,2D,t2_flair,t2,ReMIND-056-post,0.7598417801867953,0.764960523800433,12.581641668926409,0.1594117283821106,0.2695352173057095,nifti
CUT-2D-T2+FLAIR,CUT,GAN,2D,t2_flair,flair,ReMIND-056-post,0.7352819985101676,0.741003111803924,13.060541866091114,0.1741309463977813,0.2813473148592587,nifti
CUT-2D-T2+FLAIR,CUT,GAN,2D,t2_flair,t2,ReMIND-056-pre,0.7381555153893644,0.7455755577508797,15.115603975151153,0.1360486149787902,0.2591770645920877,nifti
CUT-2D-T2+FLAIR,CUT,GAN,2D,t2_flair,flair,ReMIND-056-pre,0.7696563449268603,0.7772908624540115,16.626029786901285,0.1159788072109222,0.2628746918506092,nifti
CUT-2D-T2+FLAIR,CUT,GAN,2D,t2_flair,t2,ReMIND-077-post,0.8040285791508165,0.8074963566839115,14.58654846732228,0.1142546609044075,0.2651970318040332,nifti
CUT-2D-T2+FLAIR,CUT,GAN,2D,t2_flair,flair,ReMIND-077-post,0.805286907364918,0.8149689413526101,15.76184890999546,0.1046920716762542,0.2552237885223852,nifti
CUT-2D-T2+FLAIR,CUT,GAN,2D,t2_flair,t2,ReMIND-077-pre,0.7953027312096683,0.7965220537454525,15.472115203172685,0.0985014736652374,0.2262273238775152,nifti
CUT-2D-T2+FLAIR,CUT,GAN,2D,t2_flair,flair,ReMIND-077-pre,0.7737615011070608,0.7806374109346982,15.70996361495375,0.1161793768405914,0.2359982654915093,nifti
CUT-2D-T2+FLAIR,CUT,GAN,2D,t2_flair,t2,ReMIND-079-post,0.8365532534698429,0.8386911041050399,12.395909503437682,0.1759979128837585,0.2363205636675293,nifti
CUT-2D-T2+FLAIR,CUT,GAN,2D,t2_flair,flair,ReMIND-079-post,0.8198990345609448,0.8213768484447036,12.926791829338374,0.1816670298576355,0.2518673845239588,nifti
CUT-2D-T2+FLAIR,CUT,GAN,2D,t2_flair,t2,ReMIND-079-pre,0.7776733105374469,0.783293958087371,15.58138595134788,0.1117969676852226,0.2373370280145932,nifti
CUT-2D-T2+FLAIR,CUT,GAN,2D,t2_flair,flair,ReMIND-079-pre,0.7765433283335155,0.7856669618153085,15.036620161753092,0.1278356164693832,0.2360028458041185,nifti
CUT-2D-T2+FLAIR,CUT,GAN,2D,t2_flair,t2,ReMIND-087-pre,0.7560773418412515,0.7596853302453427,14.759485806527294,0.1318361908197403,0.2369165348234,nifti
CUT-2D-T2+FLAIR,CUT,GAN,2D,t2_flair,flair,ReMIND-087-pre,0.784333829935167,0.7956597825252565,15.158124400643748,0.133815735578537,0.2054432538216528,nifti
CUT-2D-T2+FLAIR,CUT,GAN,2D,t2_flair,t2,ReMIND-091-pre,0.8060276408501771,0.8088024976659706,15.093254610302452,0.1034482270479202,0.2121295966893617,nifti
CUT-2D-T2+FLAIR,CUT,GAN,2D,t2_flair,flair,ReMIND-091-pre,0.7853593572289232,0.7920579602151185,16.226328638320833,0.1071829050779342,0.2258416414717955,nifti
CUT-2D-T2+FLAIR,CUT,GAN,2D,t2_flair,t2,ReMIND-096-post,0.8099270817598844,0.8125179784106724,15.184131119846034,0.1041600555181503,0.2387599480706592,nifti
CUT-2D-T2+FLAIR,CUT,GAN,2D,t2_flair,flair,ReMIND-096-post,0.7436254014963066,0.7483199581335215,14.943144110315073,0.1387792229652404,0.2647458768861238,nifti
CUT-2D-T2+FLAIR,CUT,GAN,2D,t2_flair,t2,ReMIND-096-pre,0.8141397262781369,0.817261303322453,16.16016096070481,0.0994244515895843,0.195010706363769,nifti
CUT-2D-T2+FLAIR,CUT,GAN,2D,t2_flair,flair,ReMIND-096-pre,0.7823002066384526,0.7917774605527579,16.513114185363186,0.1143273413181305,0.2100409126599852,nifti
CUT-2D-T2+FLAIR,CUT,GAN,2D,t2_flair,t2,ReMIND-102-pre,0.8321848661731389,0.8363368051514706,15.272939442607978,0.1234952062368393,0.1947196283387941,nifti
CUT-2D-T2+FLAIR,CUT,GAN,2D,t2_flair,flair,ReMIND-102-pre,0.8148397717570324,0.8228187392215615,15.14149979774466,0.1349795460700988,0.2064674414776183,nifti
CUT-2D-T2+FLAIR,CUT,GAN,2D,t2_flair,t2,ReMIND-107-pre,0.7724196202460488,0.7731583773968006,12.60373067831061,0.1843235492706298,0.2713968149489826,nifti
CUT-2D-T2+FLAIR,CUT,GAN,2D,t2_flair,flair,ReMIND-107-pre,0.7963639545520276,0.798677060440264,13.197477303265332,0.1755039393901825,0.256274390551779,nifti
CUT-2D-T2+FLAIR,CUT,GAN,2D,t2_flair,t2,ReMIND-109-post,0.7971934606847639,0.8001309486285725,13.235806693184,0.14234159886837,0.2507522361146079,nifti
CUT-2D-T2+FLAIR,CUT,GAN,2D,t2_flair,flair,ReMIND-109-post,0.7769354121831764,0.7833966787337494,13.234328467525522,0.1705655753612518,0.2564387122790019,nifti
CUT-2D-T2+FLAIR,CUT,GAN,2D,t2_flair,t2,ReMIND-109-pre,0.8214479586107154,0.8219358802972117,14.727255941772876,0.1285687536001205,0.2035074967991661,nifti
CUT-2D-T2+FLAIR,CUT,GAN,2D,t2_flair,flair,ReMIND-109-pre,0.8321720729482972,0.8384569333982486,15.423160185780976,0.1381918936967849,0.1840171243424888,nifti
CUT-2.5D-T2,CUT,GAN,2.5D,t2,t2,ReMIND-003-post,0.8334893654572046,0.8378418148819596,15.33993569259942,0.1082618087530136,0.2585359353060816,nifti
CUT-2.5D-T2,CUT,GAN,2.5D,t2,t2,ReMIND-003-pre,0.7956489032005,0.799496392294796,16.0542479835807,0.1001538857817649,0.2398757416416298,nifti
CUT-2.5D-T2,CUT,GAN,2.5D,t2,t2,ReMIND-004-pre,0.871747541223982,0.8723071518500461,16.242320086473118,0.0939318984746933,0.2190819337581976,nifti
CUT-2.5D-T2,CUT,GAN,2.5D,t2,t2,ReMIND-023-post,0.7417932192429774,0.7489219230211922,15.37729231524862,0.0982708632946014,0.3387600393206985,nifti
CUT-2.5D-T2,CUT,GAN,2.5D,t2,t2,ReMIND-023-pre,0.697577614895993,0.699879350327646,13.84414351102032,0.1335548907518386,0.371834867140826,nifti
CUT-2.5D-T2,CUT,GAN,2.5D,t2,t2,ReMIND-031-post,0.8424489435736762,0.8463885593220932,15.636258038155038,0.1106981039047241,0.2521913667258463,nifti
CUT-2.5D-T2,CUT,GAN,2.5D,t2,t2,ReMIND-031-pre,0.771388499207213,0.7757986310481187,16.097016385024027,0.104359932243824,0.2651906073400655,nifti
CUT-2.5D-T2,CUT,GAN,2.5D,t2,t2,ReMIND-032-post,0.803629912563206,0.8067106905069681,14.918216624186872,0.1103578880429267,0.2816727860615803,nifti
CUT-2.5D-T2,CUT,GAN,2.5D,t2,t2,ReMIND-032-pre,0.7679664018211952,0.7746443341596166,14.19841870984851,0.1265230327844619,0.3196658952984699,nifti
CUT-2.5D-T2,CUT,GAN,2.5D,t2,t2,ReMIND-034-post,0.7536216582271682,0.7597489964324384,14.68091631301414,0.1258753389120102,0.3402806574106216,nifti
CUT-2.5D-T2,CUT,GAN,2.5D,t2,t2,ReMIND-034-pre,0.6942391895206311,0.7022673430344097,14.300938885846657,0.1433024704456329,0.3391352718075116,nifti
CUT-2.5D-T2,CUT,GAN,2.5D,t2,t2,ReMIND-045-post,0.8512801831299189,0.8543047306354328,15.150168637500958,0.1169975996017456,0.2364866495456384,nifti
CUT-2.5D-T2,CUT,GAN,2.5D,t2,t2,ReMIND-045-pre,0.7885492692718027,0.7914541222878237,15.794090086626651,0.1011290848255157,0.2771822017218385,nifti
CUT-2.5D-T2,CUT,GAN,2.5D,t2,t2,ReMIND-056-post,0.7684627835225959,0.7727204390230218,13.079276256126512,0.1548404544591903,0.305542734676394,nifti
CUT-2.5D-T2,CUT,GAN,2.5D,t2,t2,ReMIND-056-pre,0.7413383544700225,0.749001361005739,15.22419656607331,0.1331710517406463,0.3030189271602366,nifti
CUT-2.5D-T2,CUT,GAN,2.5D,t2,t2,ReMIND-077-post,0.7984599009532835,0.8015049497814621,14.861190263168378,0.1064635440707206,0.3085750192403793,nifti
CUT-2.5D-T2,CUT,GAN,2.5D,t2,t2,ReMIND-077-pre,0.7923784341331156,0.793802434327379,15.589948284089186,0.0967066437005996,0.2691129693611068,nifti
CUT-2.5D-T2,CUT,GAN,2.5D,t2,t2,ReMIND-079-post,0.847417308239162,0.848642128450717,12.846394807256477,0.1650840938091278,0.2625097640462824,nifti
CUT-2.5D-T2,CUT,GAN,2.5D,t2,t2,ReMIND-079-pre,0.7824774400643149,0.787920575113452,16.11282606683141,0.1066422760486602,0.2691071030564148,nifti
CUT-2.5D-T2,CUT,GAN,2.5D,t2,t2,ReMIND-087-post,0.8204417597089402,0.8228732683321871,14.244326433879838,0.1336964219808578,0.2837598184123635,nifti
CUT-2.5D-T2,CUT,GAN,2.5D,t2,t2,ReMIND-087-pre,0.7590535568347906,0.7629105298659511,14.989801888915256,0.1269441097974777,0.2671007358365588,nifti
CUT-2.5D-T2,CUT,GAN,2.5D,t2,t2,ReMIND-091-post,0.8085664831342119,0.8098475348926478,14.379393798727662,0.1119604110717773,0.2863228663485101,nifti
CUT-2.5D-T2,CUT,GAN,2.5D,t2,t2,ReMIND-091-pre,0.8034630144171793,0.806623948410935,15.49755272535696,0.0984482020139694,0.2554221045842931,nifti
CUT-2.5D-T2,CUT,GAN,2.5D,t2,t2,ReMIND-096-post,0.8122401311423671,0.8139922263696373,15.478961888861068,0.0939621925354003,0.2808985453705455,nifti
CUT-2.5D-T2,CUT,GAN,2.5D,t2,t2,ReMIND-096-pre,0.8046566482960942,0.8084256228371078,15.87254558647184,0.1061299294233322,0.2437089939884255,nifti
CUT-2.5D-T2,CUT,GAN,2.5D,t2,t2,ReMIND-102-pre,0.8398774020646723,0.8444066371650641,16.178485463784163,0.1126394048333168,0.2263737580442166,nifti
CUT-2.5D-T2,CUT,GAN,2.5D,t2,t2,ReMIND-107-post,0.9175176149604812,0.9171576559579554,14.297977282717191,0.1343063861131668,0.195410434073872,nifti
CUT-2.5D-T2,CUT,GAN,2.5D,t2,t2,ReMIND-107-pre,0.7845861584288847,0.7850670334444599,13.05150916270314,0.1741288006305694,0.2992110210988257,nifti
CUT-2.5D-T2,CUT,GAN,2.5D,t2,t2,ReMIND-109-post,0.8022902600264489,0.8049159330296873,13.52657305363912,0.136808231472969,0.2900401078992419,nifti
CUT-2.5D-T2,CUT,GAN,2.5D,t2,t2,ReMIND-109-pre,0.8214448970883043,0.8218207753576308,14.890183224785655,0.1245626732707023,0.2387747042350941,nifti
CUT-2.5D-T2+FLAIR,CUT,GAN,2.5D,t2_flair,t2,ReMIND-003-post,0.8366134917844985,0.8404370375694606,15.46306091344089,0.1060213595628738,0.2493027200301488,nifti
CUT-2.5D-T2+FLAIR,CUT,GAN,2.5D,t2_flair,flair,ReMIND-003-post,0.7898520410629348,0.7962949713899525,15.940934490555092,0.1214549243450164,0.2688759483543096,nifti
CUT-2.5D-T2+FLAIR,CUT,GAN,2.5D,t2_flair,t2,ReMIND-023-post,0.7376293818901704,0.7441858205343861,15.36488589079716,0.0983946695923805,0.3285694602462981,nifti
CUT-2.5D-T2+FLAIR,CUT,GAN,2.5D,t2_flair,flair,ReMIND-023-post,0.6575894786404756,0.6632863522324114,15.045119439321237,0.1355454623699188,0.3835207400498567,nifti
CUT-2.5D-T2+FLAIR,CUT,GAN,2.5D,t2_flair,t2,ReMIND-023-pre,0.7099634837663641,0.7116971470519228,14.646421197245717,0.1134185791015625,0.3554917784298168,nifti
CUT-2.5D-T2+FLAIR,CUT,GAN,2.5D,t2_flair,flair,ReMIND-023-pre,0.6373318685471666,0.6408295944671366,14.319662117848338,0.145985871553421,0.3838441012536778,nifti
CUT-2.5D-T2+FLAIR,CUT,GAN,2.5D,t2_flair,t2,ReMIND-032-post,0.8032915909989092,0.8060951415621653,14.84031903552221,0.1126412451267242,0.2775134375462165,nifti
CUT-2.5D-T2+FLAIR,CUT,GAN,2.5D,t2_flair,flair,ReMIND-032-post,0.7703212918941273,0.7733261684918652,14.909716833357242,0.1303160786628723,0.2981846149151141,nifti
CUT-2.5D-T2+FLAIR,CUT,GAN,2.5D,t2_flair,t2,ReMIND-032-pre,0.7649783664807678,0.7718689255609598,14.076939697758291,0.1289251893758773,0.3158911452736965,nifti
CUT-2.5D-T2+FLAIR,CUT,GAN,2.5D,t2_flair,flair,ReMIND-032-pre,0.7309742862903985,0.7389543752595749,14.525006309677504,0.1388919353485107,0.3351782927679461,nifti
CUT-2.5D-T2+FLAIR,CUT,GAN,2.5D,t2_flair,t2,ReMIND-045-pre,0.7881457376158595,0.7909072859620253,15.748818065537622,0.1037120372056961,0.2746241758672558,nifti
CUT-2.5D-T2+FLAIR,CUT,GAN,2.5D,t2_flair,flair,ReMIND-045-pre,0.7790817210743008,0.7807786192705913,15.98738444626757,0.1209748536348342,0.2849392699343817,nifti
CUT-2.5D-T2+FLAIR,CUT,GAN,2.5D,t2_flair,t2,ReMIND-056-post,0.7606186831834485,0.7644016292400583,13.153024806324854,0.1499385237693786,0.3023648395620543,nifti
CUT-2.5D-T2+FLAIR,CUT,GAN,2.5D,t2_flair,flair,ReMIND-056-post,0.7269253694881684,0.7316791341129721,13.837612689703192,0.1583293825387954,0.3186462948034549,nifti
CUT-2.5D-T2+FLAIR,CUT,GAN,2.5D,t2_flair,t2,ReMIND-056-pre,0.74278138119427,0.7499761927173928,15.350755651302752,0.1312713474035263,0.2922180512989009,nifti
CUT-2.5D-T2+FLAIR,CUT,GAN,2.5D,t2_flair,flair,ReMIND-056-pre,0.7660485714035855,0.7733724132406271,16.342258838841115,0.1187144964933395,0.2944635152816772,nifti
CUT-2.5D-T2+FLAIR,CUT,GAN,2.5D,t2_flair,t2,ReMIND-077-post,0.8008088381837194,0.8037723646783356,14.835306624866714,0.1068934798240661,0.3009167051798588,nifti
CUT-2.5D-T2+FLAIR,CUT,GAN,2.5D,t2_flair,flair,ReMIND-077-post,0.8078462049669124,0.815793867247198,16.636440159049634,0.0928922072052955,0.2909341531025396,nifti
CUT-2.5D-T2+FLAIR,CUT,GAN,2.5D,t2_flair,t2,ReMIND-077-pre,0.793623961763829,0.794993719148238,15.52229906252422,0.0976170301437377,0.260159054065343,nifti
CUT-2.5D-T2+FLAIR,CUT,GAN,2.5D,t2_flair,flair,ReMIND-077-pre,0.776139818385915,0.7820421200295675,15.825627490225544,0.1106122583150863,0.2625489106274539,nifti
CUT-2.5D-T2+FLAIR,CUT,GAN,2.5D,t2_flair,t2,ReMIND-079-post,0.8445707095071734,0.84619834841805,12.742268900400903,0.1684633493423462,0.256789472860259,nifti
CUT-2.5D-T2+FLAIR,CUT,GAN,2.5D,t2_flair,flair,ReMIND-079-post,0.8226178194617912,0.823332335193635,13.239114929575756,0.1745514422655105,0.2779492228417783,nifti
CUT-2.5D-T2+FLAIR,CUT,GAN,2.5D,t2_flair,t2,ReMIND-079-pre,0.7801032827839508,0.7855283123045427,15.545203283134525,0.1125938892364502,0.2657497248003602,nifti
CUT-2.5D-T2+FLAIR,CUT,GAN,2.5D,t2_flair,flair,ReMIND-079-pre,0.7807641984562886,0.789169264595328,15.032461543834678,0.125401109457016,0.2620775983070528,nifti
CUT-2.5D-T2+FLAIR,CUT,GAN,2.5D,t2_flair,t2,ReMIND-087-pre,0.7636948022275182,0.7670481528069555,14.879804265154435,0.1297205686569214,0.2609384446232407,nifti
CUT-2.5D-T2+FLAIR,CUT,GAN,2.5D,t2_flair,flair,ReMIND-087-pre,0.7923433968309942,0.8025186678921099,15.289923840149344,0.1333732157945633,0.2262893396065287,nifti
CUT-2.5D-T2+FLAIR,CUT,GAN,2.5D,t2_flair,t2,ReMIND-091-pre,0.8045812469972637,0.8077868125256114,15.10010844398587,0.1035081893205642,0.2471561771503255,nifti
CUT-2.5D-T2+FLAIR,CUT,GAN,2.5D,t2_flair,flair,ReMIND-091-pre,0.7840565890904182,0.7908730439125975,16.171710873036826,0.1088495105504989,0.258304994530473,nifti
CUT-2.5D-T2+FLAIR,CUT,GAN,2.5D,t2_flair,t2,ReMIND-096-post,0.8156402086819277,0.817443741850758,15.483212781413004,0.094512827694416,0.2727329789899116,nifti
CUT-2.5D-T2+FLAIR,CUT,GAN,2.5D,t2_flair,flair,ReMIND-096-post,0.7444671731055041,0.7488738246422348,15.178811849693384,0.1339817643165588,0.3018959434919579,nifti
CUT-2.5D-T2+FLAIR,CUT,GAN,2.5D,t2_flair,t2,ReMIND-096-pre,0.8087739836385581,0.8120025194006666,16.046076978711792,0.1005971431732177,0.2337297419651171,nifti
CUT-2.5D-T2+FLAIR,CUT,GAN,2.5D,t2_flair,flair,ReMIND-096-pre,0.7775531314235831,0.7872471828543075,16.428792086558733,0.1156903207302093,0.2407876613937067,nifti
CUT-2.5D-T2+FLAIR,CUT,GAN,2.5D,t2_flair,t2,ReMIND-102-pre,0.8374037662028996,0.8417754098721453,15.432806134140764,0.1210047900676727,0.2173746038678583,nifti
CUT-2.5D-T2+FLAIR,CUT,GAN,2.5D,t2_flair,flair,ReMIND-102-pre,0.8205743741533587,0.8283037477675419,15.483500134683588,0.1277237385511398,0.2264153371145437,nifti
CUT-2.5D-T2+FLAIR,CUT,GAN,2.5D,t2_flair,t2,ReMIND-107-pre,0.7753824202875033,0.7761357023501679,13.302805975203745,0.1671162992715835,0.3020996708008978,nifti
CUT-2.5D-T2+FLAIR,CUT,GAN,2.5D,t2_flair,flair,ReMIND-107-pre,0.7972866704938316,0.7991848948404051,13.694391528069223,0.1648563891649246,0.2891535634795825,nifti
CUT-2.5D-T2+FLAIR,CUT,GAN,2.5D,t2_flair,t2,ReMIND-109-post,0.8034763056781423,0.8061155899448504,13.582764826224524,0.1353952288627624,0.2821246587567859,nifti
CUT-2.5D-T2+FLAIR,CUT,GAN,2.5D,t2_flair,flair,ReMIND-109-post,0.7796601665071285,0.7860417274202983,13.723210732398028,0.1586031019687652,0.2888120114803314,nifti
CUT-2.5D-T2+FLAIR,CUT,GAN,2.5D,t2_flair,t2,ReMIND-109-pre,0.8215683877019543,0.8217990808172176,14.818068139113633,0.1260450482368469,0.2317453012675852,nifti
CUT-2.5D-T2+FLAIR,CUT,GAN,2.5D,t2_flair,flair,ReMIND-109-pre,0.8336018462045144,0.8389095261706294,15.495008163828087,0.1380136162042617,0.2101403224441382,nifti
CUT-2D+3D-post-T2,CUT,GAN,2D+3D-post,t2,t2,ReMIND-003-post,0.8516590441586036,0.8557351000914146,15.552119782823024,0.1041759252548217,0.2310338568161515,nifti
CUT-2D+3D-post-T2,CUT,GAN,2D+3D-post,t2,t2,ReMIND-003-pre,0.8033781901648834,0.8071601763999028,15.97151759260008,0.0995241627097129,0.2273727925070985,nifti
CUT-2D+3D-post-T2,CUT,GAN,2D+3D-post,t2,t2,ReMIND-004-pre,0.874146389257422,0.8738839069977903,16.32240050407011,0.0912847816944122,0.2048677441019278,nifti
CUT-2D+3D-post-T2,CUT,GAN,2D+3D-post,t2,t2,ReMIND-023-post,0.7800851576105161,0.7870431798114709,15.255290818550968,0.0998730733990669,0.3042918471274553,nifti
CUT-2D+3D-post-T2,CUT,GAN,2D+3D-post,t2,t2,ReMIND-023-pre,0.7641609923989674,0.7647118727022715,13.691466082588974,0.121844932436943,0.3227914887316087,nifti
CUT-2D+3D-post-T2,CUT,GAN,2D+3D-post,t2,t2,ReMIND-031-post,0.848301562620887,0.8518427151155202,15.657464817540845,0.1115956231951713,0.2323483354951206,nifti
CUT-2D+3D-post-T2,CUT,GAN,2D+3D-post,t2,t2,ReMIND-031-pre,0.7752652175658812,0.7788754198118027,16.05412602714034,0.102520503103733,0.2548877930211037,nifti
CUT-2D+3D-post-T2,CUT,GAN,2D+3D-post,t2,t2,ReMIND-032-post,0.8282945224766933,0.8307616007122658,14.830110572679356,0.1113778203725814,0.2528361804210223,nifti
CUT-2D+3D-post-T2,CUT,GAN,2D+3D-post,t2,t2,ReMIND-032-pre,0.7885752280633779,0.7949248437761361,14.25389514606726,0.1279362291097641,0.3033548822236616,nifti
CUT-2D+3D-post-T2,CUT,GAN,2D+3D-post,t2,t2,ReMIND-034-post,0.7662955338525661,0.7720716161535434,14.724577643938172,0.1276603490114212,0.3093721207976341,nifti
CUT-2D+3D-post-T2,CUT,GAN,2D+3D-post,t2,t2,ReMIND-034-pre,0.7393150060901116,0.7451315877336482,14.159550949200082,0.1468497663736343,0.3065887965882818,nifti
CUT-2D+3D-post-T2,CUT,GAN,2D+3D-post,t2,t2,ReMIND-045-post,0.8679127372147384,0.8719211895439456,15.461760244664982,0.1133816614747047,0.2036903498937254,nifti
CUT-2D+3D-post-T2,CUT,GAN,2D+3D-post,t2,t2,ReMIND-045-pre,0.7972572891416096,0.7999897820410767,15.819846443450952,0.1008284464478492,0.2694418871281098,nifti
CUT-2D+3D-post-T2,CUT,GAN,2D+3D-post,t2,t2,ReMIND-056-post,0.7915959529423059,0.7957218690117064,12.626997168198084,0.165681317448616,0.2790922096063351,nifti
CUT-2D+3D-post-T2,CUT,GAN,2D+3D-post,t2,t2,ReMIND-056-pre,0.7646635540059542,0.7720816081752014,15.497986479052786,0.128172367811203,0.2892293752067619,nifti
CUT-2D+3D-post-T2,CUT,GAN,2D+3D-post,t2,t2,ReMIND-077-post,0.8177597709367538,0.8206158183261968,14.767745308936387,0.1073591336607933,0.2798728177676329,nifti
CUT-2D+3D-post-T2,CUT,GAN,2D+3D-post,t2,t2,ReMIND-077-pre,0.8002201596842595,0.8010664959543443,15.554178950926676,0.0964134112000465,0.2626866693174617,nifti
CUT-2D+3D-post-T2,CUT,GAN,2D+3D-post,t2,t2,ReMIND-079-post,0.8533238177526177,0.8527257235964626,12.635857267759803,0.1704057604074478,0.2441017837137789,nifti
CUT-2D+3D-post-T2,CUT,GAN,2D+3D-post,t2,t2,ReMIND-079-pre,0.7916422885551385,0.7963592822155664,16.341915629269778,0.1056796833872795,0.24970444812122,nifti
CUT-2D+3D-post-T2,CUT,GAN,2D+3D-post,t2,t2,ReMIND-087-post,0.8266308916069927,0.8279167506173362,14.05320420233262,0.1363297700881958,0.2488403427414596,nifti
CUT-2D+3D-post-T2,CUT,GAN,2D+3D-post,t2,t2,ReMIND-087-pre,0.7714323987129993,0.77464961285472,14.818315422048878,0.1271356791257858,0.2552549469802114,nifti
CUT-2D+3D-post-T2,CUT,GAN,2D+3D-post,t2,t2,ReMIND-091-post,0.8218075266930158,0.821776128331161,14.895650477852016,0.1092098727822303,0.2585349609243109,nifti
CUT-2D+3D-post-T2,CUT,GAN,2D+3D-post,t2,t2,ReMIND-091-pre,0.815132160820747,0.8174931721972324,15.646232326906848,0.0964947789907455,0.2391291132048229,nifti
CUT-2D+3D-post-T2,CUT,GAN,2D+3D-post,t2,t2,ReMIND-096-post,0.8248699218015529,0.8263677539197389,15.288698328634426,0.0976720675826072,0.2535900428544643,nifti
CUT-2D+3D-post-T2,CUT,GAN,2D+3D-post,t2,t2,ReMIND-096-pre,0.814406256833347,0.8174115646906286,15.961435571643744,0.1049533113837242,0.2296457515841119,nifti
CUT-2D+3D-post-T2,CUT,GAN,2D+3D-post,t2,t2,ReMIND-102-pre,0.8426734509781382,0.8466905201358226,16.36693284385104,0.1140298023819923,0.2146012317389249,nifti
CUT-2D+3D-post-T2,CUT,GAN,2D+3D-post,t2,t2,ReMIND-107-post,0.9204131186275434,0.9197315059661508,14.355470109781113,0.1330207288265228,0.1623202320602205,nifti
CUT-2D+3D-post-T2,CUT,GAN,2D+3D-post,t2,t2,ReMIND-107-pre,0.8009989691775833,0.7998674276040246,12.17739530092418,0.1842620074748993,0.2873436816864543,nifti
CUT-2D+3D-post-T2,CUT,GAN,2D+3D-post,t2,t2,ReMIND-109-post,0.8145440114316026,0.8165372212905796,13.327579333916386,0.138965219259262,0.2732396903965208,nifti
CUT-2D+3D-post-T2,CUT,GAN,2D+3D-post,t2,t2,ReMIND-109-pre,0.827093638339662,0.8277567135055626,14.90996788692324,0.1211405619978904,0.2265071059065359,nifti
CUT-2D+3D-post-T2+FLAIR,CUT,GAN,2D+3D-post,t2_flair,t2,ReMIND-003-post,0.8496728851622268,0.8531306337482489,15.522624790133325,0.1054037511348724,0.2227406995553596,nifti
CUT-2D+3D-post-T2+FLAIR,CUT,GAN,2D+3D-post,t2_flair,flair,ReMIND-003-post,0.8020914150620411,0.8085619428238716,16.021575859219436,0.1220464557409286,0.2414882919367622,nifti
CUT-2D+3D-post-T2+FLAIR,CUT,GAN,2D+3D-post,t2_flair,t2,ReMIND-023-post,0.7799344812082439,0.7864977077740269,15.00476138682342,0.1021138802170753,0.2932527291553992,nifti
CUT-2D+3D-post-T2+FLAIR,CUT,GAN,2D+3D-post,t2_flair,flair,ReMIND-023-post,0.7026491885714301,0.7082436717679751,14.858087418344953,0.1388168781995773,0.345227696829372,nifti
CUT-2D+3D-post-T2+FLAIR,CUT,GAN,2D+3D-post,t2_flair,t2,ReMIND-023-pre,0.7668363668406775,0.7671424493352328,13.385767806763882,0.1294113993644714,0.3069101922652301,nifti
CUT-2D+3D-post-T2+FLAIR,CUT,GAN,2D+3D-post,t2_flair,flair,ReMIND-023-pre,0.6989805313420708,0.7004557373615412,12.93637713844616,0.1533629298210144,0.3398024352157817,nifti
CUT-2D+3D-post-T2+FLAIR,CUT,GAN,2D+3D-post,t2_flair,t2,ReMIND-032-post,0.8261044392170015,0.8285123288430416,14.684891313313264,0.1146227493882179,0.2455218098102471,nifti
CUT-2D+3D-post-T2+FLAIR,CUT,GAN,2D+3D-post,t2_flair,flair,ReMIND-032-post,0.7952550611456184,0.7976090846739106,14.67779327365613,0.1343278139829635,0.2634650969352478,nifti
CUT-2D+3D-post-T2+FLAIR,CUT,GAN,2D+3D-post,t2_flair,t2,ReMIND-032-pre,0.7798323390856293,0.7863807380967434,13.79781061781846,0.1395230591297149,0.2919943346533664,nifti
CUT-2D+3D-post-T2+FLAIR,CUT,GAN,2D+3D-post,t2_flair,flair,ReMIND-032-pre,0.748863294228154,0.7556107535153327,14.045173277191934,0.1420779079198837,0.3113750801529995,nifti
CUT-2D+3D-post-T2+FLAIR,CUT,GAN,2D+3D-post,t2_flair,t2,ReMIND-045-pre,0.7972088927808747,0.7996802777764445,15.8430492502003,0.1017313152551651,0.2581767249016129,nifti
CUT-2D+3D-post-T2+FLAIR,CUT,GAN,2D+3D-post,t2_flair,flair,ReMIND-045-pre,0.7891990367281002,0.7900343024566306,15.790241906780109,0.117602564394474,0.2636799800152681,nifti
CUT-2D+3D-post-T2+FLAIR,CUT,GAN,2D+3D-post,t2_flair,t2,ReMIND-056-post,0.7953793938810259,0.7999956047697908,12.74836952125928,0.1622779667377472,0.2658819489437958,nifti
CUT-2D+3D-post-T2+FLAIR,CUT,GAN,2D+3D-post,t2_flair,flair,ReMIND-056-post,0.7680538755325063,0.7725357658253695,13.734746603552242,0.1518759578466415,0.2786936986035314,nifti
CUT-2D+3D-post-T2+FLAIR,CUT,GAN,2D+3D-post,t2_flair,t2,ReMIND-056-pre,0.7599319584510192,0.7672169520664917,15.370083264259357,0.1297144591808319,0.2742552245380701,nifti
CUT-2D+3D-post-T2+FLAIR,CUT,GAN,2D+3D-post,t2_flair,flair,ReMIND-056-pre,0.78320970688161,0.7904146120923884,15.98092628359505,0.1174785420298576,0.2786523341028779,nifti
CUT-2D+3D-post-T2+FLAIR,CUT,GAN,2D+3D-post,t2_flair,t2,ReMIND-077-post,0.8209121012308916,0.8236545446020418,14.799838943790022,0.1103036925196647,0.2735619536928228,nifti
CUT-2D+3D-post-T2+FLAIR,CUT,GAN,2D+3D-post,t2_flair,flair,ReMIND-077-post,0.8247740417589459,0.8326462569964954,15.974470026508191,0.1059955805540084,0.2608867452756778,nifti
CUT-2D+3D-post-T2+FLAIR,CUT,GAN,2D+3D-post,t2_flair,t2,ReMIND-077-pre,0.7995790814006807,0.7999971543523046,15.576368345591815,0.0966671183705329,0.2413867227501751,nifti
CUT-2D+3D-post-T2+FLAIR,CUT,GAN,2D+3D-post,t2_flair,flair,ReMIND-077-pre,0.7826847099403819,0.7876013185065951,15.74726214144362,0.1083282455801963,0.246572210135297,nifti
CUT-2D+3D-post-T2+FLAIR,CUT,GAN,2D+3D-post,t2_flair,t2,ReMIND-079-post,0.8504129367020403,0.8500035571071488,12.499010128283954,0.176460862159729,0.2385790642048861,nifti
CUT-2D+3D-post-T2+FLAIR,CUT,GAN,2D+3D-post,t2_flair,flair,ReMIND-079-post,0.8304226242277369,0.8292402514147564,13.048637468327229,0.171151116490364,0.2554024824419537,nifti
CUT-2D+3D-post-T2+FLAIR,CUT,GAN,2D+3D-post,t2_flair,t2,ReMIND-079-pre,0.784770995717271,0.7895019547696513,15.853515525780042,0.1109168156981468,0.2493171039656553,nifti
CUT-2D+3D-post-T2+FLAIR,CUT,GAN,2D+3D-post,t2_flair,flair,ReMIND-079-pre,0.7862751443329479,0.7937226689097896,15.300412241004276,0.1205039396882057,0.2374670527167826,nifti
CUT-2D+3D-post-T2+FLAIR,CUT,GAN,2D+3D-post,t2_flair,t2,ReMIND-087-pre,0.7673980464041397,0.7699870616836146,14.855434619713003,0.1270063072443008,0.2465517630731618,nifti
CUT-2D+3D-post-T2+FLAIR,CUT,GAN,2D+3D-post,t2_flair,flair,ReMIND-087-pre,0.7946611157320839,0.8040074268554658,15.100082266738768,0.1330832690000534,0.214389094893915,nifti
CUT-2D+3D-post-T2+FLAIR,CUT,GAN,2D+3D-post,t2_flair,t2,ReMIND-091-pre,0.8114289178520926,0.813496803769753,15.251833712462838,0.1000897660851478,0.2252554853726749,nifti
CUT-2D+3D-post-T2+FLAIR,CUT,GAN,2D+3D-post,t2_flair,flair,ReMIND-091-pre,0.7921617701479523,0.7977384996086472,16.036831198997948,0.1070217713713646,0.232334115799585,nifti
CUT-2D+3D-post-T2+FLAIR,CUT,GAN,2D+3D-post,t2_flair,t2,ReMIND-096-post,0.8297475103274119,0.8304573446083446,15.443438959677856,0.0934762731194496,0.237481378538664,nifti
CUT-2D+3D-post-T2+FLAIR,CUT,GAN,2D+3D-post,t2_flair,flair,ReMIND-096-post,0.7610867791061149,0.7644884410700626,15.316743741939211,0.1260893493890762,0.2672756934581801,nifti
CUT-2D+3D-post-T2+FLAIR,CUT,GAN,2D+3D-post,t2_flair,t2,ReMIND-096-pre,0.8148063319612675,0.8174831223502372,16.14049920083354,0.1010678708553314,0.212818038053392,nifti
CUT-2D+3D-post-T2+FLAIR,CUT,GAN,2D+3D-post,t2_flair,flair,ReMIND-096-pre,0.7863195903053752,0.7952295643653068,16.41389854188357,0.1149969771504402,0.2241069601660364,nifti
CUT-2D+3D-post-T2+FLAIR,CUT,GAN,2D+3D-post,t2_flair,t2,ReMIND-102-pre,0.8388591865436504,0.8427297935481567,15.650058335692162,0.1244260445237159,0.2087598795296399,nifti
CUT-2D+3D-post-T2+FLAIR,CUT,GAN,2D+3D-post,t2_flair,flair,ReMIND-102-pre,0.8215522850935616,0.8283339787993006,15.145363176034312,0.1283146888017654,0.2156429246559248,nifti
CUT-2D+3D-post-T2+FLAIR,CUT,GAN,2D+3D-post,t2_flair,t2,ReMIND-107-pre,0.8027103756013978,0.80203716832068,12.13522219598384,0.1857199072837829,0.2750548869371414,nifti
CUT-2D+3D-post-T2+FLAIR,CUT,GAN,2D+3D-post,t2_flair,flair,ReMIND-107-pre,0.8217955311448404,0.8224478069614545,12.647388676293051,0.1768749356269836,0.2641979108254115,nifti
CUT-2D+3D-post-T2+FLAIR,CUT,GAN,2D+3D-post,t2_flair,t2,ReMIND-109-post,0.8140627435349881,0.8162593807268135,13.370759804080176,0.1387602090835571,0.2646439840396245,nifti
CUT-2D+3D-post-T2+FLAIR,CUT,GAN,2D+3D-post,t2_flair,flair,ReMIND-109-post,0.7912060365967682,0.7970656581955552,13.373444572311646,0.1568323671817779,0.2704758766624662,nifti
CUT-2D+3D-post-T2+FLAIR,CUT,GAN,2D+3D-post,t2_flair,t2,ReMIND-109-pre,0.8263776422295854,0.8264991826625879,14.872898381980836,0.122223749756813,0.2162048011212735,nifti
CUT-2D+3D-post-T2+FLAIR,CUT,GAN,2D+3D-post,t2_flair,flair,ReMIND-109-pre,0.8374355893612137,0.842590327900266,15.325203032586682,0.136679321527481,0.1949971281663254,nifti
CUT-3D-T2,CUT,GAN,3D,t2,t2,ReMIND-003-post,0.8219886072316359,0.8217409394494857,15.087387634819416,0.1125401407480239,0.1819125792267275,nifti
CUT-3D-T2,CUT,GAN,3D,t2,t2,ReMIND-003-pre,0.7733247334005925,0.7740928479234256,15.436081462493776,0.1102225705981254,0.196113101714714,nifti
CUT-3D-T2,CUT,GAN,3D,t2,t2,ReMIND-004-pre,0.8574482605284939,0.8562601809217527,15.935198517527889,0.0988216325640678,0.1543591732971179,nifti
CUT-3D-T2,CUT,GAN,3D,t2,t2,ReMIND-023-post,0.7189467303688161,0.7228079607351512,14.295998636363286,0.1173821613192558,0.2664271753143381,nifti
CUT-3D-T2,CUT,GAN,3D,t2,t2,ReMIND-023-pre,0.7304564742385042,0.7282991311893818,14.02846815115411,0.1267848014831543,0.2620883750564912,nifti
CUT-3D-T2,CUT,GAN,3D,t2,t2,ReMIND-031-post,0.8233422998741843,0.8262665708036778,15.011609988699613,0.1246638968586921,0.1705897545343951,nifti
CUT-3D-T2,CUT,GAN,3D,t2,t2,ReMIND-031-pre,0.754015159062012,0.7565277052480633,15.646947498453905,0.112021692097187,0.1958033428095358,nifti
CUT-3D-T2,CUT,GAN,3D,t2,t2,ReMIND-032-post,0.7940802436849603,0.7945981977191343,14.362541543566708,0.1238573044538497,0.1927011626271101,nifti
CUT-3D-T2,CUT,GAN,3D,t2,t2,ReMIND-032-pre,0.7365930362030575,0.7394605860540071,13.149212817756435,0.1474407017230987,0.247042836144913,nifti
CUT-3D-T2,CUT,GAN,3D,t2,t2,ReMIND-034-post,0.7376458221908802,0.7399230840153409,14.38734486522878,0.1319171637296676,0.2254001468420028,nifti
CUT-3D-T2,CUT,GAN,3D,t2,t2,ReMIND-034-pre,0.7080344370255292,0.710080563625152,13.355298634952078,0.1560917645692825,0.2358353299399217,nifti
CUT-3D-T2,CUT,GAN,3D,t2,t2,ReMIND-045-post,0.8435276084621897,0.8443014558288134,14.786233523441034,0.1253703832626342,0.1478503641227017,nifti
CUT-3D-T2,CUT,GAN,3D,t2,t2,ReMIND-045-pre,0.7723029753783729,0.7733738760760194,15.279232644937457,0.1111631542444229,0.198694911728404,nifti
CUT-3D-T2,CUT,GAN,3D,t2,t2,ReMIND-056-post,0.7418717479170476,0.7442047704519333,11.982984367976156,0.1857142001390457,0.2278416567835314,nifti
CUT-3D-T2,CUT,GAN,3D,t2,t2,ReMIND-056-pre,0.7273034877437519,0.7318140788622005,14.577472981009796,0.1416958272457122,0.2167278122570779,nifti
CUT-3D-T2,CUT,GAN,3D,t2,t2,ReMIND-077-post,0.797951978833056,0.7981903278050232,14.706377235992834,0.1111994907259941,0.2120369082769832,nifti
CUT-3D-T2,CUT,GAN,3D,t2,t2,ReMIND-077-pre,0.7717650169536666,0.7701658770034281,14.976161018022545,0.1071076020598411,0.2139788819072039,nifti
CUT-3D-T2,CUT,GAN,3D,t2,t2,ReMIND-079-post,0.8248991803232244,0.823541795148752,12.243562180476486,0.1817885637283325,0.2079718098849863,nifti
CUT-3D-T2,CUT,GAN,3D,t2,t2,ReMIND-079-pre,0.7589472276659794,0.7627881244020068,14.058003783718336,0.1296124160289764,0.2105105274549409,nifti
CUT-3D-T2,CUT,GAN,3D,t2,t2,ReMIND-087-post,0.8043084274812955,0.8040522808726855,13.878728921499532,0.1430637687444687,0.1822115164250135,nifti
CUT-3D-T2,CUT,GAN,3D,t2,t2,ReMIND-087-pre,0.7450807432145534,0.7455070509297567,14.195062411333598,0.139968067407608,0.2205362987739068,nifti
CUT-3D-T2,CUT,GAN,3D,t2,t2,ReMIND-091-post,0.7936034872787645,0.7920514082276945,14.301004654440565,0.1157209202647209,0.2024730800631198,nifti
CUT-3D-T2,CUT,GAN,3D,t2,t2,ReMIND-091-pre,0.7857198772549354,0.7873099133234704,14.733738530039036,0.1075932383537292,0.1981657093927904,nifti
CUT-3D-T2,CUT,GAN,3D,t2,t2,ReMIND-096-post,0.7910942974647537,0.7898445668873715,15.092999791322567,0.1083877235651016,0.1932728205655896,nifti
CUT-3D-T2,CUT,GAN,3D,t2,t2,ReMIND-096-pre,0.7957761435127917,0.7964709877847338,15.513353560623148,0.1066035851836204,0.1763791813818591,nifti
CUT-3D-T2,CUT,GAN,3D,t2,t2,ReMIND-102-pre,0.8103082626093953,0.8124029859316063,14.0654932393958,0.1396136879920959,0.1807674149378806,nifti
CUT-3D-T2,CUT,GAN,3D,t2,t2,ReMIND-107-post,0.9028397441545162,0.9004813479182411,13.83360151700037,0.1459016501903534,0.122366080350346,nifti
CUT-3D-T2,CUT,GAN,3D,t2,t2,ReMIND-107-pre,0.777597135997834,0.7740317374392934,11.875000856799057,0.1964704841375351,0.2266845297482278,nifti
CUT-3D-T2,CUT,GAN,3D,t2,t2,ReMIND-109-post,0.7866082664872814,0.7858577378492844,12.627124257149411,0.1587100327014923,0.2143158253696229,nifti
CUT-3D-T2,CUT,GAN,3D,t2,t2,ReMIND-109-pre,0.8077496069312724,0.8063975502755503,14.535378722945648,0.1312685012817382,0.186596225443724,nifti
CUT-3D-T2+FLAIR,CUT,GAN,3D,t2_flair,t2,ReMIND-003-post,0.8229614048646501,0.8228531119265503,15.132712659666128,0.112129159271717,0.1777172880429847,nifti
CUT-3D-T2+FLAIR,CUT,GAN,3D,t2_flair,flair,ReMIND-003-post,0.7739857055313877,0.7751626168988672,15.17065929310678,0.1315023452043533,0.1811494615440275,nifti
CUT-3D-T2+FLAIR,CUT,GAN,3D,t2_flair,t2,ReMIND-023-post,0.7115629845254903,0.7160081016784446,14.177633821702358,0.1208245828747749,0.277094140096947,nifti
CUT-3D-T2+FLAIR,CUT,GAN,3D,t2_flair,flair,ReMIND-023-post,0.6518265642680172,0.6519814538815244,14.122680134749166,0.1517668813467025,0.2914961791700787,nifti
CUT-3D-T2+FLAIR,CUT,GAN,3D,t2_flair,t2,ReMIND-023-pre,0.7268876386496188,0.7247611972040826,13.754000833651157,0.1301877647638321,0.278009930077721,nifti
CUT-3D-T2+FLAIR,CUT,GAN,3D,t2_flair,flair,ReMIND-023-pre,0.6608396498264616,0.6590949896817029,13.0296340586285,0.1551884859800338,0.2907975394936168,nifti
CUT-3D-T2+FLAIR,CUT,GAN,3D,t2_flair,t2,ReMIND-032-post,0.7951785106375444,0.7964678726479136,14.461844197112857,0.122653380036354,0.2083253482213387,nifti
CUT-3D-T2+FLAIR,CUT,GAN,3D,t2_flair,flair,ReMIND-032-post,0.7654330847492523,0.7653560358700686,14.13099192693015,0.1461977511644363,0.2060364756064537,nifti
CUT-3D-T2+FLAIR,CUT,GAN,3D,t2_flair,t2,ReMIND-032-pre,0.7409503281794002,0.7444422282267219,13.221619740399952,0.147248163819313,0.2519828850446745,nifti
CUT-3D-T2+FLAIR,CUT,GAN,3D,t2_flair,flair,ReMIND-032-pre,0.7048397897903599,0.7086031028557956,13.745125029783484,0.1511038392782211,0.2501467504473619,nifti
CUT-3D-T2+FLAIR,CUT,GAN,3D,t2_flair,t2,ReMIND-045-pre,0.7717972860945201,0.7726934427221267,15.244145638614556,0.1108319610357284,0.1984017374260085,nifti
CUT-3D-T2+FLAIR,CUT,GAN,3D,t2_flair,flair,ReMIND-045-pre,0.7555193478668447,0.7567706549275282,15.186590379786551,0.1281337887048721,0.2064307795799508,nifti
CUT-3D-T2+FLAIR,CUT,GAN,3D,t2_flair,t2,ReMIND-056-post,0.7362760423007133,0.7392837802914505,11.986534014553207,0.1896819025278091,0.241593279715242,nifti
CUT-3D-T2+FLAIR,CUT,GAN,3D,t2_flair,flair,ReMIND-056-post,0.7223147359443294,0.7225962399436369,12.915544304276253,0.170732632279396,0.2252510354436677,nifti
CUT-3D-T2+FLAIR,CUT,GAN,3D,t2_flair,t2,ReMIND-056-pre,0.7258817054839842,0.7307371476664,14.500341264752288,0.1435154378414154,0.2300823271550514,nifti
CUT-3D-T2+FLAIR,CUT,GAN,3D,t2_flair,flair,ReMIND-056-pre,0.7305692594740985,0.7378158048818689,15.343067783018292,0.1282661110162735,0.2234757342548282,nifti
CUT-3D-T2+FLAIR,CUT,GAN,3D,t2_flair,t2,ReMIND-077-post,0.7971306034120523,0.7978795481617904,14.521821044450895,0.1147255450487136,0.2222184808673085,nifti
CUT-3D-T2+FLAIR,CUT,GAN,3D,t2_flair,flair,ReMIND-077-post,0.7826937709634813,0.7879509283707142,15.324025682980364,0.1212907135486602,0.2069038907821114,nifti
CUT-3D-T2+FLAIR,CUT,GAN,3D,t2_flair,t2,ReMIND-077-pre,0.7670333190453807,0.7648904339769408,14.750284031064025,0.1102152690291404,0.2182958767813,nifti
CUT-3D-T2+FLAIR,CUT,GAN,3D,t2_flair,flair,ReMIND-077-pre,0.7421152233180092,0.7450366497107392,14.761129477830732,0.1297460943460464,0.2339024011577878,nifti
CUT-3D-T2+FLAIR,CUT,GAN,3D,t2_flair,t2,ReMIND-079-post,0.8224583958039571,0.8204090389802137,12.300508466313754,0.1783432960510254,0.2107951433674709,nifti
CUT-3D-T2+FLAIR,CUT,GAN,3D,t2_flair,flair,ReMIND-079-post,0.803355505070958,0.8000309441107694,12.913453722540886,0.1758231669664383,0.2114035726801769,nifti
CUT-3D-T2+FLAIR,CUT,GAN,3D,t2_flair,t2,ReMIND-079-pre,0.7547951764977544,0.7584368472555226,14.083577313702056,0.1289402246475219,0.2086499850343725,nifti
CUT-3D-T2+FLAIR,CUT,GAN,3D,t2_flair,flair,ReMIND-079-pre,0.7585776665362329,0.7646819363660785,15.23399077924261,0.1256187111139297,0.1958957406478887,nifti
CUT-3D-T2+FLAIR,CUT,GAN,3D,t2_flair,t2,ReMIND-087-pre,0.7419040010430342,0.7420963378785654,14.19372750171285,0.1400258392095565,0.2231459340563527,nifti
CUT-3D-T2+FLAIR,CUT,GAN,3D,t2_flair,flair,ReMIND-087-pre,0.7612223131953533,0.7676648212077101,14.151546264063866,0.1509583890438079,0.1942721886857264,nifti
CUT-3D-T2+FLAIR,CUT,GAN,3D,t2_flair,t2,ReMIND-091-pre,0.7810961479599268,0.7825795693474972,14.553248900761496,0.1098486185073852,0.2002424253093684,nifti
CUT-3D-T2+FLAIR,CUT,GAN,3D,t2_flair,flair,ReMIND-091-pre,0.7597399317232447,0.7641992479059031,15.56556717121643,0.1197356879711151,0.2101090390669422,nifti
CUT-3D-T2+FLAIR,CUT,GAN,3D,t2_flair,t2,ReMIND-096-post,0.7921212568646187,0.7907391473913155,14.99441697320805,0.1075465008616447,0.1969418063066726,nifti
CUT-3D-T2+FLAIR,CUT,GAN,3D,t2_flair,flair,ReMIND-096-post,0.7283999202692727,0.7279494516734503,14.595125582996932,0.1381003409624099,0.2214153530292733,nifti
CUT-3D-T2+FLAIR,CUT,GAN,3D,t2_flair,t2,ReMIND-096-pre,0.7924363094923161,0.7922079068158274,15.385867691406894,0.1067431345582008,0.1740707356608316,nifti
CUT-3D-T2+FLAIR,CUT,GAN,3D,t2_flair,flair,ReMIND-096-pre,0.7610690766033547,0.7668302189298071,16.036404126155084,0.1199643984436988,0.1997886182677545,nifti
CUT-3D-T2+FLAIR,CUT,GAN,3D,t2_flair,t2,ReMIND-102-pre,0.8078476534142189,0.8095022540662888,14.050920295803346,0.1381794512271881,0.1850798194306892,nifti
CUT-3D-T2+FLAIR,CUT,GAN,3D,t2_flair,flair,ReMIND-102-pre,0.7914245531069803,0.7968725783655829,14.92121955126608,0.1342917680740356,0.2095849886331912,nifti
CUT-3D-T2+FLAIR,CUT,GAN,3D,t2_flair,t2,ReMIND-107-pre,0.7772753266050371,0.7739947170101116,11.913411304595574,0.193557471036911,0.2478766358560986,nifti
CUT-3D-T2+FLAIR,CUT,GAN,3D,t2_flair,flair,ReMIND-107-pre,0.7859886709139268,0.7851726947289416,12.410513314216498,0.1806660890579223,0.2260644940866364,nifti
CUT-3D-T2+FLAIR,CUT,GAN,3D,t2_flair,t2,ReMIND-109-post,0.7861642417271285,0.7853394832173245,12.634156677257838,0.1572194844484329,0.2150600737995571,nifti
CUT-3D-T2+FLAIR,CUT,GAN,3D,t2_flair,flair,ReMIND-109-post,0.7590864285213741,0.7604826983544949,12.488938684163742,0.1756013333797454,0.216111335489485,nifti
CUT-3D-T2+FLAIR,CUT,GAN,3D,t2_flair,t2,ReMIND-109-pre,0.8061249210528326,0.8047598031136168,14.407333764800017,0.1340712010860443,0.1837075486913457,nifti
CUT-3D-T2+FLAIR,CUT,GAN,3D,t2_flair,flair,ReMIND-109-pre,0.8079909091576446,0.8119469005193986,14.680113954643517,0.1495700478553772,0.1699644781246378,nifti
CycleGAN-2D-T2,CycleGAN,GAN,2D,t2,t2,ReMIND-003-post,0.7952199708999373,0.7943664008362664,13.456273511070314,0.1513696163892746,0.2607066904505093,nifti
CycleGAN-2D-T2,CycleGAN,GAN,2D,t2,t2,ReMIND-003-pre,0.7954842581915311,0.8002438389324166,15.97832321018636,0.1007355004549026,0.2411154781214215,nifti
CycleGAN-2D-T2,CycleGAN,GAN,2D,t2,t2,ReMIND-004-pre,0.8722508427903715,0.8730293184943879,16.31034028607591,0.09202641248703,0.2163275973154948,nifti
CycleGAN-2D-T2,CycleGAN,GAN,2D,t2,t2,ReMIND-023-post,0.6716826539364184,0.6711669500800123,11.72338131194358,0.2045411765575409,0.3501506204958315,nifti
CycleGAN-2D-T2,CycleGAN,GAN,2D,t2,t2,ReMIND-023-pre,0.6995682749178501,0.6966980796239994,12.46878561371062,0.1831946223974228,0.3182300215258318,nifti
CycleGAN-2D-T2,CycleGAN,GAN,2D,t2,t2,ReMIND-031-post,0.8047417172633132,0.8071318710444123,13.570270326675802,0.1526161730289459,0.2292908028552406,nifti
CycleGAN-2D-T2,CycleGAN,GAN,2D,t2,t2,ReMIND-031-pre,0.7727758411567412,0.7772737845124106,15.970989726530709,0.1039144173264503,0.2678770167157822,nifti
CycleGAN-2D-T2,CycleGAN,GAN,2D,t2,t2,ReMIND-032-post,0.7663366352744394,0.7643365604906938,11.441188848836848,0.2227768450975418,0.2721314537219512,nifti
CycleGAN-2D-T2,CycleGAN,GAN,2D,t2,t2,ReMIND-032-pre,0.6879166531001636,0.6893197084211704,10.742942903959962,0.2338083088397979,0.3546091578034467,nifti
CycleGAN-2D-T2,CycleGAN,GAN,2D,t2,t2,ReMIND-034-post,0.7152268415652522,0.7169078710633175,12.414744034751449,0.1690016686916351,0.2965371668338775,nifti
CycleGAN-2D-T2,CycleGAN,GAN,2D,t2,t2,ReMIND-034-pre,0.7089137858219123,0.7110308526967053,11.648366964481935,0.1943583190441131,0.2749817458291848,nifti
CycleGAN-2D-T2,CycleGAN,GAN,2D,t2,t2,ReMIND-045-post,0.8395501130507057,0.842098699053827,13.300513890068224,0.1616969555616378,0.2048904652828755,nifti
CycleGAN-2D-T2,CycleGAN,GAN,2D,t2,t2,ReMIND-045-pre,0.760848612380047,0.7617468098609096,14.04006463033211,0.140933945775032,0.2395133285650185,nifti
CycleGAN-2D-T2,CycleGAN,GAN,2D,t2,t2,ReMIND-056-post,0.7410964286808481,0.7436922315183166,11.5229678393788,0.1946970969438552,0.2838797368879976,nifti
CycleGAN-2D-T2,CycleGAN,GAN,2D,t2,t2,ReMIND-056-pre,0.7260915930051993,0.7297648669414323,14.038331649590267,0.153830736875534,0.256857738657682,nifti
CycleGAN-2D-T2,CycleGAN,GAN,2D,t2,t2,ReMIND-077-post,0.7720204286167618,0.7687951385006226,11.945981405810144,0.1864560097455978,0.3051312545666823,nifti
CycleGAN-2D-T2,CycleGAN,GAN,2D,t2,t2,ReMIND-077-pre,0.7937019058503901,0.7953883415550611,15.576425892285313,0.0955374017357826,0.2728812461776763,nifti
CycleGAN-2D-T2,CycleGAN,GAN,2D,t2,t2,ReMIND-079-post,0.8066518464696291,0.8047420886302196,10.579874428425551,0.2244202643632888,0.2709630981490418,nifti
CycleGAN-2D-T2,CycleGAN,GAN,2D,t2,t2,ReMIND-079-pre,0.784539742412561,0.790082514928181,14.791374387208132,0.1233676522970199,0.2707131827177282,nifti
CycleGAN-2D-T2,CycleGAN,GAN,2D,t2,t2,ReMIND-087-post,0.783624314857455,0.7806115403967193,12.165885734541495,0.1824360787868499,0.2767451349645853,nifti
CycleGAN-2D-T2,CycleGAN,GAN,2D,t2,t2,ReMIND-087-pre,0.7682893803091859,0.772267011479349,14.893971583986694,0.1274799406528473,0.2651810774096736,nifti
CycleGAN-2D-T2,CycleGAN,GAN,2D,t2,t2,ReMIND-091-post,0.7404923985470846,0.7363250349262759,11.140587769980034,0.212866872549057,0.3015068116340231,nifti
CycleGAN-2D-T2,CycleGAN,GAN,2D,t2,t2,ReMIND-091-pre,0.808628449467365,0.8115176453632413,15.085810912980568,0.1002795398235321,0.2514380262764685,nifti
CycleGAN-2D-T2,CycleGAN,GAN,2D,t2,t2,ReMIND-096-post,0.7458240091617918,0.741421293110763,11.805101463586574,0.2050844430923462,0.2832387360029442,nifti
CycleGAN-2D-T2,CycleGAN,GAN,2D,t2,t2,ReMIND-096-pre,0.8111079258347309,0.8153161618682113,15.825647908646,0.1030576303601265,0.2469931396791774,nifti
CycleGAN-2D-T2,CycleGAN,GAN,2D,t2,t2,ReMIND-102-pre,0.8367091615700405,0.8411492256104097,15.17761222705612,0.1291873008012771,0.2304221304890873,nifti
CycleGAN-2D-T2,CycleGAN,GAN,2D,t2,t2,ReMIND-107-post,0.8980280304520025,0.8945983610866445,12.237539599747226,0.1868033409118652,0.1637789203060997,nifti
CycleGAN-2D-T2,CycleGAN,GAN,2D,t2,t2,ReMIND-107-pre,0.7765751484375891,0.7724880440815307,10.076012416790888,0.2594956457614898,0.2698101161254777,nifti
CycleGAN-2D-T2,CycleGAN,GAN,2D,t2,t2,ReMIND-109-post,0.772292023213265,0.7705304944172084,12.012920558548046,0.1799077093601226,0.2819132596254349,nifti
CycleGAN-2D-T2,CycleGAN,GAN,2D,t2,t2,ReMIND-109-pre,0.8227219867312918,0.8238170805883505,14.896444707903797,0.1232896521687507,0.2390444701252219,nifti
CycleGAN-2D-T2+FLAIR,CycleGAN,GAN,2D,t2_flair,t2,ReMIND-003-post,0.8380435112530706,0.8424268695195777,15.02915203897338,0.1111713498830795,0.2397066255410512,nifti
CycleGAN-2D-T2+FLAIR,CycleGAN,GAN,2D,t2_flair,flair,ReMIND-003-post,0.793978394434613,0.8008431215518372,16.180328719849008,0.1164848953485488,0.2516839688315111,nifti
CycleGAN-2D-T2+FLAIR,CycleGAN,GAN,2D,t2_flair,t2,ReMIND-023-post,0.7499684429977894,0.7571438742520123,14.629453649762468,0.1120822578668594,0.3111784805854161,nifti
CycleGAN-2D-T2+FLAIR,CycleGAN,GAN,2D,t2_flair,flair,ReMIND-023-post,0.6772665137701581,0.6825569256624117,14.59600609032256,0.1436043828725814,0.3571809706864534,nifti
CycleGAN-2D-T2+FLAIR,CycleGAN,GAN,2D,t2_flair,t2,ReMIND-023-pre,0.7396786058578916,0.7406487979736508,14.180231476653264,0.1209054291248321,0.3223106992595336,nifti
CycleGAN-2D-T2+FLAIR,CycleGAN,GAN,2D,t2_flair,flair,ReMIND-023-pre,0.6646491958807599,0.6681289442300886,14.05679803837089,0.1504357010126114,0.3588523636845981,nifti
CycleGAN-2D-T2+FLAIR,CycleGAN,GAN,2D,t2_flair,t2,ReMIND-032-post,0.806093288486485,0.8091852407968957,14.284809088799692,0.1243349090218544,0.261698774038217,nifti
CycleGAN-2D-T2+FLAIR,CycleGAN,GAN,2D,t2_flair,flair,ReMIND-032-post,0.775140805942581,0.7781385764017931,14.499185877958723,0.1386896818876266,0.2794318554493097,nifti
CycleGAN-2D-T2+FLAIR,CycleGAN,GAN,2D,t2_flair,t2,ReMIND-032-pre,0.7633285560893963,0.7695015992291405,13.474405377912165,0.1376609355211258,0.3069683004950368,nifti
CycleGAN-2D-T2+FLAIR,CycleGAN,GAN,2D,t2_flair,flair,ReMIND-032-pre,0.7311275992670602,0.7379488265768811,14.127394781270937,0.1496538519859314,0.322705959164819,nifti
CycleGAN-2D-T2+FLAIR,CycleGAN,GAN,2D,t2_flair,t2,ReMIND-045-pre,0.7876003195003203,0.7910051066321602,15.60161385557262,0.1017255559563636,0.2753323726356029,nifti
CycleGAN-2D-T2+FLAIR,CycleGAN,GAN,2D,t2_flair,flair,ReMIND-045-pre,0.7797863409703092,0.7816708485791579,15.910369341901523,0.1182411462068557,0.2824053517257681,nifti
CycleGAN-2D-T2+FLAIR,CycleGAN,GAN,2D,t2_flair,t2,ReMIND-056-post,0.7849311602835719,0.7895444736108305,12.75767637122804,0.1595584899187088,0.2795741743054883,nifti
CycleGAN-2D-T2+FLAIR,CycleGAN,GAN,2D,t2_flair,flair,ReMIND-056-post,0.7544878784342851,0.7600325946878563,13.823244242428183,0.1540700197219848,0.2878756214832437,nifti
CycleGAN-2D-T2+FLAIR,CycleGAN,GAN,2D,t2_flair,t2,ReMIND-056-pre,0.7574814344123895,0.7645363844822823,15.62660181063385,0.1274855285882949,0.2798122153789908,nifti
CycleGAN-2D-T2+FLAIR,CycleGAN,GAN,2D,t2_flair,flair,ReMIND-056-pre,0.7763997359824301,0.783992965635637,16.203952397589397,0.1179693862795829,0.2816785280075338,nifti
CycleGAN-2D-T2+FLAIR,CycleGAN,GAN,2D,t2_flair,t2,ReMIND-077-post,0.8077488463216113,0.8113422827244903,14.637467412278747,0.1098684966564178,0.2896888610478994,nifti
CycleGAN-2D-T2+FLAIR,CycleGAN,GAN,2D,t2_flair,flair,ReMIND-077-post,0.8147232167899161,0.8234122558352457,16.20083138622799,0.0997257754206657,0.2713620666716549,nifti
CycleGAN-2D-T2+FLAIR,CycleGAN,GAN,2D,t2_flair,t2,ReMIND-077-pre,0.7957047666889477,0.7976683580946323,15.47699145804284,0.0965888053178787,0.2714292831857752,nifti
CycleGAN-2D-T2+FLAIR,CycleGAN,GAN,2D,t2_flair,flair,ReMIND-077-pre,0.7792629767250858,0.7852836174544097,15.829212703396752,0.1144204884767532,0.2662032765816458,nifti
CycleGAN-2D-T2+FLAIR,CycleGAN,GAN,2D,t2_flair,t2,ReMIND-079-post,0.8453642379769545,0.8466857293761587,12.401765499955498,0.1724544167518615,0.2532174204652374,nifti
CycleGAN-2D-T2+FLAIR,CycleGAN,GAN,2D,t2_flair,flair,ReMIND-079-post,0.8235173810170827,0.8246407783400004,13.219797926203288,0.1737119108438491,0.2666595876216888,nifti
CycleGAN-2D-T2+FLAIR,CycleGAN,GAN,2D,t2_flair,t2,ReMIND-079-pre,0.7857123999450942,0.7910724406297562,14.968762020146045,0.1190255656838417,0.2683708505007808,nifti
CycleGAN-2D-T2+FLAIR,CycleGAN,GAN,2D,t2_flair,flair,ReMIND-079-pre,0.7828900062997731,0.7912632148934654,14.909010854313395,0.1286957412958145,0.2590054000139902,nifti
CycleGAN-2D-T2+FLAIR,CycleGAN,GAN,2D,t2_flair,t2,ReMIND-087-pre,0.7709830608980015,0.774915616519488,15.134160866043985,0.1220224127173423,0.2638670004076427,nifti
CycleGAN-2D-T2+FLAIR,CycleGAN,GAN,2D,t2_flair,flair,ReMIND-087-pre,0.7966218786679812,0.8073178551032493,14.74157988964276,0.1402783691883087,0.2245879427030466,nifti
CycleGAN-2D-T2+FLAIR,CycleGAN,GAN,2D,t2_flair,t2,ReMIND-091-pre,0.8049136315433184,0.8071205567176696,15.008225088189484,0.101985178887844,0.250303657416917,nifti
CycleGAN-2D-T2+FLAIR,CycleGAN,GAN,2D,t2_flair,flair,ReMIND-091-pre,0.7848952979882363,0.7905435757208539,16.38445908210545,0.1059364974498748,0.2547775554053622,nifti
CycleGAN-2D-T2+FLAIR,CycleGAN,GAN,2D,t2_flair,t2,ReMIND-096-post,0.8198527669812824,0.8217858174822483,15.096252926904828,0.101392738521099,0.2559315226105756,nifti
CycleGAN-2D-T2+FLAIR,CycleGAN,GAN,2D,t2_flair,flair,ReMIND-096-post,0.7540814719848684,0.7587869734623759,15.365963606988917,0.1293185353279113,0.2808587398639945,nifti
CycleGAN-2D-T2+FLAIR,CycleGAN,GAN,2D,t2_flair,t2,ReMIND-096-pre,0.8100743006156006,0.8144380121191357,15.860098351613354,0.1054787188768386,0.2456876784144492,nifti
CycleGAN-2D-T2+FLAIR,CycleGAN,GAN,2D,t2_flair,flair,ReMIND-096-pre,0.7800779797902708,0.7909994871872258,16.479683125382742,0.1146821230649948,0.2442299363234739,nifti
CycleGAN-2D-T2+FLAIR,CycleGAN,GAN,2D,t2_flair,t2,ReMIND-102-pre,0.8380423836291412,0.8426319768565704,15.21500467237371,0.1272479146718979,0.2278813178558926,nifti
CycleGAN-2D-T2+FLAIR,CycleGAN,GAN,2D,t2_flair,flair,ReMIND-102-pre,0.820750684098755,0.8284995761101961,15.01444567437099,0.1379611492156982,0.2319019251799845,nifti
CycleGAN-2D-T2+FLAIR,CycleGAN,GAN,2D,t2_flair,t2,ReMIND-107-pre,0.7970402978562195,0.7973252587604766,12.63858969749446,0.1804845929145813,0.2685952799187766,nifti
CycleGAN-2D-T2+FLAIR,CycleGAN,GAN,2D,t2_flair,flair,ReMIND-107-pre,0.8200265655907458,0.8214830797507321,13.284184274932407,0.1725285202264785,0.2505449387762282,nifti
CycleGAN-2D-T2+FLAIR,CycleGAN,GAN,2D,t2_flair,t2,ReMIND-109-post,0.8096384730346322,0.8126166368710388,13.266099205884704,0.1421415358781814,0.2702178087499406,nifti
CycleGAN-2D-T2+FLAIR,CycleGAN,GAN,2D,t2_flair,flair,ReMIND-109-post,0.7864621953195304,0.7932198526348218,13.542160983188936,0.1622431874275207,0.2735629316833284,nifti
CycleGAN-2D-T2+FLAIR,CycleGAN,GAN,2D,t2_flair,t2,ReMIND-109-pre,0.8239794436841372,0.825089261289714,14.98387336740955,0.1210957691073417,0.2348720836411188,nifti
CycleGAN-2D-T2+FLAIR,CycleGAN,GAN,2D,t2_flair,flair,ReMIND-109-pre,0.8347139316976872,0.8408891530804367,15.423769886391517,0.1411619931459427,0.2078608226802972,nifti
CycleGAN-2.5D-T2,CycleGAN,GAN,2.5D,t2,t2,ReMIND-003-post,0.8384046645334713,0.8425279015094755,15.239476498031404,0.1094467788934707,0.24978551721456,nifti
CycleGAN-2.5D-T2,CycleGAN,GAN,2.5D,t2,t2,ReMIND-003-pre,0.7960175530526434,0.8004827188155569,16.18648136442944,0.097611479461193,0.2421530793336304,nifti
CycleGAN-2.5D-T2,CycleGAN,GAN,2.5D,t2,t2,ReMIND-004-pre,0.8739917739140135,0.8747326452108949,16.45617382548114,0.0903738588094711,0.2203368950348634,nifti
CycleGAN-2.5D-T2,CycleGAN,GAN,2.5D,t2,t2,ReMIND-023-post,0.7418878464178698,0.7491978952948897,14.984616093118484,0.1089501902461052,0.3224581182003021,nifti
CycleGAN-2.5D-T2,CycleGAN,GAN,2.5D,t2,t2,ReMIND-023-pre,0.7369191708767812,0.7376713594392104,14.79782258787305,0.1097785159945488,0.3297201719354181,nifti
CycleGAN-2.5D-T2,CycleGAN,GAN,2.5D,t2,t2,ReMIND-031-post,0.8475082804975952,0.8513989073259588,15.765034027342184,0.1106845736503601,0.254982280182211,nifti
CycleGAN-2.5D-T2,CycleGAN,GAN,2.5D,t2,t2,ReMIND-031-pre,0.7740554705043452,0.7784535624445383,16.037394414773203,0.1026795133948326,0.2738641144074115,nifti
CycleGAN-2.5D-T2,CycleGAN,GAN,2.5D,t2,t2,ReMIND-032-post,0.806774020245388,0.8087274970105307,14.34689347435837,0.1245957091450691,0.2686651551570648,nifti
CycleGAN-2.5D-T2,CycleGAN,GAN,2.5D,t2,t2,ReMIND-032-pre,0.7651183160822579,0.7709346953645433,13.5028983136297,0.1403214633464813,0.320275824430377,nifti
CycleGAN-2.5D-T2,CycleGAN,GAN,2.5D,t2,t2,ReMIND-034-post,0.7566691637111436,0.7624837673749525,14.795801798382929,0.1268104314804077,0.3339871519804001,nifti
CycleGAN-2.5D-T2,CycleGAN,GAN,2.5D,t2,t2,ReMIND-034-pre,0.7103381115504539,0.7175813936313368,13.931122405348264,0.149545133113861,0.31858406526347,nifti
CycleGAN-2.5D-T2,CycleGAN,GAN,2.5D,t2,t2,ReMIND-045-post,0.8574080553792488,0.861206595258047,15.239953351021349,0.1163411736488342,0.2362427526841992,nifti
CycleGAN-2.5D-T2,CycleGAN,GAN,2.5D,t2,t2,ReMIND-045-pre,0.7909877764745715,0.7941932990781916,15.875555400710232,0.1015629395842552,0.2819082359118121,nifti
CycleGAN-2.5D-T2,CycleGAN,GAN,2.5D,t2,t2,ReMIND-056-post,0.7817057079812645,0.7860437585022876,12.979935591416185,0.1598567366600036,0.2946460185379818,nifti
CycleGAN-2.5D-T2,CycleGAN,GAN,2.5D,t2,t2,ReMIND-056-pre,0.7503895899187701,0.7580347533064941,15.329045766636735,0.1312972009181976,0.2985591271685229,nifti
CycleGAN-2.5D-T2,CycleGAN,GAN,2.5D,t2,t2,ReMIND-077-post,0.8089501166301442,0.8119681994986507,14.711005037397909,0.1102654114365577,0.2905585302694424,nifti
CycleGAN-2.5D-T2,CycleGAN,GAN,2.5D,t2,t2,ReMIND-077-pre,0.7950956936242686,0.7970785850098171,15.689340752386157,0.0940515473484993,0.2779633616160902,nifti
CycleGAN-2.5D-T2,CycleGAN,GAN,2.5D,t2,t2,ReMIND-079-post,0.8465278339617637,0.8468934740857019,12.430836322239662,0.1716508716344833,0.2546891264013342,nifti
CycleGAN-2.5D-T2,CycleGAN,GAN,2.5D,t2,t2,ReMIND-079-pre,0.7842808861272406,0.7894196034652362,14.863915005418324,0.1211305260658264,0.2805782780467465,nifti
CycleGAN-2.5D-T2,CycleGAN,GAN,2.5D,t2,t2,ReMIND-087-post,0.8227265823396366,0.8249796544149977,14.210311415278252,0.1346492916345596,0.2700049052946269,nifti
CycleGAN-2.5D-T2,CycleGAN,GAN,2.5D,t2,t2,ReMIND-087-pre,0.7712149591884263,0.7750219476231109,14.97263483042647,0.1259423792362213,0.2735456927507012,nifti
CycleGAN-2.5D-T2,CycleGAN,GAN,2.5D,t2,t2,ReMIND-091-post,0.8095660118656849,0.810705282387869,14.258613878002429,0.1143586635589599,0.2723955255239568,nifti
CycleGAN-2.5D-T2,CycleGAN,GAN,2.5D,t2,t2,ReMIND-091-pre,0.8078109799541903,0.8108049234302602,15.099358790073554,0.0997253283858299,0.255758069684169,nifti
CycleGAN-2.5D-T2,CycleGAN,GAN,2.5D,t2,t2,ReMIND-096-post,0.8186762213212736,0.82061750342922,15.433008208493291,0.0978792011737823,0.2670643225658771,nifti
CycleGAN-2.5D-T2,CycleGAN,GAN,2.5D,t2,t2,ReMIND-096-pre,0.8115935140666612,0.8156196044769105,15.950255437435455,0.1020060554146766,0.2539724000635441,nifti
CycleGAN-2.5D-T2,CycleGAN,GAN,2.5D,t2,t2,ReMIND-102-pre,0.8396917881993519,0.844254757314426,15.166347795430804,0.1291305273771286,0.2337928837226642,nifti
CycleGAN-2.5D-T2,CycleGAN,GAN,2.5D,t2,t2,ReMIND-107-post,0.9189826617702916,0.9190632947064452,14.329507179274966,0.1342640221118927,0.1947027802467346,nifti
CycleGAN-2.5D-T2,CycleGAN,GAN,2.5D,t2,t2,ReMIND-107-pre,0.7935298032789091,0.7941370731111173,13.257396001561002,0.1672130674123764,0.2705809333258205,nifti
CycleGAN-2.5D-T2,CycleGAN,GAN,2.5D,t2,t2,ReMIND-109-post,0.8087237884849285,0.8113633382923569,13.31579270910913,0.142514556646347,0.2829540014266968,nifti
CycleGAN-2.5D-T2,CycleGAN,GAN,2.5D,t2,t2,ReMIND-109-pre,0.8226067365415696,0.8234145452771789,15.004752167636603,0.1212323009967804,0.241565619972912,nifti
CycleGAN-2.5D-T2+FLAIR,CycleGAN,GAN,2.5D,t2_flair,t2,ReMIND-003-post,0.8376116186844282,0.8414729251002825,15.070857676593796,0.1106989160180091,0.249397274033696,nifti
CycleGAN-2.5D-T2+FLAIR,CycleGAN,GAN,2.5D,t2_flair,flair,ReMIND-003-post,0.794526618736939,0.800657006358109,16.390934117840985,0.1139282509684562,0.2599242361737232,nifti
CycleGAN-2.5D-T2+FLAIR,CycleGAN,GAN,2.5D,t2_flair,t2,ReMIND-023-post,0.7484660697706966,0.7549659336908683,14.709495544240818,0.1104336455464363,0.3212353967958026,nifti
CycleGAN-2.5D-T2+FLAIR,CycleGAN,GAN,2.5D,t2_flair,flair,ReMIND-023-post,0.6756739937041047,0.6802122952931706,14.69612066007208,0.1429943144321441,0.3642078770531548,nifti
CycleGAN-2.5D-T2+FLAIR,CycleGAN,GAN,2.5D,t2_flair,t2,ReMIND-023-pre,0.7372812207962556,0.7382362250290061,13.922090672284714,0.1239612102508544,0.3312874515266979,nifti
CycleGAN-2.5D-T2+FLAIR,CycleGAN,GAN,2.5D,t2_flair,flair,ReMIND-023-pre,0.6661281066571327,0.6689355568171595,13.735446292746346,0.1511576026678085,0.3597521720563664,nifti
CycleGAN-2.5D-T2+FLAIR,CycleGAN,GAN,2.5D,t2_flair,t2,ReMIND-032-post,0.8110145951417805,0.8134673685777001,14.439072179349136,0.1207994371652603,0.2679696243542891,nifti
CycleGAN-2.5D-T2+FLAIR,CycleGAN,GAN,2.5D,t2_flair,flair,ReMIND-032-post,0.7799754739292727,0.7823878883060338,14.636031719238916,0.1364092975854873,0.2829980578942176,nifti
CycleGAN-2.5D-T2+FLAIR,CycleGAN,GAN,2.5D,t2_flair,t2,ReMIND-032-pre,0.7672359099232232,0.7732114063751657,13.430771859872015,0.1401849687099456,0.3095994927855425,nifti
CycleGAN-2.5D-T2+FLAIR,CycleGAN,GAN,2.5D,t2_flair,flair,ReMIND-032-pre,0.7359051392140203,0.7423960819439497,13.957113828474135,0.1502572149038314,0.323749596989432,nifti
CycleGAN-2.5D-T2+FLAIR,CycleGAN,GAN,2.5D,t2_flair,t2,ReMIND-045-pre,0.7882507620249115,0.7914152712594448,15.84870546381393,0.1012711450457573,0.2802990805737826,nifti
CycleGAN-2.5D-T2+FLAIR,CycleGAN,GAN,2.5D,t2_flair,flair,ReMIND-045-pre,0.7773029721685958,0.7793160921951704,15.580463366610395,0.1247105523943901,0.2935886022691824,nifti
CycleGAN-2.5D-T2+FLAIR,CycleGAN,GAN,2.5D,t2_flair,t2,ReMIND-056-post,0.7834043981640287,0.7875525806172929,12.715332808142945,0.1612781584262848,0.2880370956042717,nifti
CycleGAN-2.5D-T2+FLAIR,CycleGAN,GAN,2.5D,t2_flair,flair,ReMIND-056-post,0.7557648569572967,0.760612369866292,14.058633556352005,0.1483187675476074,0.3005847334861755,nifti
CycleGAN-2.5D-T2+FLAIR,CycleGAN,GAN,2.5D,t2_flair,t2,ReMIND-056-pre,0.7505671303121845,0.7580397225047629,15.148517872632144,0.1338797956705093,0.2944948026151568,nifti
CycleGAN-2.5D-T2+FLAIR,CycleGAN,GAN,2.5D,t2_flair,flair,ReMIND-056-pre,0.7670719983419727,0.7750832538960037,15.30247473223507,0.1314292997121811,0.3000487210573973,nifti
CycleGAN-2.5D-T2+FLAIR,CycleGAN,GAN,2.5D,t2_flair,t2,ReMIND-077-post,0.804376036504426,0.8073275391042806,14.77521014455821,0.1080575436353683,0.2910053758202372,nifti
CycleGAN-2.5D-T2+FLAIR,CycleGAN,GAN,2.5D,t2_flair,flair,ReMIND-077-post,0.8115701875965634,0.8193282296617005,16.27140359054429,0.1000216007232666,0.2783595694077981,nifti
CycleGAN-2.5D-T2+FLAIR,CycleGAN,GAN,2.5D,t2_flair,t2,ReMIND-077-pre,0.796337198456229,0.7987923009448875,15.768283460107764,0.0934246927499771,0.2785035234338008,nifti
CycleGAN-2.5D-T2+FLAIR,CycleGAN,GAN,2.5D,t2_flair,flair,ReMIND-077-pre,0.7775124980432152,0.7846164572197926,15.977004479276005,0.1093274429440498,0.2790628594826467,nifti
CycleGAN-2.5D-T2+FLAIR,CycleGAN,GAN,2.5D,t2_flair,t2,ReMIND-079-post,0.8435586245331652,0.8442119626626643,12.492768280856716,0.1708357483148574,0.2503969016912821,nifti
CycleGAN-2.5D-T2+FLAIR,CycleGAN,GAN,2.5D,t2_flair,flair,ReMIND-079-post,0.8217891792306254,0.8217898770091226,13.337984274025544,0.1693467199802398,0.2673956538374359,nifti
CycleGAN-2.5D-T2+FLAIR,CycleGAN,GAN,2.5D,t2_flair,t2,ReMIND-079-pre,0.7842037531246462,0.7891089951908851,14.965053032451875,0.1205988824367523,0.2841064031730151,nifti
CycleGAN-2.5D-T2+FLAIR,CycleGAN,GAN,2.5D,t2_flair,flair,ReMIND-079-pre,0.7827922380638348,0.7908969334057496,15.176641790655196,0.1250146329402923,0.2803853674058141,nifti
CycleGAN-2.5D-T2+FLAIR,CycleGAN,GAN,2.5D,t2_flair,t2,ReMIND-087-pre,0.7728412950872252,0.7766785017803873,15.085450868123004,0.1239278614521026,0.2732914860601778,nifti
CycleGAN-2.5D-T2+FLAIR,CycleGAN,GAN,2.5D,t2_flair,flair,ReMIND-087-pre,0.8020576174552192,0.8125174947851175,15.228451045317088,0.1346151232719421,0.2414782853338165,nifti
CycleGAN-2.5D-T2+FLAIR,CycleGAN,GAN,2.5D,t2_flair,t2,ReMIND-091-pre,0.8071205233883971,0.8094563647011516,15.142093939986369,0.0993010625243187,0.253158859497199,nifti
CycleGAN-2.5D-T2+FLAIR,CycleGAN,GAN,2.5D,t2_flair,flair,ReMIND-091-pre,0.7825000133732944,0.7888866752995897,16.0644496576723,0.1102658882737159,0.2660547416725773,nifti
CycleGAN-2.5D-T2+FLAIR,CycleGAN,GAN,2.5D,t2_flair,t2,ReMIND-096-post,0.8186392421844317,0.8202470320768951,15.185233236427804,0.1003459617495536,0.2641681952531947,nifti
CycleGAN-2.5D-T2+FLAIR,CycleGAN,GAN,2.5D,t2_flair,flair,ReMIND-096-post,0.7556263302509347,0.7598278712197271,15.497304311864372,0.1268859952688217,0.2861400191173997,nifti
CycleGAN-2.5D-T2+FLAIR,CycleGAN,GAN,2.5D,t2_flair,t2,ReMIND-096-pre,0.8110097863262798,0.8153162073620005,16.021359668186847,0.1009488180279731,0.257420101611132,nifti
CycleGAN-2.5D-T2+FLAIR,CycleGAN,GAN,2.5D,t2_flair,flair,ReMIND-096-pre,0.7773550256722443,0.7886164865706298,16.340019580393403,0.1156490072607994,0.2660255166754294,nifti
CycleGAN-2.5D-T2+FLAIR,CycleGAN,GAN,2.5D,t2_flair,t2,ReMIND-102-pre,0.8392958878082788,0.8437836038863665,15.19789358421551,0.1291393935680389,0.2370487509274875,nifti
CycleGAN-2.5D-T2+FLAIR,CycleGAN,GAN,2.5D,t2_flair,flair,ReMIND-102-pre,0.8228779310583804,0.8309371532313485,15.199522784428952,0.1338085532188415,0.2409421120371137,nifti
CycleGAN-2.5D-T2+FLAIR,CycleGAN,GAN,2.5D,t2_flair,t2,ReMIND-107-pre,0.7988308093244507,0.7993647113357868,12.89032519643856,0.1746871024370193,0.2797021336025662,nifti
CycleGAN-2.5D-T2+FLAIR,CycleGAN,GAN,2.5D,t2_flair,flair,ReMIND-107-pre,0.8200350353206319,0.8220530373160481,13.53965243460321,0.1679805368185043,0.2617421721418698,nifti
CycleGAN-2.5D-T2+FLAIR,CycleGAN,GAN,2.5D,t2_flair,t2,ReMIND-109-post,0.8097344435475115,0.8123040650126981,13.23607185925719,0.1428821235895156,0.2780362841155794,nifti
CycleGAN-2.5D-T2+FLAIR,CycleGAN,GAN,2.5D,t2_flair,flair,ReMIND-109-post,0.785813326380521,0.7921794471556303,13.355554381596162,0.161833181977272,0.2804267346858978,nifti
CycleGAN-2.5D-T2+FLAIR,CycleGAN,GAN,2.5D,t2_flair,t2,ReMIND-109-pre,0.8232367540511917,0.8239971286472096,15.036950381419052,0.1196907758712768,0.2440744177983687,nifti
CycleGAN-2.5D-T2+FLAIR,CycleGAN,GAN,2.5D,t2_flair,flair,ReMIND-109-pre,0.8329024953546862,0.838879111893412,15.25313400777211,0.1430655866861343,0.2197322310493873,nifti
CycleGAN-2D+3D-post-T2,CycleGAN,GAN,2D+3D-post,t2,t2,ReMIND-003-post,0.8358917258921972,0.8368070505203088,15.35654563102917,0.1090077981352806,0.2363304222623507,nifti
CycleGAN-2D+3D-post-T2,CycleGAN,GAN,2D+3D-post,t2,t2,ReMIND-003-pre,0.7975060685438332,0.802194207192477,16.113491122918028,0.0978212878108024,0.253855857913467,nifti
CycleGAN-2D+3D-post-T2,CycleGAN,GAN,2D+3D-post,t2,t2,ReMIND-004-pre,0.8724245332885163,0.8737023254279731,16.55887472523819,0.0898814126849174,0.2233322456670113,nifti
CycleGAN-2D+3D-post-T2,CycleGAN,GAN,2D+3D-post,t2,t2,ReMIND-023-post,0.7620722435751203,0.7649890773429907,14.818021529819976,0.1067915186285972,0.3081225885285271,nifti
CycleGAN-2D+3D-post-T2,CycleGAN,GAN,2D+3D-post,t2,t2,ReMIND-023-pre,0.7722878051787222,0.7704150040177943,14.127629978383748,0.1151115521788597,0.2920362309497945,nifti
CycleGAN-2D+3D-post-T2,CycleGAN,GAN,2D+3D-post,t2,t2,ReMIND-031-post,0.8420947527306617,0.8445654494945767,15.339640255869874,0.1167301312088966,0.2261537285227524,nifti
CycleGAN-2D+3D-post-T2,CycleGAN,GAN,2D+3D-post,t2,t2,ReMIND-031-pre,0.7749832452303709,0.7791164703373197,16.07935903605827,0.1015193089842796,0.2771233765734839,nifti
CycleGAN-2D+3D-post-T2,CycleGAN,GAN,2D+3D-post,t2,t2,ReMIND-032-post,0.8166133730278305,0.8169072266594513,14.536127192481633,0.1179628297686576,0.2506377536516923,nifti
CycleGAN-2D+3D-post-T2,CycleGAN,GAN,2D+3D-post,t2,t2,ReMIND-032-pre,0.7666230217157662,0.7702223004458937,13.69718514910975,0.140343889594078,0.3213411652764609,nifti
CycleGAN-2D+3D-post-T2,CycleGAN,GAN,2D+3D-post,t2,t2,ReMIND-034-post,0.7585496245591817,0.7620470080423724,14.466113532757898,0.1321489214897155,0.3044436177611351,nifti
CycleGAN-2D+3D-post-T2,CycleGAN,GAN,2D+3D-post,t2,t2,ReMIND-034-pre,0.7354141852080227,0.7398748590166387,13.339734179871812,0.1613084524869918,0.2926509367922942,nifti
CycleGAN-2D+3D-post-T2,CycleGAN,GAN,2D+3D-post,t2,t2,ReMIND-045-post,0.8638006407503684,0.8665476132923328,15.36666163561099,0.1148382350802421,0.1895883953117806,nifti
CycleGAN-2D+3D-post-T2,CycleGAN,GAN,2D+3D-post,t2,t2,ReMIND-045-pre,0.7921642686981306,0.7936941779625787,15.573242690306628,0.1052763983607292,0.254778192131495,nifti
CycleGAN-2D+3D-post-T2,CycleGAN,GAN,2D+3D-post,t2,t2,ReMIND-056-post,0.7900720249925189,0.7935672515355268,12.87615432339244,0.1647543907165527,0.2823402676089057,nifti
CycleGAN-2D+3D-post-T2,CycleGAN,GAN,2D+3D-post,t2,t2,ReMIND-056-pre,0.755955987319446,0.7625111541736556,15.067138959098097,0.1348067224025726,0.2774620962639649,nifti
CycleGAN-2D+3D-post-T2,CycleGAN,GAN,2D+3D-post,t2,t2,ReMIND-077-post,0.8126395176447463,0.8127449613363344,14.429324887598764,0.1140408143401146,0.2806694620364421,nifti
CycleGAN-2D+3D-post-T2,CycleGAN,GAN,2D+3D-post,t2,t2,ReMIND-077-pre,0.7944800646352663,0.7958231144861068,15.810846567373511,0.0946201309561729,0.283831441809672,nifti
CycleGAN-2D+3D-post-T2,CycleGAN,GAN,2D+3D-post,t2,t2,ReMIND-079-post,0.8448679018108876,0.8431806646427705,12.479616393494146,0.1751193702220916,0.2464649773932792,nifti
CycleGAN-2D+3D-post-T2,CycleGAN,GAN,2D+3D-post,t2,t2,ReMIND-079-pre,0.7875973130156881,0.7922723967036739,15.091313658541196,0.1221456751227378,0.2856099191407917,nifti
CycleGAN-2D+3D-post-T2,CycleGAN,GAN,2D+3D-post,t2,t2,ReMIND-087-post,0.8149735626565571,0.8133514386571046,13.594660844432244,0.1449301093816757,0.2570458548143506,nifti
CycleGAN-2D+3D-post-T2,CycleGAN,GAN,2D+3D-post,t2,t2,ReMIND-087-pre,0.7735713364961297,0.7764248516697699,15.146824868874283,0.1229486539959907,0.2744845112164815,nifti
CycleGAN-2D+3D-post-T2,CycleGAN,GAN,2D+3D-post,t2,t2,ReMIND-091-post,0.8032387566050967,0.8010275556949723,13.843386106251716,0.1225920468568801,0.276413249842664,nifti
CycleGAN-2D+3D-post-T2,CycleGAN,GAN,2D+3D-post,t2,t2,ReMIND-091-pre,0.8105324217751496,0.812926930624266,15.466780112316773,0.0973613262176513,0.2571181702467561,nifti
CycleGAN-2D+3D-post-T2,CycleGAN,GAN,2D+3D-post,t2,t2,ReMIND-096-post,0.8115781297461054,0.809248843273921,14.962052619532136,0.10384501516819,0.2456078927877337,nifti
CycleGAN-2D+3D-post-T2,CycleGAN,GAN,2D+3D-post,t2,t2,ReMIND-096-pre,0.8090964998070747,0.813539749407742,16.101833691658886,0.0987253710627555,0.2608808802670977,nifti
CycleGAN-2D+3D-post-T2,CycleGAN,GAN,2D+3D-post,t2,t2,ReMIND-102-pre,0.8366749408264373,0.840709704964213,15.3479137163645,0.1317268759012222,0.2421966199404918,nifti
CycleGAN-2D+3D-post-T2,CycleGAN,GAN,2D+3D-post,t2,t2,ReMIND-107-post,0.9168170366050132,0.9147371551976228,14.172745941218972,0.1375530958175659,0.1585007970531781,nifti
CycleGAN-2D+3D-post-T2,CycleGAN,GAN,2D+3D-post,t2,t2,ReMIND-107-pre,0.8014014714057848,0.7990977583103134,11.937405346514389,0.1902647912502288,0.2750930546058548,nifti
CycleGAN-2D+3D-post-T2,CycleGAN,GAN,2D+3D-post,t2,t2,ReMIND-109-post,0.8102776625619351,0.8107774628004847,13.519772480272207,0.1385841369628906,0.2757444489333365,nifti
CycleGAN-2D+3D-post-T2,CycleGAN,GAN,2D+3D-post,t2,t2,ReMIND-109-pre,0.8256342410584357,0.8262269103909012,15.201350604637316,0.116060197353363,0.2503635744388039,nifti
CycleGAN-2D+3D-post-T2+FLAIR,CycleGAN,GAN,2D+3D-post,t2_flair,t2,ReMIND-003-post,0.8477090569579023,0.8510945910564236,15.294079809890116,0.1064407974481582,0.2374121789254394,nifti
CycleGAN-2D+3D-post-T2+FLAIR,CycleGAN,GAN,2D+3D-post,t2_flair,flair,ReMIND-003-post,0.8023400600711974,0.8084560895104187,16.150207271363524,0.1187848374247551,0.2525221810621373,nifti
CycleGAN-2D+3D-post-T2+FLAIR,CycleGAN,GAN,2D+3D-post,t2_flair,t2,ReMIND-023-post,0.7758673413290311,0.7821719735032656,14.830376746944497,0.1052116677165031,0.3072615872930597,nifti
CycleGAN-2D+3D-post-T2+FLAIR,CycleGAN,GAN,2D+3D-post,t2_flair,flair,ReMIND-023-post,0.7006770992911329,0.7053712003384467,14.577411708933344,0.1432148665189743,0.3568304457046367,nifti
CycleGAN-2D+3D-post-T2+FLAIR,CycleGAN,GAN,2D+3D-post,t2_flair,t2,ReMIND-023-pre,0.773919470846859,0.7734412882515359,13.82842311266138,0.1210154965519905,0.3117598488050349,nifti
CycleGAN-2D+3D-post-T2+FLAIR,CycleGAN,GAN,2D+3D-post,t2_flair,flair,ReMIND-023-pre,0.7023197123122705,0.7039466458377172,13.443295183363414,0.1415633261203766,0.3479863694485496,nifti
CycleGAN-2D+3D-post-T2+FLAIR,CycleGAN,GAN,2D+3D-post,t2_flair,t2,ReMIND-032-post,0.8215766390673617,0.8236881736795691,14.488610191890716,0.1186360195279121,0.2561417940335396,nifti
CycleGAN-2D+3D-post-T2+FLAIR,CycleGAN,GAN,2D+3D-post,t2_flair,flair,ReMIND-032-post,0.7905757371124914,0.7923648252656901,14.463145671391278,0.1399658024311065,0.2725064857647969,nifti
CycleGAN-2D+3D-post-T2+FLAIR,CycleGAN,GAN,2D+3D-post,t2_flair,t2,ReMIND-032-pre,0.7771627343957296,0.782116442071448,13.530193613525473,0.1369564235210418,0.31209305587203,nifti
CycleGAN-2D+3D-post-T2+FLAIR,CycleGAN,GAN,2D+3D-post,t2_flair,flair,ReMIND-032-pre,0.7449451040722539,0.7503302496155847,14.1302242690597,0.1398843973875045,0.3257408530213112,nifti
CycleGAN-2D+3D-post-T2+FLAIR,CycleGAN,GAN,2D+3D-post,t2_flair,t2,ReMIND-045-pre,0.7947675710872493,0.7974456870977662,15.68037335601538,0.1006241589784622,0.2719832442852916,nifti
CycleGAN-2D+3D-post-T2+FLAIR,CycleGAN,GAN,2D+3D-post,t2_flair,flair,ReMIND-045-pre,0.7874826269882153,0.7885320595061946,15.707333091519818,0.115298792719841,0.276247637612479,nifti
CycleGAN-2D+3D-post-T2+FLAIR,CycleGAN,GAN,2D+3D-post,t2_flair,t2,ReMIND-056-post,0.7958803871748285,0.8001279556293338,12.667952936264832,0.1682123988866806,0.2786379446243417,nifti
CycleGAN-2D+3D-post-T2+FLAIR,CycleGAN,GAN,2D+3D-post,t2_flair,flair,ReMIND-056-post,0.7684745800681788,0.7726984595471067,13.69969954222441,0.1493174582719802,0.2900626762159939,nifti
CycleGAN-2D+3D-post-T2+FLAIR,CycleGAN,GAN,2D+3D-post,t2_flair,t2,ReMIND-056-pre,0.7682776697720485,0.7747482776230891,15.88990137455198,0.1223384737968444,0.2880091525062366,nifti
CycleGAN-2D+3D-post-T2+FLAIR,CycleGAN,GAN,2D+3D-post,t2_flair,flair,ReMIND-056-pre,0.7867996659127298,0.7935376494872941,16.15655306230869,0.1126851439476013,0.2902642480201191,nifti
CycleGAN-2D+3D-post-T2+FLAIR,CycleGAN,GAN,2D+3D-post,t2_flair,t2,ReMIND-077-post,0.8190736849531032,0.8213217473012566,14.77291093405272,0.1091927513480186,0.2828454612880139,nifti
CycleGAN-2D+3D-post-T2+FLAIR,CycleGAN,GAN,2D+3D-post,t2_flair,flair,ReMIND-077-post,0.8256569121700573,0.8329346886848231,16.157738441676827,0.1049880981445312,0.2676522852601232,nifti
CycleGAN-2D+3D-post-T2+FLAIR,CycleGAN,GAN,2D+3D-post,t2_flair,t2,ReMIND-077-pre,0.7992848830882706,0.8004310786288152,15.496972159904065,0.0975169539451599,0.274919288822953,nifti
CycleGAN-2D+3D-post-T2+FLAIR,CycleGAN,GAN,2D+3D-post,t2_flair,flair,ReMIND-077-pre,0.7842060974595102,0.7894143433857705,15.72702883540976,0.1082889810204505,0.267353629334743,nifti
CycleGAN-2D+3D-post-T2+FLAIR,CycleGAN,GAN,2D+3D-post,t2_flair,t2,ReMIND-079-post,0.8507317651833073,0.8502003651710253,12.362346560999375,0.1757164150476455,0.2475488189909909,nifti
CycleGAN-2D+3D-post-T2+FLAIR,CycleGAN,GAN,2D+3D-post,t2_flair,flair,ReMIND-079-post,0.8295306271679624,0.8283659052415929,13.089762374758603,0.1705339848995208,0.2624777362153336,nifti
CycleGAN-2D+3D-post-T2+FLAIR,CycleGAN,GAN,2D+3D-post,t2_flair,t2,ReMIND-079-pre,0.7876428062635105,0.7924780926641437,15.019064938821876,0.1211753636598587,0.2749381368386679,nifti
CycleGAN-2D+3D-post-T2+FLAIR,CycleGAN,GAN,2D+3D-post,t2_flair,flair,ReMIND-079-pre,0.7850911643786876,0.7928525839514333,14.783911920493566,0.1281387656927108,0.2639780473276223,nifti
CycleGAN-2D+3D-post-T2+FLAIR,CycleGAN,GAN,2D+3D-post,t2_flair,t2,ReMIND-087-pre,0.7755439731204619,0.7788832940808763,15.06853999178012,0.1219995468854904,0.2677606713440683,nifti
CycleGAN-2D+3D-post-T2+FLAIR,CycleGAN,GAN,2D+3D-post,t2_flair,flair,ReMIND-087-pre,0.799234089690364,0.8093502603821718,14.405884254344858,0.1422488242387771,0.2282165172307387,nifti
CycleGAN-2D+3D-post-T2+FLAIR,CycleGAN,GAN,2D+3D-post,t2_flair,t2,ReMIND-091-pre,0.8117783956777771,0.8135350509924725,15.046922450716252,0.1024633944034576,0.2491847981521688,nifti
CycleGAN-2D+3D-post-T2+FLAIR,CycleGAN,GAN,2D+3D-post,t2_flair,flair,ReMIND-091-pre,0.7923949625952765,0.7975250469873877,16.309363924848178,0.1029383093118667,0.2501244341120398,nifti
CycleGAN-2D+3D-post-T2+FLAIR,CycleGAN,GAN,2D+3D-post,t2_flair,t2,ReMIND-096-post,0.8291076626387848,0.8302136992825101,15.239556240208769,0.0972042083740234,0.2475746176963628,nifti
CycleGAN-2D+3D-post-T2+FLAIR,CycleGAN,GAN,2D+3D-post,t2_flair,flair,ReMIND-096-post,0.7640933136547061,0.7676550944089485,15.405895437057923,0.1249818205833435,0.2736418583365373,nifti
CycleGAN-2D+3D-post-T2+FLAIR,CycleGAN,GAN,2D+3D-post,t2_flair,t2,ReMIND-096-pre,0.8130331088509216,0.8169763690917976,15.81296769752516,0.1087833419442176,0.2471526390297359,nifti
CycleGAN-2D+3D-post-T2+FLAIR,CycleGAN,GAN,2D+3D-post,t2_flair,flair,ReMIND-096-pre,0.7841547488891449,0.7945339098942553,16.214052166150378,0.1197732463479042,0.2433809174664234,nifti
CycleGAN-2D+3D-post-T2+FLAIR,CycleGAN,GAN,2D+3D-post,t2_flair,t2,ReMIND-102-pre,0.8402083177523301,0.8445826378045665,15.33766925567285,0.1288575232028961,0.2299072661201705,nifti
CycleGAN-2D+3D-post-T2+FLAIR,CycleGAN,GAN,2D+3D-post,t2_flair,flair,ReMIND-102-pre,0.824281425923591,0.8314941103589288,14.94638313530416,0.1329220235347747,0.2300856151914858,nifti
CycleGAN-2D+3D-post-T2+FLAIR,CycleGAN,GAN,2D+3D-post,t2_flair,t2,ReMIND-107-pre,0.8076267367218417,0.80680022371187,12.327796222477412,0.180657610297203,0.2790047824382782,nifti
CycleGAN-2D+3D-post-T2+FLAIR,CycleGAN,GAN,2D+3D-post,t2_flair,flair,ReMIND-107-pre,0.8262673552615659,0.8265406308599385,12.744516670063586,0.1722585558891296,0.2676188929213418,nifti
CycleGAN-2D+3D-post-T2+FLAIR,CycleGAN,GAN,2D+3D-post,t2_flair,t2,ReMIND-109-post,0.8166136547497687,0.8184893834038737,13.258586416480275,0.139895960688591,0.2713258342610465,nifti
CycleGAN-2D+3D-post-T2+FLAIR,CycleGAN,GAN,2D+3D-post,t2_flair,flair,ReMIND-109-post,0.7932446176481178,0.79909117574601,13.375874744055244,0.1584458351135254,0.2756157812145021,nifti
CycleGAN-2D+3D-post-T2+FLAIR,CycleGAN,GAN,2D+3D-post,t2_flair,t2,ReMIND-109-pre,0.8272098022622578,0.8278008306457182,15.01586061741547,0.1191825270652771,0.239447870535088,nifti
CycleGAN-2D+3D-post-T2+FLAIR,CycleGAN,GAN,2D+3D-post,t2_flair,flair,ReMIND-109-pre,0.8383065399884233,0.8438203905067645,15.341426737562625,0.1380658000707626,0.2111613936051055,nifti
CycleGAN-3D-T2,CycleGAN,GAN,3D,t2,t2,ReMIND-003-post,0.8344166032659535,0.835178444253153,15.280440207075952,0.1086582690477371,0.1860429378701191,nifti
CycleGAN-3D-T2,CycleGAN,GAN,3D,t2,t2,ReMIND-003-pre,0.7800786908742151,0.7811261485644874,15.589670502336606,0.1086009368300437,0.2029444944452155,nifti
CycleGAN-3D-T2,CycleGAN,GAN,3D,t2,t2,ReMIND-004-pre,0.8586819218508525,0.857528998320961,15.951429447493329,0.0985660329461097,0.1654572774966557,nifti
CycleGAN-3D-T2,CycleGAN,GAN,3D,t2,t2,ReMIND-023-post,0.7457526668401393,0.7499308721363378,14.919552843605755,0.1056096628308296,0.2614891992674933,nifti
CycleGAN-3D-T2,CycleGAN,GAN,3D,t2,t2,ReMIND-023-pre,0.747186945273759,0.7453153358364375,14.00862323324073,0.1216417253017425,0.2641322814366397,nifti
CycleGAN-3D-T2,CycleGAN,GAN,3D,t2,t2,ReMIND-031-post,0.8194768969882144,0.8225206458997004,14.43655185645495,0.1329627037048339,0.1773652303767831,nifti
CycleGAN-3D-T2,CycleGAN,GAN,3D,t2,t2,ReMIND-031-pre,0.7516367425626308,0.7526253083918113,15.455818433533388,0.1147852838039398,0.1948562193009042,nifti
CycleGAN-3D-T2,CycleGAN,GAN,3D,t2,t2,ReMIND-032-post,0.8066341826156626,0.8073210585267129,14.613238672483956,0.117413230240345,0.197806682342138,nifti
CycleGAN-3D-T2,CycleGAN,GAN,3D,t2,t2,ReMIND-032-pre,0.7571610016948668,0.7616468212322158,13.473006377588812,0.1434685885906219,0.2524222125147664,nifti
CycleGAN-3D-T2,CycleGAN,GAN,3D,t2,t2,ReMIND-034-post,0.7478106538921695,0.7511683371956492,14.236911668775573,0.1344605982303619,0.2437097263336181,nifti
CycleGAN-3D-T2,CycleGAN,GAN,3D,t2,t2,ReMIND-034-pre,0.7225515108452257,0.7250182697085311,12.998282148455283,0.1623700559139251,0.245252667615811,nifti
CycleGAN-3D-T2,CycleGAN,GAN,3D,t2,t2,ReMIND-045-post,0.8573290322902037,0.8593950242643179,14.606201081621297,0.1271355599164962,0.1482758361684239,nifti
CycleGAN-3D-T2,CycleGAN,GAN,3D,t2,t2,ReMIND-045-pre,0.7759025523332195,0.7763096613979458,15.258014671316138,0.1123942509293556,0.2035274393856525,nifti
CycleGAN-3D-T2,CycleGAN,GAN,3D,t2,t2,ReMIND-056-post,0.757358473395445,0.7590005710171938,12.169658787293336,0.1826826930046081,0.2309848052160493,nifti
CycleGAN-3D-T2,CycleGAN,GAN,3D,t2,t2,ReMIND-056-pre,0.7323718471128904,0.7365656023251446,14.57997148266765,0.1415121555328369,0.2235295181335122,nifti
CycleGAN-3D-T2,CycleGAN,GAN,3D,t2,t2,ReMIND-077-post,0.8082304850131518,0.8088061056153483,14.876868121846169,0.1077708527445793,0.2164342832323667,nifti
CycleGAN-3D-T2,CycleGAN,GAN,3D,t2,t2,ReMIND-077-pre,0.7718430161556475,0.7690678098019015,14.75339101600798,0.1108927205204963,0.2196635655966234,nifti
CycleGAN-3D-T2,CycleGAN,GAN,3D,t2,t2,ReMIND-079-post,0.8332135355071953,0.8323037060314035,12.572386426297156,0.176724761724472,0.2043527527838139,nifti
CycleGAN-3D-T2,CycleGAN,GAN,3D,t2,t2,ReMIND-079-pre,0.7576911104896853,0.7614163147075906,13.785310151849044,0.13591930270195,0.2254689041545937,nifti
CycleGAN-3D-T2,CycleGAN,GAN,3D,t2,t2,ReMIND-087-post,0.8085678295860554,0.8084174462345793,13.978216870874112,0.1417631655931472,0.1972869341261685,nifti
CycleGAN-3D-T2,CycleGAN,GAN,3D,t2,t2,ReMIND-087-pre,0.7360625083293186,0.7349598262705016,13.664037365108925,0.1529007852077484,0.2293369426219551,nifti
CycleGAN-3D-T2,CycleGAN,GAN,3D,t2,t2,ReMIND-091-post,0.8022596578289096,0.8018053792524957,14.083362717913843,0.1183212175965309,0.2065632378167294,nifti
CycleGAN-3D-T2,CycleGAN,GAN,3D,t2,t2,ReMIND-091-pre,0.7849848519028295,0.785856429594723,14.375218131171,0.111542709171772,0.2101342114477069,nifti
CycleGAN-3D-T2,CycleGAN,GAN,3D,t2,t2,ReMIND-096-post,0.8080937802572263,0.8074032636757782,15.306429162034725,0.102114513516426,0.2007223218679428,nifti
CycleGAN-3D-T2,CycleGAN,GAN,3D,t2,t2,ReMIND-096-pre,0.7930682974240589,0.7915613748963266,14.773613584277086,0.12141103297472,0.1789027575529023,nifti
CycleGAN-3D-T2,CycleGAN,GAN,3D,t2,t2,ReMIND-102-pre,0.8143669079640831,0.8164715929043853,14.235453143915638,0.1369354426860809,0.1789990221201391,nifti
CycleGAN-3D-T2,CycleGAN,GAN,3D,t2,t2,ReMIND-107-post,0.9038986161533756,0.9007558839143268,13.782106390342957,0.1472240835428238,0.1273248150116867,nifti
CycleGAN-3D-T2,CycleGAN,GAN,3D,t2,t2,ReMIND-107-pre,0.7791586228795325,0.7766002372051035,12.270414768017751,0.1880605220794677,0.2354313441448741,nifti
CycleGAN-3D-T2,CycleGAN,GAN,3D,t2,t2,ReMIND-109-post,0.7956862091571062,0.7952854763901529,12.975811798866763,0.1502898186445236,0.2231364213758044,nifti
CycleGAN-3D-T2,CycleGAN,GAN,3D,t2,t2,ReMIND-109-pre,0.8111886493949383,0.810124473550201,14.567604473810777,0.13052499294281,0.1892115428607474,nifti
CycleGAN-3D-T2+FLAIR,CycleGAN,GAN,3D,t2_flair,t2,ReMIND-003-post,0.8329010001673505,0.8334673179735139,15.15751214602719,0.1107631772756576,0.2081892138310507,nifti
CycleGAN-3D-T2+FLAIR,CycleGAN,GAN,3D,t2_flair,flair,ReMIND-003-post,0.7863385289730582,0.7906359732431834,15.612208855121096,0.1249551028013229,0.2074124266703923,nifti
CycleGAN-3D-T2+FLAIR,CycleGAN,GAN,3D,t2_flair,t2,ReMIND-023-post,0.7454337389796918,0.7498872441202317,14.68700251953729,0.1108928397297859,0.2703509987504394,nifti
CycleGAN-3D-T2+FLAIR,CycleGAN,GAN,3D,t2_flair,flair,ReMIND-023-post,0.6837057679554809,0.6859185214884767,14.32964002403277,0.1477137804031372,0.3147013088067372,nifti
CycleGAN-3D-T2+FLAIR,CycleGAN,GAN,3D,t2_flair,t2,ReMIND-023-pre,0.7513157747163951,0.749681542844417,13.95409488100623,0.1233635544776916,0.279592017917072,nifti
CycleGAN-3D-T2+FLAIR,CycleGAN,GAN,3D,t2_flair,flair,ReMIND-023-pre,0.6843019769007513,0.6853262445238203,13.140495430934545,0.1513452529907226,0.3095519428744036,nifti
CycleGAN-3D-T2+FLAIR,CycleGAN,GAN,3D,t2_flair,t2,ReMIND-032-post,0.8093993476973693,0.811227903329772,14.6727001075331,0.1174297630786895,0.2187145478450335,nifti
CycleGAN-3D-T2+FLAIR,CycleGAN,GAN,3D,t2_flair,flair,ReMIND-032-post,0.780285536129555,0.7817347511264057,14.275159974161,0.143399178981781,0.2325983330225333,nifti
CycleGAN-3D-T2+FLAIR,CycleGAN,GAN,3D,t2_flair,t2,ReMIND-032-pre,0.7564239578459482,0.7614939688992346,13.36915761184782,0.1440167725086212,0.2752592099267383,nifti
CycleGAN-3D-T2+FLAIR,CycleGAN,GAN,3D,t2_flair,flair,ReMIND-032-pre,0.7300133388978204,0.7359941096208349,13.611889738287712,0.1555624157190323,0.2837939279717068,nifti
CycleGAN-3D-T2+FLAIR,CycleGAN,GAN,3D,t2_flair,t2,ReMIND-045-pre,0.7838332325017998,0.7855045165184769,15.422657430477267,0.1083413660526275,0.2258001672370093,nifti
CycleGAN-3D-T2+FLAIR,CycleGAN,GAN,3D,t2_flair,flair,ReMIND-045-pre,0.7757770562276686,0.7767498155170652,15.221353587447116,0.1262645274400711,0.2331065226878438,nifti
CycleGAN-3D-T2+FLAIR,CycleGAN,GAN,3D,t2_flair,t2,ReMIND-056-post,0.7670000502851683,0.7702653695997184,12.471437758064445,0.1730081439018249,0.2383384673759855,nifti
CycleGAN-3D-T2+FLAIR,CycleGAN,GAN,3D,t2_flair,flair,ReMIND-056-post,0.7509251687600581,0.7538879747401022,13.68493883724792,0.1483276337385177,0.2432404211882887,nifti
CycleGAN-3D-T2+FLAIR,CycleGAN,GAN,3D,t2_flair,t2,ReMIND-056-pre,0.7444612723359932,0.7507891304442034,14.953421131351543,0.1365213990211486,0.2518823017124776,nifti
CycleGAN-3D-T2+FLAIR,CycleGAN,GAN,3D,t2_flair,flair,ReMIND-056-pre,0.7626901307684342,0.7698717425947073,15.110008990694167,0.1334471404552459,0.2593834716136808,nifti
CycleGAN-3D-T2+FLAIR,CycleGAN,GAN,3D,t2_flair,t2,ReMIND-077-post,0.8083158975788023,0.809415447797528,14.896912322579588,0.1079779788851738,0.2300460141252827,nifti
CycleGAN-3D-T2+FLAIR,CycleGAN,GAN,3D,t2_flair,flair,ReMIND-077-post,0.8086531710150788,0.815742331656941,15.596106824709,0.1165307536721229,0.2180352414379248,nifti
CycleGAN-3D-T2+FLAIR,CycleGAN,GAN,3D,t2_flair,t2,ReMIND-077-pre,0.7787545921222703,0.7774047274668424,15.056141805265352,0.1059096604585647,0.2314489338061084,nifti
CycleGAN-3D-T2+FLAIR,CycleGAN,GAN,3D,t2_flair,flair,ReMIND-077-pre,0.757488910131426,0.7612842714906394,15.0064401171905,0.1250356137752533,0.2348555735086802,nifti
CycleGAN-3D-T2+FLAIR,CycleGAN,GAN,3D,t2_flair,t2,ReMIND-079-post,0.8297031249383204,0.829734544350995,12.41532324567766,0.1784439235925674,0.2241187667524492,nifti
CycleGAN-3D-T2+FLAIR,CycleGAN,GAN,3D,t2_flair,flair,ReMIND-079-post,0.8157946646322944,0.8148103229064872,13.263892611399276,0.1678495705127716,0.225051607231836,nifti
CycleGAN-3D-T2+FLAIR,CycleGAN,GAN,3D,t2_flair,t2,ReMIND-079-pre,0.7644623012061331,0.7690252020506313,14.085543139961406,0.1315974593162536,0.2401709636080198,nifti
CycleGAN-3D-T2+FLAIR,CycleGAN,GAN,3D,t2_flair,flair,ReMIND-079-pre,0.7709055985448573,0.7783007572238348,15.295026745232423,0.1232581585645675,0.2280516640683792,nifti
CycleGAN-3D-T2+FLAIR,CycleGAN,GAN,3D,t2_flair,t2,ReMIND-087-pre,0.7571191600841728,0.7589826165124695,14.367945129713284,0.1359630674123764,0.2314372784009686,nifti
CycleGAN-3D-T2+FLAIR,CycleGAN,GAN,3D,t2_flair,flair,ReMIND-087-pre,0.7829714456490675,0.7907386690328881,14.540002630710507,0.1430479139089584,0.1922291317225798,nifti
CycleGAN-3D-T2+FLAIR,CycleGAN,GAN,3D,t2_flair,t2,ReMIND-091-pre,0.7897641919347824,0.7907562805084856,14.48060654618449,0.1100115850567817,0.2147364813857283,nifti
CycleGAN-3D-T2+FLAIR,CycleGAN,GAN,3D,t2_flair,flair,ReMIND-091-pre,0.7702938427944036,0.7747319982535518,15.572196635587002,0.1176784560084343,0.221461063787981,nifti
CycleGAN-3D-T2+FLAIR,CycleGAN,GAN,3D,t2_flair,t2,ReMIND-096-post,0.8088480782240736,0.8088791057019867,15.365965276779978,0.1035472974181175,0.2093431190695873,nifti
CycleGAN-3D-T2+FLAIR,CycleGAN,GAN,3D,t2_flair,flair,ReMIND-096-post,0.7476779641578141,0.7498504479296948,15.17042090946138,0.1284965723752975,0.2362897520841554,nifti
CycleGAN-3D-T2+FLAIR,CycleGAN,GAN,3D,t2_flair,t2,ReMIND-096-pre,0.8027110188776113,0.8044059039391782,15.558380507737084,0.1073676422238349,0.1936973640171999,nifti
CycleGAN-3D-T2+FLAIR,CycleGAN,GAN,3D,t2_flair,flair,ReMIND-096-pre,0.7708852423232513,0.7791671568367126,16.00237816663181,0.1203140094876289,0.2044577296781406,nifti
CycleGAN-3D-T2+FLAIR,CycleGAN,GAN,3D,t2_flair,t2,ReMIND-102-pre,0.8192432663126127,0.8223689443547104,14.284048032338724,0.1376603841781616,0.1910975039066685,nifti
CycleGAN-3D-T2+FLAIR,CycleGAN,GAN,3D,t2_flair,flair,ReMIND-102-pre,0.8053506519601613,0.8119700322427885,14.956943904488485,0.132290780544281,0.199304074376494,nifti
CycleGAN-3D-T2+FLAIR,CycleGAN,GAN,3D,t2_flair,t2,ReMIND-107-pre,0.7906213003191949,0.7884995823004597,12.287571025820409,0.1863282024860382,0.2405054767926534,nifti
CycleGAN-3D-T2+FLAIR,CycleGAN,GAN,3D,t2_flair,flair,ReMIND-107-pre,0.8083555084972489,0.8083671825076534,12.772066811702755,0.1735947281122207,0.2262955448693699,nifti
CycleGAN-3D-T2+FLAIR,CycleGAN,GAN,3D,t2_flair,t2,ReMIND-109-post,0.7981612309248102,0.7983684505663834,13.04248412367664,0.150279700756073,0.2363675960236125,nifti
CycleGAN-3D-T2+FLAIR,CycleGAN,GAN,3D,t2_flair,flair,ReMIND-109-post,0.7760538072611649,0.7805042660111344,12.795875328994285,0.1679265201091766,0.2349090713593695,nifti
CycleGAN-3D-T2+FLAIR,CycleGAN,GAN,3D,t2_flair,t2,ReMIND-109-pre,0.8117065027661952,0.810663775591978,14.54958577393296,0.1299056857824325,0.1954169987558244,nifti
CycleGAN-3D-T2+FLAIR,CycleGAN,GAN,3D,t2_flair,flair,ReMIND-109-pre,0.8157432481767534,0.8204177316635498,14.863509432490334,0.1452099382877349,0.1759096916160873,nifti
SwinPix2Pix-2D-T2,SwinPix2Pix,GAN,2D,t2,t2,ReMIND-003-post,0.8132358663373825,0.8232047879810028,15.3284332168961,0.1087649911642074,0.2425042422963123,nifti
SwinPix2Pix-2D-T2,SwinPix2Pix,GAN,2D,t2,t2,ReMIND-003-pre,0.778982189067042,0.7888484907843754,16.148568700955867,0.0971055030822753,0.2323217734017155,nifti
SwinPix2Pix-2D-T2,SwinPix2Pix,GAN,2D,t2,t2,ReMIND-004-pre,0.8361352197209356,0.8458112507991846,16.598986168964533,0.088609904050827,0.2104148474832375,nifti
SwinPix2Pix-2D-T2,SwinPix2Pix,GAN,2D,t2,t2,ReMIND-023-post,0.750586355006677,0.7594103321602491,15.292733266997544,0.0992688313126564,0.2993771351046032,nifti
SwinPix2Pix-2D-T2,SwinPix2Pix,GAN,2D,t2,t2,ReMIND-023-pre,0.7177964802883244,0.7225693736739556,14.590812791028874,0.1077653244137764,0.3167107692536186,nifti
SwinPix2Pix-2D-T2,SwinPix2Pix,GAN,2D,t2,t2,ReMIND-031-post,0.8295135660466175,0.8377084509924193,15.645812007050584,0.109048880636692,0.2286723256111145,nifti
SwinPix2Pix-2D-T2,SwinPix2Pix,GAN,2D,t2,t2,ReMIND-031-pre,0.774391407981046,0.7790987102773066,16.207093893102996,0.1009129285812377,0.2417725958314138,nifti
SwinPix2Pix-2D-T2,SwinPix2Pix,GAN,2D,t2,t2,ReMIND-032-post,0.7801216217795878,0.7919468739689091,14.51954309671952,0.1173290014266967,0.2526824722687403,nifti
SwinPix2Pix-2D-T2,SwinPix2Pix,GAN,2D,t2,t2,ReMIND-032-pre,0.761237296179429,0.7697899056042298,13.722956032228897,0.134981632232666,0.2823596631371697,nifti
SwinPix2Pix-2D-T2,SwinPix2Pix,GAN,2D,t2,t2,ReMIND-034-post,0.7509116690631076,0.7599153400987996,14.80501355701849,0.1266883164644241,0.2849118149280548,nifti
SwinPix2Pix-2D-T2,SwinPix2Pix,GAN,2D,t2,t2,ReMIND-034-pre,0.70074837387846,0.709561206418256,14.303788755232906,0.141634926199913,0.2952128717054923,nifti
SwinPix2Pix-2D-T2,SwinPix2Pix,GAN,2D,t2,t2,ReMIND-045-post,0.8380596896651012,0.8477510746816396,15.204847117269086,0.1155141294002533,0.2169872305315474,nifti
SwinPix2Pix-2D-T2,SwinPix2Pix,GAN,2D,t2,t2,ReMIND-045-pre,0.7813163556102782,0.7867121908354293,15.781371397979935,0.1019063517451286,0.2520548188868834,nifti
SwinPix2Pix-2D-T2,SwinPix2Pix,GAN,2D,t2,t2,ReMIND-056-post,0.7695597005650029,0.776966362017208,12.930452181860725,0.156770646572113,0.2620828835100963,nifti
SwinPix2Pix-2D-T2,SwinPix2Pix,GAN,2D,t2,t2,ReMIND-056-pre,0.7456667243092341,0.7560872537832196,15.31862460780811,0.1311819106340408,0.261210852475078,nifti
SwinPix2Pix-2D-T2,SwinPix2Pix,GAN,2D,t2,t2,ReMIND-077-post,0.7798938404637109,0.7878182348595436,14.578799361998918,0.1101597696542739,0.2697439425297686,nifti
SwinPix2Pix-2D-T2,SwinPix2Pix,GAN,2D,t2,t2,ReMIND-077-pre,0.7821917515149769,0.7893060846972375,15.668221286807851,0.0952507555484771,0.258633317321724,nifti
SwinPix2Pix-2D-T2,SwinPix2Pix,GAN,2D,t2,t2,ReMIND-079-post,0.8260030735602246,0.8308057682422432,12.389221341971508,0.1708763390779495,0.2322688118831531,nifti
SwinPix2Pix-2D-T2,SwinPix2Pix,GAN,2D,t2,t2,ReMIND-079-pre,0.7883814924728959,0.7961400396355917,16.633245458156157,0.0987221449613571,0.2213125320869451,nifti
SwinPix2Pix-2D-T2,SwinPix2Pix,GAN,2D,t2,t2,ReMIND-087-post,0.8053661472112967,0.8105736964283616,13.546728791516497,0.143672227859497,0.2319293217733502,nifti
SwinPix2Pix-2D-T2,SwinPix2Pix,GAN,2D,t2,t2,ReMIND-087-pre,0.7562347888442823,0.7641784411142819,14.910571777791548,0.1237214282155036,0.2543144164813889,nifti
SwinPix2Pix-2D-T2,SwinPix2Pix,GAN,2D,t2,t2,ReMIND-091-post,0.7889226253649296,0.7940440516885162,14.3487320698746,0.1134937033057212,0.2497215546826098,nifti
SwinPix2Pix-2D-T2,SwinPix2Pix,GAN,2D,t2,t2,ReMIND-091-pre,0.7915929298278992,0.8000237587696885,15.783196009465453,0.095637246966362,0.237845415717985,nifti
SwinPix2Pix-2D-T2,SwinPix2Pix,GAN,2D,t2,t2,ReMIND-096-post,0.7859706151091795,0.7929598532441968,15.231942739258512,0.0959347113966941,0.2483977533357088,nifti
SwinPix2Pix-2D-T2,SwinPix2Pix,GAN,2D,t2,t2,ReMIND-096-pre,0.7772027610518962,0.7879201109101318,16.27276784991788,0.1004549860954284,0.238531194627285,nifti
SwinPix2Pix-2D-T2,SwinPix2Pix,GAN,2D,t2,t2,ReMIND-102-pre,0.8298391750848079,0.840644059290478,16.26034864706066,0.1129966974258422,0.207460614453469,nifti
SwinPix2Pix-2D-T2,SwinPix2Pix,GAN,2D,t2,t2,ReMIND-107-post,0.8889518821774038,0.8956548911999362,14.15561626268177,0.1360923796892166,0.1807761251926422,nifti
SwinPix2Pix-2D-T2,SwinPix2Pix,GAN,2D,t2,t2,ReMIND-107-pre,0.7541438813814048,0.7566964294128717,13.049286160235846,0.1691233515739441,0.2793164518144395,nifti
SwinPix2Pix-2D-T2,SwinPix2Pix,GAN,2D,t2,t2,ReMIND-109-post,0.7823366502434925,0.7890652179571159,13.389101225221996,0.140693262219429,0.2748000817166434,nifti
SwinPix2Pix-2D-T2,SwinPix2Pix,GAN,2D,t2,t2,ReMIND-109-pre,0.7700881166759724,0.7804490722780213,14.969107947609924,0.1222204491496086,0.2415776221870302,nifti
SwinPix2Pix-2D-T2+FLAIR,SwinPix2Pix,GAN,2D,t2_flair,t2,ReMIND-003-post,0.824026938250617,0.830768356769877,15.231253348994931,0.1091559529304504,0.2154960642550505,nifti
SwinPix2Pix-2D-T2+FLAIR,SwinPix2Pix,GAN,2D,t2_flair,flair,ReMIND-003-post,0.7784715242520918,0.7870268348153168,16.24272532774429,0.1168529987335205,0.2276383293609993,nifti
SwinPix2Pix-2D-T2+FLAIR,SwinPix2Pix,GAN,2D,t2_flair,t2,ReMIND-023-post,0.7463553707567656,0.753645970443236,14.915405930100992,0.1027129590511322,0.2962279661937996,nifti
SwinPix2Pix-2D-T2+FLAIR,SwinPix2Pix,GAN,2D,t2_flair,flair,ReMIND-023-post,0.6669528606476063,0.6733639473128916,14.790130645662948,0.1385826617479324,0.3437428562729447,nifti
SwinPix2Pix-2D-T2+FLAIR,SwinPix2Pix,GAN,2D,t2_flair,t2,ReMIND-023-pre,0.7301781171244347,0.7318495382913482,13.80768470933694,0.1179177314043045,0.3037126826889375,nifti
SwinPix2Pix-2D-T2+FLAIR,SwinPix2Pix,GAN,2D,t2_flair,flair,ReMIND-023-pre,0.6661980994188322,0.6699367031792379,13.543983798029466,0.1500469595193863,0.3303602767341277,nifti
SwinPix2Pix-2D-T2+FLAIR,SwinPix2Pix,GAN,2D,t2_flair,t2,ReMIND-032-post,0.8006111728645333,0.8048074744456619,14.292879541286856,0.1212275102734565,0.2275591641664505,nifti
SwinPix2Pix-2D-T2+FLAIR,SwinPix2Pix,GAN,2D,t2_flair,flair,ReMIND-032-post,0.7677063881580374,0.7720541607997178,14.602702665819038,0.1379137933254242,0.249580517793313,nifti
SwinPix2Pix-2D-T2+FLAIR,SwinPix2Pix,GAN,2D,t2_flair,t2,ReMIND-032-pre,0.7639656846304788,0.7705919555391006,13.587809076327462,0.1365784555673599,0.2825809027566466,nifti
SwinPix2Pix-2D-T2+FLAIR,SwinPix2Pix,GAN,2D,t2_flair,flair,ReMIND-032-pre,0.72918549096224,0.7368233468910702,14.214896320633216,0.1424289643764495,0.2968748094037521,nifti
SwinPix2Pix-2D-T2+FLAIR,SwinPix2Pix,GAN,2D,t2_flair,t2,ReMIND-045-pre,0.784982427696411,0.7892288156655248,15.685430870248569,0.1006268560886383,0.2521943272072441,nifti
SwinPix2Pix-2D-T2+FLAIR,SwinPix2Pix,GAN,2D,t2_flair,flair,ReMIND-045-pre,0.7739214884810154,0.7760274873303273,15.93569761798337,0.1142562925815582,0.2601648721919984,nifti
SwinPix2Pix-2D-T2+FLAIR,SwinPix2Pix,GAN,2D,t2_flair,t2,ReMIND-056-post,0.7776331086210897,0.7826256838671375,12.865792493318436,0.1574259251356125,0.2501964774625054,nifti
SwinPix2Pix-2D-T2+FLAIR,SwinPix2Pix,GAN,2D,t2_flair,flair,ReMIND-056-post,0.7459551767850218,0.7522701707247649,14.05973021298857,0.1486512869596481,0.2576043924380993,nifti
SwinPix2Pix-2D-T2+FLAIR,SwinPix2Pix,GAN,2D,t2_flair,t2,ReMIND-056-pre,0.7510223758300891,0.7597360310641804,15.543273598505966,0.1275994181632995,0.2506630550380106,nifti
SwinPix2Pix-2D-T2+FLAIR,SwinPix2Pix,GAN,2D,t2_flair,flair,ReMIND-056-pre,0.7704717761901222,0.7788132466021481,16.473868206694775,0.1093636155128479,0.2445018132803616,nifti
SwinPix2Pix-2D-T2+FLAIR,SwinPix2Pix,GAN,2D,t2_flair,t2,ReMIND-077-post,0.7913246733539337,0.7973034197023433,14.525655293621409,0.1108247265219688,0.2594939701863237,nifti
SwinPix2Pix-2D-T2+FLAIR,SwinPix2Pix,GAN,2D,t2_flair,flair,ReMIND-077-post,0.7954020084178178,0.8062687708938124,16.076228262293263,0.0998564064502716,0.2409480790028701,nifti
SwinPix2Pix-2D-T2+FLAIR,SwinPix2Pix,GAN,2D,t2_flair,t2,ReMIND-077-pre,0.7852728262143256,0.7896922759002458,15.393889725300472,0.0967753082513809,0.2584642870409518,nifti
SwinPix2Pix-2D-T2+FLAIR,SwinPix2Pix,GAN,2D,t2_flair,flair,ReMIND-077-pre,0.7666044808876132,0.7752303741278661,15.7996271915116,0.1187794730067253,0.2542818855517399,nifti
SwinPix2Pix-2D-T2+FLAIR,SwinPix2Pix,GAN,2D,t2_flair,t2,ReMIND-079-post,0.825618480072375,0.8278258487532394,12.259518621984276,0.1731812506914138,0.2275174777652766,nifti
SwinPix2Pix-2D-T2+FLAIR,SwinPix2Pix,GAN,2D,t2_flair,flair,ReMIND-079-post,0.8015281869415437,0.8036477795749128,13.016200398368838,0.1762605309486389,0.2385395487418045,nifti
SwinPix2Pix-2D-T2+FLAIR,SwinPix2Pix,GAN,2D,t2_flair,t2,ReMIND-079-pre,0.7874588717896728,0.7934362432366202,16.16902408234201,0.1025489419698715,0.2251117338098627,nifti
SwinPix2Pix-2D-T2+FLAIR,SwinPix2Pix,GAN,2D,t2_flair,flair,ReMIND-079-pre,0.7800040194995843,0.789351268658856,14.959358884856382,0.1280773431062698,0.2201703016817902,nifti
SwinPix2Pix-2D-T2+FLAIR,SwinPix2Pix,GAN,2D,t2_flair,t2,ReMIND-087-pre,0.7585072294942324,0.7647504553363051,14.765688049190828,0.1281912624835968,0.2501848715874883,nifti
SwinPix2Pix-2D-T2+FLAIR,SwinPix2Pix,GAN,2D,t2_flair,flair,ReMIND-087-pre,0.7782855815880673,0.7915294544193763,14.53727635344537,0.1455188989639282,0.2073925623157318,nifti
SwinPix2Pix-2D-T2+FLAIR,SwinPix2Pix,GAN,2D,t2_flair,t2,ReMIND-091-pre,0.798920336464197,0.8037482007647853,15.407672859598032,0.0993072539567947,0.2333110547138869,nifti
SwinPix2Pix-2D-T2+FLAIR,SwinPix2Pix,GAN,2D,t2_flair,flair,ReMIND-091-pre,0.7764900201159322,0.7846529664683088,16.78569292281803,0.1006141975522041,0.2374066444902332,nifti
SwinPix2Pix-2D-T2+FLAIR,SwinPix2Pix,GAN,2D,t2_flair,t2,ReMIND-096-post,0.8043086481502024,0.8084022117439308,15.108338010829083,0.0967923253774643,0.2278064018072084,nifti
SwinPix2Pix-2D-T2+FLAIR,SwinPix2Pix,GAN,2D,t2_flair,flair,ReMIND-096-post,0.7360234513091714,0.7428563148692242,15.303136845488638,0.1280219405889511,0.2611396700836891,nifti
SwinPix2Pix-2D-T2+FLAIR,SwinPix2Pix,GAN,2D,t2_flair,t2,ReMIND-096-pre,0.8006555210480694,0.8070184813009146,16.1815320241634,0.0973139926791191,0.2194142073309153,nifti
SwinPix2Pix-2D-T2+FLAIR,SwinPix2Pix,GAN,2D,t2_flair,flair,ReMIND-096-pre,0.7673157236997004,0.7800846501749662,16.47139853093236,0.1155308187007904,0.2163453659649645,nifti
SwinPix2Pix-2D-T2+FLAIR,SwinPix2Pix,GAN,2D,t2_flair,t2,ReMIND-102-pre,0.8346202624850354,0.8412598019035509,15.691141494651417,0.1158894896507263,0.2022979926972926,nifti
SwinPix2Pix-2D-T2+FLAIR,SwinPix2Pix,GAN,2D,t2_flair,flair,ReMIND-102-pre,0.8171604388857902,0.8272664456003774,15.345823443558205,0.1331396102905273,0.2068670906617746,nifti
SwinPix2Pix-2D-T2+FLAIR,SwinPix2Pix,GAN,2D,t2_flair,t2,ReMIND-107-pre,0.7686366047001683,0.7697137970842127,12.380008006788689,0.182277500629425,0.2487728148698806,nifti
SwinPix2Pix-2D-T2+FLAIR,SwinPix2Pix,GAN,2D,t2_flair,flair,ReMIND-107-pre,0.7892706578721165,0.7913026864087069,12.720018691141684,0.1806246042251587,0.2371716242697504,nifti
SwinPix2Pix-2D-T2+FLAIR,SwinPix2Pix,GAN,2D,t2_flair,t2,ReMIND-109-post,0.7958842007676976,0.8002790072673847,13.380336060287773,0.1395175606012344,0.2501220828957028,nifti
SwinPix2Pix-2D-T2+FLAIR,SwinPix2Pix,GAN,2D,t2_flair,flair,ReMIND-109-post,0.7703069775533767,0.7782857592224693,13.502908461918148,0.1598330438137054,0.256164292494456,nifti
SwinPix2Pix-2D-T2+FLAIR,SwinPix2Pix,GAN,2D,t2_flair,t2,ReMIND-109-pre,0.8143418929161322,0.8173967032315649,14.93573052743054,0.121942825615406,0.21845550875406,nifti
SwinPix2Pix-2D-T2+FLAIR,SwinPix2Pix,GAN,2D,t2_flair,flair,ReMIND-109-pre,0.8238904368880691,0.8322126358578963,15.537993460178225,0.1372283548116684,0.190161950500296,nifti
SwinPix2Pix-2.5D-T2,SwinPix2Pix,GAN,2.5D,t2,t2,ReMIND-003-post,0.8366863479777191,0.8404008093290216,15.384168476200148,0.1070687621831893,0.2088163636770902,nifti
SwinPix2Pix-2.5D-T2,SwinPix2Pix,GAN,2.5D,t2,t2,ReMIND-003-pre,0.799827925944243,0.8048124624291646,16.22203422872524,0.0961490496993064,0.2166057725606316,nifti
SwinPix2Pix-2.5D-T2,SwinPix2Pix,GAN,2.5D,t2,t2,ReMIND-004-pre,0.8771563351487494,0.8791188142922656,16.756661838441993,0.0870223939418792,0.1869699381482907,nifti
SwinPix2Pix-2.5D-T2,SwinPix2Pix,GAN,2.5D,t2,t2,ReMIND-023-post,0.7469448631277013,0.752671394417717,15.317085782052631,0.0991831868886947,0.2993259093275777,nifti
SwinPix2Pix-2.5D-T2,SwinPix2Pix,GAN,2.5D,t2,t2,ReMIND-023-pre,0.7259309112835265,0.7265199456164706,14.578725534560188,0.1078065633773803,0.3211954595411525,nifti
SwinPix2Pix-2.5D-T2,SwinPix2Pix,GAN,2.5D,t2,t2,ReMIND-031-post,0.8438098492639543,0.846890189153043,15.736154102179,0.1087841987609863,0.1997007125302365,nifti
SwinPix2Pix-2.5D-T2,SwinPix2Pix,GAN,2.5D,t2,t2,ReMIND-031-pre,0.776496947352732,0.7811138962808517,16.297983024553616,0.0996282696723938,0.2346511343398045,nifti
SwinPix2Pix-2.5D-T2,SwinPix2Pix,GAN,2.5D,t2,t2,ReMIND-032-post,0.8082168282209563,0.8103085880166987,14.506919235440758,0.1170118153095245,0.2275792054640941,nifti
SwinPix2Pix-2.5D-T2,SwinPix2Pix,GAN,2.5D,t2,t2,ReMIND-032-pre,0.7643535773102598,0.7695524025948567,13.885674981883124,0.1330193430185318,0.2798178972199905,nifti
SwinPix2Pix-2.5D-T2,SwinPix2Pix,GAN,2.5D,t2,t2,ReMIND-034-post,0.7570925692724595,0.7619514238183591,14.985422173247514,0.1218401566147804,0.2758995273709297,nifti
SwinPix2Pix-2.5D-T2,SwinPix2Pix,GAN,2.5D,t2,t2,ReMIND-034-pre,0.7077759414340462,0.7141398726730032,14.169304201478274,0.1424422860145568,0.2867391357819239,nifti
SwinPix2Pix-2.5D-T2,SwinPix2Pix,GAN,2.5D,t2,t2,ReMIND-045-post,0.858318627865188,0.8619132882757345,15.240801218971203,0.1152113154530525,0.1761865740560967,nifti
SwinPix2Pix-2.5D-T2,SwinPix2Pix,GAN,2.5D,t2,t2,ReMIND-045-pre,0.7910834902167883,0.7932595068357184,15.901365212486304,0.1004733592271804,0.2398961241147956,nifti
SwinPix2Pix-2.5D-T2,SwinPix2Pix,GAN,2.5D,t2,t2,ReMIND-056-post,0.7792624427331979,0.7829166055884581,12.990742169916372,0.1550982296466827,0.2547465742662035,nifti
SwinPix2Pix-2.5D-T2,SwinPix2Pix,GAN,2.5D,t2,t2,ReMIND-056-pre,0.7511859496166706,0.7582890851679572,15.5072654639513,0.1292190849781036,0.2535997659519867,nifti
SwinPix2Pix-2.5D-T2,SwinPix2Pix,GAN,2.5D,t2,t2,ReMIND-077-post,0.80228252939959,0.8049448062578833,14.60729929647334,0.109539195895195,0.256567885746827,nifti
SwinPix2Pix-2.5D-T2,SwinPix2Pix,GAN,2.5D,t2,t2,ReMIND-077-pre,0.7945169917713728,0.7971213844615253,15.803045113137744,0.0928871035575866,0.2515302574412423,nifti
SwinPix2Pix-2.5D-T2,SwinPix2Pix,GAN,2.5D,t2,t2,ReMIND-079-post,0.8426450873349544,0.843323942021642,12.654030704979748,0.165928304195404,0.2203308649965234,nifti
SwinPix2Pix-2.5D-T2,SwinPix2Pix,GAN,2.5D,t2,t2,ReMIND-079-pre,0.7892761860089138,0.7943778564637143,16.714907363926926,0.1005791053175926,0.2176824219982717,nifti
SwinPix2Pix-2.5D-T2,SwinPix2Pix,GAN,2.5D,t2,t2,ReMIND-087-post,0.8165429773312949,0.8183644465239728,13.980900211136367,0.1369601041078567,0.2238051579333841,nifti
SwinPix2Pix-2.5D-T2,SwinPix2Pix,GAN,2.5D,t2,t2,ReMIND-087-pre,0.7701117034790151,0.7740818871716377,15.145758379834644,0.1202231422066688,0.2443693545129564,nifti
SwinPix2Pix-2.5D-T2,SwinPix2Pix,GAN,2.5D,t2,t2,ReMIND-091-post,0.804555290455334,0.8052096229187691,14.28775303803031,0.1133037060499191,0.2379741659189792,nifti
SwinPix2Pix-2.5D-T2,SwinPix2Pix,GAN,2.5D,t2,t2,ReMIND-091-pre,0.8138571640231531,0.8173904831712968,15.898831087610471,0.0943456888198852,0.2191649444538391,nifti
SwinPix2Pix-2.5D-T2,SwinPix2Pix,GAN,2.5D,t2,t2,ReMIND-096-post,0.8158166073915508,0.8172397943406442,15.308740323210454,0.0958532765507698,0.2245983848738116,nifti
SwinPix2Pix-2.5D-T2,SwinPix2Pix,GAN,2.5D,t2,t2,ReMIND-096-pre,0.812252524264755,0.8173530845479438,16.542154473996604,0.0983888432383537,0.212097524278117,nifti
SwinPix2Pix-2.5D-T2,SwinPix2Pix,GAN,2.5D,t2,t2,ReMIND-102-pre,0.8412790451897576,0.8467103232326882,16.263858022146024,0.115305908024311,0.1914056837968119,nifti
SwinPix2Pix-2.5D-T2,SwinPix2Pix,GAN,2.5D,t2,t2,ReMIND-107-post,0.9176002104982816,0.917491959787228,14.278474778305114,0.1338077634572982,0.142566663523515,nifti
SwinPix2Pix-2.5D-T2,SwinPix2Pix,GAN,2.5D,t2,t2,ReMIND-107-pre,0.7868078449999512,0.7860020871018124,12.944156888522173,0.1739172637462616,0.239280486272441,nifti
SwinPix2Pix-2.5D-T2,SwinPix2Pix,GAN,2.5D,t2,t2,ReMIND-109-post,0.8037860152472641,0.8057317694559271,13.311599710161472,0.1402736604213714,0.2454351365566253,nifti
SwinPix2Pix-2.5D-T2,SwinPix2Pix,GAN,2.5D,t2,t2,ReMIND-109-pre,0.8237975611271185,0.8250235836635882,15.115094087052364,0.1196473240852356,0.2169494265103125,nifti
SwinPix2Pix-2.5D-T2+FLAIR,SwinPix2Pix,GAN,2.5D,t2_flair,t2,ReMIND-003-post,0.8245464785187326,0.82831915741773,14.845332300769652,0.1143488883972168,0.2195294844169242,nifti
SwinPix2Pix-2.5D-T2+FLAIR,SwinPix2Pix,GAN,2.5D,t2_flair,flair,ReMIND-003-post,0.784582208286768,0.7897679038922384,15.834110632006498,0.1212202236056327,0.2234365636227177,nifti
SwinPix2Pix-2.5D-T2+FLAIR,SwinPix2Pix,GAN,2.5D,t2_flair,t2,ReMIND-023-post,0.7370502579437571,0.7426764600854484,14.646512691296753,0.1081820502877235,0.3093859829284526,nifti
SwinPix2Pix-2.5D-T2+FLAIR,SwinPix2Pix,GAN,2.5D,t2_flair,flair,ReMIND-023-post,0.6595038124960653,0.6639360601627592,14.68243635190608,0.1400353610515594,0.3510509607968507,nifti
SwinPix2Pix-2.5D-T2+FLAIR,SwinPix2Pix,GAN,2.5D,t2_flair,t2,ReMIND-023-pre,0.6998929300631391,0.7013932232162315,13.632798812054038,0.1247835755348205,0.3334318732514101,nifti
SwinPix2Pix-2.5D-T2+FLAIR,SwinPix2Pix,GAN,2.5D,t2_flair,flair,ReMIND-023-pre,0.6345950757174015,0.6373465597705957,13.58298374678668,0.1523023098707199,0.364274997921551,nifti
SwinPix2Pix-2.5D-T2+FLAIR,SwinPix2Pix,GAN,2.5D,t2_flair,t2,ReMIND-032-post,0.7984019121173852,0.800571886209668,14.18801170963958,0.124993234872818,0.2329344850702163,nifti
SwinPix2Pix-2.5D-T2+FLAIR,SwinPix2Pix,GAN,2.5D,t2_flair,flair,ReMIND-032-post,0.7682556397779994,0.770145932363998,14.352732029783224,0.1420106589794159,0.2486589170801333,nifti
SwinPix2Pix-2.5D-T2+FLAIR,SwinPix2Pix,GAN,2.5D,t2_flair,t2,ReMIND-032-pre,0.74595287409975,0.7513114021823466,13.244063745447354,0.1453373730182647,0.2968351310768792,nifti
SwinPix2Pix-2.5D-T2+FLAIR,SwinPix2Pix,GAN,2.5D,t2_flair,flair,ReMIND-032-pre,0.7172896137434952,0.7223445833500963,13.752671204511222,0.1534130424261093,0.3087827053874038,nifti
SwinPix2Pix-2.5D-T2+FLAIR,SwinPix2Pix,GAN,2.5D,t2_flair,t2,ReMIND-045-pre,0.7819271158510928,0.784425612605698,15.810991787650876,0.0993840917944908,0.2529380885618074,nifti
SwinPix2Pix-2.5D-T2+FLAIR,SwinPix2Pix,GAN,2.5D,t2_flair,flair,ReMIND-045-pre,0.7705643040605897,0.7712813026153644,15.993039328781148,0.113892063498497,0.25571995829137,nifti
SwinPix2Pix-2.5D-T2+FLAIR,SwinPix2Pix,GAN,2.5D,t2_flair,t2,ReMIND-056-post,0.7828655831941307,0.7869027229265906,12.81573468264215,0.1602093428373336,0.2501034700664981,nifti
SwinPix2Pix-2.5D-T2+FLAIR,SwinPix2Pix,GAN,2.5D,t2_flair,flair,ReMIND-056-post,0.7507177932935721,0.7559306128584736,13.874016343837026,0.1528710573911667,0.2587511251712667,nifti
SwinPix2Pix-2.5D-T2+FLAIR,SwinPix2Pix,GAN,2.5D,t2_flair,t2,ReMIND-056-pre,0.7496690826134953,0.7569056465763084,15.382683639850423,0.1307329535484314,0.253866056325259,nifti
SwinPix2Pix-2.5D-T2+FLAIR,SwinPix2Pix,GAN,2.5D,t2_flair,flair,ReMIND-056-pre,0.7673612854775921,0.7746532648619376,16.234724896436095,0.1166884005069732,0.2456564718374499,nifti
SwinPix2Pix-2.5D-T2+FLAIR,SwinPix2Pix,GAN,2.5D,t2_flair,t2,ReMIND-077-post,0.7909348139046849,0.7938156390128225,14.010005079432986,0.1181200295686721,0.2611806457107131,nifti
SwinPix2Pix-2.5D-T2+FLAIR,SwinPix2Pix,GAN,2.5D,t2_flair,flair,ReMIND-077-post,0.796790459954121,0.803887701863067,15.591890322410125,0.1050787419080734,0.2460423093792554,nifti
SwinPix2Pix-2.5D-T2+FLAIR,SwinPix2Pix,GAN,2.5D,t2_flair,t2,ReMIND-077-pre,0.7945381776363966,0.7970763823594597,15.607409132748431,0.0939690545201301,0.2554762386803671,nifti
SwinPix2Pix-2.5D-T2+FLAIR,SwinPix2Pix,GAN,2.5D,t2_flair,flair,ReMIND-077-pre,0.7777124119070475,0.7843907725995756,16.120920425057893,0.1114026233553886,0.2413418137277505,nifti
SwinPix2Pix-2.5D-T2+FLAIR,SwinPix2Pix,GAN,2.5D,t2_flair,t2,ReMIND-079-post,0.8349480890622768,0.8355058372458756,12.158785075919354,0.1766262948513031,0.226665483535947,nifti
SwinPix2Pix-2.5D-T2+FLAIR,SwinPix2Pix,GAN,2.5D,t2_flair,flair,ReMIND-079-post,0.8136445374590183,0.8135217062788844,12.808726899263498,0.1825605928897857,0.2379968150241954,nifti
SwinPix2Pix-2.5D-T2+FLAIR,SwinPix2Pix,GAN,2.5D,t2_flair,t2,ReMIND-079-pre,0.7872529186641407,0.7923324910571102,16.296590134150048,0.1028148755431175,0.2315488340301886,nifti
SwinPix2Pix-2.5D-T2+FLAIR,SwinPix2Pix,GAN,2.5D,t2_flair,flair,ReMIND-079-pre,0.781758849132306,0.7899563909185607,15.330169274950045,0.1215627864003181,0.2278996765946542,nifti
SwinPix2Pix-2.5D-T2+FLAIR,SwinPix2Pix,GAN,2.5D,t2_flair,t2,ReMIND-087-pre,0.7708940114774807,0.7748360969518939,15.04255349442345,0.1235056221485138,0.2467381666103998,nifti
SwinPix2Pix-2.5D-T2+FLAIR,SwinPix2Pix,GAN,2.5D,t2_flair,flair,ReMIND-087-pre,0.7892944062731785,0.8000844370540505,14.50282816717566,0.1442328542470932,0.2017261943631414,nifti
SwinPix2Pix-2.5D-T2+FLAIR,SwinPix2Pix,GAN,2.5D,t2_flair,t2,ReMIND-091-pre,0.8111845767417103,0.8145464299294749,15.620749895986927,0.0959515497088432,0.2267253293307281,nifti
SwinPix2Pix-2.5D-T2+FLAIR,SwinPix2Pix,GAN,2.5D,t2_flair,flair,ReMIND-091-pre,0.789929107370226,0.7969949311894843,16.90446117418301,0.0996642112731933,0.2270368369170493,nifti
SwinPix2Pix-2.5D-T2+FLAIR,SwinPix2Pix,GAN,2.5D,t2_flair,t2,ReMIND-096-post,0.8110857236488695,0.8129668574940634,14.827058852700766,0.103064477443695,0.2257490948189136,nifti
SwinPix2Pix-2.5D-T2+FLAIR,SwinPix2Pix,GAN,2.5D,t2_flair,flair,ReMIND-096-post,0.7479695184786219,0.7518760409427784,15.123958794472818,0.1336136758327484,0.2517323088507319,nifti
SwinPix2Pix-2.5D-T2+FLAIR,SwinPix2Pix,GAN,2.5D,t2_flair,t2,ReMIND-096-pre,0.8108164302566537,0.8157966415553167,16.38937407165381,0.0961674526333808,0.2183239620304509,nifti
SwinPix2Pix-2.5D-T2+FLAIR,SwinPix2Pix,GAN,2.5D,t2_flair,flair,ReMIND-096-pre,0.7778091451067647,0.7890194528446877,16.40471806202693,0.1173911392688751,0.2131755251353711,nifti
SwinPix2Pix-2.5D-T2+FLAIR,SwinPix2Pix,GAN,2.5D,t2_flair,t2,ReMIND-102-pre,0.8378412201846084,0.8432463342322771,15.690114035484676,0.1201585158705711,0.1972468014356199,nifti
SwinPix2Pix-2.5D-T2+FLAIR,SwinPix2Pix,GAN,2.5D,t2_flair,flair,ReMIND-102-pre,0.8196827235920926,0.82866690482349,15.519606470532528,0.1260713785886764,0.1994770012059054,nifti
SwinPix2Pix-2.5D-T2+FLAIR,SwinPix2Pix,GAN,2.5D,t2_flair,t2,ReMIND-107-pre,0.7792462704625874,0.7780550491282964,12.061386210200524,0.1930237859487533,0.2457296806905004,nifti
SwinPix2Pix-2.5D-T2+FLAIR,SwinPix2Pix,GAN,2.5D,t2_flair,flair,ReMIND-107-pre,0.7939292215449636,0.7938671710459266,12.655791581841177,0.1855591088533401,0.2332053706049919,nifti
SwinPix2Pix-2.5D-T2+FLAIR,SwinPix2Pix,GAN,2.5D,t2_flair,t2,ReMIND-109-post,0.7966271428615221,0.798352131346025,12.984877092682414,0.1489204615354538,0.2523575567536884,nifti
SwinPix2Pix-2.5D-T2+FLAIR,SwinPix2Pix,GAN,2.5D,t2_flair,flair,ReMIND-109-post,0.7746097515468466,0.7797055625951416,13.238725775026094,0.1655946373939514,0.2529032723771201,nifti
SwinPix2Pix-2.5D-T2+FLAIR,SwinPix2Pix,GAN,2.5D,t2_flair,t2,ReMIND-109-pre,0.8218789194870924,0.8231014896338863,14.984572759714958,0.1206600293517112,0.2151686930441641,nifti
SwinPix2Pix-2.5D-T2+FLAIR,SwinPix2Pix,GAN,2.5D,t2_flair,flair,ReMIND-109-pre,0.8327524581333537,0.8390341486207917,15.688755559462788,0.1345655769109726,0.1832674053740931,nifti
SwinPix2Pix-2D+3D-post-T2,SwinPix2Pix,GAN,2D+3D-post,t2,t2,ReMIND-003-post,0.8480757721940386,0.8519385375226518,15.496007686412126,0.1052565053105354,0.2120226427328352,nifti
SwinPix2Pix-2D+3D-post-T2,SwinPix2Pix,GAN,2D+3D-post,t2,t2,ReMIND-003-pre,0.8043373383616905,0.8085470485622159,16.063894687885924,0.097982533276081,0.220946691379967,nifti
SwinPix2Pix-2D+3D-post-T2,SwinPix2Pix,GAN,2D+3D-post,t2,t2,ReMIND-004-pre,0.8764842258534138,0.8772444606875518,16.602364409017497,0.0884700268507003,0.1929701608151961,nifti
SwinPix2Pix-2D+3D-post-T2,SwinPix2Pix,GAN,2D+3D-post,t2,t2,ReMIND-023-post,0.7820997876288365,0.7884527114033851,15.258577457393873,0.0997384488582611,0.2832461529307895,nifti
SwinPix2Pix-2D+3D-post-T2,SwinPix2Pix,GAN,2D+3D-post,t2,t2,ReMIND-023-pre,0.7743010951841294,0.7741309039191987,14.250769966666647,0.1105273365974426,0.2933504344785915,nifti
SwinPix2Pix-2D+3D-post-T2,SwinPix2Pix,GAN,2D+3D-post,t2,t2,ReMIND-031-post,0.8490455729782171,0.8525759921244679,15.680918520308886,0.1088568866252899,0.2088929052415647,nifti
SwinPix2Pix-2D+3D-post-T2,SwinPix2Pix,GAN,2D+3D-post,t2,t2,ReMIND-031-pre,0.7771529644611426,0.7811634245986419,16.204934039653967,0.1011579930782318,0.2443335242953497,nifti
SwinPix2Pix-2D+3D-post-T2,SwinPix2Pix,GAN,2D+3D-post,t2,t2,ReMIND-032-post,0.8272526289741982,0.8297229699859374,14.375858405524424,0.1185935512185096,0.2204715813963841,nifti
SwinPix2Pix-2D+3D-post-T2,SwinPix2Pix,GAN,2D+3D-post,t2,t2,ReMIND-032-pre,0.7784068465821691,0.7834030938733189,13.533797482797375,0.1375649869441986,0.2821426901013352,nifti
SwinPix2Pix-2D+3D-post-T2,SwinPix2Pix,GAN,2D+3D-post,t2,t2,ReMIND-034-post,0.7677989763443983,0.7730959742112884,15.015184919470029,0.1251576840877533,0.2813254901766777,nifti
SwinPix2Pix-2D+3D-post-T2,SwinPix2Pix,GAN,2D+3D-post,t2,t2,ReMIND-034-pre,0.7379342027532353,0.7436224455754704,14.304953465747808,0.1419890224933624,0.2725579443698128,nifti
SwinPix2Pix-2D+3D-post-T2,SwinPix2Pix,GAN,2D+3D-post,t2,t2,ReMIND-045-post,0.8714411812668016,0.8760416365706319,15.340547376898105,0.1139693036675453,0.170343794900438,nifti
SwinPix2Pix-2D+3D-post-T2,SwinPix2Pix,GAN,2D+3D-post,t2,t2,ReMIND-045-pre,0.7964654924821901,0.7988202299758912,15.84024904682122,0.101647213101387,0.2442118179585252,nifti
SwinPix2Pix-2D+3D-post-T2,SwinPix2Pix,GAN,2D+3D-post,t2,t2,ReMIND-056-post,0.7945918307821954,0.7983131339296891,12.768105365710769,0.1627266258001327,0.2524462162420667,nifti
SwinPix2Pix-2D+3D-post-T2,SwinPix2Pix,GAN,2D+3D-post,t2,t2,ReMIND-056-pre,0.7657181609117635,0.7726630231340367,15.468954797724765,0.1281051039695739,0.2665396880496431,nifti
SwinPix2Pix-2D+3D-post-T2,SwinPix2Pix,GAN,2D+3D-post,t2,t2,ReMIND-077-post,0.816708396004525,0.8190792623426668,14.53513140694505,0.1112103387713432,0.2536169556347099,nifti
SwinPix2Pix-2D+3D-post-T2,SwinPix2Pix,GAN,2D+3D-post,t2,t2,ReMIND-077-pre,0.7973402665407001,0.7989374325762489,15.649910079308158,0.0969397947192192,0.2553197423586194,nifti
SwinPix2Pix-2D+3D-post-T2,SwinPix2Pix,GAN,2D+3D-post,t2,t2,ReMIND-079-post,0.8477336398313835,0.8471331333429739,12.146795226554143,0.1774720698595047,0.2253093016711441,nifti
SwinPix2Pix-2D+3D-post-T2,SwinPix2Pix,GAN,2D+3D-post,t2,t2,ReMIND-079-pre,0.7940102757571702,0.7986302247291217,16.558427532014925,0.0999284088611602,0.2264399761177974,nifti
SwinPix2Pix-2D+3D-post-T2,SwinPix2Pix,GAN,2D+3D-post,t2,t2,ReMIND-087-post,0.8218226410801501,0.8228166752153931,13.332390284580136,0.1469615399837494,0.2324036099016666,nifti
SwinPix2Pix-2D+3D-post-T2,SwinPix2Pix,GAN,2D+3D-post,t2,t2,ReMIND-087-pre,0.7739823586873082,0.7772282743229516,14.657789695764947,0.1265862137079239,0.2461250450876024,nifti
SwinPix2Pix-2D+3D-post-T2,SwinPix2Pix,GAN,2D+3D-post,t2,t2,ReMIND-091-post,0.8222028506913575,0.8217240427567505,14.819776837642532,0.1077691838145256,0.2318210075510309,nifti
SwinPix2Pix-2D+3D-post-T2,SwinPix2Pix,GAN,2D+3D-post,t2,t2,ReMIND-091-pre,0.8157712526343376,0.8182762348604308,16.005816968780966,0.0942943170666694,0.2268718080195181,nifti
SwinPix2Pix-2D+3D-post-T2,SwinPix2Pix,GAN,2D+3D-post,t2,t2,ReMIND-096-post,0.8250576553217006,0.8267791140302545,15.18483122108176,0.098723717033863,0.2185747540274331,nifti
SwinPix2Pix-2D+3D-post-T2,SwinPix2Pix,GAN,2D+3D-post,t2,t2,ReMIND-096-pre,0.8140800835679908,0.817736782006272,16.241552615456737,0.1018845364451408,0.2201887089759111,nifti
SwinPix2Pix-2D+3D-post-T2,SwinPix2Pix,GAN,2D+3D-post,t2,t2,ReMIND-102-pre,0.8416870630789957,0.8464189004416448,16.25250855785328,0.1134245693683624,0.1975619307013003,nifti
SwinPix2Pix-2D+3D-post-T2,SwinPix2Pix,GAN,2D+3D-post,t2,t2,ReMIND-107-post,0.9204994206742234,0.9200892964387924,14.1281870529611,0.1361662298440933,0.1394841611385345,nifti
SwinPix2Pix-2D+3D-post-T2,SwinPix2Pix,GAN,2D+3D-post,t2,t2,ReMIND-107-pre,0.7997221747079276,0.7989387198156374,12.670571883915636,0.1717785894870758,0.2519830365975697,nifti
SwinPix2Pix-2D+3D-post-T2,SwinPix2Pix,GAN,2D+3D-post,t2,t2,ReMIND-109-post,0.815381781069002,0.8171253486818141,13.191176704542942,0.1420276463031768,0.2473953790134853,nifti
SwinPix2Pix-2D+3D-post-T2,SwinPix2Pix,GAN,2D+3D-post,t2,t2,ReMIND-109-pre,0.8266817568107472,0.8274230105984757,14.885642647804389,0.1233956217765808,0.2195571699255221,nifti
SwinPix2Pix-2D+3D-post-T2+FLAIR,SwinPix2Pix,GAN,2D+3D-post,t2_flair,t2,ReMIND-003-post,0.8493885772437519,0.8527438334261483,15.508382840744732,0.1043301969766616,0.2104696406453263,nifti
SwinPix2Pix-2D+3D-post-T2+FLAIR,SwinPix2Pix,GAN,2D+3D-post,t2_flair,flair,ReMIND-003-post,0.8033883518634791,0.8091685246815183,16.06486249921788,0.1203620433807373,0.2279968442870121,nifti
SwinPix2Pix-2D+3D-post-T2+FLAIR,SwinPix2Pix,GAN,2D+3D-post,t2_flair,t2,ReMIND-023-post,0.7806163351976922,0.7863886780623007,14.952111896639977,0.1004796475172042,0.2865827905910986,nifti
SwinPix2Pix-2D+3D-post-T2+FLAIR,SwinPix2Pix,GAN,2D+3D-post,t2_flair,flair,ReMIND-023-post,0.7004653454733761,0.7053290350795541,14.749904870173705,0.1397630125284195,0.3425880565687462,nifti
SwinPix2Pix-2D+3D-post-T2+FLAIR,SwinPix2Pix,GAN,2D+3D-post,t2_flair,t2,ReMIND-023-pre,0.7702748137953894,0.7690209676821173,13.568197655184964,0.1182813793420791,0.304015667999492,nifti
SwinPix2Pix-2D+3D-post-T2+FLAIR,SwinPix2Pix,GAN,2D+3D-post,t2_flair,flair,ReMIND-023-pre,0.704321829875698,0.7050002390963721,13.356909389384832,0.1406484544277191,0.3411758182679905,nifti
SwinPix2Pix-2D+3D-post-T2+FLAIR,SwinPix2Pix,GAN,2D+3D-post,t2_flair,t2,ReMIND-032-post,0.8239719001669642,0.8258307298175143,14.27540850755414,0.1205740869045257,0.2224047866005163,nifti
SwinPix2Pix-2D+3D-post-T2+FLAIR,SwinPix2Pix,GAN,2D+3D-post,t2_flair,flair,ReMIND-032-post,0.7913470429219859,0.7932701698880479,14.429056622180402,0.14032743871212,0.2447543140405263,nifti
SwinPix2Pix-2D+3D-post-T2+FLAIR,SwinPix2Pix,GAN,2D+3D-post,t2_flair,t2,ReMIND-032-pre,0.7784086923293618,0.7828604186083343,13.598860692184534,0.1336403936147689,0.2870173925577208,nifti
SwinPix2Pix-2D+3D-post-T2+FLAIR,SwinPix2Pix,GAN,2D+3D-post,t2_flair,flair,ReMIND-032-pre,0.7458051974984145,0.7508411371062165,14.283242429739202,0.1349153667688369,0.3028515570385511,nifti
SwinPix2Pix-2D+3D-post-T2+FLAIR,SwinPix2Pix,GAN,2D+3D-post,t2_flair,t2,ReMIND-045-pre,0.7976327516623605,0.7998100560590753,15.762120243173294,0.0997598841786384,0.2465944329694825,nifti
SwinPix2Pix-2D+3D-post-T2+FLAIR,SwinPix2Pix,GAN,2D+3D-post,t2_flair,flair,ReMIND-045-pre,0.7899435433004833,0.7896416247788683,15.805497459801138,0.1141526475548744,0.2481629973923673,nifti
SwinPix2Pix-2D+3D-post-T2+FLAIR,SwinPix2Pix,GAN,2D+3D-post,t2_flair,t2,ReMIND-056-post,0.7962606114321338,0.8006471543429923,12.739250984218495,0.1654915660619735,0.2509489922687925,nifti
SwinPix2Pix-2D+3D-post-T2+FLAIR,SwinPix2Pix,GAN,2D+3D-post,t2_flair,flair,ReMIND-056-post,0.7693842932669739,0.7738402157125406,13.867061300415935,0.1468192189931869,0.262107412876754,nifti
SwinPix2Pix-2D+3D-post-T2+FLAIR,SwinPix2Pix,GAN,2D+3D-post,t2_flair,t2,ReMIND-056-pre,0.7686964896015347,0.7752953514639986,15.993916544885316,0.1196053102612495,0.2596127883427673,nifti
SwinPix2Pix-2D+3D-post-T2+FLAIR,SwinPix2Pix,GAN,2D+3D-post,t2_flair,flair,ReMIND-056-pre,0.790278291001637,0.7961585639154911,16.616467835609768,0.1010443195700645,0.2563234417250863,nifti
SwinPix2Pix-2D+3D-post-T2+FLAIR,SwinPix2Pix,GAN,2D+3D-post,t2_flair,t2,ReMIND-077-post,0.8163707246673505,0.8191105174621172,14.593143346988828,0.1100721657276153,0.2516334147469417,nifti
SwinPix2Pix-2D+3D-post-T2+FLAIR,SwinPix2Pix,GAN,2D+3D-post,t2_flair,flair,ReMIND-077-post,0.8225672209998917,0.8299902220624508,16.11779926494674,0.1012536734342575,0.2371516479430972,nifti
SwinPix2Pix-2D+3D-post-T2+FLAIR,SwinPix2Pix,GAN,2D+3D-post,t2_flair,t2,ReMIND-077-pre,0.7992216177881777,0.8005037100044208,15.444238244162612,0.0970878526568412,0.2530391900713399,nifti
SwinPix2Pix-2D+3D-post-T2+FLAIR,SwinPix2Pix,GAN,2D+3D-post,t2_flair,flair,ReMIND-077-pre,0.784335019090446,0.7894773374529136,15.716289413070925,0.1162973418831825,0.2444319654232967,nifti
SwinPix2Pix-2D+3D-post-T2+FLAIR,SwinPix2Pix,GAN,2D+3D-post,t2_flair,t2,ReMIND-079-post,0.8493223263457298,0.8483924535562846,12.12716378189201,0.1752912998199463,0.2247879571608595,nifti
SwinPix2Pix-2D+3D-post-T2+FLAIR,SwinPix2Pix,GAN,2D+3D-post,t2_flair,flair,ReMIND-079-post,0.8271679333967797,0.8256541371516537,12.949557794618356,0.173965647816658,0.2365106096541559,nifti
SwinPix2Pix-2D+3D-post-T2+FLAIR,SwinPix2Pix,GAN,2D+3D-post,t2_flair,t2,ReMIND-079-pre,0.7903386597034457,0.7949762680743439,16.047303879981715,0.1060822084546089,0.2333918897716026,nifti
SwinPix2Pix-2D+3D-post-T2+FLAIR,SwinPix2Pix,GAN,2D+3D-post,t2_flair,flair,ReMIND-079-pre,0.7893912412128441,0.7973163897772225,15.238155964233345,0.123169220983982,0.2237186683289831,nifti
SwinPix2Pix-2D+3D-post-T2+FLAIR,SwinPix2Pix,GAN,2D+3D-post,t2_flair,t2,ReMIND-087-pre,0.7707453941243618,0.7742304551805052,14.518450362498944,0.1306099146604538,0.2457606926284454,nifti
SwinPix2Pix-2D+3D-post-T2+FLAIR,SwinPix2Pix,GAN,2D+3D-post,t2_flair,flair,ReMIND-087-pre,0.7925252616425839,0.8026850022068652,14.255469354837423,0.1482318490743637,0.2015543726637311,nifti
SwinPix2Pix-2D+3D-post-T2+FLAIR,SwinPix2Pix,GAN,2D+3D-post,t2_flair,t2,ReMIND-091-pre,0.8166146370415222,0.8185556079180064,15.729977872838766,0.0974232330918312,0.2264532753569216,nifti
SwinPix2Pix-2D+3D-post-T2+FLAIR,SwinPix2Pix,GAN,2D+3D-post,t2_flair,flair,ReMIND-091-pre,0.7991666092636239,0.8041776805296234,16.77377662609095,0.0983155965805053,0.2250818018715805,nifti
SwinPix2Pix-2D+3D-post-T2+FLAIR,SwinPix2Pix,GAN,2D+3D-post,t2_flair,t2,ReMIND-096-post,0.8288605861561041,0.8300146384727357,15.226085194575838,0.0963201597332954,0.2158586805643037,nifti
SwinPix2Pix-2D+3D-post-T2+FLAIR,SwinPix2Pix,GAN,2D+3D-post,t2_flair,flair,ReMIND-096-post,0.7623596655087823,0.766044120610048,15.195419086938596,0.1289238035678863,0.2515946917755659,nifti
SwinPix2Pix-2D+3D-post-T2+FLAIR,SwinPix2Pix,GAN,2D+3D-post,t2_flair,t2,ReMIND-096-pre,0.8155302640867244,0.8187978823404424,16.197830245842603,0.1008226498961448,0.217787417635489,nifti
SwinPix2Pix-2D+3D-post-T2+FLAIR,SwinPix2Pix,GAN,2D+3D-post,t2_flair,flair,ReMIND-096-pre,0.7848920509702362,0.7947223967229757,16.270117896672172,0.1195711269974708,0.2095618458736813,nifti
SwinPix2Pix-2D+3D-post-T2+FLAIR,SwinPix2Pix,GAN,2D+3D-post,t2_flair,t2,ReMIND-102-pre,0.836967477691011,0.8414494502486497,15.825287506695226,0.1162488982081413,0.201635484327818,nifti
SwinPix2Pix-2D+3D-post-T2+FLAIR,SwinPix2Pix,GAN,2D+3D-post,t2_flair,flair,ReMIND-102-pre,0.8241478754239087,0.8319736685356889,15.53585165622521,0.1271196156740188,0.1976619601085945,nifti
SwinPix2Pix-2D+3D-post-T2+FLAIR,SwinPix2Pix,GAN,2D+3D-post,t2_flair,t2,ReMIND-107-pre,0.803989330606769,0.8017241805250092,12.068528542552324,0.1844812780618667,0.2581155308418804,nifti
SwinPix2Pix-2D+3D-post-T2+FLAIR,SwinPix2Pix,GAN,2D+3D-post,t2_flair,flair,ReMIND-107-pre,0.8205064355146058,0.8195548224615778,12.492518115649924,0.1784015893936157,0.2517267382807202,nifti
SwinPix2Pix-2D+3D-post-T2+FLAIR,SwinPix2Pix,GAN,2D+3D-post,t2_flair,t2,ReMIND-109-post,0.815651745346282,0.8171341136817476,13.241996303624196,0.140382245182991,0.2467888593673706,nifti
SwinPix2Pix-2D+3D-post-T2+FLAIR,SwinPix2Pix,GAN,2D+3D-post,t2_flair,flair,ReMIND-109-post,0.7914255567647582,0.7966967242611606,13.13672906495077,0.1631633937358856,0.2530845165252685,nifti
SwinPix2Pix-2D+3D-post-T2+FLAIR,SwinPix2Pix,GAN,2D+3D-post,t2_flair,t2,ReMIND-109-pre,0.8263718865652834,0.8269028676441267,14.807740469312778,0.1235338151454925,0.2145186282090238,nifti
SwinPix2Pix-2D+3D-post-T2+FLAIR,SwinPix2Pix,GAN,2D+3D-post,t2_flair,flair,ReMIND-109-pre,0.8373454637443509,0.8429065175440891,15.407286804623602,0.136498749256134,0.1874566891373277,nifti
SwinPix2Pix-3D-T2,SwinPix2Pix,GAN,3D,t2,t2,ReMIND-003-post,0.8173380163004877,0.8189715779615381,14.900487041462684,0.1170819327235221,0.2212133765512821,nifti
SwinPix2Pix-3D-T2,SwinPix2Pix,GAN,3D,t2,t2,ReMIND-003-pre,0.7740493941149431,0.7752545535455572,15.2838325079174,0.1101351603865623,0.2413822586055506,nifti
SwinPix2Pix-3D-T2,SwinPix2Pix,GAN,3D,t2,t2,ReMIND-004-pre,0.850311407208657,0.8490694762699171,15.619773474401155,0.1033418700098991,0.1887836318558607,nifti
SwinPix2Pix-3D-T2,SwinPix2Pix,GAN,3D,t2,t2,ReMIND-023-post,0.7220148303226407,0.7277699908268316,14.130875911008722,0.1239175051450729,0.2972097678316964,nifti
SwinPix2Pix-3D-T2,SwinPix2Pix,GAN,3D,t2,t2,ReMIND-023-pre,0.7190696130648901,0.7185499988202476,13.624414153337812,0.1276032626628875,0.312177663340288,nifti
SwinPix2Pix-3D-T2,SwinPix2Pix,GAN,3D,t2,t2,ReMIND-031-post,0.8301320307409852,0.8336488812838716,15.374922083725007,0.113154724240303,0.2156736987201791,nifti
SwinPix2Pix-3D-T2,SwinPix2Pix,GAN,3D,t2,t2,ReMIND-031-pre,0.7574310108268885,0.7596305293473985,15.547297185048947,0.1108313873410224,0.2310819396768341,nifti
SwinPix2Pix-3D-T2,SwinPix2Pix,GAN,3D,t2,t2,ReMIND-032-post,0.8004679115691905,0.8021261873069067,14.38137975737484,0.1276464313268661,0.2348591054861362,nifti
SwinPix2Pix-3D-T2,SwinPix2Pix,GAN,3D,t2,t2,ReMIND-032-pre,0.743752375135689,0.7487508856198624,13.23455231584659,0.1483132243156433,0.2943437348964602,nifti
SwinPix2Pix-3D-T2,SwinPix2Pix,GAN,3D,t2,t2,ReMIND-034-post,0.7469733504048652,0.7513231368948534,14.832221719002426,0.1260260045528412,0.2833497580885887,nifti
SwinPix2Pix-3D-T2,SwinPix2Pix,GAN,3D,t2,t2,ReMIND-034-pre,0.7032236066859392,0.7077553986155878,13.24277762358779,0.1626544296741485,0.2951248505463202,nifti
SwinPix2Pix-3D-T2,SwinPix2Pix,GAN,3D,t2,t2,ReMIND-045-post,0.8486686260962213,0.8504385344437508,15.23448782017499,0.1187768653035163,0.1780209380971348,nifti
SwinPix2Pix-3D-T2,SwinPix2Pix,GAN,3D,t2,t2,ReMIND-045-pre,0.7804144772478641,0.7822172236865914,15.446276079268657,0.10953089594841,0.2382105328902906,nifti
SwinPix2Pix-3D-T2,SwinPix2Pix,GAN,3D,t2,t2,ReMIND-056-post,0.7626186116641307,0.7647056897520259,12.5217061095533,0.1657639145851135,0.2630298425411356,nifti
SwinPix2Pix-3D-T2,SwinPix2Pix,GAN,3D,t2,t2,ReMIND-056-pre,0.7331505084835462,0.7396649645968807,14.656516024624135,0.1405801177024841,0.2677161053374962,nifti
SwinPix2Pix-3D-T2,SwinPix2Pix,GAN,3D,t2,t2,ReMIND-077-post,0.7923493172260242,0.7942299498892681,14.676158043006364,0.1149837002158165,0.2550395531831561,nifti
SwinPix2Pix-3D-T2,SwinPix2Pix,GAN,3D,t2,t2,ReMIND-077-pre,0.7675905751164653,0.7649692293824997,14.550084375494023,0.1125455796718597,0.2543998665367224,nifti
SwinPix2Pix-3D-T2,SwinPix2Pix,GAN,3D,t2,t2,ReMIND-079-post,0.8249936459773262,0.8236894650674355,12.547134046537892,0.168815478682518,0.2313622538302396,nifti
SwinPix2Pix-3D-T2,SwinPix2Pix,GAN,3D,t2,t2,ReMIND-079-pre,0.7604985233152622,0.7637224209151946,13.819538300814862,0.1313036829233169,0.2536874950015345,nifti
SwinPix2Pix-3D-T2,SwinPix2Pix,GAN,3D,t2,t2,ReMIND-087-post,0.8069789208454657,0.8066142781728042,13.689231863932164,0.1419889032840728,0.2301503815688192,nifti
SwinPix2Pix-3D-T2,SwinPix2Pix,GAN,3D,t2,t2,ReMIND-087-pre,0.7518040858250029,0.7511861173364435,13.872364538227949,0.1443573981523513,0.2524777827991379,nifti
SwinPix2Pix-3D-T2,SwinPix2Pix,GAN,3D,t2,t2,ReMIND-091-post,0.7957564890041533,0.7963270687105546,14.21880988617505,0.1192045360803604,0.2461391563745255,nifti
SwinPix2Pix-3D-T2,SwinPix2Pix,GAN,3D,t2,t2,ReMIND-091-pre,0.7861149107253489,0.7869935203050541,14.518114720219865,0.1121735200285911,0.2265211721093742,nifti
SwinPix2Pix-3D-T2,SwinPix2Pix,GAN,3D,t2,t2,ReMIND-096-post,0.79601698928396,0.7950847235576188,14.81719442071839,0.1075857877731323,0.2359369078347849,nifti
SwinPix2Pix-3D-T2,SwinPix2Pix,GAN,3D,t2,t2,ReMIND-096-pre,0.7907992714817813,0.7908705098507123,15.48534536706619,0.1052130684256553,0.2150588868123092,nifti
SwinPix2Pix-3D-T2,SwinPix2Pix,GAN,3D,t2,t2,ReMIND-102-pre,0.8104817022064651,0.8123631199456889,13.631456118634173,0.1416702568531036,0.2142487002106813,nifti
SwinPix2Pix-3D-T2,SwinPix2Pix,GAN,3D,t2,t2,ReMIND-107-post,0.9054742561946258,0.9030430571866004,13.91269210846338,0.1464817970991134,0.1377572485142284,nifti
SwinPix2Pix-3D-T2,SwinPix2Pix,GAN,3D,t2,t2,ReMIND-107-pre,0.782906917917519,0.7799507606708063,12.362359939917477,0.1838357001543045,0.2560763880610466,nifti
SwinPix2Pix-3D-T2,SwinPix2Pix,GAN,3D,t2,t2,ReMIND-109-post,0.7865556594613619,0.7857587372144664,12.786345596114264,0.1544970422983169,0.254337373872598,nifti
SwinPix2Pix-3D-T2,SwinPix2Pix,GAN,3D,t2,t2,ReMIND-109-pre,0.8111425919225819,0.8093336729689288,14.431926306469446,0.130336508154869,0.2142817987850657,nifti
SwinPix2Pix-3D-T2+FLAIR,SwinPix2Pix,GAN,3D,t2_flair,t2,ReMIND-003-post,0.8257077486325977,0.827155169598488,15.01152432089858,0.1120185777544975,0.2184453498499066,nifti
SwinPix2Pix-3D-T2+FLAIR,SwinPix2Pix,GAN,3D,t2_flair,flair,ReMIND-003-post,0.7788831054321675,0.7817178417799905,15.613180631248492,0.1259000897407531,0.2324964906655106,nifti
SwinPix2Pix-3D-T2+FLAIR,SwinPix2Pix,GAN,3D,t2_flair,t2,ReMIND-023-post,0.7408636326465025,0.745350422861273,14.869306574210812,0.1076494976878166,0.3054571085506015,nifti
SwinPix2Pix-3D-T2+FLAIR,SwinPix2Pix,GAN,3D,t2_flair,flair,ReMIND-023-post,0.6713055605177507,0.6731996005212711,14.387491043265964,0.1469909697771072,0.3354245324929555,nifti
SwinPix2Pix-3D-T2+FLAIR,SwinPix2Pix,GAN,3D,t2_flair,t2,ReMIND-023-pre,0.7376886333105023,0.7368258450334203,13.991494430585442,0.1176879703998565,0.3143866877345478,nifti
SwinPix2Pix-3D-T2+FLAIR,SwinPix2Pix,GAN,3D,t2_flair,flair,ReMIND-023-pre,0.6694266362568105,0.6695227478944537,13.6067216850683,0.1396357268095016,0.343328702099183,nifti
SwinPix2Pix-3D-T2+FLAIR,SwinPix2Pix,GAN,3D,t2_flair,t2,ReMIND-032-post,0.8019207723675089,0.803290144426712,14.283718311540865,0.1240650489926338,0.2408513102011802,nifti
SwinPix2Pix-3D-T2+FLAIR,SwinPix2Pix,GAN,3D,t2_flair,flair,ReMIND-032-post,0.7718220937034801,0.7719955689098341,14.06659781985425,0.1476637572050094,0.2647622617391439,nifti
SwinPix2Pix-3D-T2+FLAIR,SwinPix2Pix,GAN,3D,t2_flair,t2,ReMIND-032-pre,0.7536051051720335,0.7591393208722216,13.137160493299596,0.1464418172836303,0.2984539201093275,nifti
SwinPix2Pix-3D-T2+FLAIR,SwinPix2Pix,GAN,3D,t2_flair,flair,ReMIND-032-pre,0.720198830095763,0.7252787179862781,13.706151036192942,0.1487151682376861,0.3141474983719892,nifti
SwinPix2Pix-3D-T2+FLAIR,SwinPix2Pix,GAN,3D,t2_flair,t2,ReMIND-045-pre,0.7797119423386071,0.781907266115847,15.43738096926826,0.109111301600933,0.2424190867768258,nifti
SwinPix2Pix-3D-T2+FLAIR,SwinPix2Pix,GAN,3D,t2_flair,flair,ReMIND-045-pre,0.767929633577899,0.7687459933858439,15.025384448859588,0.1291469037532806,0.2472053526767662,nifti
SwinPix2Pix-3D-T2+FLAIR,SwinPix2Pix,GAN,3D,t2_flair,t2,ReMIND-056-post,0.776946953742013,0.7799931676454203,12.855508720240923,0.1620284616947174,0.2607750491849307,nifti
SwinPix2Pix-3D-T2+FLAIR,SwinPix2Pix,GAN,3D,t2_flair,flair,ReMIND-056-post,0.7475654529088904,0.7499146631569975,13.655152281384266,0.1506203562021255,0.2719030205545754,nifti
SwinPix2Pix-3D-T2+FLAIR,SwinPix2Pix,GAN,3D,t2_flair,t2,ReMIND-056-pre,0.7420842364319136,0.7487030005699188,14.80775123747771,0.1380711793899536,0.2735969765042817,nifti
SwinPix2Pix-3D-T2+FLAIR,SwinPix2Pix,GAN,3D,t2_flair,flair,ReMIND-056-pre,0.7527829038229054,0.7591900624643496,15.02549354871964,0.1336646825075149,0.2820539201299349,nifti
SwinPix2Pix-3D-T2+FLAIR,SwinPix2Pix,GAN,3D,t2_flair,t2,ReMIND-077-post,0.7938894959318924,0.7956758772763034,14.486110052868508,0.1157161965966224,0.2609219023504773,nifti
SwinPix2Pix-3D-T2+FLAIR,SwinPix2Pix,GAN,3D,t2_flair,flair,ReMIND-077-post,0.7936387159776789,0.799352145156678,15.204637686874449,0.1182411611080169,0.2543467893391042,nifti
SwinPix2Pix-3D-T2+FLAIR,SwinPix2Pix,GAN,3D,t2_flair,t2,ReMIND-077-pre,0.7681041143682513,0.7672261103260741,14.500227262648004,0.1128792017698288,0.2617132042690834,nifti
SwinPix2Pix-3D-T2+FLAIR,SwinPix2Pix,GAN,3D,t2_flair,flair,ReMIND-077-pre,0.7497651954358722,0.752728762513022,14.63532698693254,0.1270540058612823,0.2715415054966944,nifti
SwinPix2Pix-3D-T2+FLAIR,SwinPix2Pix,GAN,3D,t2_flair,t2,ReMIND-079-post,0.8291998767634098,0.8280162409319314,12.330346747549006,0.1770654320716858,0.2347741447187759,nifti
SwinPix2Pix-3D-T2+FLAIR,SwinPix2Pix,GAN,3D,t2_flair,flair,ReMIND-079-post,0.808914074639111,0.8061889688974823,12.91258961399758,0.17245914041996,0.2470804158900235,nifti
SwinPix2Pix-3D-T2+FLAIR,SwinPix2Pix,GAN,3D,t2_flair,t2,ReMIND-079-pre,0.7615238959040891,0.7650275258430457,13.430793960998662,0.134110689163208,0.2601084409063088,nifti
SwinPix2Pix-3D-T2+FLAIR,SwinPix2Pix,GAN,3D,t2_flair,flair,ReMIND-079-pre,0.7597916493771589,0.7657800502963176,15.060982840301548,0.1258435398340225,0.2450430092698368,nifti
SwinPix2Pix-3D-T2+FLAIR,SwinPix2Pix,GAN,3D,t2_flair,t2,ReMIND-087-pre,0.7562942643905741,0.7569291803452934,13.846671501757964,0.1447809934616089,0.2520769059106155,nifti
SwinPix2Pix-3D-T2+FLAIR,SwinPix2Pix,GAN,3D,t2_flair,flair,ReMIND-087-pre,0.7704216705094814,0.7767358069615642,14.054997456044468,0.151411697268486,0.2323713428678288,nifti
SwinPix2Pix-3D-T2+FLAIR,SwinPix2Pix,GAN,3D,t2_flair,t2,ReMIND-091-pre,0.7862541109369072,0.7863443194419568,14.301899380471845,0.1138781085610389,0.2402723192985803,nifti
SwinPix2Pix-3D-T2+FLAIR,SwinPix2Pix,GAN,3D,t2_flair,flair,ReMIND-091-pre,0.765726817305553,0.7683078503372262,15.448028134691125,0.1172828301787376,0.24655482721475,nifti
SwinPix2Pix-3D-T2+FLAIR,SwinPix2Pix,GAN,3D,t2_flair,t2,ReMIND-096-post,0.8048044682514952,0.8051988893723757,15.171424816565652,0.1005887910723686,0.2406507006218267,nifti
SwinPix2Pix-3D-T2+FLAIR,SwinPix2Pix,GAN,3D,t2_flair,flair,ReMIND-096-post,0.7433516726979275,0.7447753693608598,15.03311828290166,0.129200279712677,0.2663302466619846,nifti
SwinPix2Pix-3D-T2+FLAIR,SwinPix2Pix,GAN,3D,t2_flair,t2,ReMIND-096-pre,0.7925342197111386,0.7941135900125035,15.480508017832287,0.1049162521958351,0.2240517819404937,nifti
SwinPix2Pix-3D-T2+FLAIR,SwinPix2Pix,GAN,3D,t2_flair,flair,ReMIND-096-pre,0.7636930239148962,0.7698229908396145,15.801802536646845,0.1233215034008026,0.2398291687700855,nifti
SwinPix2Pix-3D-T2+FLAIR,SwinPix2Pix,GAN,3D,t2_flair,t2,ReMIND-102-pre,0.811497299672392,0.8144002828685531,13.435833101269894,0.1421469748020172,0.2188228024272145,nifti
SwinPix2Pix-3D-T2+FLAIR,SwinPix2Pix,GAN,3D,t2_flair,flair,ReMIND-102-pre,0.7948023561421168,0.7996114801891631,14.589840233001128,0.1363549679517746,0.2356022143388515,nifti
SwinPix2Pix-3D-T2+FLAIR,SwinPix2Pix,GAN,3D,t2_flair,t2,ReMIND-107-pre,0.7877194105490717,0.7856484550754277,12.754183736054436,0.1748910397291183,0.2570964164204067,nifti
SwinPix2Pix-3D-T2+FLAIR,SwinPix2Pix,GAN,3D,t2_flair,flair,ReMIND-107-pre,0.8050211370858038,0.8040990338404926,13.034677369883385,0.1674106568098068,0.2505890197224087,nifti
SwinPix2Pix-3D-T2+FLAIR,SwinPix2Pix,GAN,3D,t2_flair,t2,ReMIND-109-post,0.7977796833146952,0.7980737722524549,12.875499298796749,0.1499007195234298,0.2576382683383094,nifti
SwinPix2Pix-3D-T2+FLAIR,SwinPix2Pix,GAN,3D,t2_flair,flair,ReMIND-109-post,0.7739561531108266,0.7767834569852351,12.465284475645644,0.1709592193365097,0.2623145394855075,nifti
SwinPix2Pix-3D-T2+FLAIR,SwinPix2Pix,GAN,3D,t2_flair,t2,ReMIND-109-pre,0.8107952193255509,0.809607083750089,14.263883134629882,0.1347301453351974,0.2149157786557266,nifti
SwinPix2Pix-3D-T2+FLAIR,SwinPix2Pix,GAN,3D,t2_flair,flair,ReMIND-109-pre,0.8152543525263308,0.8184985533518914,14.60526244489074,0.1469497829675674,0.1965003812366777,nifti
ResViT-2D-T2,ResViT,ResViT,2D,t2,t2,ReMIND-003-post,0.7470717465898906,0.7320362158388796,16.058360311001096,0.1041595563292503,0.128407786488533,nifti
ResViT-2D-T2,ResViT,ResViT,2D,t2,t2,ReMIND-003-pre,0.6836238852296116,0.655113375774054,15.994975035221312,0.1007398664951324,0.1880053974602414,nifti
ResViT-2D-T2,ResViT,ResViT,2D,t2,t2,ReMIND-004-pre,0.8099991714171366,0.7952313199925243,16.258876505010424,0.0938419923186302,0.1501060368051541,nifti
ResViT-2D-T2,ResViT,ResViT,2D,t2,t2,ReMIND-023-post,0.6893604771857601,0.6877142408337659,15.468847362698272,0.1000910997390747,0.1950456419816384,nifti
ResViT-2D-T2,ResViT,ResViT,2D,t2,t2,ReMIND-023-pre,0.7665861342128827,0.7629562209195618,16.11243144451707,0.0832211226224899,0.2001709626878009,nifti
ResViT-2D-T2,ResViT,ResViT,2D,t2,t2,ReMIND-031-post,0.7690662238072457,0.7669479423941329,14.959837885480756,0.1249931454658508,0.1624731103448491,nifti
ResViT-2D-T2,ResViT,ResViT,2D,t2,t2,ReMIND-031-pre,0.7786842285033384,0.7630140769259742,15.69431717800235,0.1105960384011268,0.1694240091328925,nifti
ResViT-2D-T2,ResViT,ResViT,2D,t2,t2,ReMIND-032-post,0.7480481561595873,0.7337039928977017,14.27407291598003,0.1239237487316131,0.1602552506972003,nifti
ResViT-2D-T2,ResViT,ResViT,2D,t2,t2,ReMIND-032-pre,0.738084947393319,0.7300184835393789,14.7835653446496,0.1205665543675422,0.1655256751747358,nifti
ResViT-2D-T2,ResViT,ResViT,2D,t2,t2,ReMIND-034-post,0.7617268650389436,0.751496443264894,15.10591741099978,0.1222388371825218,0.1484146994383385,nifti
ResViT-2D-T2,ResViT,ResViT,2D,t2,t2,ReMIND-034-pre,0.8079128287090142,0.8244627992082979,15.3099022718529,0.1251909881830215,0.2486294937198576,nifti
ResViT-2D-T2,ResViT,ResViT,2D,t2,t2,ReMIND-045-post,0.7156048053293399,0.6992768779748078,15.21133641694589,0.1172225698828697,0.1539504273754099,nifti
ResViT-2D-T2,ResViT,ResViT,2D,t2,t2,ReMIND-045-pre,0.7660660736460955,0.7703329523241434,15.7844724986119,0.1076774895191192,0.174191870909069,nifti
ResViT-2D-T2,ResViT,ResViT,2D,t2,t2,ReMIND-056-post,0.6811510635371193,0.6722547476526195,13.472568697528905,0.1624518036842346,0.1981066273594344,nifti
ResViT-2D-T2,ResViT,ResViT,2D,t2,t2,ReMIND-056-pre,0.7091119160640009,0.7016847052775395,15.766775179244954,0.1201260164380073,0.1876987869025401,nifti
ResViT-2D-T2,ResViT,ResViT,2D,t2,t2,ReMIND-077-post,0.673322009449045,0.656641897605462,14.94498155133386,0.1146270632743835,0.1941742107674882,nifti
ResViT-2D-T2,ResViT,ResViT,2D,t2,t2,ReMIND-077-pre,0.6652136169913462,0.6428225758244356,15.28986996724945,0.1049145758152008,0.2428327537607401,nifti
ResViT-2D-T2,ResViT,ResViT,2D,t2,t2,ReMIND-079-post,0.6127991836235308,0.5891399519878182,13.068676340998524,0.1656479388475418,0.2124936560521254,nifti
ResViT-2D-T2,ResViT,ResViT,2D,t2,t2,ReMIND-079-pre,0.7647503973555876,0.748408533415555,16.11977153490119,0.1025772243738174,0.1729567348119917,nifti
ResViT-2D-T2,ResViT,ResViT,2D,t2,t2,ReMIND-087-post,0.6584962722099872,0.638236311973902,14.68616333970649,0.1328420788049698,0.2022168196272105,nifti
ResViT-2D-T2,ResViT,ResViT,2D,t2,t2,ReMIND-087-pre,0.6014348852282263,0.5759146941447142,14.591999336705952,0.1326961815357208,0.2562417068532598,nifti
ResViT-2D-T2,ResViT,ResViT,2D,t2,t2,ReMIND-091-post,0.6743112338856617,0.6637991531392309,15.112013440607994,0.1126648038625717,0.1746852075324413,nifti
ResViT-2D-T2,ResViT,ResViT,2D,t2,t2,ReMIND-091-pre,0.6463848069390584,0.6218518964921274,16.043562084673002,0.0996047854423523,0.1973407808001394,nifti
ResViT-2D-T2,ResViT,ResViT,2D,t2,t2,ReMIND-096-post,0.7117640017958855,0.6963661586601092,16.32535745322189,0.0957021713256836,0.1627749818008999,nifti
ResViT-2D-T2,ResViT,ResViT,2D,t2,t2,ReMIND-096-pre,0.6648935541230387,0.6411315011579913,15.899951622916824,0.1060009747743606,0.1915358269417827,nifti
ResViT-2D-T2,ResViT,ResViT,2D,t2,t2,ReMIND-102-pre,0.7898909108771043,0.7746609924447837,15.713237506132511,0.1259410828351974,0.1311829770190848,nifti
ResViT-2D-T2,ResViT,ResViT,2D,t2,t2,ReMIND-107-post,0.7406848451267027,0.7049859925812896,14.936509433187783,0.1282964199781417,0.1091246732821067,nifti
ResViT-2D-T2,ResViT,ResViT,2D,t2,t2,ReMIND-107-pre,0.7984749527115951,0.8145028483902343,14.596717525190762,0.1389141380786895,0.2358787410399493,nifti
ResViT-2D-T2,ResViT,ResViT,2D,t2,t2,ReMIND-109-post,0.7050006759628269,0.6860832409837159,14.25141928136837,0.1301771700382232,0.1842391272385915,nifti
ResViT-2D-T2,ResViT,ResViT,2D,t2,t2,ReMIND-109-pre,0.7132838808947315,0.6878378476407068,15.129877525704238,0.1195651814341545,0.1934833839874375,nifti
ResViT-2.5D-T2,ResViT,ResViT,2.5D,t2,t2,ReMIND-003-post,0.7634219537825008,0.7489556767625303,16.066797133968173,0.1018784344196319,0.1108319009840488,nifti
ResViT-2.5D-T2,ResViT,ResViT,2.5D,t2,t2,ReMIND-003-pre,0.6903900876280852,0.6621605092762674,16.03374001003933,0.0992136299610138,0.1575288267313749,nifti
ResViT-2.5D-T2,ResViT,ResViT,2.5D,t2,t2,ReMIND-004-pre,0.8097148854551546,0.7940482915024623,16.670743298209157,0.0878117755055427,0.1178566131011112,nifti
ResViT-2.5D-T2,ResViT,ResViT,2.5D,t2,t2,ReMIND-023-post,0.6596099687463348,0.6544728883067877,15.693420706366592,0.0965197309851646,0.1832045488632642,nifti
ResViT-2.5D-T2,ResViT,ResViT,2.5D,t2,t2,ReMIND-023-pre,0.7561809401688865,0.7514828426069404,16.091599512081107,0.0884934738278389,0.1973442273104892,nifti
ResViT-2.5D-T2,ResViT,ResViT,2.5D,t2,t2,ReMIND-031-post,0.7543215692341788,0.7504102604087491,15.031431787239464,0.1255922168493271,0.1719305069038742,nifti
ResViT-2.5D-T2,ResViT,ResViT,2.5D,t2,t2,ReMIND-031-pre,0.7779157622531532,0.7613381820574258,15.513554235315066,0.1096895560622215,0.158142513417183,nifti
ResViT-2.5D-T2,ResViT,ResViT,2.5D,t2,t2,ReMIND-032-post,0.7457256071346554,0.7295731017694791,14.456576285648898,0.1239474415779113,0.1553784113478016,nifti
ResViT-2.5D-T2,ResViT,ResViT,2.5D,t2,t2,ReMIND-032-pre,0.747184925210114,0.7395722563361409,15.578246455664129,0.1107178181409835,0.150929150304624,nifti
ResViT-2.5D-T2,ResViT,ResViT,2.5D,t2,t2,ReMIND-034-post,0.7724657415256342,0.7632637038203223,15.313098547184062,0.1192685961723327,0.1477222569907705,nifti
ResViT-2.5D-T2,ResViT,ResViT,2.5D,t2,t2,ReMIND-034-pre,0.8126665125523438,0.8300387081602227,15.697678417889383,0.1136441677808761,0.2336232080731703,nifti
ResViT-2.5D-T2,ResViT,ResViT,2.5D,t2,t2,ReMIND-045-post,0.7144143295312765,0.6956521551587403,14.893704978233018,0.1259415000677108,0.1364444611675065,nifti
ResViT-2.5D-T2,ResViT,ResViT,2.5D,t2,t2,ReMIND-045-pre,0.7664906591384781,0.7678869791590048,16.173931358710238,0.0995138958096504,0.1777896838473905,nifti
ResViT-2.5D-T2,ResViT,ResViT,2.5D,t2,t2,ReMIND-056-post,0.6763879790295931,0.6671792685078074,13.025652784559387,0.1627395898103714,0.1997521467230938,nifti
ResViT-2.5D-T2,ResViT,ResViT,2.5D,t2,t2,ReMIND-056-pre,0.7108814557080076,0.7021721460548148,16.290538887909516,0.1137143224477768,0.1620860965746753,nifti
ResViT-2.5D-T2,ResViT,ResViT,2.5D,t2,t2,ReMIND-077-post,0.6861662682782377,0.6685478205978916,15.395695024556415,0.1055500134825706,0.1902510227786528,nifti
ResViT-2.5D-T2,ResViT,ResViT,2.5D,t2,t2,ReMIND-077-pre,0.6663651699016533,0.6416562790589795,15.617267474888376,0.1004076674580574,0.216599765047431,nifti
ResViT-2.5D-T2,ResViT,ResViT,2.5D,t2,t2,ReMIND-079-post,0.6159857091481016,0.5901850357784104,13.358168064682657,0.1558931618928909,0.2186399746585536,nifti
ResViT-2.5D-T2,ResViT,ResViT,2.5D,t2,t2,ReMIND-079-pre,0.7758279620232228,0.7585099341397298,16.734068565098536,0.0949936807155609,0.1502126099939426,nifti
ResViT-2.5D-T2,ResViT,ResViT,2.5D,t2,t2,ReMIND-087-post,0.6561493890527981,0.6350054278245943,14.63921996800022,0.1349333077669143,0.2174735032021999,nifti
ResViT-2.5D-T2,ResViT,ResViT,2.5D,t2,t2,ReMIND-087-pre,0.584373148722047,0.5569602680784406,14.423163899325932,0.1368997991085052,0.2792163232980824,nifti
ResViT-2.5D-T2,ResViT,ResViT,2.5D,t2,t2,ReMIND-091-post,0.6962625879445835,0.6859757887152227,15.759147782933727,0.1031276956200599,0.1591955239468432,nifti
ResViT-2.5D-T2,ResViT,ResViT,2.5D,t2,t2,ReMIND-091-pre,0.6740108208828368,0.6508200612860028,16.87374180112013,0.0868455991148948,0.1820354148009677,nifti
ResViT-2.5D-T2,ResViT,ResViT,2.5D,t2,t2,ReMIND-096-post,0.7264410389578656,0.7128154359163221,16.569243023334536,0.087970070540905,0.1471026976441228,nifti
ResViT-2.5D-T2,ResViT,ResViT,2.5D,t2,t2,ReMIND-096-pre,0.6691586102997663,0.6426068358208711,16.289448548094658,0.1007433459162712,0.1737153406720608,nifti
ResViT-2.5D-T2,ResViT,ResViT,2.5D,t2,t2,ReMIND-102-pre,0.787908143546477,0.7709025637486465,15.52349216984689,0.1257389783859253,0.1299606267983714,nifti
ResViT-2.5D-T2,ResViT,ResViT,2.5D,t2,t2,ReMIND-107-post,0.755977384924646,0.7235310244088939,15.405463762687427,0.1174963116645813,0.0925899201383193,nifti
ResViT-2.5D-T2,ResViT,ResViT,2.5D,t2,t2,ReMIND-107-pre,0.7990749713969955,0.8154100852741619,14.37791368142032,0.1453475356101989,0.2370940359199748,nifti
ResViT-2.5D-T2,ResViT,ResViT,2.5D,t2,t2,ReMIND-109-post,0.7171226891395618,0.6996573920193594,13.815380195729034,0.1304602921009063,0.1733364842832088,nifti
ResViT-2.5D-T2,ResViT,ResViT,2.5D,t2,t2,ReMIND-109-pre,0.7185645980254005,0.6924353219853312,14.911951770588953,0.1221869513392448,0.1506231739439747,nifti
ResViT-2D+3D-refine-T2,ResViT,ResViT,2D+3D-refine,t2,t2,ReMIND-003-post,0.7568494754979989,0.7434916342020097,16.116614149420336,0.1021711081266403,0.1222821635007858,nifti
ResViT-2D+3D-refine-T2,ResViT,ResViT,2D+3D-refine,t2,t2,ReMIND-003-pre,0.6966002263595507,0.6701304357652368,16.03437715843615,0.1006684005260467,0.1866336130462158,nifti
ResViT-2D+3D-refine-T2,ResViT,ResViT,2D+3D-refine,t2,t2,ReMIND-004-pre,0.8100391938585023,0.7957032851070392,16.116090842876467,0.0987210273742675,0.1617404816806623,nifti
ResViT-2D+3D-refine-T2,ResViT,ResViT,2D+3D-refine,t2,t2,ReMIND-023-post,0.6914830769962292,0.6918375306834393,15.453654858044285,0.0978550240397453,0.1888830097248921,nifti
ResViT-2D+3D-refine-T2,ResViT,ResViT,2D+3D-refine,t2,t2,ReMIND-023-pre,0.7724710188030394,0.7682262193073827,15.936381158204176,0.0864208936691284,0.2075090844403295,nifti
ResViT-2D+3D-refine-T2,ResViT,ResViT,2D+3D-refine,t2,t2,ReMIND-031-post,0.782325667356025,0.7801082927163392,14.897667806507751,0.1261117309331894,0.1651531087724786,nifti
ResViT-2D+3D-refine-T2,ResViT,ResViT,2D+3D-refine,t2,t2,ReMIND-031-pre,0.7864527625458471,0.7712511197742951,15.742402254381712,0.1127842888236045,0.1987751410838137,nifti
ResViT-2D+3D-refine-T2,ResViT,ResViT,2D+3D-refine,t2,t2,ReMIND-032-post,0.7615047558150279,0.7474721671908195,13.926377834231063,0.1288691759109497,0.1620639265590422,nifti
ResViT-2D+3D-refine-T2,ResViT,ResViT,2D+3D-refine,t2,t2,ReMIND-032-pre,0.7534440580801098,0.7473495453671621,14.161468382873206,0.1289987713098526,0.1641750692256859,nifti
ResViT-2D+3D-refine-T2,ResViT,ResViT,2D+3D-refine,t2,t2,ReMIND-034-post,0.7763126264097305,0.7672917244777281,15.276008577051313,0.1167317256331443,0.1562381849313775,nifti
ResViT-2D+3D-refine-T2,ResViT,ResViT,2D+3D-refine,t2,t2,ReMIND-034-pre,0.8206992650368576,0.8359195331629231,15.5982304105936,0.1182787045836448,0.2692001824793608,nifti
ResViT-2D+3D-refine-T2,ResViT,ResViT,2D+3D-refine,t2,t2,ReMIND-045-post,0.7224778397833778,0.7064400519668371,15.317631781222918,0.1175492405891418,0.1399028492362602,nifti
ResViT-2D+3D-refine-T2,ResViT,ResViT,2D+3D-refine,t2,t2,ReMIND-045-pre,0.7850134914367028,0.7892574677093899,15.785912752786292,0.1025540307164192,0.1968031958052792,nifti
ResViT-2D+3D-refine-T2,ResViT,ResViT,2D+3D-refine,t2,t2,ReMIND-056-post,0.6981357331790433,0.6916573162944666,13.775965305384638,0.1481600701808929,0.1994717764081778,nifti
ResViT-2D+3D-refine-T2,ResViT,ResViT,2D+3D-refine,t2,t2,ReMIND-056-pre,0.7176613379897556,0.7121042653047415,15.939717578506489,0.1196941435337066,0.2031554031484531,nifti
ResViT-2D+3D-refine-T2,ResViT,ResViT,2D+3D-refine,t2,t2,ReMIND-077-post,0.6901846438822475,0.6737896644001033,14.856394271520138,0.1105274334549903,0.2063208343209447,nifti
ResViT-2D+3D-refine-T2,ResViT,ResViT,2D+3D-refine,t2,t2,ReMIND-077-pre,0.6799495814582752,0.657909898686706,15.404481491276732,0.1034406498074531,0.2516519737429917,nifti
ResViT-2D+3D-refine-T2,ResViT,ResViT,2D+3D-refine,t2,t2,ReMIND-079-post,0.6184103848252265,0.5944559487813793,12.780686146566229,0.1665546596050262,0.223680452720539,nifti
ResViT-2D+3D-refine-T2,ResViT,ResViT,2D+3D-refine,t2,t2,ReMIND-079-pre,0.7686079282272354,0.7520168606668995,15.879682307558229,0.105901151895523,0.1878647425452645,nifti
ResViT-2D+3D-refine-T2,ResViT,ResViT,2D+3D-refine,t2,t2,ReMIND-087-post,0.6697555880347608,0.6496472078539866,14.43579114747946,0.1352210789918899,0.2077301787212491,nifti
ResViT-2D+3D-refine-T2,ResViT,ResViT,2D+3D-refine,t2,t2,ReMIND-087-pre,0.6022291345103028,0.5780082470089826,14.529582912642416,0.1333814710378646,0.2622695753156249,nifti
ResViT-2D+3D-refine-T2,ResViT,ResViT,2D+3D-refine,t2,t2,ReMIND-091-post,0.6862478545338714,0.6764049258021294,14.816353246526182,0.114144429564476,0.1659340204552133,nifti
ResViT-2D+3D-refine-T2,ResViT,ResViT,2D+3D-refine,t2,t2,ReMIND-091-pre,0.6593603427164398,0.6362921452018081,15.794820505214034,0.1003907546401023,0.2121043576870435,nifti
ResViT-2D+3D-refine-T2,ResViT,ResViT,2D+3D-refine,t2,t2,ReMIND-096-post,0.7172210008136429,0.7040798977654936,16.209848622844326,0.0919919237494468,0.1615647693532844,nifti
ResViT-2D+3D-refine-T2,ResViT,ResViT,2D+3D-refine,t2,t2,ReMIND-096-pre,0.6855744914725559,0.6610652907956441,16.120472089972353,0.0998335406184196,0.2009382224430076,nifti
ResViT-2D+3D-refine-T2,ResViT,ResViT,2D+3D-refine,t2,t2,ReMIND-102-pre,0.7976183351526733,0.7840834850761832,15.461697084933064,0.1243167072534561,0.1299590037721726,nifti
ResViT-2D+3D-refine-T2,ResViT,ResViT,2D+3D-refine,t2,t2,ReMIND-107-post,0.7564874707124405,0.7235102117052478,14.938809154445496,0.12483811378479,0.1079628253148661,nifti
ResViT-2D+3D-refine-T2,ResViT,ResViT,2D+3D-refine,t2,t2,ReMIND-107-pre,0.809899450714775,0.8248622915276069,14.65288050554205,0.1419484764337539,0.2562019211404464,nifti
ResViT-2D+3D-refine-T2,ResViT,ResViT,2D+3D-refine,t2,t2,ReMIND-109-post,0.72556583521215,0.7089839144289359,14.09020641842277,0.1254860162734985,0.1794768573509322,nifti
ResViT-2D+3D-refine-T2,ResViT,ResViT,2D+3D-refine,t2,t2,ReMIND-109-pre,0.7228424790119583,0.698271318460663,14.833940428140512,0.1275298744440078,0.209833815050396,nifti
ResViT-3D-T2,ResViT,ResViT,3D,t2,t2,ReMIND-003-post,0.7197463045062059,0.6978130324307169,14.657083315299994,0.1193454414606094,0.1267015313729644,nifti
ResViT-3D-T2,ResViT,ResViT,3D,t2,t2,ReMIND-003-pre,0.6710624386585049,0.6366747815882308,15.139377882941131,0.1068596690893173,0.1542262388714428,nifti
ResViT-3D-T2,ResViT,ResViT,3D,t2,t2,ReMIND-004-pre,0.7990320961491455,0.77907812197471,16.37562918385595,0.0892799720168113,0.1217019211539288,nifti
ResViT-3D-T2,ResViT,ResViT,3D,t2,t2,ReMIND-023-post,0.6571724978040069,0.6395507723847444,15.08786817644799,0.1154920011758804,0.1689620562470876,nifti
ResViT-3D-T2,ResViT,ResViT,3D,t2,t2,ReMIND-023-pre,0.7154215999731839,0.7062051182664094,14.741207754131258,0.1069029420614242,0.2099125871763509,nifti
ResViT-3D-T2,ResViT,ResViT,3D,t2,t2,ReMIND-031-post,0.7457250127777818,0.738419111963898,14.786492638332618,0.1276329755783081,0.1744725251668377,nifti
ResViT-3D-T2,ResViT,ResViT,3D,t2,t2,ReMIND-031-pre,0.7883255184853022,0.7709179701212723,16.134465121359995,0.1024405807256698,0.142845759049375,nifti
ResViT-3D-T2,ResViT,ResViT,3D,t2,t2,ReMIND-032-post,0.746296643914342,0.7249805415603938,14.742377774666428,0.1207137554883956,0.138559984999734,nifti
ResViT-3D-T2,ResViT,ResViT,3D,t2,t2,ReMIND-032-pre,0.7316473846032443,0.7181425316607386,15.170798977103855,0.1166531965136528,0.1476940232373419,nifti
ResViT-3D-T2,ResViT,ResViT,3D,t2,t2,ReMIND-034-post,0.7636807619925524,0.7481056529454992,14.826031439284886,0.1239599213004112,0.1294541013582299,nifti
ResViT-3D-T2,ResViT,ResViT,3D,t2,t2,ReMIND-034-pre,0.7637360169227935,0.777306434847735,13.783667764515762,0.1495518237352371,0.2067849132353844,nifti
ResViT-3D-T2,ResViT,ResViT,3D,t2,t2,ReMIND-045-post,0.6849630880903009,0.6556980408632879,13.491750977699,0.1502842903137207,0.1496708640909713,nifti
ResViT-3D-T2,ResViT,ResViT,3D,t2,t2,ReMIND-045-pre,0.7395802758827595,0.7380411899970069,14.514648544775346,0.1295126080513,0.1906504692106517,nifti
ResViT-3D-T2,ResViT,ResViT,3D,t2,t2,ReMIND-056-post,0.6659619593355112,0.646413577740092,12.318353437108703,0.1775498539209365,0.2051641968665299,nifti
ResViT-3D-T2,ResViT,ResViT,3D,t2,t2,ReMIND-056-pre,0.6979113316809407,0.6805492377786676,15.816776180068782,0.1185083463788032,0.1936101009542087,nifti
ResViT-3D-T2,ResViT,ResViT,3D,t2,t2,ReMIND-077-post,0.6868287764606484,0.6635033417335052,15.18523350338263,0.1104469671845436,0.1679125893357637,nifti
ResViT-3D-T2,ResViT,ResViT,3D,t2,t2,ReMIND-077-pre,0.6550520612276063,0.6225342622781185,15.029331284300603,0.1110357567667961,0.1824280807282775,nifti
ResViT-3D-T2,ResViT,ResViT,3D,t2,t2,ReMIND-079-post,0.614348903491448,0.5822639042188352,13.032560859522382,0.1614484637975692,0.2096295733306859,nifti
ResViT-3D-T2,ResViT,ResViT,3D,t2,t2,ReMIND-079-pre,0.7707994054350444,0.7521858872798036,16.432148592701207,0.0970171689987182,0.1257012803735358,nifti
ResViT-3D-T2,ResViT,ResViT,3D,t2,t2,ReMIND-087-post,0.6250908979511005,0.5916403593812453,13.892198852105116,0.1467844247817993,0.2062068749219179,nifti
ResViT-3D-T2,ResViT,ResViT,3D,t2,t2,ReMIND-087-pre,0.5762797803447369,0.5434105128142819,13.086590301245618,0.1608572751283645,0.2674851169559493,nifti
ResViT-3D-T2,ResViT,ResViT,3D,t2,t2,ReMIND-091-post,0.7079942022614105,0.6919964575748423,16.222878939692322,0.0968829169869422,0.1556432989049465,nifti
ResViT-3D-T2,ResViT,ResViT,3D,t2,t2,ReMIND-091-pre,0.6722835683848034,0.6425503743988075,16.675924917754386,0.0878393650054931,0.1512112928853358,nifti
ResViT-3D-T2,ResViT,ResViT,3D,t2,t2,ReMIND-096-post,0.7252066629459434,0.7062784641919143,16.308401612808503,0.0958030000329017,0.1323652852239996,nifti
ResViT-3D-T2,ResViT,ResViT,3D,t2,t2,ReMIND-096-pre,0.6580842584786708,0.6258888303243726,16.122508512797914,0.10185157507658,0.1547081892547959,nifti
ResViT-3D-T2,ResViT,ResViT,3D,t2,t2,ReMIND-102-pre,0.7690503875773127,0.7477808457257877,14.769908834315808,0.1295603364706039,0.154385209414694,nifti
ResViT-3D-T2,ResViT,ResViT,3D,t2,t2,ReMIND-107-post,0.6986289900581357,0.6463060576678913,13.328740398175064,0.1577045917510986,0.1090675767097208,nifti
ResViT-3D-T2,ResViT,ResViT,3D,t2,t2,ReMIND-107-pre,0.787871645620162,0.7978794246060884,13.551553568882976,0.164776861667633,0.1782230482820202,nifti
ResViT-3D-T2,ResViT,ResViT,3D,t2,t2,ReMIND-109-post,0.6936991075866034,0.6712445178362899,13.10100433469364,0.1457698792219162,0.1602960102260112,nifti
ResViT-3D-T2,ResViT,ResViT,3D,t2,t2,ReMIND-109-pre,0.7106244438760069,0.6813549315756998,14.271665992092604,0.1294590979814529,0.1499943497506055,nifti
ResViT-2D-T2+FLAIR,ResViT,ResViT,2D,t2_flair,t2,ReMIND-003-post,0.7517491874976785,0.7381346024158723,16.29133503985846,0.0991314426064491,0.1380319149419665,nifti
ResViT-2D-T2+FLAIR,ResViT,ResViT,2D,t2_flair,flair,ReMIND-003-post,0.659932364510125,0.6384634380118989,15.734269169696498,0.1273695230484008,0.2002749091386795,nifti
ResViT-2D-T2+FLAIR,ResViT,ResViT,2D,t2_flair,t2,ReMIND-023-post,0.6681565297127603,0.667898573762142,15.522532753018226,0.0957016050815582,0.2261296983521718,nifti
ResViT-2D-T2+FLAIR,ResViT,ResViT,2D,t2_flair,flair,ReMIND-023-post,0.5855816688243833,0.5733209466318268,14.931662826292069,0.1347632557153701,0.323705269740178,nifti
ResViT-2D-T2+FLAIR,ResViT,ResViT,2D,t2_flair,t2,ReMIND-023-pre,0.7621932979744713,0.7585546453043627,16.20869489034015,0.0813141912221908,0.2395525092587751,nifti
ResViT-2D-T2+FLAIR,ResViT,ResViT,2D,t2_flair,flair,ReMIND-023-pre,0.6842136542656132,0.6763111807638315,16.67238935953964,0.1063760444521904,0.2712734790847582,nifti
ResViT-2D-T2+FLAIR,ResViT,ResViT,2D,t2_flair,t2,ReMIND-032-post,0.7486546488893052,0.7358735145693298,14.457071545875042,0.1178484410047531,0.1720644859848795,nifti
ResViT-2D-T2+FLAIR,ResViT,ResViT,2D,t2_flair,flair,ReMIND-032-post,0.7114475925830641,0.6952634159347854,14.169181664624896,0.14497110247612,0.1912412946490017,nifti
ResViT-2D-T2+FLAIR,ResViT,ResViT,2D,t2_flair,t2,ReMIND-032-pre,0.7311809713027693,0.7253986856301724,15.119878776352005,0.11578831076622,0.1804188266396522,nifti
ResViT-2D-T2+FLAIR,ResViT,ResViT,2D,t2_flair,flair,ReMIND-032-pre,0.7029018950396563,0.6950058052634372,15.33375507476714,0.1211128309369087,0.1956387630530766,nifti
ResViT-2D-T2+FLAIR,ResViT,ResViT,2D,t2_flair,t2,ReMIND-045-pre,0.7806186858731211,0.7868032414009267,15.889199681757542,0.1016451939940452,0.2064900483897666,nifti
ResViT-2D-T2+FLAIR,ResViT,ResViT,2D,t2_flair,flair,ReMIND-045-pre,0.7663676085282808,0.7711382630653757,15.641260850967464,0.1158117204904556,0.2284971598497371,nifti
ResViT-2D-T2+FLAIR,ResViT,ResViT,2D,t2_flair,t2,ReMIND-056-post,0.7078686848345218,0.7032321051912928,13.961541658118758,0.1476243287324905,0.1991012245416641,nifti
ResViT-2D-T2+FLAIR,ResViT,ResViT,2D,t2_flair,flair,ReMIND-056-post,0.685324793225464,0.6774985590094894,14.953034949576354,0.1320839077234268,0.2009018513339537,nifti
ResViT-2D-T2+FLAIR,ResViT,ResViT,2D,t2_flair,t2,ReMIND-056-pre,0.7239359962629937,0.7186715970861336,16.070743621944906,0.1190966442227363,0.217987743469904,nifti
ResViT-2D-T2+FLAIR,ResViT,ResViT,2D,t2_flair,flair,ReMIND-056-pre,0.7387597874470978,0.7369546098477188,17.072859190634613,0.1004439145326614,0.222861258488781,nifti
ResViT-2D-T2+FLAIR,ResViT,ResViT,2D,t2_flair,t2,ReMIND-077-post,0.6730534520031057,0.6586851156362119,14.828482885771654,0.1115580648183822,0.2148759590612875,nifti
ResViT-2D-T2+FLAIR,ResViT,ResViT,2D,t2_flair,flair,ReMIND-077-post,0.6766593572216046,0.67023711886667,16.473609611277446,0.1093280091881752,0.1934576464464535,nifti
ResViT-2D-T2+FLAIR,ResViT,ResViT,2D,t2_flair,t2,ReMIND-077-pre,0.6726467930210538,0.6515279674154104,15.421191228767128,0.0998089686036109,0.2757404177449644,nifti
ResViT-2D-T2+FLAIR,ResViT,ResViT,2D,t2_flair,flair,ReMIND-077-pre,0.6356532002881681,0.6176550343236772,16.186295464848925,0.114281378686428,0.2916092059185988,nifti
ResViT-2D-T2+FLAIR,ResViT,ResViT,2D,t2_flair,t2,ReMIND-079-post,0.5871642097382668,0.5617674332851121,13.100341265143015,0.1627214699983596,0.2260388575897023,nifti
ResViT-2D-T2+FLAIR,ResViT,ResViT,2D,t2_flair,flair,ReMIND-079-post,0.5743401302732548,0.5470195540026435,13.4344346958962,0.1614798754453659,0.2145961001515388,nifti
ResViT-2D-T2+FLAIR,ResViT,ResViT,2D,t2_flair,t2,ReMIND-079-pre,0.7761929896826886,0.7605041023645764,16.18269737147958,0.0992098376154899,0.1711851718385567,nifti
ResViT-2D-T2+FLAIR,ResViT,ResViT,2D,t2_flair,flair,ReMIND-079-pre,0.7571687247069316,0.7431669207651821,15.183708124425468,0.1237616539001464,0.1702276426838355,nifti
ResViT-2D-T2+FLAIR,ResViT,ResViT,2D,t2_flair,t2,ReMIND-087-pre,0.6073490102444147,0.5838427982573005,14.678551967587689,0.1308431923389434,0.2946599400532779,nifti
ResViT-2D-T2+FLAIR,ResViT,ResViT,2D,t2_flair,flair,ReMIND-087-pre,0.6237102008894906,0.6096490962681704,13.83178203962392,0.1527987420558929,0.2237732466032256,nifti
ResViT-2D-T2+FLAIR,ResViT,ResViT,2D,t2_flair,t2,ReMIND-091-pre,0.6490860329419321,0.6258432916607243,15.963479867304532,0.1007914841175079,0.2221548143820262,nifti
ResViT-2D-T2+FLAIR,ResViT,ResViT,2D,t2_flair,flair,ReMIND-091-pre,0.631776844822941,0.6083606352210025,15.96219692180584,0.1171902567148208,0.2198181600741497,nifti
ResViT-2D-T2+FLAIR,ResViT,ResViT,2D,t2_flair,t2,ReMIND-096-post,0.7196878884973106,0.7060737876897629,16.414406913869627,0.0880358070135116,0.1713765769503837,nifti
ResViT-2D-T2+FLAIR,ResViT,ResViT,2D,t2_flair,flair,ReMIND-096-post,0.6125562390402198,0.5922497038184724,15.387601693569394,0.1322915852069854,0.2099668111565501,nifti
ResViT-2D-T2+FLAIR,ResViT,ResViT,2D,t2_flair,t2,ReMIND-096-pre,0.6735273739685279,0.6484798019667517,16.204087748386254,0.0983861684799194,0.2125758380544456,nifti
ResViT-2D-T2+FLAIR,ResViT,ResViT,2D,t2_flair,flair,ReMIND-096-pre,0.6491365780754649,0.6276476332379182,15.761456878738606,0.1280644387006759,0.1977343996563418,nifti
ResViT-2D-T2+FLAIR,ResViT,ResViT,2D,t2_flair,t2,ReMIND-102-pre,0.7976213605440472,0.7834761206870683,15.804636240830522,0.1175708323717117,0.1415438456253873,nifti
ResViT-2D-T2+FLAIR,ResViT,ResViT,2D,t2_flair,flair,ReMIND-102-pre,0.7710149453941295,0.7574254491954011,15.073269995571028,0.1264980137348175,0.1426642662949032,nifti
ResViT-2D-T2+FLAIR,ResViT,ResViT,2D,t2_flair,t2,ReMIND-107-pre,0.8145391985906039,0.8298300054733465,14.720451994666304,0.1405067145824432,0.2587912257979898,nifti
ResViT-2D-T2+FLAIR,ResViT,ResViT,2D,t2_flair,flair,ReMIND-107-pre,0.8326252242045539,0.8495162082509713,15.055672275278283,0.1340814679861068,0.2362728425685097,nifti
ResViT-2D-T2+FLAIR,ResViT,ResViT,2D,t2_flair,t2,ReMIND-109-post,0.7135350520766646,0.6974537913518034,14.40739223734928,0.1201346069574356,0.1934069019224908,nifti
ResViT-2D-T2+FLAIR,ResViT,ResViT,2D,t2_flair,flair,ReMIND-109-post,0.6695814858837784,0.6515985350160365,14.485604653197342,0.1436682194471359,0.1948641134632958,nifti
ResViT-2D-T2+FLAIR,ResViT,ResViT,2D,t2_flair,t2,ReMIND-109-pre,0.7162983747026805,0.6923141182563789,14.821743016139328,0.1268962323665619,0.2248194339769807,nifti
ResViT-2D-T2+FLAIR,ResViT,ResViT,2D,t2_flair,flair,ReMIND-109-pre,0.7256003993957285,0.7063764444267238,14.83091111273913,0.1452975124120712,0.1463380799713459,nifti
ResViT-2.5D-T2+FLAIR,ResViT,ResViT,2.5D,t2_flair,t2,ReMIND-003-post,0.7791477338303447,0.7676070757195184,16.4510683623937,0.0967015773057937,0.1295570460706949,nifti
ResViT-2.5D-T2+FLAIR,ResViT,ResViT,2.5D,t2_flair,flair,ReMIND-003-post,0.6777170608375078,0.6571759493350087,15.492674259830965,0.1266782581806183,0.1882688712701201,nifti
ResViT-2.5D-T2+FLAIR,ResViT,ResViT,2.5D,t2_flair,t2,ReMIND-023-post,0.6898518675731842,0.689239648329339,15.730851048657094,0.0962761268019676,0.2038121323745984,nifti
ResViT-2.5D-T2+FLAIR,ResViT,ResViT,2.5D,t2_flair,flair,ReMIND-023-post,0.597895746497863,0.5848405017342191,14.452302780760093,0.1406149119138717,0.2892413632227824,nifti
ResViT-2.5D-T2+FLAIR,ResViT,ResViT,2.5D,t2_flair,t2,ReMIND-023-pre,0.7879240892841651,0.7846497506497413,15.961426314957803,0.0867354497313499,0.2002734274548643,nifti
ResViT-2.5D-T2+FLAIR,ResViT,ResViT,2.5D,t2_flair,flair,ReMIND-023-pre,0.6998373873064554,0.6907848297803559,16.077716483624226,0.118032619357109,0.2382655397934072,nifti
ResViT-2.5D-T2+FLAIR,ResViT,ResViT,2.5D,t2_flair,t2,ReMIND-032-post,0.7647726273658351,0.7508025615279098,14.6321519352225,0.1174496859312057,0.1520628923097172,nifti
ResViT-2.5D-T2+FLAIR,ResViT,ResViT,2.5D,t2_flair,flair,ReMIND-032-post,0.7271442728483408,0.7089969723919103,13.774388563929524,0.1532281637191772,0.1612954362220055,nifti
ResViT-2.5D-T2+FLAIR,ResViT,ResViT,2.5D,t2_flair,t2,ReMIND-032-pre,0.7535080930503893,0.7467192082164852,14.720875609848196,0.1233476996421814,0.1581668979710056,nifti
ResViT-2.5D-T2+FLAIR,ResViT,ResViT,2.5D,t2_flair,flair,ReMIND-032-pre,0.7118913008593225,0.7011318005655506,14.250674386094742,0.1380592137575149,0.1719039006247407,nifti
ResViT-2.5D-T2+FLAIR,ResViT,ResViT,2.5D,t2_flair,t2,ReMIND-045-pre,0.7900743169246546,0.7946901631887788,16.169316058862645,0.0965920984745025,0.2103766528985549,nifti
ResViT-2.5D-T2+FLAIR,ResViT,ResViT,2.5D,t2_flair,flair,ReMIND-045-pre,0.7697739894215846,0.7713950260703554,15.588867144990672,0.1114726364612579,0.2298127306798069,nifti
ResViT-2.5D-T2+FLAIR,ResViT,ResViT,2.5D,t2_flair,t2,ReMIND-056-post,0.6983326074740984,0.6953448762635922,13.512585854470592,0.154998630285263,0.2032691383803332,nifti
ResViT-2.5D-T2+FLAIR,ResViT,ResViT,2.5D,t2_flair,flair,ReMIND-056-post,0.673173106584176,0.6637408978897463,13.804872349829743,0.1543518453836441,0.2115954559434343,nifti
ResViT-2.5D-T2+FLAIR,ResViT,ResViT,2.5D,t2_flair,t2,ReMIND-056-pre,0.7262932696661625,0.7211854594300476,16.491900055785386,0.1112731844186782,0.2240694262930807,nifti
ResViT-2.5D-T2+FLAIR,ResViT,ResViT,2.5D,t2_flair,flair,ReMIND-056-pre,0.7371691222814875,0.7328229834675118,18.059418366044483,0.0913220643997192,0.2048994776494098,nifti
ResViT-2.5D-T2+FLAIR,ResViT,ResViT,2.5D,t2_flair,t2,ReMIND-077-post,0.6922785488058792,0.6756029604690663,15.05016427259793,0.108502060174942,0.205469931299622,nifti
ResViT-2.5D-T2+FLAIR,ResViT,ResViT,2.5D,t2_flair,flair,ReMIND-077-post,0.6696872032687702,0.6596564402297188,15.63874775962664,0.1195082738995552,0.1756330140539117,nifti
ResViT-2.5D-T2+FLAIR,ResViT,ResViT,2.5D,t2_flair,t2,ReMIND-077-pre,0.6902863071484748,0.6689531206740472,15.757558916638796,0.0974586382508277,0.2717384362127631,nifti
ResViT-2.5D-T2+FLAIR,ResViT,ResViT,2.5D,t2_flair,flair,ReMIND-077-pre,0.6517831295229295,0.6326590439178464,15.865239803996324,0.1170372813940048,0.2527503735043957,nifti
ResViT-2.5D-T2+FLAIR,ResViT,ResViT,2.5D,t2_flair,t2,ReMIND-079-post,0.6321859880980947,0.6109080725186267,13.284906006371097,0.1566745340824127,0.2231188006699085,nifti
ResViT-2.5D-T2+FLAIR,ResViT,ResViT,2.5D,t2_flair,flair,ReMIND-079-post,0.5950714386853498,0.5665122473450063,13.369508018927744,0.1618389785289764,0.200148733987196,nifti
ResViT-2.5D-T2+FLAIR,ResViT,ResViT,2.5D,t2_flair,t2,ReMIND-079-pre,0.7814069097585226,0.7655838140390986,16.49497040314114,0.0973125547170639,0.1801059435676323,nifti
ResViT-2.5D-T2+FLAIR,ResViT,ResViT,2.5D,t2_flair,flair,ReMIND-079-pre,0.7462981229701104,0.7283540704248639,14.89808008034494,0.1260764151811599,0.1687754928395989,nifti
ResViT-2.5D-T2+FLAIR,ResViT,ResViT,2.5D,t2_flair,t2,ReMIND-087-pre,0.6107622963628184,0.588353928790436,14.363664674241004,0.1356776058673858,0.3028166474246267,nifti
ResViT-2.5D-T2+FLAIR,ResViT,ResViT,2.5D,t2_flair,flair,ReMIND-087-pre,0.6180777487846313,0.6027952865913798,14.25180340446495,0.1491414010524749,0.2126314717609046,nifti
ResViT-2.5D-T2+FLAIR,ResViT,ResViT,2.5D,t2_flair,t2,ReMIND-091-pre,0.6730831014658046,0.6510430987869783,16.03518062448286,0.0943938270211219,0.2126312450402313,nifti
ResViT-2.5D-T2+FLAIR,ResViT,ResViT,2.5D,t2_flair,flair,ReMIND-091-pre,0.644078201019292,0.6198809955728399,15.76098868248895,0.1174762696027755,0.1977917853197673,nifti
ResViT-2.5D-T2+FLAIR,ResViT,ResViT,2.5D,t2_flair,t2,ReMIND-096-post,0.747972345272175,0.7366504941283577,16.754150557974427,0.0842625126242637,0.1775583555532056,nifti
ResViT-2.5D-T2+FLAIR,ResViT,ResViT,2.5D,t2_flair,flair,ReMIND-096-post,0.6316480109133137,0.6119081538176971,15.5374378617895,0.1271070092916488,0.2109110398694526,nifti
ResViT-2.5D-T2+FLAIR,ResViT,ResViT,2.5D,t2_flair,t2,ReMIND-096-pre,0.6877647879304336,0.6652204202468731,16.494217227497778,0.0963866785168647,0.2292305913711474,nifti
ResViT-2.5D-T2+FLAIR,ResViT,ResViT,2.5D,t2_flair,flair,ReMIND-096-pre,0.6599839255038712,0.6384422860382807,16.1676046596994,0.1199313849210739,0.1911857215560634,nifti
ResViT-2.5D-T2+FLAIR,ResViT,ResViT,2.5D,t2_flair,t2,ReMIND-102-pre,0.8049765902923897,0.7923265503762582,15.898160981399146,0.1241203695535659,0.1489234577657447,nifti
ResViT-2.5D-T2+FLAIR,ResViT,ResViT,2.5D,t2_flair,flair,ReMIND-102-pre,0.770029828268329,0.7551891857950997,14.801790248976513,0.1340033710002899,0.1584554965711302,nifti
ResViT-2.5D-T2+FLAIR,ResViT,ResViT,2.5D,t2_flair,t2,ReMIND-107-pre,0.812409563755979,0.8289640706602254,15.00450223269574,0.1349567025899887,0.2455778485711883,nifti
ResViT-2.5D-T2+FLAIR,ResViT,ResViT,2.5D,t2_flair,flair,ReMIND-107-pre,0.8212651672216936,0.8392738817282606,15.290095034612316,0.1276967227458953,0.2377681429771816,nifti
ResViT-2.5D-T2+FLAIR,ResViT,ResViT,2.5D,t2_flair,t2,ReMIND-109-post,0.7304224485547091,0.7139231640821113,13.808414914671395,0.130299836397171,0.1855646993550989,nifti
ResViT-2.5D-T2+FLAIR,ResViT,ResViT,2.5D,t2_flair,flair,ReMIND-109-post,0.6920563936453428,0.673498559974216,14.030156686440256,0.1495233029127121,0.1773543331358167,nifti
ResViT-2.5D-T2+FLAIR,ResViT,ResViT,2.5D,t2_flair,t2,ReMIND-109-pre,0.7275608396485114,0.7032338934351587,15.145014558895715,0.1194225251674652,0.237083369933746,nifti
ResViT-2.5D-T2+FLAIR,ResViT,ResViT,2.5D,t2_flair,flair,ReMIND-109-pre,0.7391843829052765,0.718209255612353,15.219375802122066,0.1417891979217529,0.1476771320131692,nifti
ResViT-2D+3D-refine-T2+FLAIR,ResViT,ResViT,2D+3D-refine,t2_flair,t2,ReMIND-003-post,0.7644580857649999,0.7524473843798528,16.142895146470284,0.1011768653988838,0.1476643408089876,nifti
ResViT-2D+3D-refine-T2+FLAIR,ResViT,ResViT,2D+3D-refine,t2_flair,flair,ReMIND-003-post,0.6681477717794305,0.6478439227035803,15.48721313323404,0.1299942582845688,0.2077248959988355,nifti
ResViT-2D+3D-refine-T2+FLAIR,ResViT,ResViT,2D+3D-refine,t2_flair,t2,ReMIND-023-post,0.7087883693496371,0.708456137377212,15.859575436506317,0.0934117883443832,0.2318679014077553,nifti
ResViT-2D+3D-refine-T2+FLAIR,ResViT,ResViT,2D+3D-refine,t2_flair,flair,ReMIND-023-post,0.6251040266659413,0.6135899824130895,15.07801062587306,0.1327583044767379,0.3213823916247257,nifti
ResViT-2D+3D-refine-T2+FLAIR,ResViT,ResViT,2D+3D-refine,t2_flair,t2,ReMIND-023-pre,0.7971027689553333,0.7931130693501228,16.670983834587457,0.0776410773396492,0.2302258159307872,nifti
ResViT-2D+3D-refine-T2+FLAIR,ResViT,ResViT,2D+3D-refine,t2_flair,flair,ReMIND-023-pre,0.710324338558504,0.7022198453370365,17.288659911111118,0.0958827883005142,0.2552060313961085,nifti
ResViT-2D+3D-refine-T2+FLAIR,ResViT,ResViT,2D+3D-refine,t2_flair,t2,ReMIND-032-post,0.7657342475184522,0.7531178244671618,14.34903285294094,0.1208213195204734,0.1856198541417315,nifti
ResViT-2D+3D-refine-T2+FLAIR,ResViT,ResViT,2D+3D-refine,t2_flair,flair,ReMIND-032-post,0.7321533969618788,0.7154037038371002,14.292191397973724,0.1451309323310852,0.2022263315078374,nifti
ResViT-2D+3D-refine-T2+FLAIR,ResViT,ResViT,2D+3D-refine,t2_flair,t2,ReMIND-032-pre,0.7625140030164799,0.7565846694912093,14.81537396207919,0.1207352876663208,0.1866942330130509,nifti
ResViT-2D+3D-refine-T2+FLAIR,ResViT,ResViT,2D+3D-refine,t2_flair,flair,ReMIND-032-pre,0.7250373024973081,0.7163251998439683,14.787524867825796,0.1291164308786392,0.1895843682189782,nifti
ResViT-2D+3D-refine-T2+FLAIR,ResViT,ResViT,2D+3D-refine,t2_flair,t2,ReMIND-045-pre,0.7869602500559298,0.7936364951230108,16.176138894570727,0.1016819179058075,0.2234399303333046,nifti
ResViT-2D+3D-refine-T2+FLAIR,ResViT,ResViT,2D+3D-refine,t2_flair,flair,ReMIND-045-pre,0.7692072427693387,0.7732829398148469,15.792444177182022,0.1160218119621276,0.2366389825018411,nifti
ResViT-2D+3D-refine-T2+FLAIR,ResViT,ResViT,2D+3D-refine,t2_flair,t2,ReMIND-056-post,0.7225286769881483,0.7190389676949713,14.172358175890963,0.1422247141599655,0.2163454542557398,nifti
ResViT-2D+3D-refine-T2+FLAIR,ResViT,ResViT,2D+3D-refine,t2_flair,flair,ReMIND-056-post,0.6876481694565618,0.6801110663312082,14.65577204067949,0.1383458971977234,0.2198137969330505,nifti
ResViT-2D+3D-refine-T2+FLAIR,ResViT,ResViT,2D+3D-refine,t2_flair,t2,ReMIND-056-pre,0.7241751379950121,0.7204613974866524,16.421926073570198,0.1126130670309066,0.2509244069597631,nifti
ResViT-2D+3D-refine-T2+FLAIR,ResViT,ResViT,2D+3D-refine,t2_flair,flair,ReMIND-056-pre,0.7426712501397459,0.7409341234467995,17.76622507640632,0.093130774796009,0.2318611331284046,nifti
ResViT-2D+3D-refine-T2+FLAIR,ResViT,ResViT,2D+3D-refine,t2_flair,t2,ReMIND-077-post,0.6781500223507347,0.6630734808161154,14.541986997423017,0.1176129654049873,0.2378297806591601,nifti
ResViT-2D+3D-refine-T2+FLAIR,ResViT,ResViT,2D+3D-refine,t2_flair,flair,ReMIND-077-post,0.6792772677815332,0.6702115125201494,15.72177587148772,0.1190892830491066,0.1910567505134118,nifti
ResViT-2D+3D-refine-T2+FLAIR,ResViT,ResViT,2D+3D-refine,t2_flair,t2,ReMIND-077-pre,0.678087395643466,0.6570332140974355,15.34201067828504,0.1013586819171905,0.3175764486193657,nifti
ResViT-2D+3D-refine-T2+FLAIR,ResViT,ResViT,2D+3D-refine,t2_flair,flair,ReMIND-077-pre,0.6482271115302325,0.6294272375863902,16.141138899765938,0.1117846742272377,0.2866428783045539,nifti
ResViT-2D+3D-refine-T2+FLAIR,ResViT,ResViT,2D+3D-refine,t2_flair,t2,ReMIND-079-post,0.6468285932937246,0.6285859067093784,13.307605138453711,0.1593709886074066,0.2167135239452929,nifti
ResViT-2D+3D-refine-T2+FLAIR,ResViT,ResViT,2D+3D-refine,t2_flair,flair,ReMIND-079-post,0.6128975241122594,0.5875007746107502,13.888469669765298,0.1535038203001022,0.2174124220335805,nifti
ResViT-2D+3D-refine-T2+FLAIR,ResViT,ResViT,2D+3D-refine,t2_flair,t2,ReMIND-079-pre,0.7792618841545349,0.7640692892567778,16.337699327271636,0.0985593944787979,0.2151655007279321,nifti
ResViT-2D+3D-refine-T2+FLAIR,ResViT,ResViT,2D+3D-refine,t2_flair,flair,ReMIND-079-pre,0.7695683525423819,0.7553698651677044,15.76698669161184,0.1138201653957367,0.1802944739799151,nifti
ResViT-2D+3D-refine-T2+FLAIR,ResViT,ResViT,2D+3D-refine,t2_flair,t2,ReMIND-087-pre,0.6148605342868532,0.5924295387353075,14.515707373176983,0.1323358863592147,0.3276795308981369,nifti
ResViT-2D+3D-refine-T2+FLAIR,ResViT,ResViT,2D+3D-refine,t2_flair,flair,ReMIND-087-pre,0.6345375173662937,0.6194707152276278,14.221197521386946,0.1462352126836776,0.2306193683796854,nifti
ResViT-2D+3D-refine-T2+FLAIR,ResViT,ResViT,2D+3D-refine,t2_flair,t2,ReMIND-091-pre,0.6649724138328994,0.6432707010131279,16.074055195262037,0.0958806052803993,0.2522746085384745,nifti
ResViT-2D+3D-refine-T2+FLAIR,ResViT,ResViT,2D+3D-refine,t2_flair,flair,ReMIND-091-pre,0.6414819970983164,0.6183292159260113,16.040701776395384,0.114021748304367,0.2095157435027564,nifti
ResViT-2D+3D-refine-T2+FLAIR,ResViT,ResViT,2D+3D-refine,t2_flair,t2,ReMIND-096-post,0.7356365949123884,0.7244361392587638,16.424107131997236,0.0895342379808425,0.1984152069618535,nifti
ResViT-2D+3D-refine-T2+FLAIR,ResViT,ResViT,2D+3D-refine,t2_flair,flair,ReMIND-096-post,0.6256917442555864,0.606712891425923,15.588397856180803,0.1290327161550521,0.2164273603364478,nifti
ResViT-2D+3D-refine-T2+FLAIR,ResViT,ResViT,2D+3D-refine,t2_flair,t2,ReMIND-096-pre,0.6830645935496116,0.6602406630464533,16.153378507369144,0.0988702550530433,0.2572903138035061,nifti
ResViT-2D+3D-refine-T2+FLAIR,ResViT,ResViT,2D+3D-refine,t2_flair,flair,ReMIND-096-pre,0.6540989372428142,0.6339937307449105,15.881333103541804,0.126457929611206,0.2186630371619354,nifti
ResViT-2D+3D-refine-T2+FLAIR,ResViT,ResViT,2D+3D-refine,t2_flair,t2,ReMIND-102-pre,0.8096938606222466,0.7975642092223888,15.899460389457154,0.1175988540053367,0.1601969613590174,nifti
ResViT-2D+3D-refine-T2+FLAIR,ResViT,ResViT,2D+3D-refine,t2_flair,flair,ReMIND-102-pre,0.782389446681029,0.769949988828294,15.917845988410695,0.1165192201733589,0.1510940920354591,nifti
ResViT-2D+3D-refine-T2+FLAIR,ResViT,ResViT,2D+3D-refine,t2_flair,t2,ReMIND-107-pre,0.8189929595972155,0.8346996219501926,14.846223550539593,0.1366581171751022,0.2606445699930191,nifti
ResViT-2D+3D-refine-T2+FLAIR,ResViT,ResViT,2D+3D-refine,t2_flair,flair,ReMIND-107-pre,0.8339147238745478,0.8510899359284673,15.489640025521824,0.1286775916814804,0.2410054233144311,nifti
ResViT-2D+3D-refine-T2+FLAIR,ResViT,ResViT,2D+3D-refine,t2_flair,t2,ReMIND-109-post,0.7291823921626103,0.7147515001741427,14.03506317693803,0.1279496550559997,0.2034392009178797,nifti
ResViT-2D+3D-refine-T2+FLAIR,ResViT,ResViT,2D+3D-refine,t2_flair,flair,ReMIND-109-post,0.6861041094235202,0.6695566319434453,14.122490351092653,0.1468358188867569,0.1965822691718737,nifti
ResViT-2D+3D-refine-T2+FLAIR,ResViT,ResViT,2D+3D-refine,t2_flair,t2,ReMIND-109-pre,0.7224526608206898,0.6991177036677761,15.04658681776416,0.1217609345912933,0.2714112445712089,nifti
ResViT-2D+3D-refine-T2+FLAIR,ResViT,ResViT,2D+3D-refine,t2_flair,flair,ReMIND-109-pre,0.7360894605511302,0.7180703849807739,15.385742722353308,0.1371793746948242,0.1610852921889587,nifti
ResViT-3D-T2+FLAIR,ResViT,ResViT,3D,t2_flair,t2,ReMIND-003-post,0.726815136442416,0.7028884514709784,15.711376353081413,0.1079104244709014,0.1211943912506103,nifti
ResViT-3D-T2+FLAIR,ResViT,ResViT,3D,t2_flair,flair,ReMIND-003-post,0.6734278126983162,0.6511330577427278,15.37510000841604,0.1335749179124832,0.2629518875479698,nifti
ResViT-3D-T2+FLAIR,ResViT,ResViT,3D,t2_flair,t2,ReMIND-023-post,0.6541803199787127,0.6348502836316812,15.143011742910195,0.1098470687866211,0.1751865125619448,nifti
ResViT-3D-T2+FLAIR,ResViT,ResViT,3D,t2_flair,flair,ReMIND-023-post,0.6237405265679684,0.6014711792386799,14.8794409951362,0.1336561441421508,0.317307212891487,nifti
ResViT-3D-T2+FLAIR,ResViT,ResViT,3D,t2_flair,t2,ReMIND-023-pre,0.7314987948511584,0.7217586011645014,15.3230172919028,0.1003995314240455,0.196738536524422,nifti
ResViT-3D-T2+FLAIR,ResViT,ResViT,3D,t2_flair,flair,ReMIND-023-pre,0.6740443809653796,0.6638076700286556,15.72677541086914,0.1215315237641334,0.2829321272232953,nifti
ResViT-3D-T2+FLAIR,ResViT,ResViT,3D,t2_flair,t2,ReMIND-032-post,0.7501757837610096,0.731454049178296,14.510925934701408,0.1238958835601806,0.1266522835436705,nifti
ResViT-3D-T2+FLAIR,ResViT,ResViT,3D,t2_flair,flair,ReMIND-032-post,0.7378391236110409,0.7204206704110626,14.09300637568051,0.141720712184906,0.2470563551461374,nifti
ResViT-3D-T2+FLAIR,ResViT,ResViT,3D,t2_flair,t2,ReMIND-032-pre,0.72680312549212,0.7132150412037901,14.556422662682378,0.1274372190237045,0.1566559159684749,nifti
ResViT-3D-T2+FLAIR,ResViT,ResViT,3D,t2_flair,flair,ReMIND-032-pre,0.7255909355401308,0.715530544207281,15.37312790590028,0.1194004565477371,0.2166463755780742,nifti
ResViT-3D-T2+FLAIR,ResViT,ResViT,3D,t2_flair,t2,ReMIND-045-pre,0.7373099705415272,0.7346557614489352,14.728123764787256,0.1260825246572494,0.1916151857099582,nifti
ResViT-3D-T2+FLAIR,ResViT,ResViT,3D,t2_flair,flair,ReMIND-045-pre,0.7641582283075435,0.7676623041721649,15.506416840743032,0.1194285377860069,0.2218972156496392,nifti
ResViT-3D-T2+FLAIR,ResViT,ResViT,3D,t2_flair,t2,ReMIND-056-post,0.6566642865899296,0.6361331721402615,12.375723461864066,0.1791264563798904,0.2070211619138717,nifti
ResViT-3D-T2+FLAIR,ResViT,ResViT,3D,t2_flair,flair,ReMIND-056-post,0.6748499783446074,0.6620065871115967,13.64743252866338,0.1493442058563232,0.2522036300765143,nifti
ResViT-3D-T2+FLAIR,ResViT,ResViT,3D,t2_flair,t2,ReMIND-056-pre,0.7032480368944228,0.6860868713346504,15.859628442325697,0.1178721189498901,0.1795578923357545,nifti
ResViT-3D-T2+FLAIR,ResViT,ResViT,3D,t2_flair,flair,ReMIND-056-pre,0.7471640335500566,0.7380364698888722,18.235391161453503,0.0900536850094795,0.273773942142725,nifti
ResViT-3D-T2+FLAIR,ResViT,ResViT,3D,t2_flair,t2,ReMIND-077-post,0.6892140698332522,0.6660934545488031,15.064743024794408,0.1097839623689651,0.1584956968152845,nifti
ResViT-3D-T2+FLAIR,ResViT,ResViT,3D,t2_flair,flair,ReMIND-077-post,0.6895450753553946,0.6810265127212587,16.219089194694565,0.1093030571937561,0.2330124507079253,nifti
ResViT-3D-T2+FLAIR,ResViT,ResViT,3D,t2_flair,t2,ReMIND-077-pre,0.6594128671274031,0.6265279423481778,15.09587684727417,0.1091345325112342,0.1800514847505837,nifti
ResViT-3D-T2+FLAIR,ResViT,ResViT,3D,t2_flair,flair,ReMIND-077-pre,0.6684926523199658,0.6459956699350555,16.318800200349393,0.1073049157857894,0.2846148278139814,nifti
ResViT-3D-T2+FLAIR,ResViT,ResViT,3D,t2_flair,t2,ReMIND-079-post,0.6139505466467943,0.5846096650543593,13.500087788183745,0.1557814478874206,0.194754883445598,nifti
ResViT-3D-T2+FLAIR,ResViT,ResViT,3D,t2_flair,flair,ReMIND-079-post,0.6179669784479033,0.5912716834810958,14.26679088899482,0.1440114825963974,0.2716551664713266,nifti
ResViT-3D-T2+FLAIR,ResViT,ResViT,3D,t2_flair,t2,ReMIND-079-pre,0.766588645968603,0.7473452276701169,16.373821552515096,0.0984833464026451,0.1253770580201336,nifti
ResViT-3D-T2+FLAIR,ResViT,ResViT,3D,t2_flair,flair,ReMIND-079-pre,0.7914142564680574,0.7771710692234873,16.843993386661516,0.0972274169325828,0.2235449090432585,nifti
ResViT-3D-T2+FLAIR,ResViT,ResViT,3D,t2_flair,t2,ReMIND-087-pre,0.5789150050366862,0.5443912887158079,13.069273585107178,0.161827340722084,0.2643417730482656,nifti
ResViT-3D-T2+FLAIR,ResViT,ResViT,3D,t2_flair,flair,ReMIND-087-pre,0.6309325833572105,0.6144606960591502,14.250043262691293,0.1502920687198639,0.2712378787683017,nifti
ResViT-3D-T2+FLAIR,ResViT,ResViT,3D,t2_flair,t2,ReMIND-091-pre,0.6694192148731097,0.6409028926875158,16.46769019268017,0.0888785347342491,0.1569974903983098,nifti
ResViT-3D-T2+FLAIR,ResViT,ResViT,3D,t2_flair,flair,ReMIND-091-pre,0.6799302355426707,0.657886185334782,17.01857627014656,0.0940704345703125,0.2523241234806979,nifti
ResViT-3D-T2+FLAIR,ResViT,ResViT,3D,t2_flair,t2,ReMIND-096-post,0.7317573666863212,0.7118987944961365,16.617702489407794,0.0902555286884307,0.1328690572706765,nifti
ResViT-3D-T2+FLAIR,ResViT,ResViT,3D,t2_flair,flair,ReMIND-096-post,0.6345376644339147,0.6135774716781697,15.434067344924438,0.1273662447929382,0.2609310363267743,nifti
ResViT-3D-T2+FLAIR,ResViT,ResViT,3D,t2_flair,t2,ReMIND-096-pre,0.6548234286491258,0.619907984403604,16.052438227802988,0.1035189479589462,0.1557368277148767,nifti
ResViT-3D-T2+FLAIR,ResViT,ResViT,3D,t2_flair,flair,ReMIND-096-pre,0.6594841961116532,0.6347041179376676,16.10022809796547,0.1215871721506118,0.260460782372816,nifti
ResViT-3D-T2+FLAIR,ResViT,ResViT,3D,t2_flair,t2,ReMIND-102-pre,0.7678584861573853,0.7458420330112013,14.488247743938182,0.1363537311553955,0.1547533394561873,nifti
ResViT-3D-T2+FLAIR,ResViT,ResViT,3D,t2_flair,flair,ReMIND-102-pre,0.7732515858367504,0.759366834954749,14.636102763353184,0.128808245062828,0.1682328278405798,nifti
ResViT-3D-T2+FLAIR,ResViT,ResViT,3D,t2_flair,t2,ReMIND-107-pre,0.7879232606608605,0.7981857779360831,13.689067673011138,0.1606036871671676,0.1701472957125481,nifti
ResViT-3D-T2+FLAIR,ResViT,ResViT,3D,t2_flair,flair,ReMIND-107-pre,0.8306178268690285,0.8464224480302491,15.23290510059584,0.1374828219413757,0.1670268828816273,nifti
ResViT-3D-T2+FLAIR,ResViT,ResViT,3D,t2_flair,t2,ReMIND-109-post,0.6944450673440529,0.6720761161475213,13.43937305387093,0.1382693350315094,0.1476746575699912,nifti
ResViT-3D-T2+FLAIR,ResViT,ResViT,3D,t2_flair,flair,ReMIND-109-post,0.6963192631888813,0.6784952879795965,14.16187753372782,0.1377152204513549,0.2447351189951102,nifti
ResViT-3D-T2+FLAIR,ResViT,ResViT,3D,t2_flair,t2,ReMIND-109-pre,0.7121018008923605,0.6823657393797652,14.18777237104269,0.1313741952180862,0.1379690016365864,nifti
ResViT-3D-T2+FLAIR,ResViT,ResViT,3D,t2_flair,flair,ReMIND-109-pre,0.7551044394384627,0.7353247228740963,16.375696602801394,0.11824781447649,0.1849732869389382,nifti
SynDiff-2D-untuned-T2,SynDiff,SynDiff,"2D (full SynDiff, untuned)",t2,t2,ReMIND-003-post,0.7129753764066109,0.6881115866588908,14.24513903891661,0.1254516094923019,0.1857236213982105,nifti(ep15)
SynDiff-2D-untuned-T2,SynDiff,SynDiff,"2D (full SynDiff, untuned)",t2,t2,ReMIND-003-pre,0.6587099435959626,0.6246136604632802,13.966367163830016,0.1396924555301666,0.2353637491235102,nifti(ep15)
SynDiff-2D-untuned-T2,SynDiff,SynDiff,"2D (full SynDiff, untuned)",t2,t2,ReMIND-004-pre,0.7739540526867307,0.7508195800921024,14.009123709709172,0.1363572031259536,0.1789826150292281,nifti(ep15)
SynDiff-2D-untuned-T2,SynDiff,SynDiff,"2D (full SynDiff, untuned)",t2,t2,ReMIND-023-post,0.6548835024718417,0.6357031917752013,13.488005548843889,0.1373810470104217,0.2097389412900576,nifti(ep15)
SynDiff-2D-T2,SynDiff,SynDiff,2D,t2,t2,ReMIND-003-post,0.7526749433950443,,15.41997460925839,0.1091935113072395,0.1313553863018751,csv:syndiff_us_t2_paired_resvit_protocol_ep40
SynDiff-2D-T2,SynDiff,SynDiff,2D,t2,t2,ReMIND-003-pre,0.689760943365483,,15.322267557877804,0.1102633997797966,0.1945091039798725,csv:syndiff_us_t2_paired_resvit_protocol_ep40
SynDiff-2D-T2,SynDiff,SynDiff,2D,t2,t2,ReMIND-004-pre,0.806795127822451,,15.595831876457034,0.1015209406614303,0.1495205353868683,csv:syndiff_us_t2_paired_resvit_protocol_ep40
SynDiff-2D-T2,SynDiff,SynDiff,2D,t2,t2,ReMIND-023-post,0.6945209139673166,,15.158191520459289,0.1048176065087318,0.1912575266682184,csv:syndiff_us_t2_paired_resvit_protocol_ep40
SynDiff-2D-T2,SynDiff,SynDiff,2D,t2,t2,ReMIND-023-pre,0.7796442153710532,,16.16290847347114,0.0866279006004333,0.2043271901852944,csv:syndiff_us_t2_paired_resvit_protocol_ep40
SynDiff-2D-T2,SynDiff,SynDiff,2D,t2,t2,ReMIND-031-post,0.7683667546289441,,13.94172766264511,0.1386977583169937,0.1671335006230755,csv:syndiff_us_t2_paired_resvit_protocol_ep40
SynDiff-2D-T2,SynDiff,SynDiff,2D,t2,t2,ReMIND-031-pre,0.7851947601420586,,15.249927081791734,0.1167825162410736,0.1730690458591314,csv:syndiff_us_t2_paired_resvit_protocol_ep40
SynDiff-2D-T2,SynDiff,SynDiff,2D,t2,t2,ReMIND-032-post,0.761855169138664,,14.484267354894342,0.1195765361189842,0.1435178179998655,csv:syndiff_us_t2_paired_resvit_protocol_ep40
SynDiff-2D-T2,SynDiff,SynDiff,2D,t2,t2,ReMIND-032-pre,0.7410890375204803,,14.125921531876164,0.129660964012146,0.1704449321897257,csv:syndiff_us_t2_paired_resvit_protocol_ep40
SynDiff-2D-T2,SynDiff,SynDiff,2D,t2,t2,ReMIND-034-post,0.7762217832355,,14.68111312259914,0.1241849362850189,0.1555700014966229,csv:syndiff_us_t2_paired_resvit_protocol_ep40
SynDiff-2D-T2,SynDiff,SynDiff,2D,t2,t2,ReMIND-034-pre,0.8099953096645373,,15.116961604368491,0.1257431507110595,0.2622420305143232,csv:syndiff_us_t2_paired_resvit_protocol_ep40
SynDiff-2D-T2,SynDiff,SynDiff,2D,t2,t2,ReMIND-045-post,0.7211451184266208,,14.390871393987704,0.1296357214450836,0.141457759734729,csv:syndiff_us_t2_paired_resvit_protocol_ep40
SynDiff-2D-T2,SynDiff,SynDiff,2D,t2,t2,ReMIND-045-pre,0.7720793175672069,,15.32023089662056,0.1127587258815765,0.1962701736651745,csv:syndiff_us_t2_paired_resvit_protocol_ep40
SynDiff-2D-T2,SynDiff,SynDiff,2D,t2,t2,ReMIND-056-post,0.6832501816301938,,13.30330095311237,0.1549569368362426,0.2249015911861702,csv:syndiff_us_t2_paired_resvit_protocol_ep40
SynDiff-2D-T2,SynDiff,SynDiff,2D,t2,t2,ReMIND-056-pre,0.7007726890238233,,15.104026862664854,0.1288795173168182,0.2015901073672861,csv:syndiff_us_t2_paired_resvit_protocol_ep40
SynDiff-2D-T2,SynDiff,SynDiff,2D,t2,t2,ReMIND-077-post,0.6922789580133017,,14.691926148969785,0.1151842400431633,0.1797476014172708,csv:syndiff_us_t2_paired_resvit_protocol_ep40
SynDiff-2D-T2,SynDiff,SynDiff,2D,t2,t2,ReMIND-077-pre,0.6889286237909579,,15.241995706668918,0.1044287979602813,0.2169180884491652,csv:syndiff_us_t2_paired_resvit_protocol_ep40
SynDiff-2D-T2,SynDiff,SynDiff,2D,t2,t2,ReMIND-079-post,0.6180546767805142,,12.395290186424482,0.1800818443298339,0.2248193322605378,csv:syndiff_us_t2_paired_resvit_protocol_ep40
SynDiff-2D-T2,SynDiff,SynDiff,2D,t2,t2,ReMIND-079-pre,0.7693306760338072,,15.509163967551988,0.1109321340918541,0.1737281689734271,csv:syndiff_us_t2_paired_resvit_protocol_ep40
SynDiff-2D-T2,SynDiff,SynDiff,2D,t2,t2,ReMIND-087-post,0.6514794141789018,,13.588203081791976,0.1496787369251251,0.2200443322071805,csv:syndiff_us_t2_paired_resvit_protocol_ep40
SynDiff-2D-T2,SynDiff,SynDiff,2D,t2,t2,ReMIND-087-pre,0.5929736542716112,,13.437138781193411,0.1512581408023834,0.2841095755071337,csv:syndiff_us_t2_paired_resvit_protocol_ep40
SynDiff-2D-T2,SynDiff,SynDiff,2D,t2,t2,ReMIND-091-post,0.7000553100353324,,14.75153767117298,0.1146380901336669,0.1792832398985294,csv:syndiff_us_t2_paired_resvit_protocol_ep40
SynDiff-2D-T2,SynDiff,SynDiff,2D,t2,t2,ReMIND-091-pre,0.6695628241236603,,15.645111267569227,0.1011889278888702,0.1979370604694625,csv:syndiff_us_t2_paired_resvit_protocol_ep40
SynDiff-2D-T2,SynDiff,SynDiff,2D,t2,t2,ReMIND-096-post,0.720986025561399,,15.295448128028315,0.1055088192224502,0.1685247662108998,csv:syndiff_us_t2_paired_resvit_protocol_ep40
SynDiff-2D-T2,SynDiff,SynDiff,2D,t2,t2,ReMIND-096-pre,0.6904155397098212,,16.094716046266313,0.1006543487310409,0.1712176105092195,csv:syndiff_us_t2_paired_resvit_protocol_ep40
SynDiff-2D-T2,SynDiff,SynDiff,2D,t2,t2,ReMIND-102-pre,0.7996049989078469,,15.035650802500289,0.1223347410559654,0.1370123204464713,csv:syndiff_us_t2_paired_resvit_protocol_ep40
SynDiff-2D-T2,SynDiff,SynDiff,2D,t2,t2,ReMIND-107-post,0.7310490583155336,,13.825952569767573,0.1427061706781387,0.115020973359545,csv:syndiff_us_t2_paired_resvit_protocol_ep40
SynDiff-2D-T2,SynDiff,SynDiff,2D,t2,t2,ReMIND-107-pre,0.800704839113623,,13.814223990741814,0.1543093919754028,0.2618023161502445,csv:syndiff_us_t2_paired_resvit_protocol_ep40
SynDiff-2D-T2,SynDiff,SynDiff,2D,t2,t2,ReMIND-109-post,0.7043726863218679,,13.208245987025736,0.1435674726963043,0.1855819342864884,csv:syndiff_us_t2_paired_resvit_protocol_ep40
SynDiff-2D-T2,SynDiff,SynDiff,2D,t2,t2,ReMIND-109-pre,0.7172441043401895,,14.166627347319876,0.1344411522150039,0.2049606384878808,csv:syndiff_us_t2_paired_resvit_protocol_ep40
SynDiff-2.5D-T2,SynDiff,SynDiff,2.5D,t2,t2,ReMIND-003-post,0.7527711185447413,,15.426565114001884,0.1107092797756195,0.1309500758722424,csv:syndiff_us_t2_paired_25d_resvit_protocol_ep40
SynDiff-2.5D-T2,SynDiff,SynDiff,2.5D,t2,t2,ReMIND-003-pre,0.688117870407251,,15.161981625863463,0.1123419478535652,0.1869364093089925,csv:syndiff_us_t2_paired_25d_resvit_protocol_ep40
SynDiff-2.5D-T2,SynDiff,SynDiff,2.5D,t2,t2,ReMIND-004-pre,0.8063768820919635,,15.279173721441406,0.1068290546536445,0.1520642519246825,csv:syndiff_us_t2_paired_25d_resvit_protocol_ep40
SynDiff-2.5D-T2,SynDiff,SynDiff,2.5D,t2,t2,ReMIND-023-post,0.6961178538806755,,15.060664018021903,0.1046904996037483,0.184223271619815,csv:syndiff_us_t2_paired_25d_resvit_protocol_ep40
SynDiff-2.5D-T2,SynDiff,SynDiff,2.5D,t2,t2,ReMIND-023-pre,0.7868439728595016,,16.115286158822077,0.0892493054270744,0.2000617027720984,csv:syndiff_us_t2_paired_25d_resvit_protocol_ep40
SynDiff-2.5D-T2,SynDiff,SynDiff,2.5D,t2,t2,ReMIND-031-post,0.7679680086142016,,14.132189962076286,0.1377622932195663,0.1760263027721329,csv:syndiff_us_t2_paired_25d_resvit_protocol_ep40
SynDiff-2.5D-T2,SynDiff,SynDiff,2.5D,t2,t2,ReMIND-031-pre,0.7841764686375708,,15.252779072028066,0.1147046908736229,0.1621083812193667,csv:syndiff_us_t2_paired_25d_resvit_protocol_ep40
SynDiff-2.5D-T2,SynDiff,SynDiff,2.5D,t2,t2,ReMIND-032-post,0.7529251053387771,,13.809330761038751,0.1307409703731537,0.1509826421939037,csv:syndiff_us_t2_paired_25d_resvit_protocol_ep40
SynDiff-2.5D-T2,SynDiff,SynDiff,2.5D,t2,t2,ReMIND-032-pre,0.7514194572050835,,14.499699699878445,0.1225759014487266,0.1678217246773697,csv:syndiff_us_t2_paired_25d_resvit_protocol_ep40
SynDiff-2.5D-T2,SynDiff,SynDiff,2.5D,t2,t2,ReMIND-034-post,0.7779599531167851,,14.816552366922007,0.1222643852233886,0.1580594882834702,csv:syndiff_us_t2_paired_25d_resvit_protocol_ep40
SynDiff-2.5D-T2,SynDiff,SynDiff,2.5D,t2,t2,ReMIND-034-pre,0.8109883691407033,,15.338746046006415,0.1237701773643493,0.2698059483714726,csv:syndiff_us_t2_paired_25d_resvit_protocol_ep40
SynDiff-2.5D-T2,SynDiff,SynDiff,2.5D,t2,t2,ReMIND-045-post,0.7233746165410063,,14.580533971427291,0.1278706341981887,0.1393554442683639,csv:syndiff_us_t2_paired_25d_resvit_protocol_ep40
SynDiff-2.5D-T2,SynDiff,SynDiff,2.5D,t2,t2,ReMIND-045-pre,0.7708746065716487,,15.42508912926275,0.1107376888394355,0.2043077396516947,csv:syndiff_us_t2_paired_25d_resvit_protocol_ep40
SynDiff-2.5D-T2,SynDiff,SynDiff,2.5D,t2,t2,ReMIND-056-post,0.6794298816410732,,13.05818271540234,0.159661665558815,0.214761986500687,csv:syndiff_us_t2_paired_25d_resvit_protocol_ep40
SynDiff-2.5D-T2,SynDiff,SynDiff,2.5D,t2,t2,ReMIND-056-pre,0.7055077734468147,,15.064982688584848,0.1306061595678329,0.1985150158827034,csv:syndiff_us_t2_paired_25d_resvit_protocol_ep40
SynDiff-2.5D-T2,SynDiff,SynDiff,2.5D,t2,t2,ReMIND-077-post,0.6943250881891311,,14.75122120763684,0.1127098128199577,0.1847619349892075,csv:syndiff_us_t2_paired_25d_resvit_protocol_ep40
SynDiff-2.5D-T2,SynDiff,SynDiff,2.5D,t2,t2,ReMIND-077-pre,0.6905780382048119,,15.249496816682615,0.1051623821258544,0.2025606353767216,csv:syndiff_us_t2_paired_25d_resvit_protocol_ep40
SynDiff-2.5D-T2,SynDiff,SynDiff,2.5D,t2,t2,ReMIND-079-post,0.6175466423740932,,12.47051466693948,0.1742414981126785,0.2307555159000126,csv:syndiff_us_t2_paired_25d_resvit_protocol_ep40
SynDiff-2.5D-T2,SynDiff,SynDiff,2.5D,t2,t2,ReMIND-079-pre,0.7713591107271931,,15.486841690497242,0.1101040914654731,0.1703422453380033,csv:syndiff_us_t2_paired_25d_resvit_protocol_ep40
SynDiff-2.5D-T2,SynDiff,SynDiff,2.5D,t2,t2,ReMIND-087-post,0.6487654288621765,,13.44315468881372,0.1548892259597778,0.2181279256474226,csv:syndiff_us_t2_paired_25d_resvit_protocol_ep40
SynDiff-2.5D-T2,SynDiff,SynDiff,2.5D,t2,t2,ReMIND-087-pre,0.594406732649831,,13.266421831122798,0.1564312428236007,0.2841278454149837,csv:syndiff_us_t2_paired_25d_resvit_protocol_ep40
SynDiff-2.5D-T2,SynDiff,SynDiff,2.5D,t2,t2,ReMIND-091-post,0.6939029069541071,,14.826133186612058,0.1123176366090774,0.1708684525591262,csv:syndiff_us_t2_paired_25d_resvit_protocol_ep40
SynDiff-2.5D-T2,SynDiff,SynDiff,2.5D,t2,t2,ReMIND-091-pre,0.6741086478693661,,15.623661578617831,0.0989682897925376,0.1951162333565729,csv:syndiff_us_t2_paired_25d_resvit_protocol_ep40
SynDiff-2.5D-T2,SynDiff,SynDiff,2.5D,t2,t2,ReMIND-096-post,0.7171924991500859,,15.249231309105884,0.1060211434960365,0.1657830588519573,csv:syndiff_us_t2_paired_25d_resvit_protocol_ep40
SynDiff-2.5D-T2,SynDiff,SynDiff,2.5D,t2,t2,ReMIND-096-pre,0.6845188206217331,,15.541858847976616,0.1080186814069747,0.1654705856291746,csv:syndiff_us_t2_paired_25d_resvit_protocol_ep40
SynDiff-2.5D-T2,SynDiff,SynDiff,2.5D,t2,t2,ReMIND-102-pre,0.7972690613818949,,14.95001804285253,0.1277988702058792,0.1402501030928558,csv:syndiff_us_t2_paired_25d_resvit_protocol_ep40
SynDiff-2.5D-T2,SynDiff,SynDiff,2.5D,t2,t2,ReMIND-107-post,0.7294578016293353,,14.057346923961695,0.1403492391109466,0.1094481193357043,csv:syndiff_us_t2_paired_25d_resvit_protocol_ep40
SynDiff-2.5D-T2,SynDiff,SynDiff,2.5D,t2,t2,ReMIND-107-pre,0.7992445478522853,,14.044186209653745,0.1494676172733307,0.2600176145925241,csv:syndiff_us_t2_paired_25d_resvit_protocol_ep40
SynDiff-2.5D-T2,SynDiff,SynDiff,2.5D,t2,t2,ReMIND-109-post,0.7020204336181003,,12.727390329620455,0.1545774787664413,0.1841093432572152,csv:syndiff_us_t2_paired_25d_resvit_protocol_ep40
SynDiff-2.5D-T2,SynDiff,SynDiff,2.5D,t2,t2,ReMIND-109-pre,0.7178858035679279,,14.086759795629275,0.1375927031040191,0.1941822949458252,csv:syndiff_us_t2_paired_25d_resvit_protocol_ep40
SynDiff-3D-T2,SynDiff,SynDiff,3D,t2,t2,ReMIND-003-post,0.69169729447349,,12.974911765480952,0.1558509469032287,0.1827983169257641,csv:syndiff_us_t2_paired_3d_resvit_protocol_ep140
SynDiff-3D-T2,SynDiff,SynDiff,3D,t2,t2,ReMIND-003-pre,0.6532048319789895,,14.855809744581702,0.1210399493575096,0.2220452909154453,csv:syndiff_us_t2_paired_3d_resvit_protocol_ep140
SynDiff-3D-T2,SynDiff,SynDiff,3D,t2,t2,ReMIND-004-pre,0.789065854306599,,15.640395125713187,0.1057875305414199,0.1851813124934422,csv:syndiff_us_t2_paired_3d_resvit_protocol_ep140
SynDiff-3D-T2,SynDiff,SynDiff,3D,t2,t2,ReMIND-023-post,0.6488503797224302,,13.629230536788494,0.1400132924318313,0.2266131175252107,csv:syndiff_us_t2_paired_3d_resvit_protocol_ep140
SynDiff-3D-T2,SynDiff,SynDiff,3D,t2,t2,ReMIND-023-pre,0.718229273168706,,15.333256762519063,0.1097714304924011,0.2441673164858537,csv:syndiff_us_t2_paired_3d_resvit_protocol_ep140
SynDiff-3D-T2,SynDiff,SynDiff,3D,t2,t2,ReMIND-031-post,0.7507868647096263,,13.973304677554395,0.1438561081886291,0.2129132006513445,csv:syndiff_us_t2_paired_3d_resvit_protocol_ep140
SynDiff-3D-T2,SynDiff,SynDiff,3D,t2,t2,ReMIND-031-pre,0.7680548597042459,,14.86058229950504,0.1271036267280578,0.2061311114341654,csv:syndiff_us_t2_paired_3d_resvit_protocol_ep140
SynDiff-3D-T2,SynDiff,SynDiff,3D,t2,t2,ReMIND-032-post,0.7363094386184514,,14.549735210021716,0.1257558912038803,0.1905521859188337,csv:syndiff_us_t2_paired_3d_resvit_protocol_ep140
SynDiff-3D-T2,SynDiff,SynDiff,3D,t2,t2,ReMIND-032-pre,0.7111540178386851,,13.254729286380824,0.1537256836891174,0.1899384457085813,csv:syndiff_us_t2_paired_3d_resvit_protocol_ep140
SynDiff-3D-T2,SynDiff,SynDiff,3D,t2,t2,ReMIND-034-post,0.7540256844130123,,14.28172360076385,0.139593631029129,0.1865086156564454,csv:syndiff_us_t2_paired_3d_resvit_protocol_ep140
SynDiff-3D-T2,SynDiff,SynDiff,3D,t2,t2,ReMIND-034-pre,0.7478864764718776,,13.39892930710285,0.1605815440416336,0.2134226167007633,csv:syndiff_us_t2_paired_3d_resvit_protocol_ep140
SynDiff-3D-T2,SynDiff,SynDiff,3D,t2,t2,ReMIND-045-post,0.70473046750072,,13.784480566135322,0.1411071866750717,0.2016839540523031,csv:syndiff_us_t2_paired_3d_resvit_protocol_ep140
SynDiff-3D-T2,SynDiff,SynDiff,3D,t2,t2,ReMIND-045-pre,0.7410482449509687,,13.989736121456662,0.1354877799749374,0.2169064791853895,csv:syndiff_us_t2_paired_3d_resvit_protocol_ep140
SynDiff-3D-T2,SynDiff,SynDiff,3D,t2,t2,ReMIND-056-post,0.6714388511867346,,12.54395426670358,0.1782945245504379,0.2544786331278306,csv:syndiff_us_t2_paired_3d_resvit_protocol_ep140
SynDiff-3D-T2,SynDiff,SynDiff,3D,t2,t2,ReMIND-056-pre,0.6745849473772622,,14.036055958728312,0.1487628072500229,0.2376969740638193,csv:syndiff_us_t2_paired_3d_resvit_protocol_ep140
SynDiff-3D-T2,SynDiff,SynDiff,3D,t2,t2,ReMIND-077-post,0.6620591684106816,,14.42354514896839,0.1231222152709961,0.2342642736998764,csv:syndiff_us_t2_paired_3d_resvit_protocol_ep140
SynDiff-3D-T2,SynDiff,SynDiff,3D,t2,t2,ReMIND-077-pre,0.6535465926526314,,14.856877889684466,0.1190083399415016,0.2419082059059292,csv:syndiff_us_t2_paired_3d_resvit_protocol_ep140
SynDiff-3D-T2,SynDiff,SynDiff,3D,t2,t2,ReMIND-079-post,0.580486892821838,,11.669067386491571,0.2015323787927627,0.2420381809005866,csv:syndiff_us_t2_paired_3d_resvit_protocol_ep140
SynDiff-3D-T2,SynDiff,SynDiff,3D,t2,t2,ReMIND-079-pre,0.7537868077159033,,15.526107476450992,0.1122115030884742,0.1938862756229518,csv:syndiff_us_t2_paired_3d_resvit_protocol_ep140
SynDiff-3D-T2,SynDiff,SynDiff,3D,t2,t2,ReMIND-087-post,0.6449348556485847,,13.821371375519693,0.1530891060829162,0.2350821145810187,csv:syndiff_us_t2_paired_3d_resvit_protocol_ep140
SynDiff-3D-T2,SynDiff,SynDiff,3D,t2,t2,ReMIND-087-pre,0.5896866244637143,,13.401942095184422,0.1533154547214508,0.3057095546330978,csv:syndiff_us_t2_paired_3d_resvit_protocol_ep140
SynDiff-3D-T2,SynDiff,SynDiff,3D,t2,t2,ReMIND-091-post,0.6635332018733768,,15.030513561634438,0.1099200174212455,0.2096270536013106,csv:syndiff_us_t2_paired_3d_resvit_protocol_ep140
SynDiff-3D-T2,SynDiff,SynDiff,3D,t2,t2,ReMIND-091-pre,0.6363748911309324,,15.43226637323071,0.1087737083435058,0.2311594489915871,csv:syndiff_us_t2_paired_3d_resvit_protocol_ep140
SynDiff-3D-T2,SynDiff,SynDiff,3D,t2,t2,ReMIND-096-post,0.6761654841984173,,14.74482585813962,0.1185643598437309,0.1967759453799835,csv:syndiff_us_t2_paired_3d_resvit_protocol_ep140
SynDiff-3D-T2,SynDiff,SynDiff,3D,t2,t2,ReMIND-096-pre,0.660260323226134,,15.432886397513215,0.1151323616504669,0.2138553054325959,csv:syndiff_us_t2_paired_3d_resvit_protocol_ep140
SynDiff-3D-T2,SynDiff,SynDiff,3D,t2,t2,ReMIND-102-pre,0.773539976469979,,14.514565277086287,0.1380642354488372,0.179253846903642,csv:syndiff_us_t2_paired_3d_resvit_protocol_ep140
SynDiff-3D-T2,SynDiff,SynDiff,3D,t2,t2,ReMIND-107-post,0.7161471662147464,,13.395288856808245,0.1579997688531875,0.1427567156652609,csv:syndiff_us_t2_paired_3d_resvit_protocol_ep140
SynDiff-3D-T2,SynDiff,SynDiff,3D,t2,t2,ReMIND-107-pre,0.7695754548937099,,13.481556098193543,0.1618025749921798,0.1942729855723241,csv:syndiff_us_t2_paired_3d_resvit_protocol_ep140
SynDiff-3D-T2,SynDiff,SynDiff,3D,t2,t2,ReMIND-109-post,0.68911740290772,,13.184819211726156,0.148174449801445,0.191071766283777,csv:syndiff_us_t2_paired_3d_resvit_protocol_ep140
SynDiff-3D-T2,SynDiff,SynDiff,3D,t2,t2,ReMIND-109-pre,0.7038038266111716,,14.059932931165854,0.1393293142318725,0.2497074070979248,csv:syndiff_us_t2_paired_3d_resvit_protocol_ep140
SynDiff-3D+3D-refine-T2,SynDiff,SynDiff,3D+3D-refine,t2,t2,ReMIND-003-post,0.7236210383497759,,15.511780154819396,0.1106666922569274,0.1634087348729372,csv:syndiff_us_t2_paired_3drefine_resvit_protocol_ep180_ref20
SynDiff-3D+3D-refine-T2,SynDiff,SynDiff,3D+3D-refine,t2,t2,ReMIND-003-pre,0.6559985887131805,,15.046207775064254,0.1161896809935569,0.2087254319554087,csv:syndiff_us_t2_paired_3drefine_resvit_protocol_ep180_ref20
SynDiff-3D+3D-refine-T2,SynDiff,SynDiff,3D+3D-refine,t2,t2,ReMIND-004-pre,0.7839468034219234,,15.615151951485256,0.1037870794534683,0.181715441426051,csv:syndiff_us_t2_paired_3drefine_resvit_protocol_ep180_ref20
SynDiff-3D+3D-refine-T2,SynDiff,SynDiff,3D+3D-refine,t2,t2,ReMIND-023-post,0.6928751929902899,,15.559707241146228,0.0982140302658081,0.2086853359181147,csv:syndiff_us_t2_paired_3drefine_resvit_protocol_ep180_ref20
SynDiff-3D+3D-refine-T2,SynDiff,SynDiff,3D+3D-refine,t2,t2,ReMIND-023-pre,0.7646832275470187,,16.502049849810906,0.0810521394014358,0.1971974460517659,csv:syndiff_us_t2_paired_3drefine_resvit_protocol_ep180_ref20
SynDiff-3D+3D-refine-T2,SynDiff,SynDiff,3D+3D-refine,t2,t2,ReMIND-031-post,0.7519545000989349,,14.459178726073542,0.1325068771839141,0.1997364390445383,csv:syndiff_us_t2_paired_3drefine_resvit_protocol_ep180_ref20
SynDiff-3D+3D-refine-T2,SynDiff,SynDiff,3D+3D-refine,t2,t2,ReMIND-031-pre,0.7673974652471567,,14.995232540489765,0.1212994754314422,0.1916931972224661,csv:syndiff_us_t2_paired_3drefine_resvit_protocol_ep180_ref20
SynDiff-3D+3D-refine-T2,SynDiff,SynDiff,3D+3D-refine,t2,t2,ReMIND-032-post,0.7426280612574886,,14.635087554519709,0.1166218444705009,0.1977481549051968,csv:syndiff_us_t2_paired_3drefine_resvit_protocol_ep180_ref20
SynDiff-3D+3D-refine-T2,SynDiff,SynDiff,3D+3D-refine,t2,t2,ReMIND-032-pre,0.7304762800894276,,14.791249558178276,0.1232627183198928,0.187969466760045,csv:syndiff_us_t2_paired_3drefine_resvit_protocol_ep180_ref20
SynDiff-3D+3D-refine-T2,SynDiff,SynDiff,3D+3D-refine,t2,t2,ReMIND-034-post,0.763617372180239,,15.062828007199386,0.1219442337751388,0.2089264648966491,csv:syndiff_us_t2_paired_3drefine_resvit_protocol_ep180_ref20
SynDiff-3D+3D-refine-T2,SynDiff,SynDiff,3D+3D-refine,t2,t2,ReMIND-034-pre,0.8050060789738663,,15.59863235040378,0.1228856593370437,0.2114540413022041,csv:syndiff_us_t2_paired_3drefine_resvit_protocol_ep180_ref20
SynDiff-3D+3D-refine-T2,SynDiff,SynDiff,3D+3D-refine,t2,t2,ReMIND-045-post,0.7130063093220022,,15.204244596398691,0.117910549044609,0.2072682529687881,csv:syndiff_us_t2_paired_3drefine_resvit_protocol_ep180_ref20
SynDiff-3D+3D-refine-T2,SynDiff,SynDiff,3D+3D-refine,t2,t2,ReMIND-045-pre,0.7639978446856323,,15.39908408787172,0.1103441193699836,0.201109838700786,csv:syndiff_us_t2_paired_3drefine_resvit_protocol_ep180_ref20
SynDiff-3D+3D-refine-T2,SynDiff,SynDiff,3D+3D-refine,t2,t2,ReMIND-056-post,0.6823135066462844,,13.832868238094289,0.1456219255924224,0.2292590414484342,csv:syndiff_us_t2_paired_3drefine_resvit_protocol_ep180_ref20
SynDiff-3D+3D-refine-T2,SynDiff,SynDiff,3D+3D-refine,t2,t2,ReMIND-056-pre,0.6919504387075454,,15.14490479525554,0.1329296231269836,0.2176416146586526,csv:syndiff_us_t2_paired_3drefine_resvit_protocol_ep180_ref20
SynDiff-3D+3D-refine-T2,SynDiff,SynDiff,3D+3D-refine,t2,t2,ReMIND-077-post,0.6484612214566237,,14.998717289426995,0.1170853227376937,0.2302137686795479,csv:syndiff_us_t2_paired_3drefine_resvit_protocol_ep180_ref20
SynDiff-3D+3D-refine-T2,SynDiff,SynDiff,3D+3D-refine,t2,t2,ReMIND-077-pre,0.6382855734817182,,14.739316718762788,0.116983063519001,0.2378998845815658,csv:syndiff_us_t2_paired_3drefine_resvit_protocol_ep180_ref20
SynDiff-3D+3D-refine-T2,SynDiff,SynDiff,3D+3D-refine,t2,t2,ReMIND-079-post,0.6087456810726319,,13.18128178976866,0.1635417193174362,0.2443954990925015,csv:syndiff_us_t2_paired_3drefine_resvit_protocol_ep180_ref20
SynDiff-3D+3D-refine-T2,SynDiff,SynDiff,3D+3D-refine,t2,t2,ReMIND-079-pre,0.7488224934296553,,15.795968905265656,0.1089257076382637,0.208683844613895,csv:syndiff_us_t2_paired_3drefine_resvit_protocol_ep180_ref20
SynDiff-3D+3D-refine-T2,SynDiff,SynDiff,3D+3D-refine,t2,t2,ReMIND-087-post,0.6500587950214685,,14.612360279916736,0.1336440294981002,0.2650730167515576,csv:syndiff_us_t2_paired_3drefine_resvit_protocol_ep180_ref20
SynDiff-3D+3D-refine-T2,SynDiff,SynDiff,3D+3D-refine,t2,t2,ReMIND-087-pre,0.5759847551116271,,13.631608065606608,0.1511725932359695,0.2931256663443437,csv:syndiff_us_t2_paired_3drefine_resvit_protocol_ep180_ref20
SynDiff-3D+3D-refine-T2,SynDiff,SynDiff,3D+3D-refine,t2,t2,ReMIND-091-post,0.6539666668912762,,14.87664135229054,0.1203173622488975,0.205126932088999,csv:syndiff_us_t2_paired_3drefine_resvit_protocol_ep180_ref20
SynDiff-3D+3D-refine-T2,SynDiff,SynDiff,3D+3D-refine,t2,t2,ReMIND-091-pre,0.6262448289474952,,15.439126891886342,0.1067612320184707,0.2220788846413294,csv:syndiff_us_t2_paired_3drefine_resvit_protocol_ep180_ref20
SynDiff-3D+3D-refine-T2,SynDiff,SynDiff,3D+3D-refine,t2,t2,ReMIND-096-post,0.7000794492504526,,15.967832827426596,0.0985748767852783,0.1906466302137042,csv:syndiff_us_t2_paired_3drefine_resvit_protocol_ep180_ref20
SynDiff-3D+3D-refine-T2,SynDiff,SynDiff,3D+3D-refine,t2,t2,ReMIND-096-pre,0.6420414414353165,,15.408702507335146,0.1119854822754859,0.2007872438566251,csv:syndiff_us_t2_paired_3drefine_resvit_protocol_ep180_ref20
SynDiff-3D+3D-refine-T2,SynDiff,SynDiff,3D+3D-refine,t2,t2,ReMIND-102-pre,0.7634366879869731,,15.077064533389796,0.1279698312282562,0.166221551100413,csv:syndiff_us_t2_paired_3drefine_resvit_protocol_ep180_ref20
SynDiff-3D+3D-refine-T2,SynDiff,SynDiff,3D+3D-refine,t2,t2,ReMIND-107-post,0.723988177360272,,15.25520915919855,0.1222834140062332,0.1310828019347455,csv:syndiff_us_t2_paired_3drefine_resvit_protocol_ep180_ref20
SynDiff-3D+3D-refine-T2,SynDiff,SynDiff,3D+3D-refine,t2,t2,ReMIND-107-pre,0.8021021853326825,,14.553693909569436,0.1432200223207473,0.2002606181537403,csv:syndiff_us_t2_paired_3drefine_resvit_protocol_ep180_ref20
SynDiff-3D+3D-refine-T2,SynDiff,SynDiff,3D+3D-refine,t2,t2,ReMIND-109-post,0.6911211622488498,,13.340348943187776,0.1439659893512725,0.1992810842063692,csv:syndiff_us_t2_paired_3drefine_resvit_protocol_ep180_ref20
SynDiff-3D+3D-refine-T2,SynDiff,SynDiff,3D+3D-refine,t2,t2,ReMIND-109-pre,0.6985430117225618,,14.153600785083132,0.1372755914926529,0.2373051618987863,csv:syndiff_us_t2_paired_3drefine_resvit_protocol_ep180_ref20
SynDiff-ResViT->SynDiff-cascade-T2,SynDiff,SynDiff,ResViT->SynDiff cascade,t2,t2,ReMIND-003-post,0.7701957047378382,,16.048827490803067,0.1015622317790985,0.1124025868624448,csv:syndiff_us_t2_paired_resvit_refine_resvit_protocol_ep10
SynDiff-ResViT->SynDiff-cascade-T2,SynDiff,SynDiff,ResViT->SynDiff cascade,t2,t2,ReMIND-003-pre,0.7004846503644223,,15.979943977790947,0.0992471352219581,0.1642890015467145,csv:syndiff_us_t2_paired_resvit_refine_resvit_protocol_ep10
SynDiff-ResViT->SynDiff-cascade-T2,SynDiff,SynDiff,ResViT->SynDiff cascade,t2,t2,ReMIND-004-pre,0.8169904380549687,,16.536801584622875,0.0884163677692413,0.1275513539205967,csv:syndiff_us_t2_paired_resvit_refine_resvit_protocol_ep10
SynDiff-ResViT->SynDiff-cascade-T2,SynDiff,SynDiff,ResViT->SynDiff cascade,t2,t2,ReMIND-023-post,0.669109720298021,,15.648755694718028,0.0965057611465454,0.1999778994000875,csv:syndiff_us_t2_paired_resvit_refine_resvit_protocol_ep10
SynDiff-ResViT->SynDiff-cascade-T2,SynDiff,SynDiff,ResViT->SynDiff cascade,t2,t2,ReMIND-023-pre,0.7689581666219327,,15.944543713574491,0.0895645841956138,0.2058108729474684,csv:syndiff_us_t2_paired_resvit_refine_resvit_protocol_ep10
SynDiff-ResViT->SynDiff-cascade-T2,SynDiff,SynDiff,ResViT->SynDiff cascade,t2,t2,ReMIND-031-post,0.7558428272524237,,14.845659153407864,0.1282577514648437,0.1857325430763395,csv:syndiff_us_t2_paired_resvit_refine_resvit_protocol_ep10
SynDiff-ResViT->SynDiff-cascade-T2,SynDiff,SynDiff,ResViT->SynDiff cascade,t2,t2,ReMIND-031-pre,0.7825628360445265,,15.39874534291136,0.1102827489376068,0.1649839230515855,csv:syndiff_us_t2_paired_resvit_refine_resvit_protocol_ep10
SynDiff-ResViT->SynDiff-cascade-T2,SynDiff,SynDiff,ResViT->SynDiff cascade,t2,t2,ReMIND-032-post,0.748866662008005,,14.341860692100123,0.1251642554998397,0.1492068754458749,csv:syndiff_us_t2_paired_resvit_refine_resvit_protocol_ep10
SynDiff-ResViT->SynDiff-cascade-T2,SynDiff,SynDiff,ResViT->SynDiff cascade,t2,t2,ReMIND-032-pre,0.7500540679374902,,15.467588547601856,0.1118332594633102,0.1495124051968256,csv:syndiff_us_t2_paired_resvit_refine_resvit_protocol_ep10
SynDiff-ResViT->SynDiff-cascade-T2,SynDiff,SynDiff,ResViT->SynDiff cascade,t2,t2,ReMIND-034-post,0.7762005046435148,,15.275089761989731,0.1192542389035224,0.152343785467868,csv:syndiff_us_t2_paired_resvit_refine_resvit_protocol_ep10
SynDiff-ResViT->SynDiff-cascade-T2,SynDiff,SynDiff,ResViT->SynDiff cascade,t2,t2,ReMIND-034-pre,0.8144567696789465,,15.507230101340047,0.11589115858078,0.2654035512519919,csv:syndiff_us_t2_paired_resvit_refine_resvit_protocol_ep10
SynDiff-ResViT->SynDiff-cascade-T2,SynDiff,SynDiff,ResViT->SynDiff cascade,t2,t2,ReMIND-045-post,0.7188496652216206,,14.813697382765676,0.1266698390245437,0.1284678107046562,csv:syndiff_us_t2_paired_resvit_refine_resvit_protocol_ep10
SynDiff-ResViT->SynDiff-cascade-T2,SynDiff,SynDiff,ResViT->SynDiff cascade,t2,t2,ReMIND-045-pre,0.7744385890236734,,16.00344677902136,0.1007460430264473,0.2016869781865287,csv:syndiff_us_t2_paired_resvit_refine_resvit_protocol_ep10
SynDiff-ResViT->SynDiff-cascade-T2,SynDiff,SynDiff,ResViT->SynDiff cascade,t2,t2,ReMIND-056-post,0.675172173272991,,12.84547197487498,0.1665549725294113,0.2069134712219238,csv:syndiff_us_t2_paired_resvit_refine_resvit_protocol_ep10
SynDiff-ResViT->SynDiff-cascade-T2,SynDiff,SynDiff,ResViT->SynDiff cascade,t2,t2,ReMIND-056-pre,0.7105864334784091,,15.966113998818647,0.1173102706670761,0.2040762119698074,csv:syndiff_us_t2_paired_resvit_refine_resvit_protocol_ep10
SynDiff-ResViT->SynDiff-cascade-T2,SynDiff,SynDiff,ResViT->SynDiff cascade,t2,t2,ReMIND-077-post,0.6934006280571108,,15.399977626420512,0.1044182479381561,0.1833792729554949,csv:syndiff_us_t2_paired_resvit_refine_resvit_protocol_ep10
SynDiff-ResViT->SynDiff-cascade-T2,SynDiff,SynDiff,ResViT->SynDiff cascade,t2,t2,ReMIND-077-pre,0.6759783525339632,,15.555638131389738,0.1001462489366531,0.2185666657984256,csv:syndiff_us_t2_paired_resvit_refine_resvit_protocol_ep10
SynDiff-ResViT->SynDiff-cascade-T2,SynDiff,SynDiff,ResViT->SynDiff cascade,t2,t2,ReMIND-079-post,0.6217352343332656,,13.331294439108028,0.1565107107162475,0.2165259822598985,csv:syndiff_us_t2_paired_resvit_refine_resvit_protocol_ep10
SynDiff-ResViT->SynDiff-cascade-T2,SynDiff,SynDiff,ResViT->SynDiff cascade,t2,t2,ReMIND-079-pre,0.7802069251614698,,16.576675273199395,0.0955855324864387,0.1476938919153776,csv:syndiff_us_t2_paired_resvit_refine_resvit_protocol_ep10
SynDiff-ResViT->SynDiff-cascade-T2,SynDiff,SynDiff,ResViT->SynDiff cascade,t2,t2,ReMIND-087-post,0.6590475470800616,,14.56608751802342,0.136065274477005,0.2160994429141283,csv:syndiff_us_t2_paired_resvit_refine_resvit_protocol_ep10
SynDiff-ResViT->SynDiff-cascade-T2,SynDiff,SynDiff,ResViT->SynDiff cascade,t2,t2,ReMIND-087-pre,0.5870437996834136,,14.29912476222806,0.1388341337442398,0.2954197621612406,csv:syndiff_us_t2_paired_resvit_refine_resvit_protocol_ep10
SynDiff-ResViT->SynDiff-cascade-T2,SynDiff,SynDiff,ResViT->SynDiff cascade,t2,t2,ReMIND-091-post,0.7043948175942218,,15.72743168385113,0.102265827357769,0.1644267002318767,csv:syndiff_us_t2_paired_resvit_refine_resvit_protocol_ep10
SynDiff-ResViT->SynDiff-cascade-T2,SynDiff,SynDiff,ResViT->SynDiff cascade,t2,t2,ReMIND-091-pre,0.6808149887345911,,16.80597723253492,0.0864985287189483,0.1824298582879113,csv:syndiff_us_t2_paired_resvit_refine_resvit_protocol_ep10
SynDiff-ResViT->SynDiff-cascade-T2,SynDiff,SynDiff,ResViT->SynDiff cascade,t2,t2,ReMIND-096-post,0.7328103253835567,,16.49130824424082,0.0881802588701248,0.1565613032773483,csv:syndiff_us_t2_paired_resvit_refine_resvit_protocol_ep10
SynDiff-ResViT->SynDiff-cascade-T2,SynDiff,SynDiff,ResViT->SynDiff cascade,t2,t2,ReMIND-096-pre,0.6791928814362532,,16.255670357596923,0.1002233549952507,0.1643394100987776,csv:syndiff_us_t2_paired_resvit_refine_resvit_protocol_ep10
SynDiff-ResViT->SynDiff-cascade-T2,SynDiff,SynDiff,ResViT->SynDiff cascade,t2,t2,ReMIND-102-pre,0.7919222943562089,,15.36927690047808,0.1268573999404907,0.1404103856119844,csv:syndiff_us_t2_paired_resvit_refine_resvit_protocol_ep10
SynDiff-ResViT->SynDiff-cascade-T2,SynDiff,SynDiff,ResViT->SynDiff cascade,t2,t2,ReMIND-107-post,0.7581027435339454,,15.287503500793491,0.118853710591793,0.0968152047031455,csv:syndiff_us_t2_paired_resvit_refine_resvit_protocol_ep10
SynDiff-ResViT->SynDiff-cascade-T2,SynDiff,SynDiff,ResViT->SynDiff cascade,t2,t2,ReMIND-107-pre,0.7980946731326773,,14.02939355248053,0.1499485224485397,0.2604764546541607,csv:syndiff_us_t2_paired_resvit_refine_resvit_protocol_ep10
SynDiff-ResViT->SynDiff-cascade-T2,SynDiff,SynDiff,ResViT->SynDiff cascade,t2,t2,ReMIND-109-post,0.7218164829565585,,13.731897776843416,0.13108891248703,0.1747192180818981,csv:syndiff_us_t2_paired_resvit_refine_resvit_protocol_ep10
SynDiff-ResViT->SynDiff-cascade-T2,SynDiff,SynDiff,ResViT->SynDiff cascade,t2,t2,ReMIND-109-pre,0.7215182868488662,,14.755050273448177,0.1241683587431907,0.1688890811055898,csv:syndiff_us_t2_paired_resvit_refine_resvit_protocol_ep10
SynDiff-ResViT+SynDiff-joint-T2,SynDiff,SynDiff,ResViT+SynDiff joint,t2,t2,ReMIND-003-post,0.7585943412443606,,16.001652266040963,0.1023507714271545,0.1014903799444437,csv:syndiff_us_t2_joint_finetune_resvit_protocol_ep30
SynDiff-ResViT+SynDiff-joint-T2,SynDiff,SynDiff,ResViT+SynDiff joint,t2,t2,ReMIND-003-pre,0.6875502003492712,,15.87244551415135,0.1017575114965438,0.1555045635021966,csv:syndiff_us_t2_joint_finetune_resvit_protocol_ep30
SynDiff-ResViT+SynDiff-joint-T2,SynDiff,SynDiff,ResViT+SynDiff joint,t2,t2,ReMIND-004-pre,0.8071234059897536,,16.40643392390249,0.090889424085617,0.1241249977851036,csv:syndiff_us_t2_joint_finetune_resvit_protocol_ep30
SynDiff-ResViT+SynDiff-joint-T2,SynDiff,SynDiff,ResViT+SynDiff joint,t2,t2,ReMIND-023-post,0.6600320730763347,,15.596701969760778,0.0979930609464645,0.1701632047501894,csv:syndiff_us_t2_joint_finetune_resvit_protocol_ep30
SynDiff-ResViT+SynDiff-joint-T2,SynDiff,SynDiff,ResViT+SynDiff joint,t2,t2,ReMIND-023-pre,0.7599202921514506,,15.763279240087108,0.0921834707260131,0.1877801909166223,csv:syndiff_us_t2_joint_finetune_resvit_protocol_ep30
SynDiff-ResViT+SynDiff-joint-T2,SynDiff,SynDiff,ResViT+SynDiff joint,t2,t2,ReMIND-031-post,0.7502216795432339,,14.809358930352763,0.129669114947319,0.1781528727004402,csv:syndiff_us_t2_joint_finetune_resvit_protocol_ep30
SynDiff-ResViT+SynDiff-joint-T2,SynDiff,SynDiff,ResViT+SynDiff joint,t2,t2,ReMIND-031-pre,0.7783308430826558,,15.226270329754822,0.113867737352848,0.1555729509985193,csv:syndiff_us_t2_joint_finetune_resvit_protocol_ep30
SynDiff-ResViT+SynDiff-joint-T2,SynDiff,SynDiff,ResViT+SynDiff joint,t2,t2,ReMIND-032-post,0.74271586056676,,14.3028866679747,0.1268006265163421,0.1392435899658783,csv:syndiff_us_t2_joint_finetune_resvit_protocol_ep30
SynDiff-ResViT+SynDiff-joint-T2,SynDiff,SynDiff,ResViT+SynDiff joint,t2,t2,ReMIND-032-pre,0.7380335628868773,,15.38597505024396,0.1135333925485611,0.1484474312691461,csv:syndiff_us_t2_joint_finetune_resvit_protocol_ep30
SynDiff-ResViT+SynDiff-joint-T2,SynDiff,SynDiff,ResViT+SynDiff joint,t2,t2,ReMIND-034-post,0.7709274885795944,,15.105444041518016,0.1216567531228065,0.1439741878615071,csv:syndiff_us_t2_joint_finetune_resvit_protocol_ep30
SynDiff-ResViT+SynDiff-joint-T2,SynDiff,SynDiff,ResViT+SynDiff joint,t2,t2,ReMIND-034-pre,0.8031247856484786,,15.370515614890952,0.118089772760868,0.213517396994259,csv:syndiff_us_t2_joint_finetune_resvit_protocol_ep30
SynDiff-ResViT+SynDiff-joint-T2,SynDiff,SynDiff,ResViT+SynDiff joint,t2,t2,ReMIND-045-post,0.7143415245854944,,14.605966052988377,0.1299165189266204,0.1336519794295663,csv:syndiff_us_t2_joint_finetune_resvit_protocol_ep30
SynDiff-ResViT+SynDiff-joint-T2,SynDiff,SynDiff,ResViT+SynDiff joint,t2,t2,ReMIND-045-pre,0.7657312408023017,,16.06236937659385,0.1010166630148887,0.1652774264287088,csv:syndiff_us_t2_joint_finetune_resvit_protocol_ep30
SynDiff-ResViT+SynDiff-joint-T2,SynDiff,SynDiff,ResViT+SynDiff joint,t2,t2,ReMIND-056-post,0.666993535602977,,12.77686217972401,0.1689697057008743,0.2157245850949375,csv:syndiff_us_t2_joint_finetune_resvit_protocol_ep30
SynDiff-ResViT+SynDiff-joint-T2,SynDiff,SynDiff,ResViT+SynDiff joint,t2,t2,ReMIND-056-pre,0.7038264166294732,,15.91237237643661,0.1181280985474586,0.1487272243314194,csv:syndiff_us_t2_joint_finetune_resvit_protocol_ep30
SynDiff-ResViT+SynDiff-joint-T2,SynDiff,SynDiff,ResViT+SynDiff joint,t2,t2,ReMIND-077-post,0.6841203780283615,,15.272870253355508,0.1072474643588066,0.1755654537999952,csv:syndiff_us_t2_joint_finetune_resvit_protocol_ep30
SynDiff-ResViT+SynDiff-joint-T2,SynDiff,SynDiff,ResViT+SynDiff joint,t2,t2,ReMIND-077-pre,0.6630749210431547,,15.510319809779814,0.1023861542344093,0.1931444162502885,csv:syndiff_us_t2_joint_finetune_resvit_protocol_ep30
SynDiff-ResViT+SynDiff-joint-T2,SynDiff,SynDiff,ResViT+SynDiff joint,t2,t2,ReMIND-079-post,0.6124865099750563,,13.268461445877143,0.1575903743505478,0.2161104779791187,csv:syndiff_us_t2_joint_finetune_resvit_protocol_ep30
SynDiff-ResViT+SynDiff-joint-T2,SynDiff,SynDiff,ResViT+SynDiff joint,t2,t2,ReMIND-079-pre,0.7720410917187049,,16.508479711282092,0.0975457429885864,0.1457361378026812,csv:syndiff_us_t2_joint_finetune_resvit_protocol_ep30
SynDiff-ResViT+SynDiff-joint-T2,SynDiff,SynDiff,ResViT+SynDiff joint,t2,t2,ReMIND-087-post,0.653626880452745,,14.617490881154676,0.1348115652799606,0.2053559881169349,csv:syndiff_us_t2_joint_finetune_resvit_protocol_ep30
SynDiff-ResViT+SynDiff-joint-T2,SynDiff,SynDiff,ResViT+SynDiff joint,t2,t2,ReMIND-087-pre,0.5820553988778169,,14.193862631489624,0.1418371051549911,0.2610778664586259,csv:syndiff_us_t2_joint_finetune_resvit_protocol_ep30
SynDiff-ResViT+SynDiff-joint-T2,SynDiff,SynDiff,ResViT+SynDiff joint,t2,t2,ReMIND-091-post,0.6855128074640718,,15.638727608602736,0.1047905385494232,0.1758309010654054,csv:syndiff_us_t2_joint_finetune_resvit_protocol_ep30
SynDiff-ResViT+SynDiff-joint-T2,SynDiff,SynDiff,ResViT+SynDiff joint,t2,t2,ReMIND-091-pre,0.6609913354095802,,16.555539282388626,0.090478278696537,0.1707789151480904,csv:syndiff_us_t2_joint_finetune_resvit_protocol_ep30
SynDiff-ResViT+SynDiff-joint-T2,SynDiff,SynDiff,ResViT+SynDiff joint,t2,t2,ReMIND-096-post,0.72373037996345,,16.467604832338385,0.0892292335629463,0.1511012855484042,csv:syndiff_us_t2_joint_finetune_resvit_protocol_ep30
SynDiff-ResViT+SynDiff-joint-T2,SynDiff,SynDiff,ResViT+SynDiff joint,t2,t2,ReMIND-096-pre,0.6660888940338318,,16.02555951875933,0.1036060601472854,0.1666321362030099,csv:syndiff_us_t2_joint_finetune_resvit_protocol_ep30
SynDiff-ResViT+SynDiff-joint-T2,SynDiff,SynDiff,ResViT+SynDiff joint,t2,t2,ReMIND-102-pre,0.7858372063367464,,15.264174807635657,0.1283173412084579,0.1393511472062932,csv:syndiff_us_t2_joint_finetune_resvit_protocol_ep30
SynDiff-ResViT+SynDiff-joint-T2,SynDiff,SynDiff,ResViT+SynDiff joint,t2,t2,ReMIND-107-post,0.749355760792695,,15.143031306489236,0.1216688007116317,0.0950866459144486,csv:syndiff_us_t2_joint_finetune_resvit_protocol_ep30
SynDiff-ResViT+SynDiff-joint-T2,SynDiff,SynDiff,ResViT+SynDiff joint,t2,t2,ReMIND-107-pre,0.7939985296918137,,13.997645188870742,0.1509501188993454,0.2202012740513857,csv:syndiff_us_t2_joint_finetune_resvit_protocol_ep30
SynDiff-ResViT+SynDiff-joint-T2,SynDiff,SynDiff,ResViT+SynDiff joint,t2,t2,ReMIND-109-post,0.7138399299156671,,13.703787020002878,0.1321306228637695,0.1690595738589763,csv:syndiff_us_t2_joint_finetune_resvit_protocol_ep30
SynDiff-ResViT+SynDiff-joint-T2,SynDiff,SynDiff,ResViT+SynDiff joint,t2,t2,ReMIND-109-pre,0.7138154288625498,,14.523792534323483,0.1289999634027481,0.1476909701797095,csv:syndiff_us_t2_joint_finetune_resvit_protocol_ep30
SynDiff-2D-T2+FLAIR,SynDiff,SynDiff,2D,t2_flair,t2,ReMIND-003-post,0.7378315601456796,,15.167260370600744,0.1126019582152366,0.1446340999752283,csv:syndiff_us_t2flair_paired_resvit_protocol_ep40
SynDiff-2D-T2+FLAIR,SynDiff,SynDiff,2D,t2_flair,flair,ReMIND-003-post,0.6567197734191207,,14.553700372688889,0.1462501138448715,0.1404591657221317,csv:syndiff_us_t2flair_paired_resvit_protocol_ep40
SynDiff-2D-T2+FLAIR,SynDiff,SynDiff,2D,t2_flair,t2,ReMIND-023-post,0.6762415526630138,,14.407276632077178,0.114146202802658,0.2036680112091394,csv:syndiff_us_t2flair_paired_resvit_protocol_ep40
SynDiff-2D-T2+FLAIR,SynDiff,SynDiff,2D,t2_flair,flair,ReMIND-023-post,0.5983631368146788,,13.394745102806857,0.1607188880443573,0.2589522468355986,csv:syndiff_us_t2flair_paired_resvit_protocol_ep40
SynDiff-2D-T2+FLAIR,SynDiff,SynDiff,2D,t2_flair,t2,ReMIND-023-pre,0.7690113898805481,,16.107980050936966,0.0874928161501884,0.2150566770749933,csv:syndiff_us_t2flair_paired_resvit_protocol_ep40
SynDiff-2D-T2+FLAIR,SynDiff,SynDiff,2D,t2_flair,flair,ReMIND-023-pre,0.6843825651567099,,15.353651896356116,0.1265087872743606,0.2340095906573183,csv:syndiff_us_t2flair_paired_resvit_protocol_ep40
SynDiff-2D-T2+FLAIR,SynDiff,SynDiff,2D,t2_flair,t2,ReMIND-032-post,0.7552489220362807,,13.76829266444709,0.1315962672233581,0.154409691389348,csv:syndiff_us_t2flair_paired_resvit_protocol_ep40
SynDiff-2D-T2+FLAIR,SynDiff,SynDiff,2D,t2_flair,flair,ReMIND-032-post,0.7218444897585361,,13.62326445598796,0.1514308154582977,0.1476131377590669,csv:syndiff_us_t2flair_paired_resvit_protocol_ep40
SynDiff-2D-T2+FLAIR,SynDiff,SynDiff,2D,t2_flair,t2,ReMIND-032-pre,0.7339445668667294,,13.548700767468912,0.1373200863599777,0.1783916575922852,csv:syndiff_us_t2flair_paired_resvit_protocol_ep40
SynDiff-2D-T2+FLAIR,SynDiff,SynDiff,2D,t2_flair,flair,ReMIND-032-pre,0.6988030003160632,,14.10353418370346,0.1420077085494995,0.1852622229073728,csv:syndiff_us_t2flair_paired_resvit_protocol_ep40
SynDiff-2D-T2+FLAIR,SynDiff,SynDiff,2D,t2_flair,t2,ReMIND-045-pre,0.7705715482878199,,15.06027440694935,0.1153790727257728,0.2198829726920914,csv:syndiff_us_t2flair_paired_resvit_protocol_ep40
SynDiff-2D-T2+FLAIR,SynDiff,SynDiff,2D,t2_flair,flair,ReMIND-045-pre,0.7471819826835572,,14.916812555492807,0.1256624907255172,0.2424051085698235,csv:syndiff_us_t2flair_paired_resvit_protocol_ep40
SynDiff-2D-T2+FLAIR,SynDiff,SynDiff,2D,t2_flair,t2,ReMIND-056-post,0.6700090112093195,,13.159901527190437,0.1581944972276687,0.240926278134187,csv:syndiff_us_t2flair_paired_resvit_protocol_ep40
SynDiff-2D-T2+FLAIR,SynDiff,SynDiff,2D,t2_flair,flair,ReMIND-056-post,0.6529584732058594,,13.314691672322809,0.1596673280000686,0.1893239304147384,csv:syndiff_us_t2flair_paired_resvit_protocol_ep40
SynDiff-2D-T2+FLAIR,SynDiff,SynDiff,2D,t2_flair,t2,ReMIND-056-pre,0.6980846841625349,,15.18604165084784,0.1296605765819549,0.2187748852203477,csv:syndiff_us_t2flair_paired_resvit_protocol_ep40
SynDiff-2D-T2+FLAIR,SynDiff,SynDiff,2D,t2_flair,flair,ReMIND-056-pre,0.7039162342811793,,15.507498346875884,0.1151300519704818,0.2198989881237723,csv:syndiff_us_t2flair_paired_resvit_protocol_ep40
SynDiff-2D-T2+FLAIR,SynDiff,SynDiff,2D,t2_flair,t2,ReMIND-077-post,0.6797682710109972,,14.857456619249042,0.1081490293145179,0.1950731014681829,csv:syndiff_us_t2flair_paired_resvit_protocol_ep40
SynDiff-2D-T2+FLAIR,SynDiff,SynDiff,2D,t2_flair,flair,ReMIND-077-post,0.6474416152975191,,15.562441124194068,0.1163180544972419,0.1754430906998144,csv:syndiff_us_t2flair_paired_resvit_protocol_ep40
SynDiff-2D-T2+FLAIR,SynDiff,SynDiff,2D,t2_flair,t2,ReMIND-077-pre,0.6686973821898204,,14.687215791301844,0.1140866875648498,0.232505046762526,csv:syndiff_us_t2flair_paired_resvit_protocol_ep40
SynDiff-2D-T2+FLAIR,SynDiff,SynDiff,2D,t2_flair,flair,ReMIND-077-pre,0.6289223356640027,,15.323157554204592,0.1271344423294067,0.2177528709739069,csv:syndiff_us_t2flair_paired_resvit_protocol_ep40
SynDiff-2D-T2+FLAIR,SynDiff,SynDiff,2D,t2_flair,t2,ReMIND-079-post,0.6117203661960281,,12.44130168050978,0.1754103899002075,0.2379548105637769,csv:syndiff_us_t2flair_paired_resvit_protocol_ep40
SynDiff-2D-T2+FLAIR,SynDiff,SynDiff,2D,t2_flair,flair,ReMIND-079-post,0.5861901811547459,,12.837895779221345,0.1764493584632873,0.2272718858879965,csv:syndiff_us_t2flair_paired_resvit_protocol_ep40
SynDiff-2D-T2+FLAIR,SynDiff,SynDiff,2D,t2_flair,t2,ReMIND-079-pre,0.7562025128550635,,14.881718652676916,0.1181564703583717,0.1829108515900842,csv:syndiff_us_t2flair_paired_resvit_protocol_ep40
SynDiff-2D-T2+FLAIR,SynDiff,SynDiff,2D,t2_flair,flair,ReMIND-079-pre,0.7360027656136037,,13.82147590086009,0.1483519822359085,0.166313152927696,csv:syndiff_us_t2flair_paired_resvit_protocol_ep40
SynDiff-2D-T2+FLAIR,SynDiff,SynDiff,2D,t2_flair,t2,ReMIND-087-pre,0.5869728807502538,,13.107993367374023,0.1604160368442535,0.2840957083086024,csv:syndiff_us_t2flair_paired_resvit_protocol_ep40
SynDiff-2D-T2+FLAIR,SynDiff,SynDiff,2D,t2_flair,flair,ReMIND-087-pre,0.5906760657115053,,13.0968036321918,0.1689375191926956,0.2177058768583767,csv:syndiff_us_t2flair_paired_resvit_protocol_ep40
SynDiff-2D-T2+FLAIR,SynDiff,SynDiff,2D,t2_flair,t2,ReMIND-091-pre,0.6536163441709162,,15.262371990110813,0.104544959962368,0.219548221539568,csv:syndiff_us_t2flair_paired_resvit_protocol_ep40
SynDiff-2D-T2+FLAIR,SynDiff,SynDiff,2D,t2_flair,flair,ReMIND-091-pre,0.6259914670523261,,15.037305911596128,0.1274352967739105,0.1945277239400439,csv:syndiff_us_t2flair_paired_resvit_protocol_ep40
SynDiff-2D-T2+FLAIR,SynDiff,SynDiff,2D,t2_flair,t2,ReMIND-096-post,0.706452385938015,,15.035023594300991,0.1058350652456283,0.179632814644381,csv:syndiff_us_t2flair_paired_resvit_protocol_ep40
SynDiff-2D-T2+FLAIR,SynDiff,SynDiff,2D,t2_flair,flair,ReMIND-096-post,0.6125541925039913,,14.358830474268917,0.1450115889310836,0.1781125200349231,csv:syndiff_us_t2flair_paired_resvit_protocol_ep40
SynDiff-2D-T2+FLAIR,SynDiff,SynDiff,2D,t2_flair,t2,ReMIND-096-pre,0.667543381899441,,15.430346103097287,0.1127777844667434,0.1877712062560022,csv:syndiff_us_t2flair_paired_resvit_protocol_ep40
SynDiff-2D-T2+FLAIR,SynDiff,SynDiff,2D,t2_flair,flair,ReMIND-096-pre,0.6364662092682549,,15.145103958801933,0.1341524720191955,0.1821656078523532,csv:syndiff_us_t2flair_paired_resvit_protocol_ep40
SynDiff-2D-T2+FLAIR,SynDiff,SynDiff,2D,t2_flair,t2,ReMIND-102-pre,0.786767266136164,,14.483182550965708,0.1304699778556823,0.1441722799299492,csv:syndiff_us_t2flair_paired_resvit_protocol_ep40
SynDiff-2D-T2+FLAIR,SynDiff,SynDiff,2D,t2_flair,flair,ReMIND-102-pre,0.7472121115277587,,13.970456897869774,0.1562572121620178,0.1624331252442465,csv:syndiff_us_t2flair_paired_resvit_protocol_ep40
SynDiff-2D-T2+FLAIR,SynDiff,SynDiff,2D,t2_flair,t2,ReMIND-107-pre,0.7972879769948773,,13.65398090932769,0.1581156700849533,0.2783779387964922,csv:syndiff_us_t2flair_paired_resvit_protocol_ep40
SynDiff-2D-T2+FLAIR,SynDiff,SynDiff,2D,t2_flair,flair,ReMIND-107-pre,0.8087659697021645,,14.45034543916248,0.1418031603097915,0.2589353322982788,csv:syndiff_us_t2flair_paired_resvit_protocol_ep40
SynDiff-2D-T2+FLAIR,SynDiff,SynDiff,2D,t2_flair,t2,ReMIND-109-post,0.6973327350354236,,12.76221504080238,0.1512506604194641,0.1848099883231851,csv:syndiff_us_t2flair_paired_resvit_protocol_ep40
SynDiff-2D-T2+FLAIR,SynDiff,SynDiff,2D,t2_flair,flair,ReMIND-109-post,0.658582480169543,,12.573247745135973,0.1730460077524185,0.1718702226463291,csv:syndiff_us_t2flair_paired_resvit_protocol_ep40
SynDiff-2D-T2+FLAIR,SynDiff,SynDiff,2D,t2_flair,t2,ReMIND-109-pre,0.705553273137698,,13.29228081030375,0.1535979509353637,0.2130803234875202,csv:syndiff_us_t2flair_paired_resvit_protocol_ep40
SynDiff-2D-T2+FLAIR,SynDiff,SynDiff,2D,t2_flair,flair,ReMIND-109-pre,0.7098103189653527,,13.899588209911204,0.159027561545372,0.148851444538344,csv:syndiff_us_t2flair_paired_resvit_protocol_ep40
SynDiff-2.5D-T2+FLAIR,SynDiff,SynDiff,2.5D,t2_flair,t2,ReMIND-003-post,0.7425987265001044,,14.997454153881648,0.1165147498250007,0.1395598825067281,csv:syndiff_us_t2flair_paired_25d_resvit_protocol_ep60
SynDiff-2.5D-T2+FLAIR,SynDiff,SynDiff,2.5D,t2_flair,flair,ReMIND-003-post,0.6563151237720737,,14.846708506747548,0.1392369270324707,0.1372906699031591,csv:syndiff_us_t2flair_paired_25d_resvit_protocol_ep60
SynDiff-2.5D-T2+FLAIR,SynDiff,SynDiff,2.5D,t2_flair,t2,ReMIND-023-post,0.6770014627914662,,14.311007404590264,0.1169467195868492,0.2005731772917967,csv:syndiff_us_t2flair_paired_25d_resvit_protocol_ep60
SynDiff-2.5D-T2+FLAIR,SynDiff,SynDiff,2.5D,t2_flair,flair,ReMIND-023-post,0.5878521042182718,,13.558179837337937,0.1637375801801681,0.2406984160725887,csv:syndiff_us_t2flair_paired_25d_resvit_protocol_ep60
SynDiff-2.5D-T2+FLAIR,SynDiff,SynDiff,2.5D,t2_flair,t2,ReMIND-023-pre,0.7779512357226084,,15.952358500007016,0.0888998731970787,0.2052653379300061,csv:syndiff_us_t2flair_paired_25d_resvit_protocol_ep60
SynDiff-2.5D-T2+FLAIR,SynDiff,SynDiff,2.5D,t2_flair,flair,ReMIND-023-pre,0.6847712153808573,,15.883319652652222,0.1161130890250206,0.2151377227376489,csv:syndiff_us_t2flair_paired_25d_resvit_protocol_ep60
SynDiff-2.5D-T2+FLAIR,SynDiff,SynDiff,2.5D,t2_flair,t2,ReMIND-032-post,0.7441807350855455,,13.44111248998066,0.1370989680290222,0.1567258765367237,csv:syndiff_us_t2flair_paired_25d_resvit_protocol_ep60
SynDiff-2.5D-T2+FLAIR,SynDiff,SynDiff,2.5D,t2_flair,flair,ReMIND-032-post,0.7163488653791632,,13.627525265651602,0.1516392230987548,0.1564319192154987,csv:syndiff_us_t2flair_paired_25d_resvit_protocol_ep60
SynDiff-2.5D-T2+FLAIR,SynDiff,SynDiff,2.5D,t2_flair,t2,ReMIND-032-pre,0.7339773102120392,,13.877502392814533,0.1342763155698776,0.1746135409034434,csv:syndiff_us_t2flair_paired_25d_resvit_protocol_ep60
SynDiff-2.5D-T2+FLAIR,SynDiff,SynDiff,2.5D,t2_flair,flair,ReMIND-032-pre,0.6932271482036684,,14.310215118214868,0.1408362537622451,0.1782039771122592,csv:syndiff_us_t2flair_paired_25d_resvit_protocol_ep60
SynDiff-2.5D-T2+FLAIR,SynDiff,SynDiff,2.5D,t2_flair,t2,ReMIND-045-pre,0.767462363954375,,15.409595778352768,0.1100103631615638,0.2008518396118252,csv:syndiff_us_t2flair_paired_25d_resvit_protocol_ep60
SynDiff-2.5D-T2+FLAIR,SynDiff,SynDiff,2.5D,t2_flair,flair,ReMIND-045-pre,0.7484698838199734,,14.747453440121328,0.1285274624824524,0.2302625675484077,csv:syndiff_us_t2flair_paired_25d_resvit_protocol_ep60
SynDiff-2.5D-T2+FLAIR,SynDiff,SynDiff,2.5D,t2_flair,t2,ReMIND-056-post,0.6764586549355491,,12.929703475026262,0.1589343100786209,0.2183373620112737,csv:syndiff_us_t2flair_paired_25d_resvit_protocol_ep60
SynDiff-2.5D-T2+FLAIR,SynDiff,SynDiff,2.5D,t2_flair,flair,ReMIND-056-post,0.6523290950438378,,13.512840498658583,0.1571105569601059,0.1728536356930379,csv:syndiff_us_t2flair_paired_25d_resvit_protocol_ep60
SynDiff-2.5D-T2+FLAIR,SynDiff,SynDiff,2.5D,t2_flair,t2,ReMIND-056-pre,0.698234308074073,,15.13819385551708,0.1325640678405761,0.1999600239379226,csv:syndiff_us_t2flair_paired_25d_resvit_protocol_ep60
SynDiff-2.5D-T2+FLAIR,SynDiff,SynDiff,2.5D,t2_flair,flair,ReMIND-056-pre,0.7015382551132368,,15.497730582082283,0.1167677789926529,0.1954219532462786,csv:syndiff_us_t2flair_paired_25d_resvit_protocol_ep60
SynDiff-2.5D-T2+FLAIR,SynDiff,SynDiff,2.5D,t2_flair,t2,ReMIND-077-post,0.6780617955003028,,14.742795336677066,0.1097913831472396,0.1863446998837832,csv:syndiff_us_t2flair_paired_25d_resvit_protocol_ep60
SynDiff-2.5D-T2+FLAIR,SynDiff,SynDiff,2.5D,t2_flair,flair,ReMIND-077-post,0.6358413528288802,,15.765984159360944,0.1137857809662818,0.1632723981464231,csv:syndiff_us_t2flair_paired_25d_resvit_protocol_ep60
SynDiff-2.5D-T2+FLAIR,SynDiff,SynDiff,2.5D,t2_flair,t2,ReMIND-077-pre,0.662006679268664,,14.899464607360471,0.1103859394788742,0.23159374371171,csv:syndiff_us_t2flair_paired_25d_resvit_protocol_ep60
SynDiff-2.5D-T2+FLAIR,SynDiff,SynDiff,2.5D,t2_flair,flair,ReMIND-077-pre,0.6144381512629775,,15.287543131769766,0.1275969892740249,0.2153262100359307,csv:syndiff_us_t2flair_paired_25d_resvit_protocol_ep60
SynDiff-2.5D-T2+FLAIR,SynDiff,SynDiff,2.5D,t2_flair,t2,ReMIND-079-post,0.603220264372197,,12.366098732343191,0.1761682331562042,0.2234645998357115,csv:syndiff_us_t2flair_paired_25d_resvit_protocol_ep60
SynDiff-2.5D-T2+FLAIR,SynDiff,SynDiff,2.5D,t2_flair,flair,ReMIND-079-post,0.5702595500916666,,12.378193755150823,0.1877066642045974,0.2151544766651617,csv:syndiff_us_t2flair_paired_25d_resvit_protocol_ep60
SynDiff-2.5D-T2+FLAIR,SynDiff,SynDiff,2.5D,t2_flair,t2,ReMIND-079-pre,0.7592338967807575,,15.22685623893797,0.1188093647360801,0.173570612633831,csv:syndiff_us_t2flair_paired_25d_resvit_protocol_ep60
SynDiff-2.5D-T2+FLAIR,SynDiff,SynDiff,2.5D,t2_flair,flair,ReMIND-079-pre,0.7416119520625283,,14.362955504040947,0.1411880999803543,0.1556997370351566,csv:syndiff_us_t2flair_paired_25d_resvit_protocol_ep60
SynDiff-2.5D-T2+FLAIR,SynDiff,SynDiff,2.5D,t2_flair,t2,ReMIND-087-pre,0.5872815139676459,,13.166630490761948,0.1609173119068145,0.2816985683765874,csv:syndiff_us_t2flair_paired_25d_resvit_protocol_ep60
SynDiff-2.5D-T2+FLAIR,SynDiff,SynDiff,2.5D,t2_flair,flair,ReMIND-087-pre,0.6005484621877105,,13.733927384012334,0.1580267399549484,0.2099628570809293,csv:syndiff_us_t2flair_paired_25d_resvit_protocol_ep60
SynDiff-2.5D-T2+FLAIR,SynDiff,SynDiff,2.5D,t2_flair,t2,ReMIND-091-pre,0.6534181633340486,,15.893879462364763,0.0979568213224411,0.2119924457352838,csv:syndiff_us_t2flair_paired_25d_resvit_protocol_ep60
SynDiff-2.5D-T2+FLAIR,SynDiff,SynDiff,2.5D,t2_flair,flair,ReMIND-091-pre,0.6225435241076426,,15.443675811348822,0.119922362267971,0.2010105626612174,csv:syndiff_us_t2flair_paired_25d_resvit_protocol_ep60
SynDiff-2.5D-T2+FLAIR,SynDiff,SynDiff,2.5D,t2_flair,t2,ReMIND-096-post,0.7125865625067455,,15.189056911285313,0.1056438311934471,0.1650411991705728,csv:syndiff_us_t2flair_paired_25d_resvit_protocol_ep60
SynDiff-2.5D-T2+FLAIR,SynDiff,SynDiff,2.5D,t2_flair,flair,ReMIND-096-post,0.6150089230625794,,14.684786160576571,0.1384668797254562,0.1660714516806048,csv:syndiff_us_t2flair_paired_25d_resvit_protocol_ep60
SynDiff-2.5D-T2+FLAIR,SynDiff,SynDiff,2.5D,t2_flair,t2,ReMIND-096-pre,0.6769234275382194,,15.499732546308238,0.1087729707360267,0.1729813225313343,csv:syndiff_us_t2flair_paired_25d_resvit_protocol_ep60
SynDiff-2.5D-T2+FLAIR,SynDiff,SynDiff,2.5D,t2_flair,flair,ReMIND-096-pre,0.6391702526584446,,15.11604561131579,0.1344503462314605,0.1627976464276964,csv:syndiff_us_t2flair_paired_25d_resvit_protocol_ep60
SynDiff-2.5D-T2+FLAIR,SynDiff,SynDiff,2.5D,t2_flair,t2,ReMIND-102-pre,0.7919628988673788,,15.06943068280153,0.1227314621210098,0.1353491037256187,csv:syndiff_us_t2flair_paired_25d_resvit_protocol_ep60
SynDiff-2.5D-T2+FLAIR,SynDiff,SynDiff,2.5D,t2_flair,flair,ReMIND-102-pre,0.7501564502015459,,14.597006608041504,0.1446175277233123,0.1571844989226924,csv:syndiff_us_t2flair_paired_25d_resvit_protocol_ep60
SynDiff-2.5D-T2+FLAIR,SynDiff,SynDiff,2.5D,t2_flair,t2,ReMIND-107-pre,0.8011917174790494,,13.719615047871024,0.1568980813026428,0.2609334745827843,csv:syndiff_us_t2flair_paired_25d_resvit_protocol_ep60
SynDiff-2.5D-T2+FLAIR,SynDiff,SynDiff,2.5D,t2_flair,flair,ReMIND-107-pre,0.8074653972933801,,14.175462960952933,0.1485017240047454,0.2436595598564428,csv:syndiff_us_t2flair_paired_25d_resvit_protocol_ep60
SynDiff-2.5D-T2+FLAIR,SynDiff,SynDiff,2.5D,t2_flair,t2,ReMIND-109-post,0.7004788403830022,,13.035483450503076,0.146322563290596,0.1800772970749272,csv:syndiff_us_t2flair_paired_25d_resvit_protocol_ep60
SynDiff-2.5D-T2+FLAIR,SynDiff,SynDiff,2.5D,t2_flair,flair,ReMIND-109-post,0.6643695272504782,,13.14928932543458,0.1633322685956955,0.1557781886723306,csv:syndiff_us_t2flair_paired_25d_resvit_protocol_ep60
SynDiff-2.5D-T2+FLAIR,SynDiff,SynDiff,2.5D,t2_flair,t2,ReMIND-109-pre,0.7077258896391718,,13.52206606481847,0.1490290760993957,0.1989693582735278,csv:syndiff_us_t2flair_paired_25d_resvit_protocol_ep60
SynDiff-2.5D-T2+FLAIR,SynDiff,SynDiff,2.5D,t2_flair,flair,ReMIND-109-pre,0.7129401517289374,,14.327772240351038,0.1549526453018188,0.1331876293163408,csv:syndiff_us_t2flair_paired_25d_resvit_protocol_ep60
SynDiff-3D-T2+FLAIR,SynDiff,SynDiff,3D,t2_flair,t2,ReMIND-003-post,0.7364010326282099,,15.602682009014826,0.1069433540105819,0.1686198918521404,csv:syndiff_us_t2flair_paired_3d_resvit_protocol_ep100
SynDiff-3D-T2+FLAIR,SynDiff,SynDiff,3D,t2_flair,flair,ReMIND-003-post,0.6449629410101753,,13.869205951718463,0.1598448753356933,0.2487219570577144,csv:syndiff_us_t2flair_paired_3d_resvit_protocol_ep100
SynDiff-3D-T2+FLAIR,SynDiff,SynDiff,3D,t2_flair,t2,ReMIND-023-post,0.6777948132075865,,14.621559684513365,0.1142268627882003,0.2136028477778801,csv:syndiff_us_t2flair_paired_3d_resvit_protocol_ep100
SynDiff-3D-T2+FLAIR,SynDiff,SynDiff,3D,t2_flair,flair,ReMIND-023-post,0.5892717044498732,,13.842464226521749,0.1576305627822876,0.3006374159684548,csv:syndiff_us_t2flair_paired_3d_resvit_protocol_ep100
SynDiff-3D-T2+FLAIR,SynDiff,SynDiff,3D,t2_flair,t2,ReMIND-023-pre,0.7203863842288432,,14.74835524325062,0.1118710562586784,0.2303992317003362,csv:syndiff_us_t2flair_paired_3d_resvit_protocol_ep100
SynDiff-3D-T2+FLAIR,SynDiff,SynDiff,3D,t2_flair,flair,ReMIND-023-pre,0.6429029345277713,,14.962311788830627,0.1273360103368759,0.2799445921007324,csv:syndiff_us_t2flair_paired_3d_resvit_protocol_ep100
SynDiff-3D-T2+FLAIR,SynDiff,SynDiff,3D,t2_flair,t2,ReMIND-032-post,0.7370245293628279,,13.911345654559364,0.1320449262857437,0.1923006374288249,csv:syndiff_us_t2flair_paired_3d_resvit_protocol_ep100
SynDiff-3D-T2+FLAIR,SynDiff,SynDiff,3D,t2_flair,flair,ReMIND-032-post,0.6997986279612235,,13.80106519710668,0.1526828855276107,0.2245774198625539,csv:syndiff_us_t2flair_paired_3d_resvit_protocol_ep100
SynDiff-3D-T2+FLAIR,SynDiff,SynDiff,3D,t2_flair,t2,ReMIND-032-pre,0.725599001666051,,13.218574302658508,0.1465560048818588,0.1931708407189165,csv:syndiff_us_t2flair_paired_3d_resvit_protocol_ep100
SynDiff-3D-T2+FLAIR,SynDiff,SynDiff,3D,t2_flair,flair,ReMIND-032-pre,0.690899475936054,,14.052217364574286,0.1431532353162765,0.2225514714206968,csv:syndiff_us_t2flair_paired_3d_resvit_protocol_ep100
SynDiff-3D-T2+FLAIR,SynDiff,SynDiff,3D,t2_flair,t2,ReMIND-045-pre,0.7553542904089982,,14.2280436490136,0.1283615529537201,0.192030315316215,csv:syndiff_us_t2flair_paired_3d_resvit_protocol_ep100
SynDiff-3D-T2+FLAIR,SynDiff,SynDiff,3D,t2_flair,flair,ReMIND-045-pre,0.7218415505134262,,14.04079928495165,0.145642340183258,0.2192139782241939,csv:syndiff_us_t2flair_paired_3d_resvit_protocol_ep100
SynDiff-3D-T2+FLAIR,SynDiff,SynDiff,3D,t2_flair,t2,ReMIND-056-post,0.6704020740717156,,12.383495658182188,0.1761711090803146,0.242672359501874,csv:syndiff_us_t2flair_paired_3d_resvit_protocol_ep100
SynDiff-3D-T2+FLAIR,SynDiff,SynDiff,3D,t2_flair,flair,ReMIND-056-post,0.6524594789401607,,13.259053079637429,0.1649492233991623,0.2393713599001919,csv:syndiff_us_t2flair_paired_3d_resvit_protocol_ep100
SynDiff-3D-T2+FLAIR,SynDiff,SynDiff,3D,t2_flair,t2,ReMIND-056-pre,0.6835409268566287,,14.870698841792615,0.1348839402198791,0.2441979565850968,csv:syndiff_us_t2flair_paired_3d_resvit_protocol_ep100
SynDiff-3D-T2+FLAIR,SynDiff,SynDiff,3D,t2_flair,flair,ReMIND-056-pre,0.6787420257822466,,15.48565717780059,0.1277955621480941,0.2661218682550034,csv:syndiff_us_t2flair_paired_3d_resvit_protocol_ep100
SynDiff-3D-T2+FLAIR,SynDiff,SynDiff,3D,t2_flair,t2,ReMIND-077-post,0.6710745768220999,,14.360717406666623,0.1190880611538887,0.2336268578026746,csv:syndiff_us_t2flair_paired_3d_resvit_protocol_ep100
SynDiff-3D-T2+FLAIR,SynDiff,SynDiff,3D,t2_flair,flair,ReMIND-077-post,0.64163774615869,,15.44576894024717,0.120378166437149,0.225164868743033,csv:syndiff_us_t2flair_paired_3d_resvit_protocol_ep100
SynDiff-3D-T2+FLAIR,SynDiff,SynDiff,3D,t2_flair,t2,ReMIND-077-pre,0.6682792175354949,,15.140431444829437,0.1106158420443534,0.2838239329867065,csv:syndiff_us_t2flair_paired_3d_resvit_protocol_ep100
SynDiff-3D-T2+FLAIR,SynDiff,SynDiff,3D,t2_flair,flair,ReMIND-077-pre,0.6288588236929828,,15.218194781488751,0.1218030378222465,0.2712283004311067,csv:syndiff_us_t2flair_paired_3d_resvit_protocol_ep100
SynDiff-3D-T2+FLAIR,SynDiff,SynDiff,3D,t2_flair,t2,ReMIND-079-post,0.5950406091893836,,11.657870317324004,0.1942335218191146,0.237943457187833,csv:syndiff_us_t2flair_paired_3d_resvit_protocol_ep100
SynDiff-3D-T2+FLAIR,SynDiff,SynDiff,3D,t2_flair,flair,ReMIND-079-post,0.5706823683139679,,12.607218171096136,0.180747851729393,0.2584220926101143,csv:syndiff_us_t2flair_paired_3d_resvit_protocol_ep100
SynDiff-3D-T2+FLAIR,SynDiff,SynDiff,3D,t2_flair,t2,ReMIND-079-pre,0.7600756094896413,,15.893854949404547,0.1069853529334068,0.2224247194408031,csv:syndiff_us_t2flair_paired_3d_resvit_protocol_ep100
SynDiff-3D-T2+FLAIR,SynDiff,SynDiff,3D,t2_flair,flair,ReMIND-079-pre,0.7411402670517687,,14.588732461920426,0.1300895363092422,0.2248242284809605,csv:syndiff_us_t2flair_paired_3d_resvit_protocol_ep100
SynDiff-3D-T2+FLAIR,SynDiff,SynDiff,3D,t2_flair,t2,ReMIND-087-pre,0.6015667548278151,,13.775274879949883,0.143190249800682,0.3292870852929442,csv:syndiff_us_t2flair_paired_3d_resvit_protocol_ep100
SynDiff-3D-T2+FLAIR,SynDiff,SynDiff,3D,t2_flair,flair,ReMIND-087-pre,0.6131252569494252,,13.77313136272631,0.1571538895368576,0.2686095566891912,csv:syndiff_us_t2flair_paired_3d_resvit_protocol_ep100
SynDiff-3D-T2+FLAIR,SynDiff,SynDiff,3D,t2_flair,t2,ReMIND-091-pre,0.6531924010454481,,15.893149789636723,0.0981989726424217,0.2570547788967321,csv:syndiff_us_t2flair_paired_3d_resvit_protocol_ep100
SynDiff-3D-T2+FLAIR,SynDiff,SynDiff,3D,t2_flair,flair,ReMIND-091-pre,0.6356683596634733,,16.14731985622552,0.108973853290081,0.2448841359738896,csv:syndiff_us_t2flair_paired_3d_resvit_protocol_ep100
SynDiff-3D-T2+FLAIR,SynDiff,SynDiff,3D,t2_flair,t2,ReMIND-096-post,0.6947627353837013,,14.672181535995206,0.1146586462855339,0.2246375805590041,csv:syndiff_us_t2flair_paired_3d_resvit_protocol_ep100
SynDiff-3D-T2+FLAIR,SynDiff,SynDiff,3D,t2_flair,flair,ReMIND-096-post,0.5919459283236591,,13.946693768345002,0.1536254733800888,0.2368679802085078,csv:syndiff_us_t2flair_paired_3d_resvit_protocol_ep100
SynDiff-3D-T2+FLAIR,SynDiff,SynDiff,3D,t2_flair,t2,ReMIND-096-pre,0.6684426061001454,,15.751316003021682,0.1068584769964218,0.2514877660961991,csv:syndiff_us_t2flair_paired_3d_resvit_protocol_ep100
SynDiff-3D-T2+FLAIR,SynDiff,SynDiff,3D,t2_flair,flair,ReMIND-096-pre,0.6324630002670981,,15.553872643428914,0.1283528953790664,0.2358731508509002,csv:syndiff_us_t2flair_paired_3d_resvit_protocol_ep100
SynDiff-3D-T2+FLAIR,SynDiff,SynDiff,3D,t2_flair,t2,ReMIND-102-pre,0.7845616763748824,,14.818869897268822,0.1330000907182693,0.1795850362214777,csv:syndiff_us_t2flair_paired_3d_resvit_protocol_ep100
SynDiff-3D-T2+FLAIR,SynDiff,SynDiff,3D,t2_flair,flair,ReMIND-102-pre,0.7568677243293991,,14.464184327851884,0.1360162496566772,0.1757210632165273,csv:syndiff_us_t2flair_paired_3d_resvit_protocol_ep100
SynDiff-3D-T2+FLAIR,SynDiff,SynDiff,3D,t2_flair,t2,ReMIND-107-pre,0.7797013613769833,,12.471803047680348,0.1804828345775604,0.1847797785611713,csv:syndiff_us_t2flair_paired_3d_resvit_protocol_ep100
SynDiff-3D-T2+FLAIR,SynDiff,SynDiff,3D,t2_flair,flair,ReMIND-107-pre,0.7685672788137249,,14.295494001729327,0.1487288922071457,0.1899626259418095,csv:syndiff_us_t2flair_paired_3d_resvit_protocol_ep100
SynDiff-3D-T2+FLAIR,SynDiff,SynDiff,3D,t2_flair,t2,ReMIND-109-post,0.6877240802299784,,13.463000437832482,0.1377063691616058,0.2076895837982495,csv:syndiff_us_t2flair_paired_3d_resvit_protocol_ep100
SynDiff-3D-T2+FLAIR,SynDiff,SynDiff,3D,t2_flair,flair,ReMIND-109-post,0.6373667983576915,,13.7327338096677,0.1591623872518539,0.2138228111796909,csv:syndiff_us_t2flair_paired_3d_resvit_protocol_ep100
SynDiff-3D-T2+FLAIR,SynDiff,SynDiff,3D,t2_flair,t2,ReMIND-109-pre,0.7101432345268089,,14.183459747411176,0.1335451155900955,0.2856185812841762,csv:syndiff_us_t2flair_paired_3d_resvit_protocol_ep100
SynDiff-3D-T2+FLAIR,SynDiff,SynDiff,3D,t2_flair,flair,ReMIND-109-pre,0.7155308484467695,,14.495543907787404,0.1483688205480575,0.215640242871913,csv:syndiff_us_t2flair_paired_3d_resvit_protocol_ep100
SynDiff-3D+3D-refine-T2+FLAIR,SynDiff,SynDiff,3D+3D-refine,t2_flair,t2,ReMIND-003-post,0.6955231958659112,,14.600454704807245,0.1263097077608108,0.20304716527462,csv:syndiff_us_t2flair_paired_3drefine_resvit_protocol_ep40_ref20
SynDiff-3D+3D-refine-T2+FLAIR,SynDiff,SynDiff,3D+3D-refine,t2_flair,flair,ReMIND-003-post,0.6333788423876768,,14.062210040369669,0.1541340202093124,0.2229649060964584,csv:syndiff_us_t2flair_paired_3drefine_resvit_protocol_ep40_ref20
SynDiff-3D+3D-refine-T2+FLAIR,SynDiff,SynDiff,3D+3D-refine,t2_flair,t2,ReMIND-023-post,0.6563679334756807,,14.018762915606091,0.127644881606102,0.2323322797623964,csv:syndiff_us_t2flair_paired_3drefine_resvit_protocol_ep40_ref20
SynDiff-3D+3D-refine-T2+FLAIR,SynDiff,SynDiff,3D+3D-refine,t2_flair,flair,ReMIND-023-post,0.5962875917193904,,13.772063471227913,0.1553405672311782,0.2995098003974327,csv:syndiff_us_t2flair_paired_3drefine_resvit_protocol_ep40_ref20
SynDiff-3D+3D-refine-T2+FLAIR,SynDiff,SynDiff,3D+3D-refine,t2_flair,t2,ReMIND-023-pre,0.726006714992422,,15.684851295421424,0.0979512929916381,0.2137307813938926,csv:syndiff_us_t2flair_paired_3drefine_resvit_protocol_ep40_ref20
SynDiff-3D+3D-refine-T2+FLAIR,SynDiff,SynDiff,3D+3D-refine,t2_flair,flair,ReMIND-023-pre,0.6679602091654081,,15.318194914771224,0.1259144991636276,0.2264533717842663,csv:syndiff_us_t2flair_paired_3drefine_resvit_protocol_ep40_ref20
SynDiff-3D+3D-refine-T2+FLAIR,SynDiff,SynDiff,3D+3D-refine,t2_flair,t2,ReMIND-032-post,0.7399619919146331,,13.363833287507038,0.141312301158905,0.1872109802993568,csv:syndiff_us_t2flair_paired_3drefine_resvit_protocol_ep40_ref20
SynDiff-3D+3D-refine-T2+FLAIR,SynDiff,SynDiff,3D+3D-refine,t2_flair,flair,ReMIND-032-post,0.7104255661918077,,13.593995685640277,0.1557777673006057,0.2147711060337118,csv:syndiff_us_t2flair_paired_3drefine_resvit_protocol_ep40_ref20
SynDiff-3D+3D-refine-T2+FLAIR,SynDiff,SynDiff,3D+3D-refine,t2_flair,t2,ReMIND-032-pre,0.7149967900997923,,13.187862635614236,0.1470401585102081,0.1933256004537855,csv:syndiff_us_t2flair_paired_3drefine_resvit_protocol_ep40_ref20
SynDiff-3D+3D-refine-T2+FLAIR,SynDiff,SynDiff,3D+3D-refine,t2_flair,flair,ReMIND-032-pre,0.6891768849620019,,14.055568341769144,0.1459581702947616,0.2137874568856897,csv:syndiff_us_t2flair_paired_3drefine_resvit_protocol_ep40_ref20
SynDiff-3D+3D-refine-T2+FLAIR,SynDiff,SynDiff,3D+3D-refine,t2_flair,t2,ReMIND-045-pre,0.7580391927712891,,14.888896902542267,0.118202693760395,0.2117042364072554,csv:syndiff_us_t2flair_paired_3drefine_resvit_protocol_ep40_ref20
SynDiff-3D+3D-refine-T2+FLAIR,SynDiff,SynDiff,3D+3D-refine,t2_flair,flair,ReMIND-045-pre,0.7350691371494438,,14.574441050413986,0.1310126781463623,0.2256781678531587,csv:syndiff_us_t2flair_paired_3drefine_resvit_protocol_ep40_ref20
SynDiff-3D+3D-refine-T2+FLAIR,SynDiff,SynDiff,3D+3D-refine,t2_flair,t2,ReMIND-056-post,0.6589957251710976,,13.016758711272514,0.162467211484909,0.2507667621528661,csv:syndiff_us_t2flair_paired_3drefine_resvit_protocol_ep40_ref20
SynDiff-3D+3D-refine-T2+FLAIR,SynDiff,SynDiff,3D+3D-refine,t2_flair,flair,ReMIND-056-post,0.6402626930324572,,13.221762420311398,0.1665409803390503,0.220276505306915,csv:syndiff_us_t2flair_paired_3drefine_resvit_protocol_ep40_ref20
SynDiff-3D+3D-refine-T2+FLAIR,SynDiff,SynDiff,3D+3D-refine,t2_flair,t2,ReMIND-056-pre,0.6789526616497181,,14.520057042489949,0.143460527062416,0.2489546063654827,csv:syndiff_us_t2flair_paired_3drefine_resvit_protocol_ep40_ref20
SynDiff-3D+3D-refine-T2+FLAIR,SynDiff,SynDiff,3D+3D-refine,t2_flair,flair,ReMIND-056-pre,0.6835336835036955,,14.808824761737638,0.1273781806230545,0.2489095531263441,csv:syndiff_us_t2flair_paired_3drefine_resvit_protocol_ep40_ref20
SynDiff-3D+3D-refine-T2+FLAIR,SynDiff,SynDiff,3D+3D-refine,t2_flair,t2,ReMIND-077-post,0.6434058718612253,,14.157392898807736,0.1256734877824783,0.2404280584808942,csv:syndiff_us_t2flair_paired_3drefine_resvit_protocol_ep40_ref20
SynDiff-3D+3D-refine-T2+FLAIR,SynDiff,SynDiff,3D+3D-refine,t2_flair,flair,ReMIND-077-post,0.6182487845369369,,14.988594411582843,0.1296204179525375,0.2206468356622232,csv:syndiff_us_t2flair_paired_3drefine_resvit_protocol_ep40_ref20
SynDiff-3D+3D-refine-T2+FLAIR,SynDiff,SynDiff,3D+3D-refine,t2_flair,t2,ReMIND-077-pre,0.6387656540239975,,14.173505080450957,0.1277526468038559,0.3053028431721031,csv:syndiff_us_t2flair_paired_3drefine_resvit_protocol_ep40_ref20
SynDiff-3D+3D-refine-T2+FLAIR,SynDiff,SynDiff,3D+3D-refine,t2_flair,flair,ReMIND-077-pre,0.6003511178143903,,14.566472726443054,0.1372817456722259,0.2763202097974246,csv:syndiff_us_t2flair_paired_3drefine_resvit_protocol_ep40_ref20
SynDiff-3D+3D-refine-T2+FLAIR,SynDiff,SynDiff,3D+3D-refine,t2_flair,t2,ReMIND-079-post,0.5955207042736307,,12.305196103852722,0.1783567368984222,0.2577744986157159,csv:syndiff_us_t2flair_paired_3drefine_resvit_protocol_ep40_ref20
SynDiff-3D+3D-refine-T2+FLAIR,SynDiff,SynDiff,3D+3D-refine,t2_flair,flair,ReMIND-079-post,0.5793630904546172,,12.70224453469551,0.1789593249559402,0.2826556017672693,csv:syndiff_us_t2flair_paired_3drefine_resvit_protocol_ep40_ref20
SynDiff-3D+3D-refine-T2+FLAIR,SynDiff,SynDiff,3D+3D-refine,t2_flair,t2,ReMIND-079-pre,0.7467969264035803,,15.0612580995171,0.1189670711755752,0.2327468348353096,csv:syndiff_us_t2flair_paired_3drefine_resvit_protocol_ep40_ref20
SynDiff-3D+3D-refine-T2+FLAIR,SynDiff,SynDiff,3D+3D-refine,t2_flair,flair,ReMIND-079-pre,0.723877252333702,,13.743765550571483,0.1524578630924224,0.2198339787761817,csv:syndiff_us_t2flair_paired_3drefine_resvit_protocol_ep40_ref20
SynDiff-3D+3D-refine-T2+FLAIR,SynDiff,SynDiff,3D+3D-refine,t2_flair,t2,ReMIND-087-pre,0.5733220594194667,,13.029834274527484,0.1657196581363678,0.3411625776050696,csv:syndiff_us_t2flair_paired_3drefine_resvit_protocol_ep40_ref20
SynDiff-3D+3D-refine-T2+FLAIR,SynDiff,SynDiff,3D+3D-refine,t2_flair,flair,ReMIND-087-pre,0.5793513477069373,,13.13503008712356,0.1710409373044967,0.2803801451601199,csv:syndiff_us_t2flair_paired_3drefine_resvit_protocol_ep40_ref20
SynDiff-3D+3D-refine-T2+FLAIR,SynDiff,SynDiff,3D+3D-refine,t2_flair,t2,ReMIND-091-pre,0.6178027727535472,,15.013029139553868,0.1137737184762954,0.2786089397139019,csv:syndiff_us_t2flair_paired_3drefine_resvit_protocol_ep40_ref20
SynDiff-3D+3D-refine-T2+FLAIR,SynDiff,SynDiff,3D+3D-refine,t2_flair,flair,ReMIND-091-pre,0.5991083936801803,,14.6507678785348,0.1346495747566223,0.2538345406149945,csv:syndiff_us_t2flair_paired_3drefine_resvit_protocol_ep40_ref20
SynDiff-3D+3D-refine-T2+FLAIR,SynDiff,SynDiff,3D+3D-refine,t2_flair,t2,ReMIND-096-post,0.6629154153724742,,14.543317781245255,0.1235034018754959,0.2165523332565329,csv:syndiff_us_t2flair_paired_3drefine_resvit_protocol_ep40_ref20
SynDiff-3D+3D-refine-T2+FLAIR,SynDiff,SynDiff,3D+3D-refine,t2_flair,flair,ReMIND-096-post,0.5913341124720259,,13.89774802705735,0.1538578569889068,0.2137439715307812,csv:syndiff_us_t2flair_paired_3drefine_resvit_protocol_ep40_ref20
SynDiff-3D+3D-refine-T2+FLAIR,SynDiff,SynDiff,3D+3D-refine,t2_flair,t2,ReMIND-096-pre,0.6381796784331711,,15.238339182549804,0.1175323873758316,0.2335492999038913,csv:syndiff_us_t2flair_paired_3drefine_resvit_protocol_ep40_ref20
SynDiff-3D+3D-refine-T2+FLAIR,SynDiff,SynDiff,3D+3D-refine,t2_flair,flair,ReMIND-096-pre,0.6202668192578388,,14.957362350846823,0.1395417749881744,0.216006331780756,csv:syndiff_us_t2flair_paired_3drefine_resvit_protocol_ep40_ref20
SynDiff-3D+3D-refine-T2+FLAIR,SynDiff,SynDiff,3D+3D-refine,t2_flair,t2,ReMIND-102-pre,0.7710405542270194,,14.29653248182007,0.1331624090671539,0.1841556346250905,csv:syndiff_us_t2flair_paired_3drefine_resvit_protocol_ep40_ref20
SynDiff-3D+3D-refine-T2+FLAIR,SynDiff,SynDiff,3D+3D-refine,t2_flair,flair,ReMIND-102-pre,0.7349705427818659,,13.63144603880192,0.1630927622318267,0.1819259648935662,csv:syndiff_us_t2flair_paired_3drefine_resvit_protocol_ep40_ref20
SynDiff-3D+3D-refine-T2+FLAIR,SynDiff,SynDiff,3D+3D-refine,t2_flair,t2,ReMIND-107-pre,0.7847103876568414,,13.616434414005631,0.1576006412506103,0.197484730359386,csv:syndiff_us_t2flair_paired_3drefine_resvit_protocol_ep40_ref20
SynDiff-3D+3D-refine-T2+FLAIR,SynDiff,SynDiff,3D+3D-refine,t2_flair,flair,ReMIND-107-pre,0.7936778172135723,,14.426393708212563,0.1414867937564849,0.1885855381979662,csv:syndiff_us_t2flair_paired_3drefine_resvit_protocol_ep40_ref20
SynDiff-3D+3D-refine-T2+FLAIR,SynDiff,SynDiff,3D+3D-refine,t2_flair,t2,ReMIND-109-post,0.6817273460613311,,12.63431632043348,0.1556928604841232,0.2217680417829089,csv:syndiff_us_t2flair_paired_3drefine_resvit_protocol_ep40_ref20
SynDiff-3D+3D-refine-T2+FLAIR,SynDiff,SynDiff,3D+3D-refine,t2_flair,flair,ReMIND-109-post,0.6510050939997325,,12.392609744852551,0.1777420490980148,0.2009628979696167,csv:syndiff_us_t2flair_paired_3drefine_resvit_protocol_ep40_ref20
SynDiff-3D+3D-refine-T2+FLAIR,SynDiff,SynDiff,3D+3D-refine,t2_flair,t2,ReMIND-109-pre,0.6910372057006794,,13.154281607353951,0.1609112918376922,0.2850154367360202,csv:syndiff_us_t2flair_paired_3drefine_resvit_protocol_ep40_ref20
SynDiff-3D+3D-refine-T2+FLAIR,SynDiff,SynDiff,3D+3D-refine,t2_flair,flair,ReMIND-109-pre,0.6990061097884606,,13.75048317493546,0.1611049920320511,0.2059549384496428,csv:syndiff_us_t2flair_paired_3drefine_resvit_protocol_ep40_ref20
